ISO-10303-21;
HEADER;
/* Generated by software containing ST-Developer
 * from STEP Tools, Inc. (www.steptools.com) 
 */

FILE_DESCRIPTION(
/* description */ (''),
/* implementation_level */ '2;1');

FILE_NAME(
/* name */ 'Back.step',
/* time_stamp */ '2026-05-17T11:35:22+02:00',
/* author */ (''),
/* organization */ (''),
/* preprocessor_version */ 'ST-DEVELOPER v20.1',
/* originating_system */ 'Autodesk Translation Framework v15.8.0.0',
/* authorisation */ '');

FILE_SCHEMA (('AUTOMOTIVE_DESIGN { 1 0 10303 214 3 1 1 }'));
ENDSEC;

DATA;
#10=MECHANICAL_DESIGN_GEOMETRIC_PRESENTATION_REPRESENTATION('',(#13),#7609);
#11=SHAPE_REPRESENTATION_RELATIONSHIP('SRR','None',#7616,#12);
#12=ADVANCED_BREP_SHAPE_REPRESENTATION('',(#14),#7608);
#13=STYLED_ITEM('',(#7626),#14);
#14=MANIFOLD_SOLID_BREP('Body1',#3085);
#15=SPHERICAL_SURFACE('',#3321,1.5);
#16=B_SPLINE_SURFACE_WITH_KNOTS('',3,3,((#5354,#5355,#5356,#5357,#5358,
#5359,#5360,#5361,#5362),(#5363,#5364,#5365,#5366,#5367,#5368,#5369,#5370,
#5371),(#5372,#5373,#5374,#5375,#5376,#5377,#5378,#5379,#5380),(#5381,#5382,
#5383,#5384,#5385,#5386,#5387,#5388,#5389)),.UNSPECIFIED.,.F.,.F.,.F.,(4,
4),(4,1,1,1,1,1,4),(0.,1.),(-1.06725373854368,-1.0281592224398,-0.989064706335916,
-0.949970190232036,-0.930422932180096,-0.871781158024276,-0.793592125816516),
 .UNSPECIFIED.);
#17=B_SPLINE_SURFACE_WITH_KNOTS('',3,3,((#5428,#5429,#5430,#5431,#5432,
#5433),(#5434,#5435,#5436,#5437,#5438,#5439),(#5440,#5441,#5442,#5443,#5444,
#5445),(#5446,#5447,#5448,#5449,#5450,#5451)),.UNSPECIFIED.,.F.,.F.,.F.,
(4,4),(4,1,1,4),(0.,1.),(0.,0.0937863398343785,0.140679509751568,0.164126094710162),
 .UNSPECIFIED.);
#18=B_SPLINE_SURFACE_WITH_KNOTS('',3,3,((#5528,#5529,#5530,#5531),(#5532,
#5533,#5534,#5535),(#5536,#5537,#5538,#5539),(#5540,#5541,#5542,#5543),
(#5544,#5545,#5546,#5547),(#5548,#5549,#5550,#5551),(#5552,#5553,#5554,
#5555)),.UNSPECIFIED.,.F.,.F.,.F.,(4,1,1,1,4),(4,4),(0.,0.285714285714286,
0.571428571428571,0.785714285714286,1.),(-0.141033760030643,0.100000000000002),
 .UNSPECIFIED.);
#19=B_SPLINE_SURFACE_WITH_KNOTS('',3,3,((#5607,#5608,#5609,#5610),(#5611,
#5612,#5613,#5614),(#5615,#5616,#5617,#5618),(#5619,#5620,#5621,#5622),
(#5623,#5624,#5625,#5626),(#5627,#5628,#5629,#5630)),.UNSPECIFIED.,.F.,
 .F.,.F.,(4,1,1,4),(4,4),(0.311383073089148,0.606504613193799,0.8032523065969,
1.),(-2.11771806179875E-5,0.00870531432011559),.UNSPECIFIED.);
#20=B_SPLINE_SURFACE_WITH_KNOTS('',3,3,((#5649,#5650,#5651,#5652),(#5653,
#5654,#5655,#5656),(#5657,#5658,#5659,#5660),(#5661,#5662,#5663,#5664),
(#5665,#5666,#5667,#5668),(#5669,#5670,#5671,#5672),(#5673,#5674,#5675,
#5676)),.UNSPECIFIED.,.F.,.F.,.F.,(4,1,1,1,4),(4,4),(0.,0.285714285714286,
0.571428571428571,0.785714285714286,1.),(-0.000207624767287231,0.163217550344625),
 .UNSPECIFIED.);
#21=B_SPLINE_SURFACE_WITH_KNOTS('',3,3,((#5700,#5701,#5702,#5703),(#5704,
#5705,#5706,#5707),(#5708,#5709,#5710,#5711),(#5712,#5713,#5714,#5715),
(#5716,#5717,#5718,#5719),(#5720,#5721,#5722,#5723),(#5724,#5725,#5726,
#5727)),.UNSPECIFIED.,.F.,.F.,.F.,(4,1,1,1,4),(4,4),(0.,0.285714285714286,
0.571428571428571,0.785714285714286,1.),(1.61117840971293,1.93895172058278),
 .UNSPECIFIED.);
#22=B_SPLINE_SURFACE_WITH_KNOTS('',3,3,((#5767,#5768,#5769,#5770),(#5771,
#5772,#5773,#5774),(#5775,#5776,#5777,#5778),(#5779,#5780,#5781,#5782),
(#5783,#5784,#5785,#5786),(#5787,#5788,#5789,#5790),(#5791,#5792,#5793,
#5794)),.UNSPECIFIED.,.F.,.F.,.F.,(4,1,1,1,4),(4,4),(0.,0.285714285714286,
0.571428571428571,0.785714285714286,1.),(-0.000207625433287099,0.163217572693384),
 .UNSPECIFIED.);
#23=B_SPLINE_SURFACE_WITH_KNOTS('',3,3,((#5818,#5819,#5820,#5821,#5822),
(#5823,#5824,#5825,#5826,#5827),(#5828,#5829,#5830,#5831,#5832),(#5833,
#5834,#5835,#5836,#5837),(#5838,#5839,#5840,#5841,#5842),(#5843,#5844,#5845,
#5846,#5847),(#5848,#5849,#5850,#5851,#5852)),.UNSPECIFIED.,.F.,.F.,.F.,
(4,1,1,1,4),(4,1,4),(0.,0.285714285714286,0.571428571428571,0.785714285714286,
1.),(0.433081159972677,0.710298861350471,1.07992246318753),
 .UNSPECIFIED.);
#24=B_SPLINE_SURFACE_WITH_KNOTS('',3,3,((#5879,#5880,#5881,#5882),(#5883,
#5884,#5885,#5886),(#5887,#5888,#5889,#5890),(#5891,#5892,#5893,#5894),
(#5895,#5896,#5897,#5898),(#5899,#5900,#5901,#5902),(#5903,#5904,#5905,
#5906)),.UNSPECIFIED.,.F.,.F.,.F.,(4,1,1,1,4),(4,4),(0.,0.285714285714286,
0.571428571428571,0.785714285714286,1.),(-0.100000000000001,0.141033718761565),
 .UNSPECIFIED.);
#25=B_SPLINE_SURFACE_WITH_KNOTS('',3,3,((#5931,#5932,#5933,#5934),(#5935,
#5936,#5937,#5938),(#5939,#5940,#5941,#5942),(#5943,#5944,#5945,#5946),
(#5947,#5948,#5949,#5950),(#5951,#5952,#5953,#5954),(#5955,#5956,#5957,
#5958)),.UNSPECIFIED.,.F.,.F.,.F.,(4,1,1,1,4),(4,4),(0.,0.285714285714286,
0.571428571428571,0.785714285714286,1.),(-0.1,0.800000010430814),
 .UNSPECIFIED.);
#26=B_SPLINE_SURFACE_WITH_KNOTS('',3,3,((#5983,#5984,#5985,#5986),(#5987,
#5988,#5989,#5990),(#5991,#5992,#5993,#5994),(#5995,#5996,#5997,#5998),
(#5999,#6000,#6001,#6002),(#6003,#6004,#6005,#6006),(#6007,#6008,#6009,
#6010)),.UNSPECIFIED.,.F.,.F.,.F.,(4,1,1,1,4),(4,4),(0.,0.285714285714286,
0.571428571428571,0.785714285714286,1.),(-0.141033728459997,0.100000000000001),
 .UNSPECIFIED.);
#27=B_SPLINE_SURFACE_WITH_KNOTS('',3,3,((#6035,#6036,#6037,#6038),(#6039,
#6040,#6041,#6042),(#6043,#6044,#6045,#6046),(#6047,#6048,#6049,#6050),
(#6051,#6052,#6053,#6054),(#6055,#6056,#6057,#6058),(#6059,#6060,#6061,
#6062)),.UNSPECIFIED.,.F.,.F.,.F.,(4,1,1,1,4),(4,4),(0.,0.285714285714286,
0.571428571428571,0.785714285714286,1.),(-3.07533062970238E-5,0.327773312237245),
 .UNSPECIFIED.);
#28=B_SPLINE_SURFACE_WITH_KNOTS('',3,3,((#6071,#6072,#6073,#6074),(#6075,
#6076,#6077,#6078),(#6079,#6080,#6081,#6082),(#6083,#6084,#6085,#6086),
(#6087,#6088,#6089,#6090),(#6091,#6092,#6093,#6094),(#6095,#6096,#6097,
#6098)),.UNSPECIFIED.,.F.,.F.,.F.,(4,1,1,1,4),(4,4),(0.,0.285714285714286,
0.571428571428571,0.785714285714286,1.),(-0.100000000000001,0.141033702705432),
 .UNSPECIFIED.);
#29=B_SPLINE_SURFACE_WITH_KNOTS('',3,3,((#6123,#6124,#6125,#6126),(#6127,
#6128,#6129,#6130),(#6131,#6132,#6133,#6134),(#6135,#6136,#6137,#6138),
(#6139,#6140,#6141,#6142),(#6143,#6144,#6145,#6146),(#6147,#6148,#6149,
#6150)),.UNSPECIFIED.,.F.,.F.,.F.,(4,1,1,1,4),(4,4),(0.,0.285714285714286,
0.571428571428571,0.785714285714286,1.),(-0.1,0.800000010430813),
 .UNSPECIFIED.);
#30=B_SPLINE_SURFACE_WITH_KNOTS('',3,3,((#6175,#6176,#6177,#6178),(#6179,
#6180,#6181,#6182),(#6183,#6184,#6185,#6186),(#6187,#6188,#6189,#6190),
(#6191,#6192,#6193,#6194),(#6195,#6196,#6197,#6198),(#6199,#6200,#6201,
#6202)),.UNSPECIFIED.,.F.,.F.,.F.,(4,1,1,1,4),(4,4),(0.,0.285714285714286,
0.571428571428571,0.785714285714286,1.),(-0.141033703301694,0.100000000000002),
 .UNSPECIFIED.);
#31=B_SPLINE_SURFACE_WITH_KNOTS('',3,3,((#6227,#6228,#6229,#6230,#6231),
(#6232,#6233,#6234,#6235,#6236),(#6237,#6238,#6239,#6240,#6241),(#6242,
#6243,#6244,#6245,#6246),(#6247,#6248,#6249,#6250,#6251),(#6252,#6253,#6254,
#6255,#6256),(#6257,#6258,#6259,#6260,#6261)),.UNSPECIFIED.,.F.,.F.,.F.,
(4,1,1,1,4),(4,1,4),(0.,0.285714285714286,0.571428571428571,0.785714285714286,
1.),(0.825780243867766,1.11724752208288,1.50587055970302),.UNSPECIFIED.);
#32=B_SPLINE_SURFACE_WITH_KNOTS('',3,3,((#6288,#6289,#6290,#6291),(#6292,
#6293,#6294,#6295),(#6296,#6297,#6298,#6299),(#6300,#6301,#6302,#6303),
(#6304,#6305,#6306,#6307),(#6308,#6309,#6310,#6311),(#6312,#6313,#6314,
#6315)),.UNSPECIFIED.,.F.,.F.,.F.,(4,1,1,1,4),(4,4),(0.,0.285714285714286,
0.571428571428571,0.785714285714286,1.),(-0.0999999999999998,0.141033701515227),
 .UNSPECIFIED.);
#33=B_SPLINE_SURFACE_WITH_KNOTS('',3,3,((#6340,#6341,#6342,#6343),(#6344,
#6345,#6346,#6347),(#6348,#6349,#6350,#6351),(#6352,#6353,#6354,#6355),
(#6356,#6357,#6358,#6359),(#6360,#6361,#6362,#6363),(#6364,#6365,#6366,
#6367)),.UNSPECIFIED.,.F.,.F.,.F.,(4,1,1,1,4),(4,4),(0.,0.285714285714286,
0.571428571428571,0.785714285714286,1.),(-0.1,0.800000010430815),
 .UNSPECIFIED.);
#34=B_SPLINE_SURFACE_WITH_KNOTS('',3,3,((#6392,#6393,#6394,#6395),(#6396,
#6397,#6398,#6399),(#6400,#6401,#6402,#6403),(#6404,#6405,#6406,#6407),
(#6408,#6409,#6410,#6411),(#6412,#6413,#6414,#6415),(#6416,#6417,#6418,
#6419)),.UNSPECIFIED.,.F.,.F.,.F.,(4,1,1,1,4),(4,4),(0.,0.285714285714286,
0.571428571428571,0.785714285714286,1.),(-0.141033700398087,0.100000000000003),
 .UNSPECIFIED.);
#35=B_SPLINE_SURFACE_WITH_KNOTS('',3,3,((#6444,#6445,#6446,#6447,#6448),
(#6449,#6450,#6451,#6452,#6453),(#6454,#6455,#6456,#6457,#6458),(#6459,
#6460,#6461,#6462,#6463),(#6464,#6465,#6466,#6467,#6468),(#6469,#6470,#6471,
#6472,#6473),(#6474,#6475,#6476,#6477,#6478)),.UNSPECIFIED.,.F.,.F.,.F.,
(4,1,1,1,4),(4,1,4),(0.,0.285714285714286,0.571428571428571,0.785714285714286,
1.),(0.040382078957466,0.331849356771919,0.720472393857855),
 .UNSPECIFIED.);
#36=B_SPLINE_SURFACE_WITH_KNOTS('',3,3,((#6505,#6506,#6507,#6508),(#6509,
#6510,#6511,#6512),(#6513,#6514,#6515,#6516),(#6517,#6518,#6519,#6520),
(#6521,#6522,#6523,#6524),(#6525,#6526,#6527,#6528),(#6529,#6530,#6531,
#6532)),.UNSPECIFIED.,.F.,.F.,.F.,(4,1,1,1,4),(4,4),(0.,0.285714285714286,
0.571428571428571,0.785714285714286,1.),(-0.0999999999999993,0.141033689103062),
 .UNSPECIFIED.);
#37=B_SPLINE_SURFACE_WITH_KNOTS('',3,3,((#6557,#6558,#6559,#6560),(#6561,
#6562,#6563,#6564),(#6565,#6566,#6567,#6568),(#6569,#6570,#6571,#6572),
(#6573,#6574,#6575,#6576),(#6577,#6578,#6579,#6580),(#6581,#6582,#6583,
#6584)),.UNSPECIFIED.,.F.,.F.,.F.,(4,1,1,1,4),(4,4),(0.,0.285714285714286,
0.571428571428571,0.785714285714286,1.),(-0.1,0.800000010430813),
 .UNSPECIFIED.);
#38=B_SPLINE_SURFACE_WITH_KNOTS('',3,3,((#6609,#6610,#6611,#6612),(#6613,
#6614,#6615,#6616),(#6617,#6618,#6619,#6620),(#6621,#6622,#6623,#6624),
(#6625,#6626,#6627,#6628),(#6629,#6630,#6631,#6632),(#6633,#6634,#6635,
#6636)),.UNSPECIFIED.,.F.,.F.,.F.,(4,1,1,1,4),(4,4),(0.,0.285714285714286,
0.571428571428571,0.785714285714286,1.),(-0.141033687573311,0.100000000000002),
 .UNSPECIFIED.);
#39=B_SPLINE_SURFACE_WITH_KNOTS('',3,3,((#6661,#6662,#6663,#6664,#6665),
(#6666,#6667,#6668,#6669,#6670),(#6671,#6672,#6673,#6674,#6675),(#6676,
#6677,#6678,#6679,#6680),(#6681,#6682,#6683,#6684,#6685),(#6686,#6687,#6688,
#6689,#6690),(#6691,#6692,#6693,#6694,#6695)),.UNSPECIFIED.,.F.,.F.,.F.,
(4,1,1,1,4),(4,1,4),(0.,0.285714285714286,0.571428571428571,0.785714285714286,
1.),(2.47020765285535,2.76167492834361,3.15029796232795),.UNSPECIFIED.);
#40=B_SPLINE_SURFACE_WITH_KNOTS('',3,3,((#6722,#6723,#6724,#6725),(#6726,
#6727,#6728,#6729),(#6730,#6731,#6732,#6733),(#6734,#6735,#6736,#6737),
(#6738,#6739,#6740,#6741),(#6742,#6743,#6744,#6745),(#6746,#6747,#6748,
#6749)),.UNSPECIFIED.,.F.,.F.,.F.,(4,1,1,1,4),(4,4),(0.,0.285714285714286,
0.571428571428571,0.785714285714286,1.),(-0.100000000000002,0.141033685145977),
 .UNSPECIFIED.);
#41=B_SPLINE_SURFACE_WITH_KNOTS('',3,3,((#6774,#6775,#6776,#6777),(#6778,
#6779,#6780,#6781),(#6782,#6783,#6784,#6785),(#6786,#6787,#6788,#6789),
(#6790,#6791,#6792,#6793),(#6794,#6795,#6796,#6797),(#6798,#6799,#6800,
#6801)),.UNSPECIFIED.,.F.,.F.,.F.,(4,1,1,1,4),(4,4),(0.,0.285714285714286,
0.571428571428571,0.785714285714286,1.),(-0.1,0.800000010430814),
 .UNSPECIFIED.);
#42=B_SPLINE_SURFACE_WITH_KNOTS('',3,3,((#6826,#6827,#6828,#6829),(#6830,
#6831,#6832,#6833),(#6834,#6835,#6836,#6837),(#6838,#6839,#6840,#6841),
(#6842,#6843,#6844,#6845),(#6846,#6847,#6848,#6849),(#6850,#6851,#6852,
#6853)),.UNSPECIFIED.,.F.,.F.,.F.,(4,1,1,1,4),(4,4),(0.,0.285714285714286,
0.571428571428571,0.785714285714286,1.),(-0.141033686391928,0.100000000000001),
 .UNSPECIFIED.);
#43=B_SPLINE_SURFACE_WITH_KNOTS('',3,3,((#6878,#6879,#6880,#6881,#6882),
(#6883,#6884,#6885,#6886,#6887),(#6888,#6889,#6890,#6891,#6892),(#6893,
#6894,#6895,#6896,#6897),(#6898,#6899,#6900,#6901,#6902),(#6903,#6904,#6905,
#6906,#6907),(#6908,#6909,#6910,#6911,#6912)),.UNSPECIFIED.,.F.,.F.,.F.,
(4,1,1,1,4),(4,1,4),(0.,0.285714285714286,0.571428571428571,0.785714285714286,
1.),(1.68480949298616,1.97627676892127,2.36489980350141),.UNSPECIFIED.);
#44=B_SPLINE_SURFACE_WITH_KNOTS('',3,3,((#6939,#6940,#6941,#6942),(#6943,
#6944,#6945,#6946),(#6947,#6948,#6949,#6950),(#6951,#6952,#6953,#6954),
(#6955,#6956,#6957,#6958),(#6959,#6960,#6961,#6962),(#6963,#6964,#6965,
#6966)),.UNSPECIFIED.,.F.,.F.,.F.,(4,1,1,1,4),(4,4),(0.,0.285714285714286,
0.571428571428571,0.785714285714286,1.),(-0.1,0.141033703409115),
 .UNSPECIFIED.);
#45=B_SPLINE_SURFACE_WITH_KNOTS('',3,3,((#6991,#6992,#6993,#6994),(#6995,
#6996,#6997,#6998),(#6999,#7000,#7001,#7002),(#7003,#7004,#7005,#7006),
(#7007,#7008,#7009,#7010),(#7011,#7012,#7013,#7014),(#7015,#7016,#7017,
#7018)),.UNSPECIFIED.,.F.,.F.,.F.,(4,1,1,1,4),(4,4),(0.,0.285714285714286,
0.571428571428571,0.785714285714286,1.),(-0.1,0.800000010430813),
 .UNSPECIFIED.);
#46=B_SPLINE_SURFACE_WITH_KNOTS('',3,3,((#7043,#7044,#7045,#7046),(#7047,
#7048,#7049,#7050),(#7051,#7052,#7053,#7054),(#7055,#7056,#7057,#7058),
(#7059,#7060,#7061,#7062),(#7063,#7064,#7065,#7066),(#7067,#7068,#7069,
#7070)),.UNSPECIFIED.,.F.,.F.,.F.,(4,1,1,1,4),(4,4),(0.,0.285714285714286,
0.571428571428571,0.785714285714286,1.),(-0.141033707124843,0.100000000000002),
 .UNSPECIFIED.);
#47=B_SPLINE_SURFACE_WITH_KNOTS('',3,3,((#7095,#7096,#7097,#7098,#7099),
(#7100,#7101,#7102,#7103,#7104),(#7105,#7106,#7107,#7108,#7109),(#7110,
#7111,#7112,#7113,#7114),(#7115,#7116,#7117,#7118,#7119),(#7120,#7121,#7122,
#7123,#7124),(#7125,#7126,#7127,#7128,#7129)),.UNSPECIFIED.,.F.,.F.,.F.,
(4,1,1,1,4),(4,1,4),(0.,0.285714285714286,0.571428571428571,0.785714285714286,
1.),(0.899411330007501,1.19087860727524,1.57950164363221),.UNSPECIFIED.);
#48=B_SPLINE_SURFACE_WITH_KNOTS('',3,3,((#7156,#7157,#7158,#7159),(#7160,
#7161,#7162,#7163),(#7164,#7165,#7166,#7167),(#7168,#7169,#7170,#7171),
(#7172,#7173,#7174,#7175),(#7176,#7177,#7178,#7179),(#7180,#7181,#7182,
#7183)),.UNSPECIFIED.,.F.,.F.,.F.,(4,1,1,1,4),(4,4),(0.,0.285714285714286,
0.571428571428571,0.785714285714286,1.),(-0.100000000000003,0.141033733618117),
 .UNSPECIFIED.);
#49=B_SPLINE_SURFACE_WITH_KNOTS('',3,3,((#7208,#7209,#7210,#7211),(#7212,
#7213,#7214,#7215),(#7216,#7217,#7218,#7219),(#7220,#7221,#7222,#7223),
(#7224,#7225,#7226,#7227),(#7228,#7229,#7230,#7231),(#7232,#7233,#7234,
#7235)),.UNSPECIFIED.,.F.,.F.,.F.,(4,1,1,1,4),(4,4),(0.,0.285714285714286,
0.571428571428571,0.785714285714286,1.),(-0.100000000000001,0.800000010430813),
 .UNSPECIFIED.);
#50=B_SPLINE_SURFACE_WITH_KNOTS('',3,3,((#7260,#7261,#7262,#7263),(#7264,
#7265,#7266,#7267),(#7268,#7269,#7270,#7271),(#7272,#7273,#7274,#7275),
(#7276,#7277,#7278,#7279),(#7280,#7281,#7282,#7283),(#7284,#7285,#7286,
#7287)),.UNSPECIFIED.,.F.,.F.,.F.,(4,1,1,1,4),(4,4),(0.,0.285714285714286,
0.571428571428571,0.785714285714286,1.),(-0.141033737626998,0.1),
 .UNSPECIFIED.);
#51=B_SPLINE_SURFACE_WITH_KNOTS('',3,3,((#7312,#7313,#7314,#7315,#7316),
(#7317,#7318,#7319,#7320,#7321),(#7322,#7323,#7324,#7325,#7326),(#7327,
#7328,#7329,#7330,#7331),(#7332,#7333,#7334,#7335,#7336),(#7337,#7338,#7339,
#7340,#7341),(#7342,#7343,#7344,#7345,#7346)),.UNSPECIFIED.,.F.,.F.,.F.,
(4,1,1,1,4),(4,1,4),(0.,0.285714285714286,0.571428571428571,0.785714285714286,
1.),(0.11401316367406,0.502636201948058,0.794103480653557),
 .UNSPECIFIED.);
#52=B_SPLINE_SURFACE_WITH_KNOTS('',3,3,((#7373,#7374,#7375,#7376),(#7377,
#7378,#7379,#7380),(#7381,#7382,#7383,#7384),(#7385,#7386,#7387,#7388),
(#7389,#7390,#7391,#7392),(#7393,#7394,#7395,#7396),(#7397,#7398,#7399,
#7400)),.UNSPECIFIED.,.F.,.F.,.F.,(4,1,1,1,4),(4,4),(0.,0.285714285714286,
0.571428571428571,0.785714285714286,1.),(-0.0999999999999993,0.141033758076957),
 .UNSPECIFIED.);
#53=B_SPLINE_SURFACE_WITH_KNOTS('',3,3,((#7425,#7426,#7427,#7428),(#7429,
#7430,#7431,#7432),(#7433,#7434,#7435,#7436),(#7437,#7438,#7439,#7440),
(#7441,#7442,#7443,#7444),(#7445,#7446,#7447,#7448),(#7449,#7450,#7451,
#7452)),.UNSPECIFIED.,.F.,.F.,.F.,(4,1,1,1,4),(4,4),(0.,0.285714285714286,
0.571428571428571,0.785714285714286,1.),(-0.1,0.800000010430813),
 .UNSPECIFIED.);
#54=TOROIDAL_SURFACE('',#3308,19.5999995753169,0.6);
#55=FACE_BOUND('',#642,.T.);
#56=FACE_BOUND('',#643,.T.);
#57=FACE_BOUND('',#644,.T.);
#58=FACE_BOUND('',#645,.T.);
#59=FACE_BOUND('',#646,.T.);
#60=FACE_BOUND('',#653,.T.);
#61=FACE_BOUND('',#657,.T.);
#62=FACE_BOUND('',#661,.T.);
#63=FACE_BOUND('',#665,.T.);
#64=FACE_BOUND('',#691,.T.);
#65=FACE_BOUND('',#693,.T.);
#66=FACE_BOUND('',#694,.T.);
#67=FACE_BOUND('',#701,.T.);
#68=FACE_BOUND('',#706,.T.);
#69=FACE_BOUND('',#714,.T.);
#70=FACE_BOUND('',#722,.T.);
#71=FACE_BOUND('',#731,.T.);
#72=FACE_BOUND('',#745,.T.);
#73=FACE_BOUND('',#751,.T.);
#74=FACE_BOUND('',#764,.T.);
#75=FACE_BOUND('',#838,.T.);
#76=FACE_BOUND('',#840,.T.);
#77=CONICAL_SURFACE('',#3114,30.4499993193895,1.39864622357926);
#78=CONICAL_SURFACE('',#3204,45.0499992836267,1.30162898549053);
#79=CONICAL_SURFACE('',#3209,53.0499999877065,1.3011458520608);
#80=CONICAL_SURFACE('',#3233,30.4499993193895,1.36730328153733);
#81=CONICAL_SURFACE('',#3244,51.9825213429684,1.30113896716826);
#82=CONICAL_SURFACE('',#3257,45.0499992836267,1.30162898549053);
#83=CONICAL_SURFACE('',#3259,53.0499999877065,1.3011458520608);
#84=CONICAL_SURFACE('',#3260,51.9825213429684,1.30113896716826);
#85=CONICAL_SURFACE('',#3261,51.9825213429684,1.30113896716826);
#86=CONICAL_SURFACE('',#3271,30.4499993193895,1.39864622357926);
#87=CONICAL_SURFACE('',#3278,45.0499992836267,1.30162898549053);
#88=CONICAL_SURFACE('',#3281,53.0499999877065,1.3011458520608);
#89=CONICAL_SURFACE('',#3283,51.9825213429684,1.30113896716826);
#90=CONICAL_SURFACE('',#3291,45.0499992836267,1.30162898549053);
#91=CONICAL_SURFACE('',#3298,51.9825213429684,1.30113896716826);
#92=CONICAL_SURFACE('',#3299,30.4499993193895,1.39864622357926);
#93=CONICAL_SURFACE('',#3318,53.0499999877065,1.3011458520608);
#94=CIRCLE('',#3113,1.15);
#95=CIRCLE('',#3115,20.9999995306134);
#96=CIRCLE('',#3116,39.8999991081655);
#97=CIRCLE('',#3117,39.8999991081655);
#98=CIRCLE('',#3118,39.8999991081655);
#99=CIRCLE('',#3119,39.8999991081655);
#100=CIRCLE('',#3120,39.8999991081655);
#101=CIRCLE('',#3121,21.5751370661365);
#102=CIRCLE('',#3122,21.5751370661365);
#103=CIRCLE('',#3123,21.5751370661365);
#104=CIRCLE('',#3124,21.5751370661365);
#105=CIRCLE('',#3125,21.5751370661365);
#106=CIRCLE('',#3126,21.5751370661365);
#107=CIRCLE('',#3127,21.5751370661365);
#108=CIRCLE('',#3128,21.5751370661365);
#109=CIRCLE('',#3129,21.5751370661365);
#110=CIRCLE('',#3130,21.5751370661365);
#111=CIRCLE('',#3131,21.5751370661365);
#112=CIRCLE('',#3132,21.5751370661365);
#113=CIRCLE('',#3134,1.15);
#114=CIRCLE('',#3136,1.15);
#115=CIRCLE('',#3138,1.15);
#116=CIRCLE('',#3140,1.6);
#117=CIRCLE('',#3142,1.15);
#118=CIRCLE('',#3144,1.6);
#119=CIRCLE('',#3146,1.6);
#120=CIRCLE('',#3147,1.6);
#121=CIRCLE('',#3149,1.15);
#122=CIRCLE('',#3151,1.6);
#123=CIRCLE('',#3153,1.6);
#124=CIRCLE('',#3155,1.15);
#125=CIRCLE('',#3157,1.6);
#126=CIRCLE('',#3159,1.15);
#127=CIRCLE('',#3161,1.6);
#128=CIRCLE('',#3162,1.6);
#129=CIRCLE('',#3164,1.6);
#130=CIRCLE('',#3166,1.6);
#131=CIRCLE('',#3167,1.6);
#132=CIRCLE('',#3169,1.6);
#133=CIRCLE('',#3170,1.6);
#134=CIRCLE('',#3173,1.6);
#135=CIRCLE('',#3177,1.6);
#136=CIRCLE('',#3179,3.49999999999999);
#137=CIRCLE('',#3181,3.5);
#138=CIRCLE('',#3183,3.5);
#139=CIRCLE('',#3185,3.49999999999999);
#140=CIRCLE('',#3196,1.4);
#141=CIRCLE('',#3197,1.4);
#142=CIRCLE('',#3198,1.4);
#143=CIRCLE('',#3200,3.1);
#144=CIRCLE('',#3201,3.1);
#145=CIRCLE('',#3202,3.1);
#146=CIRCLE('',#3203,3.1);
#147=CIRCLE('',#3205,43.0999990366399);
#148=CIRCLE('',#3206,43.0999990366399);
#149=CIRCLE('',#3210,63.);
#150=CIRCLE('',#3211,43.0999990366399);
#151=CIRCLE('',#3212,43.0999990366399);
#152=CIRCLE('',#3213,43.0999990366399);
#153=CIRCLE('',#3214,43.0999990366399);
#154=CIRCLE('',#3215,43.0999990366399);
#155=CIRCLE('',#3216,43.0999990366399);
#156=CIRCLE('',#3217,46.1754534399607);
#157=CIRCLE('',#3219,43.0999990366399);
#158=CIRCLE('',#3220,43.0999990366399);
#159=CIRCLE('',#3221,43.0999990366399);
#160=CIRCLE('',#3222,43.0999990366399);
#161=CIRCLE('',#3223,1.45);
#162=CIRCLE('',#3224,1.45);
#163=CIRCLE('',#3225,39.8999991081655);
#164=CIRCLE('',#3226,39.8999991081655);
#165=CIRCLE('',#3227,1.45);
#166=CIRCLE('',#3228,1.45);
#167=CIRCLE('',#3229,43.0999990366399);
#168=CIRCLE('',#3230,43.0999990366399);
#169=CIRCLE('',#3231,43.0999990366399);
#170=CIRCLE('',#3232,43.0999990366399);
#171=CIRCLE('',#3234,20.9999995306134);
#172=CIRCLE('',#3236,3.1);
#173=CIRCLE('',#3237,41.4650440829207);
#174=CIRCLE('',#3239,41.4650440829207);
#175=CIRCLE('',#3240,41.4650440829207);
#176=CIRCLE('',#3241,3.1);
#177=CIRCLE('',#3243,41.4650440829207);
#178=CIRCLE('',#3245,41.4650440829207);
#179=CIRCLE('',#3246,41.4650440829207);
#180=CIRCLE('',#3247,41.4650440829207);
#181=CIRCLE('',#3248,62.4999986030161);
#182=CIRCLE('',#3249,44.2286680646241);
#183=CIRCLE('',#3251,1.4);
#184=CIRCLE('',#3252,1.4);
#185=CIRCLE('',#3253,1.4);
#186=CIRCLE('',#3255,3.1);
#187=CIRCLE('',#3256,3.1);
#188=CIRCLE('',#3262,41.4650440829207);
#189=CIRCLE('',#3264,3.1);
#190=CIRCLE('',#3265,1.45);
#191=CIRCLE('',#3267,1.4);
#192=CIRCLE('',#3269,3.1);
#193=CIRCLE('',#3272,39.8999991081655);
#194=CIRCLE('',#3274,1.4);
#195=CIRCLE('',#3276,3.1);
#196=CIRCLE('',#3285,1.4);
#197=CIRCLE('',#3286,1.4);
#198=CIRCLE('',#3288,3.1);
#199=CIRCLE('',#3289,3.1);
#200=CIRCLE('',#3290,3.1);
#201=CIRCLE('',#3295,1.45);
#202=CIRCLE('',#3297,41.4650440829207);
#203=CIRCLE('',#3301,1.19999999999999);
#204=CIRCLE('',#3303,1.2);
#205=CIRCLE('',#3309,19.5999995753169);
#206=CIRCLE('',#3310,0.6);
#207=CIRCLE('',#3311,18.9999995753169);
#208=CIRCLE('',#3312,18.9999995753169);
#209=CIRCLE('',#3314,18.9999995753169);
#210=CIRCLE('',#3316,1.45);
#211=CIRCLE('',#3317,1.5);
#212=CIRCLE('',#3320,1.5);
#213=CIRCLE('',#3322,1.5);
#214=CIRCLE('',#3323,1.5);
#215=CIRCLE('',#3324,1.2);
#216=CIRCLE('',#3339,66.5025038707524);
#217=CIRCLE('',#3342,66.502504891907);
#218=CIRCLE('',#3347,66.502504891907);
#219=CIRCLE('',#3350,66.5025034568885);
#220=CIRCLE('',#3355,66.5025034568885);
#221=CIRCLE('',#3360,66.5025034568885);
#222=CIRCLE('',#3365,66.5025038707524);
#223=CIRCLE('',#3370,66.5025038707524);
#224=CIRCLE('',#3375,66.5025038707524);
#225=CIRCLE('',#3380,66.5025038707524);
#226=ELLIPSE('',#3101,1.09574382511818,1.);
#227=ELLIPSE('',#3104,1.09574382511818,1.);
#228=ELLIPSE('',#3107,1.09574382511818,1.);
#229=ELLIPSE('',#3110,1.09574382511818,1.);
#230=B_SPLINE_CURVE_WITH_KNOTS('',3,(#4112,#4113,#4114,#4115,#4116,#4117,
#4118,#4119,#4120,#4121,#4122,#4123),.UNSPECIFIED.,.F.,.F.,(4,2,2,2,2,4),
(-0.20344311264186,-0.172375045490408,-0.130362898898046,-0.0883507523056833,
-0.0441753761528416,-0.0373173226827844),.UNSPECIFIED.);
#231=B_SPLINE_CURVE_WITH_KNOTS('',3,(#4137,#4138,#4139,#4140,#4141,#4142,
#4143,#4144,#4145,#4146,#4147,#4148),.UNSPECIFIED.,.F.,.F.,(4,2,2,2,2,4),
(0.0373173226827844,0.0441753761528417,0.0883507523056834,0.130362898898046,
0.172375045490408,0.203443112642143),.UNSPECIFIED.);
#232=B_SPLINE_CURVE_WITH_KNOTS('',3,(#4162,#4163,#4164,#4165,#4166,#4167,
#4168,#4169,#4170,#4171,#4172,#4173),.UNSPECIFIED.,.F.,.F.,(4,2,2,2,2,4),
(0.199436696558101,0.204070517795657,0.240934092222501,0.281599699630913,
0.322265307039324,0.3610387853695),.UNSPECIFIED.);
#233=B_SPLINE_CURVE_WITH_KNOTS('',3,(#4186,#4187,#4188,#4189,#4190,#4191,
#4192,#4193,#4194,#4195,#4196,#4197),.UNSPECIFIED.,.F.,.F.,(4,2,2,2,2,4),
(0.29438413815233,0.333157616482506,0.373823223890917,0.414488831299329,
0.451352405726173,0.455986226963729),.UNSPECIFIED.);
#234=B_SPLINE_CURVE_WITH_KNOTS('',3,(#4211,#4212,#4213,#4214,#4215,#4216,
#4217,#4218,#4219,#4220,#4221,#4222,#4223,#4224,#4225,#4226,#4227,#4228),
 .UNSPECIFIED.,.F.,.F.,(4,2,2,2,2,2,2,2,4),(1.05836519476937,1.10168438268353,
1.21435231011293,1.32511249650341,1.43587268289388,1.54663286928436,1.65739305567484,
1.77006098310424,1.8133801710184),.UNSPECIFIED.);
#235=B_SPLINE_CURVE_WITH_KNOTS('',3,(#4232,#4233,#4234,#4235),
 .UNSPECIFIED.,.F.,.F.,(4,4),(0.627746096796231,0.65434889079853),
 .UNSPECIFIED.);
#236=B_SPLINE_CURVE_WITH_KNOTS('',3,(#4241,#4242,#4243,#4244),
 .UNSPECIFIED.,.F.,.F.,(4,4),(0.676693405345723,0.703296199348022),
 .UNSPECIFIED.);
#237=B_SPLINE_CURVE_WITH_KNOTS('',3,(#4248,#4249,#4250,#4251,#4252,#4253,
#4254,#4255,#4256,#4257),.UNSPECIFIED.,.F.,.F.,(4,2,2,2,4),(1.28042898051871,
1.32380510232552,1.43482090908208,1.54583671583864,1.58921283764545),
 .UNSPECIFIED.);
#238=B_SPLINE_CURVE_WITH_KNOTS('',3,(#4261,#4262,#4263,#4264,#4265,#4266,
#4267,#4268,#4269,#4270,#4271,#4272,#4273,#4274),.UNSPECIFIED.,.F.,.F.,
(4,2,2,2,2,2,4),(1.17242633475332,1.21341169202881,1.32432568675462,1.43523968148043,
1.54615367620624,1.65706767093205,1.69805302820754),.UNSPECIFIED.);
#239=B_SPLINE_CURVE_WITH_KNOTS('',3,(#4286,#4287,#4288,#4289,#4290,#4291,
#4292,#4293,#4294,#4295),.UNSPECIFIED.,.F.,.F.,(4,2,2,2,4),(1.27728094981405,
1.39668239589292,1.54218277875028,1.68768316160764,1.8070846076865),
 .UNSPECIFIED.);
#240=B_SPLINE_CURVE_WITH_KNOTS('',3,(#4311,#4312,#4313,#4314,#4315,#4316,
#4317,#4318,#4319,#4320),.UNSPECIFIED.,.F.,.F.,(4,2,2,2,4),(1.27728094981405,
1.39668239589292,1.54218277875028,1.68768316160764,1.8070846076865),
 .UNSPECIFIED.);
#241=B_SPLINE_CURVE_WITH_KNOTS('',3,(#4336,#4337,#4338,#4339,#4340,#4341,
#4342,#4343,#4344,#4345),.UNSPECIFIED.,.F.,.F.,(4,2,2,2,4),(1.27728094981405,
1.39668239589292,1.54218277875028,1.68768316160764,1.8070846076865),
 .UNSPECIFIED.);
#242=B_SPLINE_CURVE_WITH_KNOTS('',3,(#4361,#4362,#4363,#4364,#4365,#4366,
#4367,#4368,#4369,#4370),.UNSPECIFIED.,.F.,.F.,(4,2,2,2,4),(1.27728094981405,
1.39668239589292,1.54218277875028,1.68768316160764,1.8070846076865),
 .UNSPECIFIED.);
#243=B_SPLINE_CURVE_WITH_KNOTS('',3,(#4378,#4379,#4380,#4381,#4382,#4383,
#4384,#4385,#4386,#4387,#4388,#4389,#4390,#4391,#4392,#4393,#4394,#4395,
#4396,#4397,#4398,#4399,#4400,#4401,#4402,#4403,#4404,#4405),
 .UNSPECIFIED.,.F.,.F.,(4,2,2,2,2,2,2,2,2,2,2,2,2,4),(0.,0.12481826278443,
0.24963652556886,0.373384044885852,0.497131564202844,0.620879083519836,
0.744626602836828,0.869444865621258,0.994263128405688,1.10628296645295,
1.21830280450021,1.32841778123742,1.43853275797463,1.53511305994625),
 .UNSPECIFIED.);
#244=B_SPLINE_CURVE_WITH_KNOTS('',3,(#4406,#4407,#4408,#4409,#4410,#4411,
#4412,#4413,#4414,#4415),.UNSPECIFIED.,.F.,.F.,(4,2,2,2,4),(1.53511305994625,
1.54864773471183,1.65876271144904,1.7707825494963,1.88280238754356),
 .UNSPECIFIED.);
#245=B_SPLINE_CURVE_WITH_KNOTS('',3,(#4528,#4529,#4530,#4531,#4532,#4533,
#4534,#4535,#4536,#4537,#4538,#4539,#4540,#4541,#4542,#4543,#4544,#4545,
#4546,#4547,#4548,#4549,#4550),.UNSPECIFIED.,.F.,.F.,(4,2,2,2,2,2,2,2,2,
3,4),(-0.471478949114464,-0.439375077823987,-0.383866563069654,-0.32835804831532,
-0.274022793613657,-0.219687538911994,-0.165352284210331,-0.111017029508668,
-0.0555085147543339,0.,0.0321038713074883),.UNSPECIFIED.);
#246=B_SPLINE_CURVE_WITH_KNOTS('',3,(#4560,#4561,#4562,#4563,#4564,#4565,
#4566,#4567,#4568,#4569,#4570,#4571,#4572,#4573,#4574,#4575,#4576,#4577,
#4578,#4579,#4580,#4581,#4582),.UNSPECIFIED.,.F.,.F.,(4,3,2,2,2,2,2,2,2,
2,4),(-0.0230916205360951,0.,0.126162700886593,0.252325401773185,0.375827651995556,
0.499329902217926,0.622832152440297,0.746334402662667,0.87249710354926,
0.998659804435853,1.02175142500432),.UNSPECIFIED.);
#247=B_SPLINE_CURVE_WITH_KNOTS('',3,(#4593,#4594,#4595,#4596,#4597,#4598),
 .UNSPECIFIED.,.F.,.F.,(4,2,4),(0.166122257280413,0.219687325710569,0.273252394140725),
 .UNSPECIFIED.);
#248=B_SPLINE_CURVE_WITH_KNOTS('',3,(#4602,#4603,#4604,#4605,#4606,#4607,
#4608,#4609,#4610,#4611,#4612,#4613,#4614,#4615),.UNSPECIFIED.,.F.,.F.,
(4,2,2,2,2,2,4),(0.144879618490987,0.252298390194505,0.375797095827947,
0.499295801461389,0.622794507094831,0.746293212728272,0.853711984431791),
 .UNSPECIFIED.);
#249=B_SPLINE_CURVE_WITH_KNOTS('',3,(#4618,#4619,#4620,#4621,#4622,#4623,
#4624,#4625,#4626,#4627,#4628,#4629,#4630,#4631),.UNSPECIFIED.,.F.,.F.,
(4,2,2,2,2,2,4),(1.05010413610837,1.1575323021408,1.28103450250819,1.40453670287559,
1.52803890324298,1.65154110361037,1.7589692696428),.UNSPECIFIED.);
#250=B_SPLINE_CURVE_WITH_KNOTS('',3,(#4641,#4642,#4643,#4644,#4645,#4646,
#4647,#4648,#4649,#4650),.UNSPECIFIED.,.F.,.F.,(4,2,2,2,4),(1.18911410967197,
1.28026605999478,1.40392398982249,1.5275819196502,1.61873386997301),
 .UNSPECIFIED.);
#251=B_SPLINE_CURVE_WITH_KNOTS('',3,(#4654,#4655,#4656,#4657,#4658,#4659,
#4660,#4661,#4662,#4663,#4664,#4665,#4666,#4667,#4668,#4669,#4670,#4671,
#4672,#4673,#4674,#4675,#4676),.UNSPECIFIED.,.F.,.F.,(4,2,2,2,2,2,2,2,2,
3,4),(-1.01719120770132,-0.996919458796879,-0.870976461509958,-0.745033464223036,
-0.621746596810738,-0.498459729398439,-0.375172861986141,-0.251885994573843,
-0.125942997286922,0.,0.020271748930136),.UNSPECIFIED.);
#252=B_SPLINE_CURVE_WITH_KNOTS('',3,(#4680,#4681,#4682,#4683,#4684,#4685,
#4686,#4687),.UNSPECIFIED.,.F.,.F.,(4,2,2,4),(0.569310929277383,0.606401375285102,
0.662716409912959,0.673732804552528),.UNSPECIFIED.);
#253=B_SPLINE_CURVE_WITH_KNOTS('',3,(#4693,#4694,#4695,#4696,#4697,#4698,
#4699,#4700),.UNSPECIFIED.,.F.,.F.,(4,2,2,4),(0.651700015273389,0.662716409912958,
0.719031444540815,0.756121890548535),.UNSPECIFIED.);
#254=B_SPLINE_CURVE_WITH_KNOTS('',3,(#4704,#4705,#4706,#4707,#4708,#4709,
#4710,#4711,#4712,#4713,#4714,#4715,#4716,#4717,#4718,#4719,#4720,#4721),
 .UNSPECIFIED.,.F.,.F.,(4,2,2,2,2,2,2,2,4),(0.972635044189552,1.03208665223614,
1.15814410936884,1.2815432559872,1.40494240260557,1.52834154922393,1.6517406958423,
1.777798152975,1.83724976102158),.UNSPECIFIED.);
#255=B_SPLINE_CURVE_WITH_KNOTS('',3,(#4728,#4729,#4730,#4731,#4732),
 .UNSPECIFIED.,.F.,.F.,(4,1,4),(0.,0.0937863398343785,0.101698127230466),
 .UNSPECIFIED.);
#256=B_SPLINE_CURVE_WITH_KNOTS('',3,(#4734,#4735,#4736,#4737,#4738,#4739,
#4740),.UNSPECIFIED.,.F.,.F.,(4,1,1,1,4),(-0.964301658534023,-0.949970190232036,
-0.930422932180096,-0.871781158024276,-0.793592125816516),.UNSPECIFIED.);
#257=B_SPLINE_CURVE_WITH_KNOTS('',3,(#4742,#4743,#4744,#4745),
 .UNSPECIFIED.,.F.,.F.,(4,4),(2.59660795874842,2.67161367520355),
 .UNSPECIFIED.);
#258=B_SPLINE_CURVE_WITH_KNOTS('',3,(#4747,#4748,#4749,#4750,#4751,#4752,
#4753,#4754),.UNSPECIFIED.,.F.,.F.,(4,2,2,4),(3.6213453279974,3.69705654865186,
4.2040688570401,4.34510454811086),.UNSPECIFIED.);
#259=B_SPLINE_CURVE_WITH_KNOTS('',3,(#4760,#4761,#4762,#4763,#4764,#4765,
#4766,#4767,#4768,#4769,#4770,#4771),.UNSPECIFIED.,.F.,.F.,(4,2,2,2,2,4),
(0.592242986102614,0.628917201493389,0.686852887237763,0.744788572982137,
0.802724258726511,0.820238157296252),.UNSPECIFIED.);
#260=B_SPLINE_CURVE_WITH_KNOTS('',3,(#4776,#4777,#4778,#4779,#4780,#4781,
#4782,#4783,#4784,#4785,#4786,#4787,#4788,#4789,#4790,#4791,#4792,#4793,
#4794,#4795,#4796,#4797),.UNSPECIFIED.,.F.,.F.,(4,2,2,2,2,2,2,2,2,2,4),
(-2.22036440080324,-1.92678910178586,-1.74237014999467,-1.65016067409907,
-1.60405593615127,-1.55795119820348,-1.54411710687263,-1.5372000612072,
-1.53028301554178,-1.51083493190177,-1.49994340993593),.UNSPECIFIED.);
#261=B_SPLINE_CURVE_WITH_KNOTS('',3,(#4828,#4829,#4830,#4831),
 .UNSPECIFIED.,.F.,.F.,(4,4),(0.177862053809166,0.204475875261054),
 .UNSPECIFIED.);
#262=B_SPLINE_CURVE_WITH_KNOTS('',3,(#4836,#4837,#4838,#4839),
 .UNSPECIFIED.,.F.,.F.,(4,4),(0.22682234447358,0.253436165925468),
 .UNSPECIFIED.);
#263=B_SPLINE_CURVE_WITH_KNOTS('',3,(#4857,#4858,#4859,#4860,#4861,#4862,
#4863,#4864,#4865,#4866,#4867,#4868,#4869,#4870,#4871,#4872,#4873,#4874,
#4875,#4876,#4877,#4878,#4879),.UNSPECIFIED.,.F.,.F.,(4,3,2,2,2,2,2,2,2,
2,4),(-0.099100442032414,0.,0.126057646972636,0.252115293945273,0.375514490411055,
0.498913686876838,0.622312883342621,0.745712079808404,0.87176972678104,
0.997827373753676,1.09692781580584),.UNSPECIFIED.);
#264=B_SPLINE_CURVE_WITH_KNOTS('',3,(#4885,#4886,#4887,#4888,#4889,#4890,
#4891,#4892,#4893,#4894,#4895,#4896),.UNSPECIFIED.,.F.,.F.,(4,2,2,2,2,4),
(0.0164672475652372,0.0575309977077678,0.115061995415536,0.171377053260955,
0.227692111106374,0.238708506172591),.UNSPECIFIED.);
#265=B_SPLINE_CURVE_WITH_KNOTS('',3,(#4902,#4903,#4904,#4905,#4906,#4907,
#4908,#4909,#4910,#4911,#4912,#4913),.UNSPECIFIED.,.F.,.F.,(4,2,2,2,2,4),
(0.216675716040158,0.227692111106375,0.284007168951794,0.340322226797213,
0.397853224504981,0.43891697464751),.UNSPECIFIED.);
#266=B_SPLINE_CURVE_WITH_KNOTS('',3,(#4919,#4920,#4921,#4922,#4923,#4924,
#4925,#4926,#4927,#4928,#4929,#4930,#4931,#4932,#4933,#4934,#4935,#4936,
#4937),.UNSPECIFIED.,.F.,.F.,(4,2,3,2,2,2,2,2,4),(-0.19335976196797,-0.115749843830174,
0.,0.12594318700289,0.251886374005781,0.375173291257284,0.498460208508786,
0.621747125760288,0.662556682772423),.UNSPECIFIED.);
#267=B_SPLINE_CURVE_WITH_KNOTS('',3,(#4939,#4940,#4941,#4942,#4943,#4944,
#4945,#4946,#4947,#4948,#4949,#4950),.UNSPECIFIED.,.F.,.F.,(4,2,2,2,2,4),
(0.662556682772423,0.745034043011791,0.870977230014682,0.996920417017572,
1.11267026084775,1.19028017898554),.UNSPECIFIED.);
#268=B_SPLINE_CURVE_WITH_KNOTS('',3,(#4954,#4955,#4956,#4957,#4958,#4959,
#4960,#4961),.UNSPECIFIED.,.F.,.F.,(4,2,2,4),(0.0878099036405539,0.126321450324008,
0.252642900648016,0.371231736975796),.UNSPECIFIED.);
#269=B_SPLINE_CURVE_WITH_KNOTS('',3,(#4962,#4963,#4964,#4965,#4966,#4967,
#4968,#4969,#4970,#4971,#4972,#4973,#4974,#4975),.UNSPECIFIED.,.F.,.F.,
(4,2,2,2,2,2,4),(0.371231736975796,0.376300880342178,0.49995886003634,0.623616839730502,
0.747274819424665,0.873596269748673,0.912107816432128),.UNSPECIFIED.);
#270=B_SPLINE_CURVE_WITH_KNOTS('',3,(#4996,#4997,#4998,#4999,#5000,#5001,
#5002,#5003,#5004,#5005,#5006,#5007,#5008,#5009),.UNSPECIFIED.,.F.,.F.,
(4,2,2,2,2,2,4),(0.0816932629413232,0.104709361601366,0.156195706005063,
0.20768205040876,0.259168394812457,0.310654739216154,0.333670837876197),
 .UNSPECIFIED.);
#271=B_SPLINE_CURVE_WITH_KNOTS('',3,(#5013,#5014,#5015,#5016,#5017,#5018),
 .UNSPECIFIED.,.F.,.F.,(4,2,4),(0.697934309576062,0.748623690900105,0.779278790419041),
 .UNSPECIFIED.);
#272=B_SPLINE_CURVE_WITH_KNOTS('',3,(#5023,#5024,#5025,#5026,#5027,#5028,
#5029,#5030,#5031,#5032,#5033,#5034),.UNSPECIFIED.,.F.,.F.,(4,2,2,2,2,4),
(0.500501308896769,0.531156408415705,0.585523229036805,0.639890049657904,
0.694256870279005,0.697934309576062),.UNSPECIFIED.);
#273=B_SPLINE_CURVE_WITH_KNOTS('',3,(#5055,#5056,#5057,#5058,#5059,#5060,
#5061,#5062,#5063,#5064),.UNSPECIFIED.,.F.,.F.,(4,2,2,2,4),(0.,0.0522223328322811,
0.104444665664562,0.155799285882359,0.163458482768863),.UNSPECIFIED.);
#274=B_SPLINE_CURVE_WITH_KNOTS('',3,(#5065,#5066,#5067,#5068,#5069,#5070,
#5071,#5072,#5073,#5074,#5075,#5076,#5077,#5078,#5079,#5080,#5081,#5082,
#5083,#5084,#5085,#5086,#5087,#5088,#5089,#5090,#5091,#5092),
 .UNSPECIFIED.,.F.,.F.,(4,2,2,2,2,2,2,2,2,2,2,2,2,4),(0.163458482768863,
0.207153906100156,0.258508526317953,0.309863146535749,0.362085479368031,
0.414307812200312,0.469024336514426,0.52374086082854,0.577986590443315,
0.632232320058089,0.686478049672864,0.740723779287639,0.795440303601753,
0.850156827915868),.UNSPECIFIED.);
#275=B_SPLINE_CURVE_WITH_KNOTS('',3,(#5106,#5107,#5108,#5109,#5110,#5111,
#5112,#5113,#5114,#5115,#5116,#5117,#5118,#5119,#5120,#5121,#5122,#5123,
#5124,#5125,#5126,#5127,#5128,#5129),.UNSPECIFIED.,.F.,.F.,(4,2,2,2,2,2,
2,2,2,2,2,4),(0.,0.053669997361569,0.107339994723138,0.158839815393512,
0.210339636063886,0.26183945673426,0.313339277404633,0.367009274766202,
0.420679272127771,0.476143262460111,0.531607252792451,0.566178479172568),
 .UNSPECIFIED.);
#276=B_SPLINE_CURVE_WITH_KNOTS('',3,(#5130,#5131,#5132,#5133,#5134,#5135,
#5136,#5137,#5138,#5139,#5140,#5141,#5142,#5143),.UNSPECIFIED.,.F.,.F.,
(4,2,2,2,2,2,4),(0.566178479172568,0.585898848427369,0.640190444062286,
0.694482039697204,0.748773635332122,0.804237625664462,0.859701615996803),
 .UNSPECIFIED.);
#277=B_SPLINE_CURVE_WITH_KNOTS('',3,(#5152,#5153,#5154,#5155,#5156,#5157,
#5158,#5159,#5160,#5161,#5162,#5163,#5164,#5165,#5166,#5167,#5168,#5169,
#5170,#5171,#5172,#5173,#5174),.UNSPECIFIED.,.F.,.F.,(4,3,2,2,2,2,2,2,2,
2,4),(-0.0202690690750015,0.,0.125929698114368,0.251859396228735,0.375142770012846,
0.498426143796957,0.621709517581067,0.744992891365177,0.870922589479545,
0.996852287593913,1.01712135669452),.UNSPECIFIED.);
#278=B_SPLINE_CURVE_WITH_KNOTS('',3,(#5176,#5177,#5178,#5179,#5180,#5181,
#5182,#5183,#5184,#5185,#5186,#5187,#5188,#5189,#5190,#5191,#5192,#5193,
#5194,#5195,#5196,#5197,#5198),.UNSPECIFIED.,.F.,.F.,(4,2,2,2,2,2,2,2,2,
3,4),(-0.46795708636421,-0.438992041355797,-0.383534033235886,-0.328076025115976,
-0.273786022896937,-0.219496020677899,-0.16520601845886,-0.110916016239822,
-0.0554580081199108,0.,0.0289650450258265),.UNSPECIFIED.);
#279=B_SPLINE_CURVE_WITH_KNOTS('',3,(#5200,#5201,#5202,#5203,#5204,#5205,
#5206,#5207,#5208,#5209,#5210,#5211,#5212,#5213,#5214,#5215,#5216,#5217,
#5218,#5219,#5220,#5221,#5222),.UNSPECIFIED.,.F.,.F.,(4,3,2,2,2,2,2,2,2,
2,4),(-0.0289687844265746,0.,0.0554639061948822,0.110927812389764,0.165219385613144,
0.219510958836523,0.273802532059902,0.32809410528328,0.383558011478162,
0.439021917673045,0.467990702117094),.UNSPECIFIED.);
#280=B_SPLINE_CURVE_WITH_KNOTS('',3,(#5230,#5231,#5232,#5233,#5234,#5235),
 .UNSPECIFIED.,.F.,.F.,(4,2,4),(-0.560000485723938,-0.546500266896353,-0.527312906552486),
 .UNSPECIFIED.);
#281=B_SPLINE_CURVE_WITH_KNOTS('',3,(#5238,#5239,#5240,#5241,#5242,#5243,
#5244,#5245,#5246,#5247,#5248,#5249,#5250,#5251,#5252,#5253,#5254,#5255,
#5256,#5257,#5258,#5259,#5260,#5261,#5262,#5263,#5264,#5265,#5266),
 .UNSPECIFIED.,.F.,.F.,(4,2,2,2,2,2,2,2,2,2,3,2,2,4),(-0.527312906552486,
-0.49285327381517,-0.439206280733986,-0.383719072635014,-0.328231864536042,
-0.273917502451518,-0.219603140366993,-0.165288778282468,-0.110974416197944,
-0.0554872080989718,0.,0.0536469930811837,0.107293986162367,0.12079420499108),
 .UNSPECIFIED.);
#282=B_SPLINE_CURVE_WITH_KNOTS('',3,(#5278,#5279,#5280,#5281,#5282,#5283,
#5284,#5285,#5286,#5287,#5288,#5289,#5290,#5291),.UNSPECIFIED.,.F.,.F.,
(4,2,2,2,2,2,4),(0.057734608549479,0.110974247872108,0.165288587543585,
0.219602927215063,0.27391726688654,0.328231606558017,0.381471245880647),
 .UNSPECIFIED.);
#283=B_SPLINE_CURVE_WITH_KNOTS('',3,(#5292,#5293,#5294,#5295,#5296,#5297,
#5298,#5299,#5300,#5301,#5302,#5303,#5304,#5305,#5306,#5307,#5308,#5309),
 .UNSPECIFIED.,.F.,.F.,(4,2,2,2,2,2,2,2,4),(0.0665973991477329,0.126044149269846,
0.252088298539692,0.375483950954221,0.49887960336875,0.622275255783279,
0.745670908197808,0.871715057467654,0.931161807589768),.UNSPECIFIED.);
#284=B_SPLINE_CURVE_WITH_KNOTS('',3,(#5391,#5392,#5393,#5394,#5395,#5396,
#5397,#5398,#5399,#5400,#5401,#5402,#5403,#5404,#5405,#5406,#5407,#5408,
#5409,#5410,#5411,#5412,#5413,#5414,#5415,#5416,#5417,#5418,#5419,#5420,
#5421,#5422,#5423,#5424),.UNSPECIFIED.,.F.,.F.,(4,2,2,2,2,2,2,2,2,2,2,2,
2,2,2,2,4),(-1.07609749142639E-5,0.,0.000120995752957731,0.000374970828532638,
0.000431998461942167,0.000432527157911938,0.000432772595392087,0.000433065714373431,
0.000433421058566674,0.0004340599040205,0.000450671373740892,0.000528232358244438,
0.000657451634150733,0.000859657712046207,0.00133144531556634,0.00208378385967714,
0.0028848141035374),.UNSPECIFIED.);
#285=B_SPLINE_CURVE_WITH_KNOTS('',3,(#5453,#5454,#5455,#5456,#5457,#5458,
#5459,#5460,#5461,#5462,#5463,#5464,#5465,#5466,#5467,#5468,#5469,#5470,
#5471,#5472,#5473,#5474,#5475,#5476,#5477,#5478,#5479,#5480,#5481,#5482,
#5483,#5484,#5485,#5486,#5487,#5488,#5489,#5490,#5491,#5492,#5493,#5494),
 .UNSPECIFIED.,.F.,.F.,(4,2,2,2,2,2,2,2,2,2,2,2,2,2,2,2,2,2,2,2,4),(0.,
0.0352652294045126,0.0594159506268553,0.0720152700338405,0.0827575384826344,
0.0836657759656469,0.0840377103913756,0.084207861941162,0.0842773300538168,
0.0843230583929748,0.0843623349823581,0.0843949162005637,0.0844222893767269,
0.0844458318226905,0.0844669230860929,0.0844706012118334,0.0864852303388316,
0.087047603619388,0.0872113814056016,0.0872954774731111,0.0873076357094263),
 .UNSPECIFIED.);
#286=B_SPLINE_CURVE_WITH_KNOTS('',3,(#5558,#5559,#5560,#5561,#5562,#5563,
#5564,#5565,#5566,#5567,#5568,#5569),.UNSPECIFIED.,.F.,.F.,(4,2,2,2,2,4),
(-0.0808581196022143,-0.064323698141294,-0.0322506324155793,-0.01618011774029,
-0.00710639078119062,0.),.UNSPECIFIED.);
#287=B_SPLINE_CURVE_WITH_KNOTS('',3,(#5571,#5572,#5573,#5574),
 .UNSPECIFIED.,.F.,.F.,(4,4),(-0.141033760030643,1.94289029309402E-16),
 .UNSPECIFIED.);
#288=B_SPLINE_CURVE_WITH_KNOTS('',3,(#5576,#5577,#5578,#5579,#5580,#5581,
#5582,#5583,#5584,#5585,#5586,#5587,#5588,#5589),.UNSPECIFIED.,.F.,.F.,
(4,2,2,2,2,2,4),(-0.000895563324280497,0.,0.0921936265955333,0.147475199746729,
0.175392998100608,0.191229115140618,0.203652304963152),.UNSPECIFIED.);
#289=B_SPLINE_CURVE_WITH_KNOTS('',3,(#5591,#5592,#5593,#5594),
 .UNSPECIFIED.,.F.,.F.,(4,4),(-0.100000000000002,0.0343506057764875),
 .UNSPECIFIED.);
#290=B_SPLINE_CURVE_WITH_KNOTS('',3,(#5595,#5596,#5597,#5598,#5599,#5600),
 .UNSPECIFIED.,.F.,.F.,(4,2,4),(-0.000930436598916045,0.,0.0696382518714506),
 .UNSPECIFIED.);
#291=B_SPLINE_CURVE_WITH_KNOTS('',3,(#5632,#5633,#5634,#5635,#5636,#5637,
#5638,#5639,#5640,#5641,#5642,#5643,#5644),.UNSPECIFIED.,.F.,.F.,(4,3,3,
3,4),(0.,0.214325840867948,0.428627997119005,0.635638339318326,0.688610996357631),
 .UNSPECIFIED.);
#292=B_SPLINE_CURVE_WITH_KNOTS('',3,(#5645,#5646,#5647,#5648),
 .UNSPECIFIED.,.F.,.F.,(4,4),(-1.38777878078145E-17,0.00870531432011559),
 .UNSPECIFIED.);
#293=B_SPLINE_CURVE_WITH_KNOTS('',3,(#5678,#5679,#5680,#5681),
 .UNSPECIFIED.,.F.,.F.,(4,4),(-0.113524698016144,-0.000613601578492051),
 .UNSPECIFIED.);
#294=B_SPLINE_CURVE_WITH_KNOTS('',3,(#5683,#5684,#5685,#5686,#5687,#5688,
#5689,#5690,#5691,#5692,#5693,#5694,#5695),.UNSPECIFIED.,.F.,.F.,(4,3,3,
3,4),(0.,0.214285715284292,0.428571430745003,0.714285718454312,1.00000000438693),
 .UNSPECIFIED.);
#295=B_SPLINE_CURVE_WITH_KNOTS('',3,(#5696,#5697,#5698,#5699),
 .UNSPECIFIED.,.F.,.F.,(4,4),(-1.11022302462516E-16,0.163217550344625),
 .UNSPECIFIED.);
#296=B_SPLINE_CURVE_WITH_KNOTS('',3,(#5730,#5731,#5732,#5733),
 .UNSPECIFIED.,.F.,.F.,(4,4),(1.61117840971293,1.93895172058278),
 .UNSPECIFIED.);
#297=B_SPLINE_CURVE_WITH_KNOTS('',3,(#5735,#5736,#5737,#5738,#5739,#5740,
#5741,#5742,#5743,#5744,#5745,#5746,#5747),.UNSPECIFIED.,.F.,.F.,(4,3,3,
3,4),(0.,0.214285715270406,0.428571430671477,0.714285718183545,1.00000000438695),
 .UNSPECIFIED.);
#298=B_SPLINE_CURVE_WITH_KNOTS('',3,(#5749,#5750,#5751,#5752),
 .UNSPECIFIED.,.F.,.F.,(4,4),(-1.93885805144713,-1.62727842818471),
 .UNSPECIFIED.);
#299=B_SPLINE_CURVE_WITH_KNOTS('',3,(#5753,#5754,#5755,#5756,#5757,#5758,
#5759,#5760,#5761,#5762,#5763,#5764,#5765,#5766),.UNSPECIFIED.,.F.,.F.,
(4,2,2,2,2,2,4),(-0.000927582841944641,0.,0.0982805744980091,0.154392855365061,
0.182501586066057,0.198370689146656,0.210798656874311),.UNSPECIFIED.);
#300=B_SPLINE_CURVE_WITH_KNOTS('',3,(#5796,#5797,#5798,#5799),
 .UNSPECIFIED.,.F.,.F.,(4,4),(0.,0.163217572693384),.UNSPECIFIED.);
#301=B_SPLINE_CURVE_WITH_KNOTS('',3,(#5801,#5802,#5803,#5804,#5805,#5806,
#5807,#5808,#5809,#5810,#5811,#5812,#5813),.UNSPECIFIED.,.F.,.F.,(4,3,3,
3,4),(0.,0.214285754625236,0.428571509250471,0.714285848750785,1.0000001882511),
 .UNSPECIFIED.);
#302=B_SPLINE_CURVE_WITH_KNOTS('',3,(#5814,#5815,#5816,#5817),
 .UNSPECIFIED.,.F.,.F.,(4,4),(-0.16260397491672,-0.00061360354714346),
 .UNSPECIFIED.);
#303=B_SPLINE_CURVE_WITH_KNOTS('',3,(#5854,#5855,#5856,#5857,#5858),
 .UNSPECIFIED.,.F.,.F.,(4,1,4),(0.433081159972677,0.710298861350471,1.07992246318753),
 .UNSPECIFIED.);
#304=B_SPLINE_CURVE_WITH_KNOTS('',3,(#5860,#5861,#5862,#5863,#5864),
 .UNSPECIFIED.,.F.,.F.,(4,1,4),(-1.07982879435441,-0.710298861350471,-0.449180967370982),
 .UNSPECIFIED.);
#305=B_SPLINE_CURVE_WITH_KNOTS('',3,(#5865,#5866,#5867,#5868,#5869,#5870,
#5871,#5872,#5873,#5874,#5875,#5876,#5877,#5878),.UNSPECIFIED.,.F.,.F.,
(4,2,2,2,2,2,4),(-0.000927802742284839,0.,0.0982752505616832,0.154391427478006,
0.182500707864636,0.198369787289685,0.2107976451541),.UNSPECIFIED.);
#306=B_SPLINE_CURVE_WITH_KNOTS('',3,(#5908,#5909,#5910,#5911),
 .UNSPECIFIED.,.F.,.F.,(4,4),(-7.7715611723761E-16,0.141033718761565),
 .UNSPECIFIED.);
#307=B_SPLINE_CURVE_WITH_KNOTS('',3,(#5913,#5914,#5915,#5916),
 .UNSPECIFIED.,.F.,.F.,(4,4),(-0.0347745775048094,0.100000000000001),
 .UNSPECIFIED.);
#308=B_SPLINE_CURVE_WITH_KNOTS('',3,(#5917,#5918,#5919,#5920,#5921,#5922,
#5923,#5924,#5925,#5926,#5927,#5928,#5929,#5930),.UNSPECIFIED.,.F.,.F.,
(4,2,2,2,2,2,4),(-0.120274903020598,-0.119748659813206,-0.0655299101100926,
-0.0330311618815206,-0.0166165915839673,-0.00730498102222713,0.),
 .UNSPECIFIED.);
#309=B_SPLINE_CURVE_WITH_KNOTS('',3,(#5960,#5961,#5962,#5963),
 .UNSPECIFIED.,.F.,.F.,(4,4),(4.30211422042248E-16,0.700000010430814),
 .UNSPECIFIED.);
#310=B_SPLINE_CURVE_WITH_KNOTS('',3,(#5965,#5966,#5967,#5968),
 .UNSPECIFIED.,.F.,.F.,(4,4),(-0.800000010430814,0.1),.UNSPECIFIED.);
#311=B_SPLINE_CURVE_WITH_KNOTS('',3,(#5969,#5970,#5971,#5972,#5973,#5974,
#5975,#5976,#5977,#5978,#5979,#5980,#5981,#5982),.UNSPECIFIED.,.F.,.F.,
(4,2,2,2,2,2,4),(-0.120275502044371,-0.119749157804545,-0.0655325350326795,
-0.0330316580665377,-0.016616670221156,-0.00730498951928276,0.),
 .UNSPECIFIED.);
#312=B_SPLINE_CURVE_WITH_KNOTS('',3,(#6012,#6013,#6014,#6015),
 .UNSPECIFIED.,.F.,.F.,(4,4),(-0.141033728459997,-2.98372437868011E-16),
 .UNSPECIFIED.);
#313=B_SPLINE_CURVE_WITH_KNOTS('',3,(#6017,#6018,#6019,#6020),
 .UNSPECIFIED.,.F.,.F.,(4,4),(-0.100000000000001,0.0347745901768026),
 .UNSPECIFIED.);
#314=B_SPLINE_CURVE_WITH_KNOTS('',3,(#6021,#6022,#6023,#6024,#6025,#6026,
#6027,#6028,#6029,#6030,#6031,#6032,#6033,#6034),.UNSPECIFIED.,.F.,.F.,
(4,2,2,2,2,2,4),(-0.12106736257366,-0.120536933675068,-0.0643396329181198,
-0.0322535257361331,-0.0161805691514909,-0.0071064393091819,0.),
 .UNSPECIFIED.);
#315=B_SPLINE_CURVE_WITH_KNOTS('',3,(#6063,#6064,#6065,#6066),
 .UNSPECIFIED.,.F.,.F.,(4,4),(-6.7762635780344E-21,0.327773312237245),
 .UNSPECIFIED.);
#316=B_SPLINE_CURVE_WITH_KNOTS('',3,(#6067,#6068,#6069,#6070),
 .UNSPECIFIED.,.F.,.F.,(4,4),(-0.311673294338863,-9.36825212685954E-5),
 .UNSPECIFIED.);
#317=B_SPLINE_CURVE_WITH_KNOTS('',3,(#6100,#6101,#6102,#6103),
 .UNSPECIFIED.,.F.,.F.,(4,4),(4.5102810375397E-16,0.141033702705432),
 .UNSPECIFIED.);
#318=B_SPLINE_CURVE_WITH_KNOTS('',3,(#6105,#6106,#6107,#6108),
 .UNSPECIFIED.,.F.,.F.,(4,4),(-0.0347745627034628,0.100000000000001),
 .UNSPECIFIED.);
#319=B_SPLINE_CURVE_WITH_KNOTS('',3,(#6109,#6110,#6111,#6112,#6113,#6114,
#6115,#6116,#6117,#6118,#6119,#6120,#6121,#6122),.UNSPECIFIED.,.F.,.F.,
(4,2,2,2,2,2,4),(-0.120265629238028,-0.119740941801796,-0.0654894373544609,
-0.0330234982315042,-0.0166153758776287,-0.00730484961045064,0.),
 .UNSPECIFIED.);
#320=B_SPLINE_CURVE_WITH_KNOTS('',3,(#6152,#6153,#6154,#6155),
 .UNSPECIFIED.,.F.,.F.,(4,4),(-1.11022302462516E-16,0.700000010430813),
 .UNSPECIFIED.);
#321=B_SPLINE_CURVE_WITH_KNOTS('',3,(#6157,#6158,#6159,#6160),
 .UNSPECIFIED.,.F.,.F.,(4,4),(-0.800000010430813,0.1),.UNSPECIFIED.);
#322=B_SPLINE_CURVE_WITH_KNOTS('',3,(#6161,#6162,#6163,#6164,#6165,#6166,
#6167,#6168,#6169,#6170,#6171,#6172,#6173,#6174),.UNSPECIFIED.,.F.,.F.,
(4,2,2,2,2,2,4),(-0.120274210149155,-0.119748083720186,-0.0655268755756147,
-0.0330305881386699,-0.0166165006438073,-0.00730497119528199,0.),
 .UNSPECIFIED.);
#323=B_SPLINE_CURVE_WITH_KNOTS('',3,(#6204,#6205,#6206,#6207),
 .UNSPECIFIED.,.F.,.F.,(4,4),(-0.141033703301694,1.80411241501588E-16),
 .UNSPECIFIED.);
#324=B_SPLINE_CURVE_WITH_KNOTS('',3,(#6209,#6210,#6211,#6212),
 .UNSPECIFIED.,.F.,.F.,(4,4),(-0.100000000000002,0.0347745634823539),
 .UNSPECIFIED.);
#325=B_SPLINE_CURVE_WITH_KNOTS('',3,(#6213,#6214,#6215,#6216,#6217,#6218,
#6219,#6220,#6221,#6222,#6223,#6224,#6225,#6226),.UNSPECIFIED.,.F.,.F.,
(4,2,2,2,2,2,4),(-0.121068021172054,-0.120537481334852,-0.0643422731347655,
-0.0322540045721347,-0.0161806437313105,-0.00710644727847454,0.),
 .UNSPECIFIED.);
#326=B_SPLINE_CURVE_WITH_KNOTS('',3,(#6263,#6264,#6265,#6266,#6267),
 .UNSPECIFIED.,.F.,.F.,(4,1,4),(0.825780243867766,1.11724752208288,1.50587055970302),
 .UNSPECIFIED.);
#327=B_SPLINE_CURVE_WITH_KNOTS('',3,(#6269,#6270,#6271,#6272,#6273),
 .UNSPECIFIED.,.F.,.F.,(4,1,4),(-1.48977046084615,-1.11724752208288,-0.841880036969197),
 .UNSPECIFIED.);
#328=B_SPLINE_CURVE_WITH_KNOTS('',3,(#6274,#6275,#6276,#6277,#6278,#6279,
#6280,#6281,#6282,#6283,#6284,#6285,#6286,#6287),.UNSPECIFIED.,.F.,.F.,
(4,2,2,2,2,2,4),(-0.000927815344854343,0.,0.0982749435628884,0.154391343629009,
0.182500655470361,0.198369733527268,0.210797585090563),.UNSPECIFIED.);
#329=B_SPLINE_CURVE_WITH_KNOTS('',3,(#6317,#6318,#6319,#6320),
 .UNSPECIFIED.,.F.,.F.,(4,4),(-3.2612801348364E-16,0.141033701515227),
 .UNSPECIFIED.);
#330=B_SPLINE_CURVE_WITH_KNOTS('',3,(#6322,#6323,#6324,#6325),
 .UNSPECIFIED.,.F.,.F.,(4,4),(-0.034774561775977,0.0999999999999998),
 .UNSPECIFIED.);
#331=B_SPLINE_CURVE_WITH_KNOTS('',3,(#6326,#6327,#6328,#6329,#6330,#6331,
#6332,#6333,#6334,#6335,#6336,#6337,#6338,#6339),.UNSPECIFIED.,.F.,.F.,
(4,2,2,2,2,2,4),(-0.120274903018388,-0.119748659810997,-0.0655299101093687,
-0.0330311618813413,-0.0166165915839026,-0.00730498102221572,0.),
 .UNSPECIFIED.);
#332=B_SPLINE_CURVE_WITH_KNOTS('',3,(#6369,#6370,#6371,#6372),
 .UNSPECIFIED.,.F.,.F.,(4,4),(-1.33226762955019E-15,0.700000010430814),
 .UNSPECIFIED.);
#333=B_SPLINE_CURVE_WITH_KNOTS('',3,(#6374,#6375,#6376,#6377),
 .UNSPECIFIED.,.F.,.F.,(4,4),(-0.800000010430815,0.1),.UNSPECIFIED.);
#334=B_SPLINE_CURVE_WITH_KNOTS('',3,(#6378,#6379,#6380,#6381,#6382,#6383,
#6384,#6385,#6386,#6387,#6388,#6389,#6390,#6391),.UNSPECIFIED.,.F.,.F.,
(4,2,2,2,2,2,4),(-0.120275502045102,-0.119749157805288,-0.0655325350331282,
-0.0330316580665359,-0.0166166702211977,-0.00730498951929459,0.),
 .UNSPECIFIED.);
#335=B_SPLINE_CURVE_WITH_KNOTS('',3,(#6421,#6422,#6423,#6424),
 .UNSPECIFIED.,.F.,.F.,(4,4),(-0.141033700398087,-3.40005801291454E-16),
 .UNSPECIFIED.);
#336=B_SPLINE_CURVE_WITH_KNOTS('',3,(#6426,#6427,#6428,#6429),
 .UNSPECIFIED.,.F.,.F.,(4,4),(-0.100000000000003,0.0347745603160643),
 .UNSPECIFIED.);
#337=B_SPLINE_CURVE_WITH_KNOTS('',3,(#6430,#6431,#6432,#6433,#6434,#6435,
#6436,#6437,#6438,#6439,#6440,#6441,#6442,#6443),.UNSPECIFIED.,.F.,.F.,
(4,2,2,2,2,2,4),(-0.121068021214048,-0.120537481376653,-0.0643422730797973,
-0.0322540045357111,-0.0161806437108348,-0.00710644726913479,0.),
 .UNSPECIFIED.);
#338=B_SPLINE_CURVE_WITH_KNOTS('',3,(#6480,#6481,#6482,#6483,#6484),
 .UNSPECIFIED.,.F.,.F.,(4,1,4),(0.040382078957466,0.331849356771919,0.720472393857855),
 .UNSPECIFIED.);
#339=B_SPLINE_CURVE_WITH_KNOTS('',3,(#6486,#6487,#6488,#6489,#6490),
 .UNSPECIFIED.,.F.,.F.,(4,1,4),(-0.704372294961187,-0.331849356771919,-0.0564818720342977),
 .UNSPECIFIED.);
#340=B_SPLINE_CURVE_WITH_KNOTS('',3,(#6491,#6492,#6493,#6494,#6495,#6496,
#6497,#6498,#6499,#6500,#6501,#6502,#6503,#6504),.UNSPECIFIED.,.F.,.F.,
(4,2,2,2,2,2,4),(-0.000927815344013907,0.,0.0982749433755322,0.154391343399682,
0.182500655226825,0.19836973327804,0.210797584837616),.UNSPECIFIED.);
#341=B_SPLINE_CURVE_WITH_KNOTS('',3,(#6534,#6535,#6536,#6537),
 .UNSPECIFIED.,.F.,.F.,(4,4),(4.44089209850063E-16,0.141033689103062),
 .UNSPECIFIED.);
#342=B_SPLINE_CURVE_WITH_KNOTS('',3,(#6539,#6540,#6541,#6542),
 .UNSPECIFIED.,.F.,.F.,(4,4),(-0.0347745495261651,0.0999999999999993),
 .UNSPECIFIED.);
#343=B_SPLINE_CURVE_WITH_KNOTS('',3,(#6543,#6544,#6545,#6546,#6547,#6548,
#6549,#6550,#6551,#6552,#6553,#6554,#6555,#6556),.UNSPECIFIED.,.F.,.F.,
(4,2,2,2,2,2,4),(-0.120265629237839,-0.119740941801649,-0.0654894373538394,
-0.0330234982314523,-0.0166153758776919,-0.00730484961046902,0.),
 .UNSPECIFIED.);
#344=B_SPLINE_CURVE_WITH_KNOTS('',3,(#6586,#6587,#6588,#6589),
 .UNSPECIFIED.,.F.,.F.,(4,4),(0.,0.700000010430813),.UNSPECIFIED.);
#345=B_SPLINE_CURVE_WITH_KNOTS('',3,(#6591,#6592,#6593,#6594),
 .UNSPECIFIED.,.F.,.F.,(4,4),(-0.800000010430813,0.1),.UNSPECIFIED.);
#346=B_SPLINE_CURVE_WITH_KNOTS('',3,(#6595,#6596,#6597,#6598,#6599,#6600,
#6601,#6602,#6603,#6604,#6605,#6606,#6607,#6608),.UNSPECIFIED.,.F.,.F.,
(4,2,2,2,2,2,4),(-0.120274210148627,-0.119748083719663,-0.0655268755753986,
-0.0330305881385763,-0.0166165006437783,-0.00730497119527757,0.),
 .UNSPECIFIED.);
#347=B_SPLINE_CURVE_WITH_KNOTS('',3,(#6638,#6639,#6640,#6641),
 .UNSPECIFIED.,.F.,.F.,(4,4),(-0.141033687573311,8.32667268468867E-17),
 .UNSPECIFIED.);
#348=B_SPLINE_CURVE_WITH_KNOTS('',3,(#6643,#6644,#6645,#6646),
 .UNSPECIFIED.,.F.,.F.,(4,4),(-0.100000000000002,0.0347745474036111),
 .UNSPECIFIED.);
#349=B_SPLINE_CURVE_WITH_KNOTS('',3,(#6647,#6648,#6649,#6650,#6651,#6652,
#6653,#6654,#6655,#6656,#6657,#6658,#6659,#6660),.UNSPECIFIED.,.F.,.F.,
(4,2,2,2,2,2,4),(-0.121068021195133,-0.120537481358164,-0.0643422730605728,
-0.032254004522932,-0.0161806437036051,-0.00710644726582802,0.),
 .UNSPECIFIED.);
#350=B_SPLINE_CURVE_WITH_KNOTS('',3,(#6697,#6698,#6699,#6700,#6701),
 .UNSPECIFIED.,.F.,.F.,(4,1,4),(2.47020765285535,2.76167492834361,3.15029796232795),
 .UNSPECIFIED.);
#351=B_SPLINE_CURVE_WITH_KNOTS('',3,(#6703,#6704,#6705,#6706,#6707),
 .UNSPECIFIED.,.F.,.F.,(4,1,4),(-3.13419786351896,-2.76167492834361,-2.48630744590457),
 .UNSPECIFIED.);
#352=B_SPLINE_CURVE_WITH_KNOTS('',3,(#6708,#6709,#6710,#6711,#6712,#6713,
#6714,#6715,#6716,#6717,#6718,#6719,#6720,#6721),.UNSPECIFIED.,.F.,.F.,
(4,2,2,2,2,2,4),(-0.000927815346090576,0.,0.0982749438390393,0.154391343881546,
0.182500655696457,0.198369733733758,0.210797585280416),.UNSPECIFIED.);
#353=B_SPLINE_CURVE_WITH_KNOTS('',3,(#6751,#6752,#6753,#6754),
 .UNSPECIFIED.,.F.,.F.,(4,4),(-6.73072708679001E-16,0.141033685145977),
 .UNSPECIFIED.);
#354=B_SPLINE_CURVE_WITH_KNOTS('',3,(#6756,#6757,#6758,#6759),
 .UNSPECIFIED.,.F.,.F.,(4,4),(-0.0347745450850122,0.100000000000002),
 .UNSPECIFIED.);
#355=B_SPLINE_CURVE_WITH_KNOTS('',3,(#6760,#6761,#6762,#6763,#6764,#6765,
#6766,#6767,#6768,#6769,#6770,#6771,#6772,#6773),.UNSPECIFIED.,.F.,.F.,
(4,2,2,2,2,2,4),(-0.120274903019884,-0.11974865981249,-0.0655299101094405,
-0.0330311618813521,-0.0166165915839051,-0.00730498102221553,0.),
 .UNSPECIFIED.);
#356=B_SPLINE_CURVE_WITH_KNOTS('',3,(#6803,#6804,#6805,#6806),
 .UNSPECIFIED.,.F.,.F.,(4,4),(4.30211422042248E-16,0.700000010430814),
 .UNSPECIFIED.);
#357=B_SPLINE_CURVE_WITH_KNOTS('',3,(#6808,#6809,#6810,#6811),
 .UNSPECIFIED.,.F.,.F.,(4,4),(-0.800000010430814,0.1),.UNSPECIFIED.);
#358=B_SPLINE_CURVE_WITH_KNOTS('',3,(#6812,#6813,#6814,#6815,#6816,#6817,
#6818,#6819,#6820,#6821,#6822,#6823,#6824,#6825),.UNSPECIFIED.,.F.,.F.,
(4,2,2,2,2,2,4),(-0.120275502045161,-0.119749157805319,-0.0655325350329668,
-0.0330316580664888,-0.0166166702211658,-0.00730498951928726,0.),
 .UNSPECIFIED.);
#359=B_SPLINE_CURVE_WITH_KNOTS('',3,(#6855,#6856,#6857,#6858),
 .UNSPECIFIED.,.F.,.F.,(4,4),(-0.141033686391928,-5.68989300120393E-16),
 .UNSPECIFIED.);
#360=B_SPLINE_CURVE_WITH_KNOTS('',3,(#6860,#6861,#6862,#6863),
 .UNSPECIFIED.,.F.,.F.,(4,4),(-0.100000000000001,0.0347745467127649),
 .UNSPECIFIED.);
#361=B_SPLINE_CURVE_WITH_KNOTS('',3,(#6864,#6865,#6866,#6867,#6868,#6869,
#6870,#6871,#6872,#6873,#6874,#6875,#6876,#6877),.UNSPECIFIED.,.F.,.F.,
(4,2,2,2,2,2,4),(-0.121068021115425,-0.12053748127882,-0.0643422731639491,
-0.0322540045909257,-0.0161806437418354,-0.00710644728326832,0.),
 .UNSPECIFIED.);
#362=B_SPLINE_CURVE_WITH_KNOTS('',3,(#6914,#6915,#6916,#6917,#6918),
 .UNSPECIFIED.,.F.,.F.,(4,1,4),(1.68480949298616,1.97627676892127,2.36489980350141),
 .UNSPECIFIED.);
#363=B_SPLINE_CURVE_WITH_KNOTS('',3,(#6920,#6921,#6922,#6923,#6924),
 .UNSPECIFIED.,.F.,.F.,(4,1,4),(-2.34879970476675,-1.97627676892127,-1.70090928609275),
 .UNSPECIFIED.);
#364=B_SPLINE_CURVE_WITH_KNOTS('',3,(#6925,#6926,#6927,#6928,#6929,#6930,
#6931,#6932,#6933,#6934,#6935,#6936,#6937,#6938),.UNSPECIFIED.,.F.,.F.,
(4,2,2,2,2,2,4),(-0.000927815348329139,0.,0.0982749443288803,0.154391344525464,
0.182500656400788,0.198369734466832,0.210797586034438),.UNSPECIFIED.);
#365=B_SPLINE_CURVE_WITH_KNOTS('',3,(#6968,#6969,#6970,#6971),
 .UNSPECIFIED.,.F.,.F.,(4,4),(6.59194920871187E-16,0.141033703409115),
 .UNSPECIFIED.);
#366=B_SPLINE_CURVE_WITH_KNOTS('',3,(#6973,#6974,#6975,#6976),
 .UNSPECIFIED.,.F.,.F.,(4,4),(-0.0347745629695124,0.1),.UNSPECIFIED.);
#367=B_SPLINE_CURVE_WITH_KNOTS('',3,(#6977,#6978,#6979,#6980,#6981,#6982,
#6983,#6984,#6985,#6986,#6987,#6988,#6989,#6990),.UNSPECIFIED.,.F.,.F.,
(4,2,2,2,2,2,4),(-0.120265629239318,-0.119740941803074,-0.0654894373547908,
-0.033023498231596,-0.016615375877715,-0.00730484961047155,0.),
 .UNSPECIFIED.);
#368=B_SPLINE_CURVE_WITH_KNOTS('',3,(#7020,#7021,#7022,#7023),
 .UNSPECIFIED.,.F.,.F.,(4,4),(-1.11022302462516E-16,0.700000010430813),
 .UNSPECIFIED.);
#369=B_SPLINE_CURVE_WITH_KNOTS('',3,(#7025,#7026,#7027,#7028),
 .UNSPECIFIED.,.F.,.F.,(4,4),(-0.800000010430813,0.1),.UNSPECIFIED.);
#370=B_SPLINE_CURVE_WITH_KNOTS('',3,(#7029,#7030,#7031,#7032,#7033,#7034,
#7035,#7036,#7037,#7038,#7039,#7040,#7041,#7042),.UNSPECIFIED.,.F.,.F.,
(4,2,2,2,2,2,4),(-0.120274210149155,-0.119748083720186,-0.0655268755756147,
-0.0330305881386699,-0.0166165006438073,-0.00730497119528199,0.),
 .UNSPECIFIED.);
#371=B_SPLINE_CURVE_WITH_KNOTS('',3,(#7072,#7073,#7074,#7075),
 .UNSPECIFIED.,.F.,.F.,(4,4),(-0.141033707124843,1.38777878078145E-16),
 .UNSPECIFIED.);
#372=B_SPLINE_CURVE_WITH_KNOTS('',3,(#7077,#7078,#7079,#7080),
 .UNSPECIFIED.,.F.,.F.,(4,4),(-0.100000000000002,0.0347745678243252),
 .UNSPECIFIED.);
#373=B_SPLINE_CURVE_WITH_KNOTS('',3,(#7081,#7082,#7083,#7084,#7085,#7086,
#7087,#7088,#7089,#7090,#7091,#7092,#7093,#7094),.UNSPECIFIED.,.F.,.F.,
(4,2,2,2,2,2,4),(-0.12106802108039,-0.120537481243698,-0.0643422732429808,
-0.0322540046435362,-0.0161806437714219,-0.0071064472967469,0.),
 .UNSPECIFIED.);
#374=B_SPLINE_CURVE_WITH_KNOTS('',3,(#7131,#7132,#7133,#7134,#7135),
 .UNSPECIFIED.,.F.,.F.,(4,1,4),(0.899411330007501,1.19087860727524,1.57950164363221),
 .UNSPECIFIED.);
#375=B_SPLINE_CURVE_WITH_KNOTS('',3,(#7137,#7138,#7139,#7140,#7141),
 .UNSPECIFIED.,.F.,.F.,(4,1,4),(-1.56340154495493,-1.19087860727524,-0.915511123120898),
 .UNSPECIFIED.);
#376=B_SPLINE_CURVE_WITH_KNOTS('',3,(#7142,#7143,#7144,#7145,#7146,#7147,
#7148,#7149,#7150,#7151,#7152,#7153,#7154,#7155),.UNSPECIFIED.,.F.,.F.,
(4,2,2,2,2,2,4),(-0.000927815348063478,0.,0.0982749442779341,0.154391344372895,
0.182500656195145,0.198369734230567,0.21079758577399),.UNSPECIFIED.);
#377=B_SPLINE_CURVE_WITH_KNOTS('',3,(#7185,#7186,#7187,#7188),
 .UNSPECIFIED.,.F.,.F.,(4,4),(6.59194920871187E-16,0.141033733618117),
 .UNSPECIFIED.);
#378=B_SPLINE_CURVE_WITH_KNOTS('',3,(#7190,#7191,#7192,#7193),
 .UNSPECIFIED.,.F.,.F.,(4,4),(-0.0347745931335694,0.100000000000003),
 .UNSPECIFIED.);
#379=B_SPLINE_CURVE_WITH_KNOTS('',3,(#7194,#7195,#7196,#7197,#7198,#7199,
#7200,#7201,#7202,#7203,#7204,#7205,#7206,#7207),.UNSPECIFIED.,.F.,.F.,
(4,2,2,2,2,2,4),(-0.120274903021279,-0.119748659813839,-0.0655299101097671,
-0.0330311618813856,-0.0166165915838863,-0.00730498102220948,0.),
 .UNSPECIFIED.);
#380=B_SPLINE_CURVE_WITH_KNOTS('',3,(#7237,#7238,#7239,#7240),
 .UNSPECIFIED.,.F.,.F.,(4,4),(2.22044604925031E-16,0.700000010430814),
 .UNSPECIFIED.);
#381=B_SPLINE_CURVE_WITH_KNOTS('',3,(#7242,#7243,#7244,#7245),
 .UNSPECIFIED.,.F.,.F.,(4,4),(-0.800000010430813,0.100000000000001),
 .UNSPECIFIED.);
#382=B_SPLINE_CURVE_WITH_KNOTS('',3,(#7246,#7247,#7248,#7249,#7250,#7251,
#7252,#7253,#7254,#7255,#7256,#7257,#7258,#7259),.UNSPECIFIED.,.F.,.F.,
(4,2,2,2,2,2,4),(-0.12027550204586,-0.119749157806003,-0.0655325350329582,
-0.0330316580665287,-0.0166166702211789,-0.00730498951928943,0.),
 .UNSPECIFIED.);
#383=B_SPLINE_CURVE_WITH_KNOTS('',3,(#7289,#7290,#7291,#7292),
 .UNSPECIFIED.,.F.,.F.,(4,4),(-0.141033737626998,4.09394740330526E-16),
 .UNSPECIFIED.);
#384=B_SPLINE_CURVE_WITH_KNOTS('',3,(#7294,#7295,#7296,#7297),
 .UNSPECIFIED.,.F.,.F.,(4,4),(-0.1,0.0347745983714224),.UNSPECIFIED.);
#385=B_SPLINE_CURVE_WITH_KNOTS('',3,(#7298,#7299,#7300,#7301,#7302,#7303,
#7304,#7305,#7306,#7307,#7308,#7309,#7310,#7311),.UNSPECIFIED.,.F.,.F.,
(4,2,2,2,2,2,4),(-0.121068021071748,-0.120537481235104,-0.0643422732525475,
-0.0322540046498722,-0.0161806437749636,-0.0071064472983519,0.),
 .UNSPECIFIED.);
#386=B_SPLINE_CURVE_WITH_KNOTS('',3,(#7348,#7349,#7350,#7351,#7352),
 .UNSPECIFIED.,.F.,.F.,(4,1,4),(0.11401316367406,0.502636201948058,0.794103480653557),
 .UNSPECIFIED.);
#387=B_SPLINE_CURVE_WITH_KNOTS('',3,(#7354,#7355,#7356,#7357,#7358),
 .UNSPECIFIED.,.F.,.F.,(4,1,4),(-0.778003687726401,-0.502636201948058,-0.130113262483045),
 .UNSPECIFIED.);
#388=B_SPLINE_CURVE_WITH_KNOTS('',3,(#7359,#7360,#7361,#7362,#7363,#7364,
#7365,#7366,#7367,#7368,#7369,#7370,#7371,#7372),.UNSPECIFIED.,.F.,.F.,
(4,2,2,2,2,2,4),(-0.000927815346832535,0.,0.0982749439899797,0.154391344087916,
0.182500655925581,0.198369733974203,0.210797585529231),.UNSPECIFIED.);
#389=B_SPLINE_CURVE_WITH_KNOTS('',3,(#7402,#7403,#7404,#7405),
 .UNSPECIFIED.,.F.,.F.,(4,4),(4.37150315946155E-16,0.141033758076957),
 .UNSPECIFIED.);
#390=B_SPLINE_CURVE_WITH_KNOTS('',3,(#7407,#7408,#7409,#7410),
 .UNSPECIFIED.,.F.,.F.,(4,4),(-0.0347746179074949,0.0999999999999993),
 .UNSPECIFIED.);
#391=B_SPLINE_CURVE_WITH_KNOTS('',3,(#7411,#7412,#7413,#7414,#7415,#7416,
#7417,#7418,#7419,#7420,#7421,#7422,#7423,#7424),.UNSPECIFIED.,.F.,.F.,
(4,2,2,2,2,2,4),(-0.120265629238429,-0.11974094180207,-0.0654894373576596,
-0.0330234982322087,-0.0166153758777853,-0.00730484961047459,0.),
 .UNSPECIFIED.);
#392=B_SPLINE_CURVE_WITH_KNOTS('',3,(#7454,#7455,#7456,#7457),
 .UNSPECIFIED.,.F.,.F.,(4,4),(-0.800000010430813,5.55111512312578E-17),
 .UNSPECIFIED.);
#393=B_SPLINE_CURVE_WITH_KNOTS('',3,(#7458,#7459,#7460,#7461),
 .UNSPECIFIED.,.F.,.F.,(4,4),(-0.1,1.2490009027033E-16),.UNSPECIFIED.);
#394=B_SPLINE_CURVE_WITH_KNOTS('',3,(#7462,#7463,#7464,#7465),
 .UNSPECIFIED.,.F.,.F.,(4,4),(-1.11022302462516E-16,0.700000010430813),
 .UNSPECIFIED.);
#395=CYLINDRICAL_SURFACE('',#3100,1.);
#396=CYLINDRICAL_SURFACE('',#3103,1.);
#397=CYLINDRICAL_SURFACE('',#3106,1.);
#398=CYLINDRICAL_SURFACE('',#3109,1.);
#399=CYLINDRICAL_SURFACE('',#3141,1.15);
#400=CYLINDRICAL_SURFACE('',#3148,1.15);
#401=CYLINDRICAL_SURFACE('',#3154,1.15);
#402=CYLINDRICAL_SURFACE('',#3158,1.15);
#403=CYLINDRICAL_SURFACE('',#3165,1.6);
#404=CYLINDRICAL_SURFACE('',#3168,1.6);
#405=CYLINDRICAL_SURFACE('',#3172,1.6);
#406=CYLINDRICAL_SURFACE('',#3176,1.6);
#407=CYLINDRICAL_SURFACE('',#3188,3.49999999999999);
#408=CYLINDRICAL_SURFACE('',#3190,3.5);
#409=CYLINDRICAL_SURFACE('',#3192,3.5);
#410=CYLINDRICAL_SURFACE('',#3194,3.49999999999999);
#411=CYLINDRICAL_SURFACE('',#3195,1.4);
#412=CYLINDRICAL_SURFACE('',#3199,3.1);
#413=CYLINDRICAL_SURFACE('',#3207,3.1);
#414=CYLINDRICAL_SURFACE('',#3250,1.4);
#415=CYLINDRICAL_SURFACE('',#3254,3.1);
#416=CYLINDRICAL_SURFACE('',#3266,1.4);
#417=CYLINDRICAL_SURFACE('',#3268,3.1);
#418=CYLINDRICAL_SURFACE('',#3273,1.4);
#419=CYLINDRICAL_SURFACE('',#3275,3.1);
#420=CYLINDRICAL_SURFACE('',#3277,3.1);
#421=CYLINDRICAL_SURFACE('',#3279,1.4);
#422=CYLINDRICAL_SURFACE('',#3284,1.4);
#423=CYLINDRICAL_SURFACE('',#3287,3.1);
#424=CYLINDRICAL_SURFACE('',#3292,3.1);
#425=CYLINDRICAL_SURFACE('',#3305,1.45);
#426=CYLINDRICAL_SURFACE('',#3307,1.45);
#427=CYLINDRICAL_SURFACE('',#3313,18.9999995753169);
#428=CYLINDRICAL_SURFACE('',#3319,1.5);
#429=CYLINDRICAL_SURFACE('',#3325,1.5);
#430=CYLINDRICAL_SURFACE('',#3326,1.5);
#431=CYLINDRICAL_SURFACE('',#3333,1.45);
#432=CYLINDRICAL_SURFACE('',#3335,1.45);
#433=CYLINDRICAL_SURFACE('',#3338,66.5025038707524);
#434=CYLINDRICAL_SURFACE('',#3341,66.502504891907);
#435=CYLINDRICAL_SURFACE('',#3346,66.502504891907);
#436=CYLINDRICAL_SURFACE('',#3349,66.5025034568885);
#437=CYLINDRICAL_SURFACE('',#3354,66.5025034568885);
#438=CYLINDRICAL_SURFACE('',#3359,66.5025034568885);
#439=CYLINDRICAL_SURFACE('',#3364,66.5025038707524);
#440=CYLINDRICAL_SURFACE('',#3369,66.5025038707524);
#441=CYLINDRICAL_SURFACE('',#3374,66.5025038707524);
#442=CYLINDRICAL_SURFACE('',#3379,66.5025038707524);
#443=FACE_OUTER_BOUND('',#631,.T.);
#444=FACE_OUTER_BOUND('',#632,.T.);
#445=FACE_OUTER_BOUND('',#633,.T.);
#446=FACE_OUTER_BOUND('',#634,.T.);
#447=FACE_OUTER_BOUND('',#635,.T.);
#448=FACE_OUTER_BOUND('',#636,.T.);
#449=FACE_OUTER_BOUND('',#637,.T.);
#450=FACE_OUTER_BOUND('',#638,.T.);
#451=FACE_OUTER_BOUND('',#639,.T.);
#452=FACE_OUTER_BOUND('',#640,.T.);
#453=FACE_OUTER_BOUND('',#641,.T.);
#454=FACE_OUTER_BOUND('',#647,.T.);
#455=FACE_OUTER_BOUND('',#648,.T.);
#456=FACE_OUTER_BOUND('',#649,.T.);
#457=FACE_OUTER_BOUND('',#650,.T.);
#458=FACE_OUTER_BOUND('',#651,.T.);
#459=FACE_OUTER_BOUND('',#652,.T.);
#460=FACE_OUTER_BOUND('',#654,.T.);
#461=FACE_OUTER_BOUND('',#655,.T.);
#462=FACE_OUTER_BOUND('',#656,.T.);
#463=FACE_OUTER_BOUND('',#658,.T.);
#464=FACE_OUTER_BOUND('',#659,.T.);
#465=FACE_OUTER_BOUND('',#660,.T.);
#466=FACE_OUTER_BOUND('',#662,.T.);
#467=FACE_OUTER_BOUND('',#663,.T.);
#468=FACE_OUTER_BOUND('',#664,.T.);
#469=FACE_OUTER_BOUND('',#666,.T.);
#470=FACE_OUTER_BOUND('',#667,.T.);
#471=FACE_OUTER_BOUND('',#668,.T.);
#472=FACE_OUTER_BOUND('',#669,.T.);
#473=FACE_OUTER_BOUND('',#670,.T.);
#474=FACE_OUTER_BOUND('',#671,.T.);
#475=FACE_OUTER_BOUND('',#672,.T.);
#476=FACE_OUTER_BOUND('',#673,.T.);
#477=FACE_OUTER_BOUND('',#674,.T.);
#478=FACE_OUTER_BOUND('',#675,.T.);
#479=FACE_OUTER_BOUND('',#676,.T.);
#480=FACE_OUTER_BOUND('',#677,.T.);
#481=FACE_OUTER_BOUND('',#678,.T.);
#482=FACE_OUTER_BOUND('',#679,.T.);
#483=FACE_OUTER_BOUND('',#680,.T.);
#484=FACE_OUTER_BOUND('',#681,.T.);
#485=FACE_OUTER_BOUND('',#682,.T.);
#486=FACE_OUTER_BOUND('',#683,.T.);
#487=FACE_OUTER_BOUND('',#684,.T.);
#488=FACE_OUTER_BOUND('',#685,.T.);
#489=FACE_OUTER_BOUND('',#686,.T.);
#490=FACE_OUTER_BOUND('',#687,.T.);
#491=FACE_OUTER_BOUND('',#688,.T.);
#492=FACE_OUTER_BOUND('',#689,.T.);
#493=FACE_OUTER_BOUND('',#690,.T.);
#494=FACE_OUTER_BOUND('',#692,.T.);
#495=FACE_OUTER_BOUND('',#695,.T.);
#496=FACE_OUTER_BOUND('',#696,.T.);
#497=FACE_OUTER_BOUND('',#697,.T.);
#498=FACE_OUTER_BOUND('',#698,.T.);
#499=FACE_OUTER_BOUND('',#699,.T.);
#500=FACE_OUTER_BOUND('',#700,.T.);
#501=FACE_OUTER_BOUND('',#702,.T.);
#502=FACE_OUTER_BOUND('',#703,.T.);
#503=FACE_OUTER_BOUND('',#704,.T.);
#504=FACE_OUTER_BOUND('',#705,.T.);
#505=FACE_OUTER_BOUND('',#707,.T.);
#506=FACE_OUTER_BOUND('',#708,.T.);
#507=FACE_OUTER_BOUND('',#709,.T.);
#508=FACE_OUTER_BOUND('',#710,.T.);
#509=FACE_OUTER_BOUND('',#711,.T.);
#510=FACE_OUTER_BOUND('',#712,.T.);
#511=FACE_OUTER_BOUND('',#713,.T.);
#512=FACE_OUTER_BOUND('',#715,.T.);
#513=FACE_OUTER_BOUND('',#716,.T.);
#514=FACE_OUTER_BOUND('',#717,.T.);
#515=FACE_OUTER_BOUND('',#718,.T.);
#516=FACE_OUTER_BOUND('',#719,.T.);
#517=FACE_OUTER_BOUND('',#720,.T.);
#518=FACE_OUTER_BOUND('',#721,.T.);
#519=FACE_OUTER_BOUND('',#723,.T.);
#520=FACE_OUTER_BOUND('',#724,.T.);
#521=FACE_OUTER_BOUND('',#725,.T.);
#522=FACE_OUTER_BOUND('',#726,.T.);
#523=FACE_OUTER_BOUND('',#727,.T.);
#524=FACE_OUTER_BOUND('',#728,.T.);
#525=FACE_OUTER_BOUND('',#729,.T.);
#526=FACE_OUTER_BOUND('',#730,.T.);
#527=FACE_OUTER_BOUND('',#732,.T.);
#528=FACE_OUTER_BOUND('',#733,.T.);
#529=FACE_OUTER_BOUND('',#734,.T.);
#530=FACE_OUTER_BOUND('',#735,.T.);
#531=FACE_OUTER_BOUND('',#736,.T.);
#532=FACE_OUTER_BOUND('',#737,.T.);
#533=FACE_OUTER_BOUND('',#738,.T.);
#534=FACE_OUTER_BOUND('',#739,.T.);
#535=FACE_OUTER_BOUND('',#740,.T.);
#536=FACE_OUTER_BOUND('',#741,.T.);
#537=FACE_OUTER_BOUND('',#742,.T.);
#538=FACE_OUTER_BOUND('',#743,.T.);
#539=FACE_OUTER_BOUND('',#744,.T.);
#540=FACE_OUTER_BOUND('',#746,.T.);
#541=FACE_OUTER_BOUND('',#747,.T.);
#542=FACE_OUTER_BOUND('',#748,.T.);
#543=FACE_OUTER_BOUND('',#749,.T.);
#544=FACE_OUTER_BOUND('',#750,.T.);
#545=FACE_OUTER_BOUND('',#752,.T.);
#546=FACE_OUTER_BOUND('',#753,.T.);
#547=FACE_OUTER_BOUND('',#754,.T.);
#548=FACE_OUTER_BOUND('',#755,.T.);
#549=FACE_OUTER_BOUND('',#756,.T.);
#550=FACE_OUTER_BOUND('',#757,.T.);
#551=FACE_OUTER_BOUND('',#758,.T.);
#552=FACE_OUTER_BOUND('',#759,.T.);
#553=FACE_OUTER_BOUND('',#760,.T.);
#554=FACE_OUTER_BOUND('',#761,.T.);
#555=FACE_OUTER_BOUND('',#762,.T.);
#556=FACE_OUTER_BOUND('',#763,.T.);
#557=FACE_OUTER_BOUND('',#765,.T.);
#558=FACE_OUTER_BOUND('',#766,.T.);
#559=FACE_OUTER_BOUND('',#767,.T.);
#560=FACE_OUTER_BOUND('',#768,.T.);
#561=FACE_OUTER_BOUND('',#769,.T.);
#562=FACE_OUTER_BOUND('',#770,.T.);
#563=FACE_OUTER_BOUND('',#771,.T.);
#564=FACE_OUTER_BOUND('',#772,.T.);
#565=FACE_OUTER_BOUND('',#773,.T.);
#566=FACE_OUTER_BOUND('',#774,.T.);
#567=FACE_OUTER_BOUND('',#775,.T.);
#568=FACE_OUTER_BOUND('',#776,.T.);
#569=FACE_OUTER_BOUND('',#777,.T.);
#570=FACE_OUTER_BOUND('',#778,.T.);
#571=FACE_OUTER_BOUND('',#779,.T.);
#572=FACE_OUTER_BOUND('',#780,.T.);
#573=FACE_OUTER_BOUND('',#781,.T.);
#574=FACE_OUTER_BOUND('',#782,.T.);
#575=FACE_OUTER_BOUND('',#783,.T.);
#576=FACE_OUTER_BOUND('',#784,.T.);
#577=FACE_OUTER_BOUND('',#785,.T.);
#578=FACE_OUTER_BOUND('',#786,.T.);
#579=FACE_OUTER_BOUND('',#787,.T.);
#580=FACE_OUTER_BOUND('',#788,.T.);
#581=FACE_OUTER_BOUND('',#789,.T.);
#582=FACE_OUTER_BOUND('',#790,.T.);
#583=FACE_OUTER_BOUND('',#791,.T.);
#584=FACE_OUTER_BOUND('',#792,.T.);
#585=FACE_OUTER_BOUND('',#793,.T.);
#586=FACE_OUTER_BOUND('',#794,.T.);
#587=FACE_OUTER_BOUND('',#795,.T.);
#588=FACE_OUTER_BOUND('',#796,.T.);
#589=FACE_OUTER_BOUND('',#797,.T.);
#590=FACE_OUTER_BOUND('',#798,.T.);
#591=FACE_OUTER_BOUND('',#799,.T.);
#592=FACE_OUTER_BOUND('',#800,.T.);
#593=FACE_OUTER_BOUND('',#801,.T.);
#594=FACE_OUTER_BOUND('',#802,.T.);
#595=FACE_OUTER_BOUND('',#803,.T.);
#596=FACE_OUTER_BOUND('',#804,.T.);
#597=FACE_OUTER_BOUND('',#805,.T.);
#598=FACE_OUTER_BOUND('',#806,.T.);
#599=FACE_OUTER_BOUND('',#807,.T.);
#600=FACE_OUTER_BOUND('',#808,.T.);
#601=FACE_OUTER_BOUND('',#809,.T.);
#602=FACE_OUTER_BOUND('',#810,.T.);
#603=FACE_OUTER_BOUND('',#811,.T.);
#604=FACE_OUTER_BOUND('',#812,.T.);
#605=FACE_OUTER_BOUND('',#813,.T.);
#606=FACE_OUTER_BOUND('',#814,.T.);
#607=FACE_OUTER_BOUND('',#815,.T.);
#608=FACE_OUTER_BOUND('',#816,.T.);
#609=FACE_OUTER_BOUND('',#817,.T.);
#610=FACE_OUTER_BOUND('',#818,.T.);
#611=FACE_OUTER_BOUND('',#819,.T.);
#612=FACE_OUTER_BOUND('',#820,.T.);
#613=FACE_OUTER_BOUND('',#821,.T.);
#614=FACE_OUTER_BOUND('',#822,.T.);
#615=FACE_OUTER_BOUND('',#823,.T.);
#616=FACE_OUTER_BOUND('',#824,.T.);
#617=FACE_OUTER_BOUND('',#825,.T.);
#618=FACE_OUTER_BOUND('',#826,.T.);
#619=FACE_OUTER_BOUND('',#827,.T.);
#620=FACE_OUTER_BOUND('',#828,.T.);
#621=FACE_OUTER_BOUND('',#829,.T.);
#622=FACE_OUTER_BOUND('',#830,.T.);
#623=FACE_OUTER_BOUND('',#831,.T.);
#624=FACE_OUTER_BOUND('',#832,.T.);
#625=FACE_OUTER_BOUND('',#833,.T.);
#626=FACE_OUTER_BOUND('',#834,.T.);
#627=FACE_OUTER_BOUND('',#835,.T.);
#628=FACE_OUTER_BOUND('',#836,.T.);
#629=FACE_OUTER_BOUND('',#837,.T.);
#630=FACE_OUTER_BOUND('',#839,.T.);
#631=EDGE_LOOP('',(#1892,#1893,#1894,#1895));
#632=EDGE_LOOP('',(#1896,#1897,#1898,#1899));
#633=EDGE_LOOP('',(#1900,#1901,#1902,#1903));
#634=EDGE_LOOP('',(#1904,#1905,#1906,#1907));
#635=EDGE_LOOP('',(#1908,#1909,#1910,#1911));
#636=EDGE_LOOP('',(#1912,#1913,#1914,#1915));
#637=EDGE_LOOP('',(#1916,#1917,#1918,#1919));
#638=EDGE_LOOP('',(#1920,#1921,#1922,#1923));
#639=EDGE_LOOP('',(#1924,#1925,#1926,#1927,#1928,#1929,#1930,#1931));
#640=EDGE_LOOP('',(#1932));
#641=EDGE_LOOP('',(#1933,#1934,#1935,#1936,#1937,#1938,#1939,#1940,#1941,
#1942,#1943,#1944,#1945,#1946));
#642=EDGE_LOOP('',(#1947,#1948,#1949,#1950,#1951,#1952));
#643=EDGE_LOOP('',(#1953,#1954,#1955,#1956,#1957,#1958));
#644=EDGE_LOOP('',(#1959,#1960,#1961,#1962,#1963,#1964));
#645=EDGE_LOOP('',(#1965,#1966,#1967,#1968,#1969,#1970));
#646=EDGE_LOOP('',(#1971,#1972));
#647=EDGE_LOOP('',(#1973));
#648=EDGE_LOOP('',(#1974));
#649=EDGE_LOOP('',(#1975));
#650=EDGE_LOOP('',(#1976,#1977));
#651=EDGE_LOOP('',(#1978,#1979,#1980,#1981));
#652=EDGE_LOOP('',(#1982));
#653=EDGE_LOOP('',(#1983));
#654=EDGE_LOOP('',(#1984,#1985,#1986));
#655=EDGE_LOOP('',(#1987,#1988,#1989,#1990));
#656=EDGE_LOOP('',(#1991));
#657=EDGE_LOOP('',(#1992));
#658=EDGE_LOOP('',(#1993,#1994));
#659=EDGE_LOOP('',(#1995,#1996,#1997,#1998));
#660=EDGE_LOOP('',(#1999));
#661=EDGE_LOOP('',(#2000));
#662=EDGE_LOOP('',(#2001,#2002,#2003,#2004));
#663=EDGE_LOOP('',(#2005,#2006,#2007));
#664=EDGE_LOOP('',(#2008));
#665=EDGE_LOOP('',(#2009));
#666=EDGE_LOOP('',(#2010,#2011,#2012,#2013,#2014,#2015));
#667=EDGE_LOOP('',(#2016,#2017,#2018,#2019,#2020,#2021));
#668=EDGE_LOOP('',(#2022,#2023,#2024));
#669=EDGE_LOOP('',(#2025,#2026,#2027,#2028,#2029,#2030));
#670=EDGE_LOOP('',(#2031,#2032,#2033));
#671=EDGE_LOOP('',(#2034,#2035,#2036));
#672=EDGE_LOOP('',(#2037,#2038,#2039,#2040,#2041,#2042));
#673=EDGE_LOOP('',(#2043,#2044,#2045,#2046,#2047,#2048));
#674=EDGE_LOOP('',(#2049,#2050,#2051,#2052,#2053,#2054));
#675=EDGE_LOOP('',(#2055,#2056,#2057,#2058,#2059,#2060,#2061));
#676=EDGE_LOOP('',(#2062,#2063,#2064,#2065,#2066,#2067,#2068));
#677=EDGE_LOOP('',(#2069,#2070,#2071));
#678=EDGE_LOOP('',(#2072,#2073,#2074));
#679=EDGE_LOOP('',(#2075,#2076,#2077,#2078));
#680=EDGE_LOOP('',(#2079,#2080,#2081));
#681=EDGE_LOOP('',(#2082,#2083,#2084,#2085));
#682=EDGE_LOOP('',(#2086,#2087,#2088));
#683=EDGE_LOOP('',(#2089,#2090,#2091,#2092));
#684=EDGE_LOOP('',(#2093,#2094,#2095));
#685=EDGE_LOOP('',(#2096,#2097,#2098,#2099));
#686=EDGE_LOOP('',(#2100,#2101,#2102,#2103,#2104,#2105));
#687=EDGE_LOOP('',(#2106,#2107,#2108,#2109,#2110,#2111,#2112,#2113));
#688=EDGE_LOOP('',(#2114,#2115,#2116,#2117));
#689=EDGE_LOOP('',(#2118,#2119));
#690=EDGE_LOOP('',(#2120));
#691=EDGE_LOOP('',(#2121));
#692=EDGE_LOOP('',(#2122,#2123,#2124,#2125,#2126,#2127,#2128,#2129,#2130,
#2131,#2132,#2133,#2134,#2135,#2136,#2137));
#693=EDGE_LOOP('',(#2138,#2139,#2140,#2141,#2142,#2143,#2144,#2145));
#694=EDGE_LOOP('',(#2146,#2147,#2148,#2149,#2150,#2151,#2152,#2153,#2154));
#695=EDGE_LOOP('',(#2155,#2156,#2157,#2158,#2159,#2160,#2161,#2162,#2163,
#2164,#2165,#2166,#2167,#2168,#2169,#2170,#2171,#2172,#2173,#2174,#2175,
#2176,#2177,#2178));
#696=EDGE_LOOP('',(#2179,#2180,#2181,#2182,#2183,#2184,#2185,#2186));
#697=EDGE_LOOP('',(#2187,#2188,#2189,#2190));
#698=EDGE_LOOP('',(#2191,#2192,#2193,#2194,#2195,#2196,#2197));
#699=EDGE_LOOP('',(#2198,#2199,#2200));
#700=EDGE_LOOP('',(#2201,#2202,#2203,#2204,#2205,#2206,#2207,#2208,#2209,
#2210,#2211,#2212,#2213,#2214,#2215,#2216,#2217,#2218,#2219,#2220));
#701=EDGE_LOOP('',(#2221,#2222,#2223,#2224));
#702=EDGE_LOOP('',(#2225,#2226,#2227,#2228,#2229,#2230,#2231,#2232));
#703=EDGE_LOOP('',(#2233,#2234,#2235,#2236,#2237,#2238,#2239,#2240));
#704=EDGE_LOOP('',(#2241,#2242));
#705=EDGE_LOOP('',(#2243));
#706=EDGE_LOOP('',(#2244));
#707=EDGE_LOOP('',(#2245,#2246));
#708=EDGE_LOOP('',(#2247,#2248));
#709=EDGE_LOOP('',(#2249,#2250,#2251));
#710=EDGE_LOOP('',(#2252,#2253,#2254,#2255,#2256,#2257,#2258));
#711=EDGE_LOOP('',(#2259,#2260,#2261,#2262,#2263));
#712=EDGE_LOOP('',(#2264,#2265,#2266,#2267,#2268));
#713=EDGE_LOOP('',(#2269));
#714=EDGE_LOOP('',(#2270));
#715=EDGE_LOOP('',(#2271,#2272));
#716=EDGE_LOOP('',(#2273,#2274,#2275,#2276,#2277));
#717=EDGE_LOOP('',(#2278,#2279,#2280,#2281,#2282,#2283));
#718=EDGE_LOOP('',(#2284,#2285));
#719=EDGE_LOOP('',(#2286,#2287,#2288,#2289));
#720=EDGE_LOOP('',(#2290,#2291));
#721=EDGE_LOOP('',(#2292));
#722=EDGE_LOOP('',(#2293));
#723=EDGE_LOOP('',(#2294,#2295));
#724=EDGE_LOOP('',(#2296,#2297,#2298,#2299));
#725=EDGE_LOOP('',(#2300,#2301));
#726=EDGE_LOOP('',(#2302,#2303,#2304,#2305,#2306,#2307));
#727=EDGE_LOOP('',(#2308,#2309,#2310,#2311,#2312,#2313,#2314,#2315));
#728=EDGE_LOOP('',(#2316,#2317,#2318,#2319));
#729=EDGE_LOOP('',(#2320,#2321));
#730=EDGE_LOOP('',(#2322));
#731=EDGE_LOOP('',(#2323));
#732=EDGE_LOOP('',(#2324,#2325,#2326,#2327,#2328,#2329));
#733=EDGE_LOOP('',(#2330,#2331));
#734=EDGE_LOOP('',(#2332,#2333,#2334));
#735=EDGE_LOOP('',(#2335,#2336));
#736=EDGE_LOOP('',(#2337,#2338,#2339,#2340,#2341));
#737=EDGE_LOOP('',(#2342,#2343,#2344,#2345));
#738=EDGE_LOOP('',(#2346,#2347,#2348,#2349));
#739=EDGE_LOOP('',(#2350,#2351,#2352,#2353,#2354));
#740=EDGE_LOOP('',(#2355,#2356,#2357,#2358,#2359));
#741=EDGE_LOOP('',(#2360,#2361,#2362,#2363,#2364,#2365));
#742=EDGE_LOOP('',(#2366,#2367,#2368,#2369,#2370));
#743=EDGE_LOOP('',(#2371,#2372,#2373,#2374,#2375));
#744=EDGE_LOOP('',(#2376));
#745=EDGE_LOOP('',(#2377));
#746=EDGE_LOOP('',(#2378,#2379,#2380,#2381));
#747=EDGE_LOOP('',(#2382,#2383,#2384,#2385));
#748=EDGE_LOOP('',(#2386,#2387));
#749=EDGE_LOOP('',(#2388,#2389,#2390,#2391));
#750=EDGE_LOOP('',(#2392,#2393,#2394));
#751=EDGE_LOOP('',(#2395,#2396,#2397));
#752=EDGE_LOOP('',(#2398,#2399,#2400,#2401));
#753=EDGE_LOOP('',(#2402,#2403,#2404,#2405,#2406,#2407,#2408));
#754=EDGE_LOOP('',(#2409,#2410,#2411));
#755=EDGE_LOOP('',(#2412,#2413,#2414,#2415,#2416));
#756=EDGE_LOOP('',(#2417,#2418,#2419));
#757=EDGE_LOOP('',(#2420,#2421,#2422,#2423,#2424));
#758=EDGE_LOOP('',(#2425,#2426,#2427));
#759=EDGE_LOOP('',(#2428,#2429,#2430,#2431));
#760=EDGE_LOOP('',(#2432,#2433,#2434,#2435,#2436,#2437));
#761=EDGE_LOOP('',(#2438,#2439,#2440,#2441,#2442));
#762=EDGE_LOOP('',(#2443,#2444,#2445,#2446,#2447));
#763=EDGE_LOOP('',(#2448));
#764=EDGE_LOOP('',(#2449));
#765=EDGE_LOOP('',(#2450,#2451,#2452,#2453,#2454));
#766=EDGE_LOOP('',(#2455,#2456,#2457,#2458));
#767=EDGE_LOOP('',(#2459,#2460,#2461));
#768=EDGE_LOOP('',(#2462,#2463,#2464,#2465,#2466));
#769=EDGE_LOOP('',(#2467,#2468,#2469,#2470));
#770=EDGE_LOOP('',(#2471,#2472,#2473,#2474));
#771=EDGE_LOOP('',(#2475,#2476,#2477,#2478));
#772=EDGE_LOOP('',(#2479,#2480,#2481,#2482));
#773=EDGE_LOOP('',(#2483,#2484,#2485,#2486));
#774=EDGE_LOOP('',(#2487,#2488,#2489,#2490));
#775=EDGE_LOOP('',(#2491,#2492,#2493,#2494));
#776=EDGE_LOOP('',(#2495,#2496,#2497,#2498));
#777=EDGE_LOOP('',(#2499,#2500,#2501,#2502));
#778=EDGE_LOOP('',(#2503,#2504,#2505,#2506));
#779=EDGE_LOOP('',(#2507,#2508,#2509,#2510));
#780=EDGE_LOOP('',(#2511,#2512,#2513,#2514));
#781=EDGE_LOOP('',(#2515,#2516,#2517,#2518));
#782=EDGE_LOOP('',(#2519,#2520,#2521,#2522));
#783=EDGE_LOOP('',(#2523,#2524,#2525,#2526));
#784=EDGE_LOOP('',(#2527,#2528,#2529,#2530));
#785=EDGE_LOOP('',(#2531,#2532,#2533,#2534));
#786=EDGE_LOOP('',(#2535,#2536,#2537,#2538));
#787=EDGE_LOOP('',(#2539,#2540,#2541,#2542));
#788=EDGE_LOOP('',(#2543,#2544,#2545,#2546));
#789=EDGE_LOOP('',(#2547,#2548,#2549,#2550));
#790=EDGE_LOOP('',(#2551,#2552,#2553,#2554));
#791=EDGE_LOOP('',(#2555,#2556,#2557,#2558));
#792=EDGE_LOOP('',(#2559,#2560,#2561,#2562));
#793=EDGE_LOOP('',(#2563,#2564,#2565,#2566));
#794=EDGE_LOOP('',(#2567,#2568,#2569,#2570));
#795=EDGE_LOOP('',(#2571,#2572,#2573,#2574));
#796=EDGE_LOOP('',(#2575,#2576,#2577,#2578));
#797=EDGE_LOOP('',(#2579,#2580,#2581,#2582));
#798=EDGE_LOOP('',(#2583,#2584,#2585,#2586));
#799=EDGE_LOOP('',(#2587,#2588,#2589,#2590));
#800=EDGE_LOOP('',(#2591,#2592,#2593,#2594));
#801=EDGE_LOOP('',(#2595,#2596,#2597,#2598,#2599));
#802=EDGE_LOOP('',(#2600,#2601,#2602,#2603));
#803=EDGE_LOOP('',(#2604,#2605,#2606,#2607));
#804=EDGE_LOOP('',(#2608,#2609,#2610,#2611));
#805=EDGE_LOOP('',(#2612,#2613,#2614,#2615));
#806=EDGE_LOOP('',(#2616,#2617,#2618,#2619));
#807=EDGE_LOOP('',(#2620,#2621,#2622,#2623));
#808=EDGE_LOOP('',(#2624,#2625,#2626,#2627));
#809=EDGE_LOOP('',(#2628,#2629,#2630,#2631));
#810=EDGE_LOOP('',(#2632,#2633,#2634,#2635));
#811=EDGE_LOOP('',(#2636,#2637,#2638,#2639));
#812=EDGE_LOOP('',(#2640,#2641,#2642,#2643));
#813=EDGE_LOOP('',(#2644,#2645,#2646,#2647));
#814=EDGE_LOOP('',(#2648,#2649,#2650,#2651));
#815=EDGE_LOOP('',(#2652,#2653,#2654,#2655));
#816=EDGE_LOOP('',(#2656,#2657,#2658,#2659));
#817=EDGE_LOOP('',(#2660,#2661,#2662,#2663));
#818=EDGE_LOOP('',(#2664,#2665,#2666,#2667));
#819=EDGE_LOOP('',(#2668,#2669,#2670,#2671));
#820=EDGE_LOOP('',(#2672,#2673,#2674,#2675));
#821=EDGE_LOOP('',(#2676,#2677,#2678,#2679));
#822=EDGE_LOOP('',(#2680,#2681,#2682,#2683));
#823=EDGE_LOOP('',(#2684,#2685,#2686,#2687));
#824=EDGE_LOOP('',(#2688,#2689,#2690,#2691));
#825=EDGE_LOOP('',(#2692,#2693,#2694,#2695));
#826=EDGE_LOOP('',(#2696,#2697,#2698,#2699));
#827=EDGE_LOOP('',(#2700,#2701,#2702,#2703));
#828=EDGE_LOOP('',(#2704,#2705,#2706,#2707));
#829=EDGE_LOOP('',(#2708,#2709,#2710,#2711));
#830=EDGE_LOOP('',(#2712,#2713,#2714,#2715));
#831=EDGE_LOOP('',(#2716,#2717,#2718,#2719));
#832=EDGE_LOOP('',(#2720,#2721,#2722,#2723));
#833=EDGE_LOOP('',(#2724,#2725,#2726,#2727));
#834=EDGE_LOOP('',(#2728,#2729,#2730,#2731));
#835=EDGE_LOOP('',(#2732,#2733,#2734,#2735));
#836=EDGE_LOOP('',(#2736,#2737,#2738,#2739));
#837=EDGE_LOOP('',(#2740,#2741,#2742,#2743,#2744,#2745,#2746,#2747,#2748,
#2749,#2750,#2751,#2752,#2753,#2754,#2755,#2756,#2757,#2758,#2759,#2760,
#2761,#2762,#2763,#2764,#2765,#2766,#2767,#2768,#2769,#2770,#2771,#2772,
#2773,#2774,#2775));
#838=EDGE_LOOP('',(#2776));
#839=EDGE_LOOP('',(#2777,#2778,#2779,#2780,#2781,#2782,#2783,#2784,#2785,
#2786,#2787,#2788,#2789,#2790,#2791,#2792,#2793,#2794,#2795,#2796,#2797,
#2798,#2799,#2800,#2801,#2802,#2803,#2804,#2805,#2806,#2807,#2808,#2809,
#2810,#2811,#2812));
#840=EDGE_LOOP('',(#2813));
#841=LINE('',#4106,#980);
#842=LINE('',#4108,#981);
#843=LINE('',#4109,#982);
#844=LINE('',#4125,#983);
#845=LINE('',#4133,#984);
#846=LINE('',#4134,#985);
#847=LINE('',#4150,#986);
#848=LINE('',#4158,#987);
#849=LINE('',#4159,#988);
#850=LINE('',#4175,#989);
#851=LINE('',#4183,#990);
#852=LINE('',#4184,#991);
#853=LINE('',#4207,#992);
#854=LINE('',#4430,#993);
#855=LINE('',#4441,#994);
#856=LINE('',#4450,#995);
#857=LINE('',#4457,#996);
#858=LINE('',#4468,#997);
#859=LINE('',#4473,#998);
#860=LINE('',#4477,#999);
#861=LINE('',#4478,#1000);
#862=LINE('',#4481,#1001);
#863=LINE('',#4484,#1002);
#864=LINE('',#4485,#1003);
#865=LINE('',#4488,#1004);
#866=LINE('',#4489,#1005);
#867=LINE('',#4492,#1006);
#868=LINE('',#4496,#1007);
#869=LINE('',#4499,#1008);
#870=LINE('',#4503,#1009);
#871=LINE('',#4507,#1010);
#872=LINE('',#4510,#1011);
#873=LINE('',#4512,#1012);
#874=LINE('',#4514,#1013);
#875=LINE('',#4516,#1014);
#876=LINE('',#4519,#1015);
#877=LINE('',#4522,#1016);
#878=LINE('',#4554,#1017);
#879=LINE('',#4586,#1018);
#880=LINE('',#4637,#1019);
#881=LINE('',#4808,#1020);
#882=LINE('',#4818,#1021);
#883=LINE('',#4841,#1022);
#884=LINE('',#4883,#1023);
#885=LINE('',#4915,#1024);
#886=LINE('',#4977,#1025);
#887=LINE('',#5020,#1026);
#888=LINE('',#5038,#1027);
#889=LINE('',#5050,#1028);
#890=LINE('',#5094,#1029);
#891=LINE('',#5098,#1030);
#892=LINE('',#5145,#1031);
#893=LINE('',#5149,#1032);
#894=LINE('',#5268,#1033);
#895=LINE('',#5274,#1034);
#896=LINE('',#5315,#1035);
#897=LINE('',#5322,#1036);
#898=LINE('',#5326,#1037);
#899=LINE('',#5327,#1038);
#900=LINE('',#5330,#1039);
#901=LINE('',#5333,#1040);
#902=LINE('',#5334,#1041);
#903=LINE('',#5336,#1042);
#904=LINE('',#5338,#1043);
#905=LINE('',#5340,#1044);
#906=LINE('',#5352,#1045);
#907=LINE('',#5495,#1046);
#908=LINE('',#5499,#1047);
#909=LINE('',#5502,#1048);
#910=LINE('',#5509,#1049);
#911=LINE('',#5510,#1050);
#912=LINE('',#5512,#1051);
#913=LINE('',#5513,#1052);
#914=LINE('',#5516,#1053);
#915=LINE('',#5521,#1054);
#916=LINE('',#5523,#1055);
#917=LINE('',#5525,#1056);
#918=LINE('',#5603,#1057);
#919=LINE('',#5605,#1058);
#920=LINE('',#5606,#1059);
#921=LINE('',#7468,#1060);
#922=LINE('',#7472,#1061);
#923=LINE('',#7473,#1062);
#924=LINE('',#7476,#1063);
#925=LINE('',#7480,#1064);
#926=LINE('',#7481,#1065);
#927=LINE('',#7484,#1066);
#928=LINE('',#7485,#1067);
#929=LINE('',#7488,#1068);
#930=LINE('',#7489,#1069);
#931=LINE('',#7492,#1070);
#932=LINE('',#7496,#1071);
#933=LINE('',#7497,#1072);
#934=LINE('',#7500,#1073);
#935=LINE('',#7504,#1074);
#936=LINE('',#7505,#1075);
#937=LINE('',#7508,#1076);
#938=LINE('',#7509,#1077);
#939=LINE('',#7512,#1078);
#940=LINE('',#7513,#1079);
#941=LINE('',#7516,#1080);
#942=LINE('',#7520,#1081);
#943=LINE('',#7521,#1082);
#944=LINE('',#7524,#1083);
#945=LINE('',#7525,#1084);
#946=LINE('',#7528,#1085);
#947=LINE('',#7529,#1086);
#948=LINE('',#7532,#1087);
#949=LINE('',#7536,#1088);
#950=LINE('',#7537,#1089);
#951=LINE('',#7540,#1090);
#952=LINE('',#7541,#1091);
#953=LINE('',#7544,#1092);
#954=LINE('',#7545,#1093);
#955=LINE('',#7548,#1094);
#956=LINE('',#7552,#1095);
#957=LINE('',#7553,#1096);
#958=LINE('',#7556,#1097);
#959=LINE('',#7557,#1098);
#960=LINE('',#7560,#1099);
#961=LINE('',#7561,#1100);
#962=LINE('',#7564,#1101);
#963=LINE('',#7568,#1102);
#964=LINE('',#7569,#1103);
#965=LINE('',#7572,#1104);
#966=LINE('',#7573,#1105);
#967=LINE('',#7576,#1106);
#968=LINE('',#7577,#1107);
#969=LINE('',#7580,#1108);
#970=LINE('',#7584,#1109);
#971=LINE('',#7585,#1110);
#972=LINE('',#7588,#1111);
#973=LINE('',#7589,#1112);
#974=LINE('',#7592,#1113);
#975=LINE('',#7593,#1114);
#976=LINE('',#7596,#1115);
#977=LINE('',#7600,#1116);
#978=LINE('',#7601,#1117);
#979=LINE('',#7603,#1118);
#980=VECTOR('',#3389,10.);
#981=VECTOR('',#3390,10.);
#982=VECTOR('',#3391,10.);
#983=VECTOR('',#3394,10.);
#984=VECTOR('',#3399,10.);
#985=VECTOR('',#3400,10.);
#986=VECTOR('',#3403,10.);
#987=VECTOR('',#3408,10.);
#988=VECTOR('',#3409,10.);
#989=VECTOR('',#3412,10.);
#990=VECTOR('',#3417,10.);
#991=VECTOR('',#3418,10.);
#992=VECTOR('',#3433,30.4499993193895);
#993=VECTOR('',#3488,1.15);
#994=VECTOR('',#3503,1.15);
#995=VECTOR('',#3516,1.15);
#996=VECTOR('',#3525,1.15);
#997=VECTOR('',#3540,1.6);
#998=VECTOR('',#3547,1.6);
#999=VECTOR('',#3552,10.);
#1000=VECTOR('',#3553,10.);
#1001=VECTOR('',#3558,1.6);
#1002=VECTOR('',#3561,10.);
#1003=VECTOR('',#3562,10.);
#1004=VECTOR('',#3565,10.);
#1005=VECTOR('',#3566,10.);
#1006=VECTOR('',#3571,1.6);
#1007=VECTOR('',#3576,10.);
#1008=VECTOR('',#3579,10.);
#1009=VECTOR('',#3584,10.);
#1010=VECTOR('',#3589,10.);
#1011=VECTOR('',#3592,10.);
#1012=VECTOR('',#3595,10.);
#1013=VECTOR('',#3598,10.);
#1014=VECTOR('',#3601,10.);
#1015=VECTOR('',#3606,10.);
#1016=VECTOR('',#3611,10.);
#1017=VECTOR('',#3620,1.4);
#1018=VECTOR('',#3629,3.1);
#1019=VECTOR('',#3650,53.0499999877065);
#1020=VECTOR('',#3677,10.);
#1021=VECTOR('',#3686,10.);
#1022=VECTOR('',#3699,30.4499993193895);
#1023=VECTOR('',#3724,10.);
#1024=VECTOR('',#3725,10.);
#1025=VECTOR('',#3730,51.9825213429684);
#1026=VECTOR('',#3739,1.4);
#1027=VECTOR('',#3746,3.1);
#1028=VECTOR('',#3767,10.);
#1029=VECTOR('',#3772,1.4);
#1030=VECTOR('',#3777,3.1);
#1031=VECTOR('',#3788,1.4);
#1032=VECTOR('',#3793,3.1);
#1033=VECTOR('',#3814,1.4);
#1034=VECTOR('',#3821,3.1);
#1035=VECTOR('',#3836,10.);
#1036=VECTOR('',#3847,10.);
#1037=VECTOR('',#3850,10.);
#1038=VECTOR('',#3851,10.);
#1039=VECTOR('',#3854,10.);
#1040=VECTOR('',#3859,10.);
#1041=VECTOR('',#3860,10.);
#1042=VECTOR('',#3863,10.);
#1043=VECTOR('',#3866,10.);
#1044=VECTOR('',#3869,10.);
#1045=VECTOR('',#3884,18.9999995753169);
#1046=VECTOR('',#3891,10.);
#1047=VECTOR('',#3896,10.);
#1048=VECTOR('',#3899,10.);
#1049=VECTOR('',#3910,10.);
#1050=VECTOR('',#3911,10.);
#1051=VECTOR('',#3914,10.);
#1052=VECTOR('',#3915,10.);
#1053=VECTOR('',#3920,10.);
#1054=VECTOR('',#3929,10.);
#1055=VECTOR('',#3932,10.);
#1056=VECTOR('',#3935,10.);
#1057=VECTOR('',#3942,10.);
#1058=VECTOR('',#3943,10.);
#1059=VECTOR('',#3944,10.);
#1060=VECTOR('',#3947,10.);
#1061=VECTOR('',#3952,10.);
#1062=VECTOR('',#3953,10.);
#1063=VECTOR('',#3956,10.);
#1064=VECTOR('',#3961,10.);
#1065=VECTOR('',#3962,10.);
#1066=VECTOR('',#3965,10.);
#1067=VECTOR('',#3966,10.);
#1068=VECTOR('',#3969,10.);
#1069=VECTOR('',#3970,10.);
#1070=VECTOR('',#3973,10.);
#1071=VECTOR('',#3978,10.);
#1072=VECTOR('',#3979,10.);
#1073=VECTOR('',#3982,10.);
#1074=VECTOR('',#3987,10.);
#1075=VECTOR('',#3988,10.);
#1076=VECTOR('',#3991,10.);
#1077=VECTOR('',#3992,10.);
#1078=VECTOR('',#3995,10.);
#1079=VECTOR('',#3996,10.);
#1080=VECTOR('',#3999,10.);
#1081=VECTOR('',#4004,10.);
#1082=VECTOR('',#4005,10.);
#1083=VECTOR('',#4008,10.);
#1084=VECTOR('',#4009,10.);
#1085=VECTOR('',#4012,10.);
#1086=VECTOR('',#4013,10.);
#1087=VECTOR('',#4016,10.);
#1088=VECTOR('',#4021,10.);
#1089=VECTOR('',#4022,10.);
#1090=VECTOR('',#4025,10.);
#1091=VECTOR('',#4026,10.);
#1092=VECTOR('',#4029,10.);
#1093=VECTOR('',#4030,10.);
#1094=VECTOR('',#4033,10.);
#1095=VECTOR('',#4038,10.);
#1096=VECTOR('',#4039,10.);
#1097=VECTOR('',#4042,10.);
#1098=VECTOR('',#4043,10.);
#1099=VECTOR('',#4046,10.);
#1100=VECTOR('',#4047,10.);
#1101=VECTOR('',#4050,10.);
#1102=VECTOR('',#4055,10.);
#1103=VECTOR('',#4056,10.);
#1104=VECTOR('',#4059,10.);
#1105=VECTOR('',#4060,10.);
#1106=VECTOR('',#4063,10.);
#1107=VECTOR('',#4064,10.);
#1108=VECTOR('',#4067,10.);
#1109=VECTOR('',#4072,10.);
#1110=VECTOR('',#4073,10.);
#1111=VECTOR('',#4076,10.);
#1112=VECTOR('',#4077,10.);
#1113=VECTOR('',#4080,10.);
#1114=VECTOR('',#4081,10.);
#1115=VECTOR('',#4084,10.);
#1116=VECTOR('',#4089,10.);
#1117=VECTOR('',#4090,10.);
#1118=VECTOR('',#4093,10.);
#1119=(
BOUNDED_CURVE()
B_SPLINE_CURVE(2,(#4102,#4103,#4104),.UNSPECIFIED.,.F.,.F.)
B_SPLINE_CURVE_WITH_KNOTS((3,3),(0.325844623113708,0.53005268959907),
 .UNSPECIFIED.)
CURVE()
GEOMETRIC_REPRESENTATION_ITEM()
RATIONAL_B_SPLINE_CURVE((1.00252354479101,1.00297452159981,1.00299961461837))
REPRESENTATION_ITEM('')
);
#1120=(
BOUNDED_CURVE()
B_SPLINE_CURVE(2,(#4129,#4130,#4131),.UNSPECIFIED.,.F.,.F.)
B_SPLINE_CURVE_WITH_KNOTS((3,3),(1.06632345839234,3.93970759210447),
 .UNSPECIFIED.)
CURVE()
GEOMETRIC_REPRESENTATION_ITEM()
RATIONAL_B_SPLINE_CURVE((1.02327024700422,1.04613704858408,1.02327024700422))
REPRESENTATION_ITEM('')
);
#1121=(
BOUNDED_CURVE()
B_SPLINE_CURVE(2,(#4154,#4155,#4156),.UNSPECIFIED.,.F.,.F.)
B_SPLINE_CURVE_WITH_KNOTS((3,3),(0.554116516020192,0.758324582505596),
 .UNSPECIFIED.)
CURVE()
GEOMETRIC_REPRESENTATION_ITEM()
RATIONAL_B_SPLINE_CURVE((1.00299961461865,1.00297452160009,1.00252354479125))
REPRESENTATION_ITEM('')
);
#1122=(
BOUNDED_CURVE()
B_SPLINE_CURVE(2,(#4179,#4180,#4181),.UNSPECIFIED.,.F.,.F.)
B_SPLINE_CURVE_WITH_KNOTS((3,3),(0.995133098820399,3.87564548741618),
 .UNSPECIFIED.)
CURVE()
GEOMETRIC_REPRESENTATION_ITEM()
RATIONAL_B_SPLINE_CURVE((1.025448477702,1.05282297116258,1.025448477702))
REPRESENTATION_ITEM('')
);
#1123=(
BOUNDED_CURVE()
B_SPLINE_CURVE(2,(#4237,#4238,#4239),.UNSPECIFIED.,.F.,.F.)
B_SPLINE_CURVE_WITH_KNOTS((3,3),(0.000191421733504912,0.644208637993379),
 .UNSPECIFIED.)
CURVE()
GEOMETRIC_REPRESENTATION_ITEM()
RATIONAL_B_SPLINE_CURVE((1.00000195076591,1.00328254357504,1.00000195076593))
REPRESENTATION_ITEM('')
);
#1124=(
BOUNDED_CURVE()
B_SPLINE_CURVE(2,(#4282,#4283,#4284),.UNSPECIFIED.,.F.,.F.)
B_SPLINE_CURVE_WITH_KNOTS((3,3),(0.,1.07117740322698),.UNSPECIFIED.)
CURVE()
GEOMETRIC_REPRESENTATION_ITEM()
RATIONAL_B_SPLINE_CURVE((1.,1.04372647986301,1.05254345720475))
REPRESENTATION_ITEM('')
);
#1125=(
BOUNDED_CURVE()
B_SPLINE_CURVE(2,(#4297,#4298,#4299),.UNSPECIFIED.,.F.,.F.)
B_SPLINE_CURVE_WITH_KNOTS((3,3),(1.6122648557039,2.68344225893088),
 .UNSPECIFIED.)
CURVE()
GEOMETRIC_REPRESENTATION_ITEM()
RATIONAL_B_SPLINE_CURVE((1.05254345720475,1.04372647986301,1.))
REPRESENTATION_ITEM('')
);
#1126=(
BOUNDED_CURVE()
B_SPLINE_CURVE(2,(#4307,#4308,#4309),.UNSPECIFIED.,.F.,.F.)
B_SPLINE_CURVE_WITH_KNOTS((3,3),(0.,1.07117740322698),.UNSPECIFIED.)
CURVE()
GEOMETRIC_REPRESENTATION_ITEM()
RATIONAL_B_SPLINE_CURVE((1.,1.04372647986301,1.05254345720475))
REPRESENTATION_ITEM('')
);
#1127=(
BOUNDED_CURVE()
B_SPLINE_CURVE(2,(#4322,#4323,#4324),.UNSPECIFIED.,.F.,.F.)
B_SPLINE_CURVE_WITH_KNOTS((3,3),(1.6122648557039,2.68344225893088),
 .UNSPECIFIED.)
CURVE()
GEOMETRIC_REPRESENTATION_ITEM()
RATIONAL_B_SPLINE_CURVE((1.05254345720474,1.04372647986301,1.))
REPRESENTATION_ITEM('')
);
#1128=(
BOUNDED_CURVE()
B_SPLINE_CURVE(2,(#4332,#4333,#4334),.UNSPECIFIED.,.F.,.F.)
B_SPLINE_CURVE_WITH_KNOTS((3,3),(0.,1.07117740322698),.UNSPECIFIED.)
CURVE()
GEOMETRIC_REPRESENTATION_ITEM()
RATIONAL_B_SPLINE_CURVE((1.,1.043726479863,1.05254345720474))
REPRESENTATION_ITEM('')
);
#1129=(
BOUNDED_CURVE()
B_SPLINE_CURVE(2,(#4347,#4348,#4349),.UNSPECIFIED.,.F.,.F.)
B_SPLINE_CURVE_WITH_KNOTS((3,3),(1.6122648557039,2.68344225893088),
 .UNSPECIFIED.)
CURVE()
GEOMETRIC_REPRESENTATION_ITEM()
RATIONAL_B_SPLINE_CURVE((1.05254345720474,1.04372647986301,1.))
REPRESENTATION_ITEM('')
);
#1130=(
BOUNDED_CURVE()
B_SPLINE_CURVE(2,(#4357,#4358,#4359),.UNSPECIFIED.,.F.,.F.)
B_SPLINE_CURVE_WITH_KNOTS((3,3),(0.,1.07117740322698),.UNSPECIFIED.)
CURVE()
GEOMETRIC_REPRESENTATION_ITEM()
RATIONAL_B_SPLINE_CURVE((1.,1.043726479863,1.05254345720474))
REPRESENTATION_ITEM('')
);
#1131=(
BOUNDED_CURVE()
B_SPLINE_CURVE(2,(#4372,#4373,#4374),.UNSPECIFIED.,.F.,.F.)
B_SPLINE_CURVE_WITH_KNOTS((3,3),(1.6122648557039,2.68344225893088),
 .UNSPECIFIED.)
CURVE()
GEOMETRIC_REPRESENTATION_ITEM()
RATIONAL_B_SPLINE_CURVE((1.05254345720475,1.04372647986301,1.))
REPRESENTATION_ITEM('')
);
#1132=(
BOUNDED_CURVE()
B_SPLINE_CURVE(2,(#4689,#4690,#4691),.UNSPECIFIED.,.F.,.F.)
B_SPLINE_CURVE_WITH_KNOTS((3,3),(4.21276528783236,5.00796559959994),
 .UNSPECIFIED.)
CURVE()
GEOMETRIC_REPRESENTATION_ITEM()
RATIONAL_B_SPLINE_CURVE((1.22612447991841,1.22951324972053,1.22612447991841))
REPRESENTATION_ITEM('')
);
#1133=(
BOUNDED_CURVE()
B_SPLINE_CURVE(2,(#4756,#4757,#4758),.UNSPECIFIED.,.F.,.F.)
B_SPLINE_CURVE_WITH_KNOTS((3,3),(1.11473054710743,2.51887194502174),
 .UNSPECIFIED.)
CURVE()
GEOMETRIC_REPRESENTATION_ITEM()
RATIONAL_B_SPLINE_CURVE((1.01881632576859,1.0240828866326,1.01276224625211))
REPRESENTATION_ITEM('')
);
#1134=(
BOUNDED_CURVE()
B_SPLINE_CURVE(2,(#4773,#4774,#4775),.UNSPECIFIED.,.F.,.F.)
B_SPLINE_CURVE_WITH_KNOTS((3,3),(0.525216561825419,1.47192512104606),
 .UNSPECIFIED.)
CURVE()
GEOMETRIC_REPRESENTATION_ITEM()
RATIONAL_B_SPLINE_CURVE((1.0061806539917,1.00978101873583,1.00627955108221))
REPRESENTATION_ITEM('')
);
#1135=(
BOUNDED_CURVE()
B_SPLINE_CURVE(2,(#4833,#4834,#4835),.UNSPECIFIED.,.F.,.F.)
B_SPLINE_CURVE_WITH_KNOTS((3,3),(0.0563716710024903,0.700804884624377),
 .UNSPECIFIED.)
CURVE()
GEOMETRIC_REPRESENTATION_ITEM()
RATIONAL_B_SPLINE_CURVE((1.00062453218006,1.00390716742132,1.00062453218006))
REPRESENTATION_ITEM('')
);
#1136=(
BOUNDED_CURVE()
B_SPLINE_CURVE(2,(#4898,#4899,#4900),.UNSPECIFIED.,.F.,.F.)
B_SPLINE_CURVE_WITH_KNOTS((3,3),(0.000687666934269532,0.644725561397811),
 .UNSPECIFIED.)
CURVE()
GEOMETRIC_REPRESENTATION_ITEM()
RATIONAL_B_SPLINE_CURVE((1.00000590840497,1.00276973041483,1.00000590840497))
REPRESENTATION_ITEM('')
);
#1137=(
BOUNDED_CURVE()
B_SPLINE_CURVE(2,(#4983,#4984,#4985),.UNSPECIFIED.,.F.,.F.)
B_SPLINE_CURVE_WITH_KNOTS((3,3),(0.382439228903232,2.56700583614959),
 .UNSPECIFIED.)
CURVE()
GEOMETRIC_REPRESENTATION_ITEM()
RATIONAL_B_SPLINE_CURVE((1.0073892573959,1.02479906012058,1.))
REPRESENTATION_ITEM('')
);
#1138=(
BOUNDED_CURVE()
B_SPLINE_CURVE(2,(#4987,#4988,#4989),.UNSPECIFIED.,.F.,.F.)
B_SPLINE_CURVE_WITH_KNOTS((3,3),(5.78345387562311,7.91263923768258),
 .UNSPECIFIED.)
CURVE()
GEOMETRIC_REPRESENTATION_ITEM()
RATIONAL_B_SPLINE_CURVE((1.14471927494766,1.11118767209973,1.03335210205034))
REPRESENTATION_ITEM('')
);
#1139=(
BOUNDED_CURVE()
B_SPLINE_CURVE(2,(#4990,#4991,#4992),.UNSPECIFIED.,.F.,.F.)
B_SPLINE_CURVE_WITH_KNOTS((3,3),(0.,0.534021487758441),.UNSPECIFIED.)
CURVE()
GEOMETRIC_REPRESENTATION_ITEM()
RATIONAL_B_SPLINE_CURVE((1.,1.00436834899992,1.00633500792994))
REPRESENTATION_ITEM('')
);
#1140=VERTEX_POINT('',#4100);
#1141=VERTEX_POINT('',#4101);
#1142=VERTEX_POINT('',#4105);
#1143=VERTEX_POINT('',#4107);
#1144=VERTEX_POINT('',#4111);
#1145=VERTEX_POINT('',#4124);
#1146=VERTEX_POINT('',#4128);
#1147=VERTEX_POINT('',#4132);
#1148=VERTEX_POINT('',#4136);
#1149=VERTEX_POINT('',#4149);
#1150=VERTEX_POINT('',#4153);
#1151=VERTEX_POINT('',#4157);
#1152=VERTEX_POINT('',#4161);
#1153=VERTEX_POINT('',#4174);
#1154=VERTEX_POINT('',#4178);
#1155=VERTEX_POINT('',#4182);
#1156=VERTEX_POINT('',#4201);
#1157=VERTEX_POINT('',#4204);
#1158=VERTEX_POINT('',#4206);
#1159=VERTEX_POINT('',#4208);
#1160=VERTEX_POINT('',#4210);
#1161=VERTEX_POINT('',#4229);
#1162=VERTEX_POINT('',#4231);
#1163=VERTEX_POINT('',#4236);
#1164=VERTEX_POINT('',#4240);
#1165=VERTEX_POINT('',#4245);
#1166=VERTEX_POINT('',#4247);
#1167=VERTEX_POINT('',#4258);
#1168=VERTEX_POINT('',#4260);
#1169=VERTEX_POINT('',#4276);
#1170=VERTEX_POINT('',#4277);
#1171=VERTEX_POINT('',#4279);
#1172=VERTEX_POINT('',#4281);
#1173=VERTEX_POINT('',#4285);
#1174=VERTEX_POINT('',#4296);
#1175=VERTEX_POINT('',#4301);
#1176=VERTEX_POINT('',#4302);
#1177=VERTEX_POINT('',#4304);
#1178=VERTEX_POINT('',#4306);
#1179=VERTEX_POINT('',#4310);
#1180=VERTEX_POINT('',#4321);
#1181=VERTEX_POINT('',#4326);
#1182=VERTEX_POINT('',#4327);
#1183=VERTEX_POINT('',#4329);
#1184=VERTEX_POINT('',#4331);
#1185=VERTEX_POINT('',#4335);
#1186=VERTEX_POINT('',#4346);
#1187=VERTEX_POINT('',#4351);
#1188=VERTEX_POINT('',#4352);
#1189=VERTEX_POINT('',#4354);
#1190=VERTEX_POINT('',#4356);
#1191=VERTEX_POINT('',#4360);
#1192=VERTEX_POINT('',#4371);
#1193=VERTEX_POINT('',#4376);
#1194=VERTEX_POINT('',#4377);
#1195=VERTEX_POINT('',#4417);
#1196=VERTEX_POINT('',#4420);
#1197=VERTEX_POINT('',#4423);
#1198=VERTEX_POINT('',#4428);
#1199=VERTEX_POINT('',#4432);
#1200=VERTEX_POINT('',#4435);
#1201=VERTEX_POINT('',#4439);
#1202=VERTEX_POINT('',#4443);
#1203=VERTEX_POINT('',#4448);
#1204=VERTEX_POINT('',#4452);
#1205=VERTEX_POINT('',#4455);
#1206=VERTEX_POINT('',#4459);
#1207=VERTEX_POINT('',#4463);
#1208=VERTEX_POINT('',#4466);
#1209=VERTEX_POINT('',#4471);
#1210=VERTEX_POINT('',#4476);
#1211=VERTEX_POINT('',#4483);
#1212=VERTEX_POINT('',#4487);
#1213=VERTEX_POINT('',#4494);
#1214=VERTEX_POINT('',#4498);
#1215=VERTEX_POINT('',#4502);
#1216=VERTEX_POINT('',#4506);
#1217=VERTEX_POINT('',#4508);
#1218=VERTEX_POINT('',#4526);
#1219=VERTEX_POINT('',#4527);
#1220=VERTEX_POINT('',#4551);
#1221=VERTEX_POINT('',#4553);
#1222=VERTEX_POINT('',#4558);
#1223=VERTEX_POINT('',#4559);
#1224=VERTEX_POINT('',#4583);
#1225=VERTEX_POINT('',#4585);
#1226=VERTEX_POINT('',#4591);
#1227=VERTEX_POINT('',#4592);
#1228=VERTEX_POINT('',#4599);
#1229=VERTEX_POINT('',#4601);
#1230=VERTEX_POINT('',#4634);
#1231=VERTEX_POINT('',#4636);
#1232=VERTEX_POINT('',#4638);
#1233=VERTEX_POINT('',#4640);
#1234=VERTEX_POINT('',#4651);
#1235=VERTEX_POINT('',#4653);
#1236=VERTEX_POINT('',#4677);
#1237=VERTEX_POINT('',#4679);
#1238=VERTEX_POINT('',#4688);
#1239=VERTEX_POINT('',#4692);
#1240=VERTEX_POINT('',#4701);
#1241=VERTEX_POINT('',#4703);
#1242=VERTEX_POINT('',#4724);
#1243=VERTEX_POINT('',#4725);
#1244=VERTEX_POINT('',#4727);
#1245=VERTEX_POINT('',#4733);
#1246=VERTEX_POINT('',#4741);
#1247=VERTEX_POINT('',#4746);
#1248=VERTEX_POINT('',#4755);
#1249=VERTEX_POINT('',#4759);
#1250=VERTEX_POINT('',#4772);
#1251=VERTEX_POINT('',#4800);
#1252=VERTEX_POINT('',#4802);
#1253=VERTEX_POINT('',#4805);
#1254=VERTEX_POINT('',#4807);
#1255=VERTEX_POINT('',#4809);
#1256=VERTEX_POINT('',#4811);
#1257=VERTEX_POINT('',#4813);
#1258=VERTEX_POINT('',#4815);
#1259=VERTEX_POINT('',#4817);
#1260=VERTEX_POINT('',#4820);
#1261=VERTEX_POINT('',#4822);
#1262=VERTEX_POINT('',#4827);
#1263=VERTEX_POINT('',#4832);
#1264=VERTEX_POINT('',#4840);
#1265=VERTEX_POINT('',#4844);
#1266=VERTEX_POINT('',#4848);
#1267=VERTEX_POINT('',#4850);
#1268=VERTEX_POINT('',#4856);
#1269=VERTEX_POINT('',#4880);
#1270=VERTEX_POINT('',#4882);
#1271=VERTEX_POINT('',#4884);
#1272=VERTEX_POINT('',#4897);
#1273=VERTEX_POINT('',#4901);
#1274=VERTEX_POINT('',#4914);
#1275=VERTEX_POINT('',#4916);
#1276=VERTEX_POINT('',#4918);
#1277=VERTEX_POINT('',#4938);
#1278=VERTEX_POINT('',#4951);
#1279=VERTEX_POINT('',#4953);
#1280=VERTEX_POINT('',#4976);
#1281=VERTEX_POINT('',#4979);
#1282=VERTEX_POINT('',#4980);
#1283=VERTEX_POINT('',#4982);
#1284=VERTEX_POINT('',#4986);
#1285=VERTEX_POINT('',#4994);
#1286=VERTEX_POINT('',#4995);
#1287=VERTEX_POINT('',#5010);
#1288=VERTEX_POINT('',#5012);
#1289=VERTEX_POINT('',#5019);
#1290=VERTEX_POINT('',#5022);
#1291=VERTEX_POINT('',#5037);
#1292=VERTEX_POINT('',#5049);
#1293=VERTEX_POINT('',#5053);
#1294=VERTEX_POINT('',#5054);
#1295=VERTEX_POINT('',#5093);
#1296=VERTEX_POINT('',#5097);
#1297=VERTEX_POINT('',#5104);
#1298=VERTEX_POINT('',#5105);
#1299=VERTEX_POINT('',#5144);
#1300=VERTEX_POINT('',#5148);
#1301=VERTEX_POINT('',#5228);
#1302=VERTEX_POINT('',#5229);
#1303=VERTEX_POINT('',#5236);
#1304=VERTEX_POINT('',#5267);
#1305=VERTEX_POINT('',#5271);
#1306=VERTEX_POINT('',#5273);
#1307=VERTEX_POINT('',#5313);
#1308=VERTEX_POINT('',#5321);
#1309=VERTEX_POINT('',#5323);
#1310=VERTEX_POINT('',#5325);
#1311=VERTEX_POINT('',#5329);
#1312=VERTEX_POINT('',#5342);
#1313=VERTEX_POINT('',#5344);
#1314=VERTEX_POINT('',#5346);
#1315=VERTEX_POINT('',#5350);
#1316=VERTEX_POINT('',#5390);
#1317=VERTEX_POINT('',#5425);
#1318=VERTEX_POINT('',#5452);
#1319=VERTEX_POINT('',#5498);
#1320=VERTEX_POINT('',#5500);
#1321=VERTEX_POINT('',#5504);
#1322=VERTEX_POINT('',#5556);
#1323=VERTEX_POINT('',#5557);
#1324=VERTEX_POINT('',#5570);
#1325=VERTEX_POINT('',#5575);
#1326=VERTEX_POINT('',#5590);
#1327=VERTEX_POINT('',#5602);
#1328=VERTEX_POINT('',#5604);
#1329=VERTEX_POINT('',#5631);
#1330=VERTEX_POINT('',#5677);
#1331=VERTEX_POINT('',#5682);
#1332=VERTEX_POINT('',#5728);
#1333=VERTEX_POINT('',#5729);
#1334=VERTEX_POINT('',#5734);
#1335=VERTEX_POINT('',#5748);
#1336=VERTEX_POINT('',#5795);
#1337=VERTEX_POINT('',#5800);
#1338=VERTEX_POINT('',#5853);
#1339=VERTEX_POINT('',#5859);
#1340=VERTEX_POINT('',#5907);
#1341=VERTEX_POINT('',#5912);
#1342=VERTEX_POINT('',#5959);
#1343=VERTEX_POINT('',#5964);
#1344=VERTEX_POINT('',#6011);
#1345=VERTEX_POINT('',#6016);
#1346=VERTEX_POINT('',#6099);
#1347=VERTEX_POINT('',#6104);
#1348=VERTEX_POINT('',#6151);
#1349=VERTEX_POINT('',#6156);
#1350=VERTEX_POINT('',#6203);
#1351=VERTEX_POINT('',#6208);
#1352=VERTEX_POINT('',#6262);
#1353=VERTEX_POINT('',#6268);
#1354=VERTEX_POINT('',#6316);
#1355=VERTEX_POINT('',#6321);
#1356=VERTEX_POINT('',#6368);
#1357=VERTEX_POINT('',#6373);
#1358=VERTEX_POINT('',#6420);
#1359=VERTEX_POINT('',#6425);
#1360=VERTEX_POINT('',#6479);
#1361=VERTEX_POINT('',#6485);
#1362=VERTEX_POINT('',#6533);
#1363=VERTEX_POINT('',#6538);
#1364=VERTEX_POINT('',#6585);
#1365=VERTEX_POINT('',#6590);
#1366=VERTEX_POINT('',#6637);
#1367=VERTEX_POINT('',#6642);
#1368=VERTEX_POINT('',#6696);
#1369=VERTEX_POINT('',#6702);
#1370=VERTEX_POINT('',#6750);
#1371=VERTEX_POINT('',#6755);
#1372=VERTEX_POINT('',#6802);
#1373=VERTEX_POINT('',#6807);
#1374=VERTEX_POINT('',#6854);
#1375=VERTEX_POINT('',#6859);
#1376=VERTEX_POINT('',#6913);
#1377=VERTEX_POINT('',#6919);
#1378=VERTEX_POINT('',#6967);
#1379=VERTEX_POINT('',#6972);
#1380=VERTEX_POINT('',#7019);
#1381=VERTEX_POINT('',#7024);
#1382=VERTEX_POINT('',#7071);
#1383=VERTEX_POINT('',#7076);
#1384=VERTEX_POINT('',#7130);
#1385=VERTEX_POINT('',#7136);
#1386=VERTEX_POINT('',#7184);
#1387=VERTEX_POINT('',#7189);
#1388=VERTEX_POINT('',#7236);
#1389=VERTEX_POINT('',#7241);
#1390=VERTEX_POINT('',#7288);
#1391=VERTEX_POINT('',#7293);
#1392=VERTEX_POINT('',#7347);
#1393=VERTEX_POINT('',#7353);
#1394=VERTEX_POINT('',#7401);
#1395=VERTEX_POINT('',#7406);
#1396=VERTEX_POINT('',#7453);
#1397=VERTEX_POINT('',#7467);
#1398=VERTEX_POINT('',#7471);
#1399=VERTEX_POINT('',#7475);
#1400=VERTEX_POINT('',#7479);
#1401=VERTEX_POINT('',#7483);
#1402=VERTEX_POINT('',#7487);
#1403=VERTEX_POINT('',#7491);
#1404=VERTEX_POINT('',#7495);
#1405=VERTEX_POINT('',#7499);
#1406=VERTEX_POINT('',#7503);
#1407=VERTEX_POINT('',#7507);
#1408=VERTEX_POINT('',#7511);
#1409=VERTEX_POINT('',#7515);
#1410=VERTEX_POINT('',#7519);
#1411=VERTEX_POINT('',#7523);
#1412=VERTEX_POINT('',#7527);
#1413=VERTEX_POINT('',#7531);
#1414=VERTEX_POINT('',#7535);
#1415=VERTEX_POINT('',#7539);
#1416=VERTEX_POINT('',#7543);
#1417=VERTEX_POINT('',#7547);
#1418=VERTEX_POINT('',#7551);
#1419=VERTEX_POINT('',#7555);
#1420=VERTEX_POINT('',#7559);
#1421=VERTEX_POINT('',#7563);
#1422=VERTEX_POINT('',#7567);
#1423=VERTEX_POINT('',#7571);
#1424=VERTEX_POINT('',#7575);
#1425=VERTEX_POINT('',#7579);
#1426=VERTEX_POINT('',#7583);
#1427=VERTEX_POINT('',#7587);
#1428=VERTEX_POINT('',#7591);
#1429=VERTEX_POINT('',#7595);
#1430=VERTEX_POINT('',#7599);
#1431=EDGE_CURVE('',#1140,#1141,#1119,.T.);
#1432=EDGE_CURVE('',#1142,#1140,#841,.T.);
#1433=EDGE_CURVE('',#1142,#1143,#842,.T.);
#1434=EDGE_CURVE('',#1141,#1143,#843,.T.);
#1435=EDGE_CURVE('',#1144,#1140,#230,.T.);
#1436=EDGE_CURVE('',#1144,#1145,#844,.T.);
#1437=EDGE_CURVE('',#1145,#1142,#226,.T.);
#1438=EDGE_CURVE('',#1146,#1144,#1120,.T.);
#1439=EDGE_CURVE('',#1147,#1146,#845,.T.);
#1440=EDGE_CURVE('',#1147,#1145,#846,.T.);
#1441=EDGE_CURVE('',#1148,#1146,#231,.T.);
#1442=EDGE_CURVE('',#1148,#1149,#847,.T.);
#1443=EDGE_CURVE('',#1149,#1147,#227,.T.);
#1444=EDGE_CURVE('',#1150,#1148,#1121,.T.);
#1445=EDGE_CURVE('',#1151,#1150,#848,.T.);
#1446=EDGE_CURVE('',#1151,#1149,#849,.T.);
#1447=EDGE_CURVE('',#1152,#1150,#232,.T.);
#1448=EDGE_CURVE('',#1152,#1153,#850,.T.);
#1449=EDGE_CURVE('',#1153,#1151,#228,.T.);
#1450=EDGE_CURVE('',#1154,#1152,#1122,.T.);
#1451=EDGE_CURVE('',#1155,#1154,#851,.T.);
#1452=EDGE_CURVE('',#1153,#1155,#852,.T.);
#1453=EDGE_CURVE('',#1141,#1154,#233,.T.);
#1454=EDGE_CURVE('',#1143,#1155,#229,.T.);
#1455=EDGE_CURVE('',#1156,#1156,#94,.T.);
#1456=EDGE_CURVE('',#1157,#1157,#95,.T.);
#1457=EDGE_CURVE('',#1157,#1158,#853,.T.);
#1458=EDGE_CURVE('',#1158,#1159,#96,.T.);
#1459=EDGE_CURVE('',#1159,#1160,#234,.T.);
#1460=EDGE_CURVE('',#1160,#1161,#97,.T.);
#1461=EDGE_CURVE('',#1161,#1162,#235,.T.);
#1462=EDGE_CURVE('',#1163,#1162,#1123,.T.);
#1463=EDGE_CURVE('',#1163,#1164,#236,.T.);
#1464=EDGE_CURVE('',#1164,#1165,#98,.T.);
#1465=EDGE_CURVE('',#1165,#1166,#237,.T.);
#1466=EDGE_CURVE('',#1166,#1167,#99,.T.);
#1467=EDGE_CURVE('',#1167,#1168,#238,.T.);
#1468=EDGE_CURVE('',#1168,#1158,#100,.T.);
#1469=EDGE_CURVE('',#1169,#1170,#101,.T.);
#1470=EDGE_CURVE('',#1170,#1171,#102,.T.);
#1471=EDGE_CURVE('',#1171,#1172,#1124,.T.);
#1472=EDGE_CURVE('',#1172,#1173,#239,.T.);
#1473=EDGE_CURVE('',#1173,#1174,#1125,.T.);
#1474=EDGE_CURVE('',#1174,#1169,#103,.T.);
#1475=EDGE_CURVE('',#1175,#1176,#104,.T.);
#1476=EDGE_CURVE('',#1176,#1177,#105,.T.);
#1477=EDGE_CURVE('',#1177,#1178,#1126,.T.);
#1478=EDGE_CURVE('',#1178,#1179,#240,.T.);
#1479=EDGE_CURVE('',#1179,#1180,#1127,.T.);
#1480=EDGE_CURVE('',#1180,#1175,#106,.T.);
#1481=EDGE_CURVE('',#1181,#1182,#107,.T.);
#1482=EDGE_CURVE('',#1182,#1183,#108,.T.);
#1483=EDGE_CURVE('',#1183,#1184,#1128,.T.);
#1484=EDGE_CURVE('',#1184,#1185,#241,.T.);
#1485=EDGE_CURVE('',#1185,#1186,#1129,.T.);
#1486=EDGE_CURVE('',#1186,#1181,#109,.T.);
#1487=EDGE_CURVE('',#1187,#1188,#110,.T.);
#1488=EDGE_CURVE('',#1188,#1189,#111,.T.);
#1489=EDGE_CURVE('',#1189,#1190,#1130,.T.);
#1490=EDGE_CURVE('',#1190,#1191,#242,.T.);
#1491=EDGE_CURVE('',#1191,#1192,#1131,.T.);
#1492=EDGE_CURVE('',#1192,#1187,#112,.T.);
#1493=EDGE_CURVE('',#1193,#1194,#243,.T.);
#1494=EDGE_CURVE('',#1194,#1193,#244,.T.);
#1495=EDGE_CURVE('',#1195,#1195,#113,.T.);
#1496=EDGE_CURVE('',#1196,#1196,#114,.T.);
#1497=EDGE_CURVE('',#1197,#1197,#115,.T.);
#1498=EDGE_CURVE('',#1175,#1176,#116,.T.);
#1499=EDGE_CURVE('',#1198,#1198,#117,.T.);
#1500=EDGE_CURVE('',#1198,#1196,#854,.T.);
#1501=EDGE_CURVE('',#1199,#1199,#118,.T.);
#1502=EDGE_CURVE('',#1187,#1200,#119,.T.);
#1503=EDGE_CURVE('',#1200,#1188,#120,.T.);
#1504=EDGE_CURVE('',#1201,#1201,#121,.T.);
#1505=EDGE_CURVE('',#1201,#1195,#855,.T.);
#1506=EDGE_CURVE('',#1202,#1202,#122,.T.);
#1507=EDGE_CURVE('',#1169,#1170,#123,.T.);
#1508=EDGE_CURVE('',#1203,#1203,#124,.T.);
#1509=EDGE_CURVE('',#1203,#1197,#856,.T.);
#1510=EDGE_CURVE('',#1204,#1204,#125,.T.);
#1511=EDGE_CURVE('',#1205,#1205,#126,.T.);
#1512=EDGE_CURVE('',#1205,#1156,#857,.T.);
#1513=EDGE_CURVE('',#1181,#1206,#127,.T.);
#1514=EDGE_CURVE('',#1206,#1182,#128,.T.);
#1515=EDGE_CURVE('',#1207,#1207,#129,.T.);
#1516=EDGE_CURVE('',#1169,#1208,#130,.T.);
#1517=EDGE_CURVE('',#1208,#1204,#858,.T.);
#1518=EDGE_CURVE('',#1208,#1170,#131,.T.);
#1519=EDGE_CURVE('',#1175,#1209,#132,.T.);
#1520=EDGE_CURVE('',#1209,#1199,#859,.T.);
#1521=EDGE_CURVE('',#1209,#1176,#133,.T.);
#1522=EDGE_CURVE('',#1177,#1210,#860,.T.);
#1523=EDGE_CURVE('',#1210,#1178,#861,.T.);
#1524=EDGE_CURVE('',#1181,#1182,#134,.T.);
#1525=EDGE_CURVE('',#1206,#1207,#862,.T.);
#1526=EDGE_CURVE('',#1183,#1211,#863,.T.);
#1527=EDGE_CURVE('',#1211,#1184,#864,.T.);
#1528=EDGE_CURVE('',#1212,#1191,#865,.T.);
#1529=EDGE_CURVE('',#1212,#1192,#866,.T.);
#1530=EDGE_CURVE('',#1187,#1188,#135,.T.);
#1531=EDGE_CURVE('',#1200,#1202,#867,.T.);
#1532=EDGE_CURVE('',#1213,#1212,#136,.T.);
#1533=EDGE_CURVE('',#1189,#1213,#868,.T.);
#1534=EDGE_CURVE('',#1214,#1186,#869,.T.);
#1535=EDGE_CURVE('',#1211,#1214,#137,.T.);
#1536=EDGE_CURVE('',#1215,#1180,#870,.T.);
#1537=EDGE_CURVE('',#1210,#1215,#138,.T.);
#1538=EDGE_CURVE('',#1216,#1174,#871,.T.);
#1539=EDGE_CURVE('',#1217,#1216,#139,.T.);
#1540=EDGE_CURVE('',#1171,#1217,#872,.T.);
#1541=EDGE_CURVE('',#1213,#1190,#873,.T.);
#1542=EDGE_CURVE('',#1217,#1172,#874,.T.);
#1543=EDGE_CURVE('',#1216,#1173,#875,.T.);
#1544=EDGE_CURVE('',#1215,#1179,#876,.T.);
#1545=EDGE_CURVE('',#1214,#1185,#877,.T.);
#1546=EDGE_CURVE('',#1218,#1219,#245,.T.);
#1547=EDGE_CURVE('',#1220,#1218,#140,.T.);
#1548=EDGE_CURVE('',#1220,#1221,#878,.T.);
#1549=EDGE_CURVE('',#1221,#1221,#141,.T.);
#1550=EDGE_CURVE('',#1219,#1220,#142,.T.);
#1551=EDGE_CURVE('',#1222,#1223,#246,.T.);
#1552=EDGE_CURVE('',#1224,#1222,#143,.T.);
#1553=EDGE_CURVE('',#1224,#1225,#879,.T.);
#1554=EDGE_CURVE('',#1225,#1225,#144,.T.);
#1555=EDGE_CURVE('',#1168,#1224,#145,.T.);
#1556=EDGE_CURVE('',#1223,#1167,#146,.T.);
#1557=EDGE_CURVE('',#1226,#1227,#247,.T.);
#1558=EDGE_CURVE('',#1226,#1228,#147,.T.);
#1559=EDGE_CURVE('',#1228,#1229,#248,.T.);
#1560=EDGE_CURVE('',#1229,#1227,#148,.T.);
#1561=EDGE_CURVE('',#1229,#1228,#249,.T.);
#1562=EDGE_CURVE('',#1230,#1230,#149,.T.);
#1563=EDGE_CURVE('',#1230,#1231,#880,.T.);
#1564=EDGE_CURVE('',#1231,#1232,#150,.T.);
#1565=EDGE_CURVE('',#1232,#1233,#250,.T.);
#1566=EDGE_CURVE('',#1233,#1234,#151,.T.);
#1567=EDGE_CURVE('',#1234,#1235,#251,.T.);
#1568=EDGE_CURVE('',#1235,#1236,#152,.T.);
#1569=EDGE_CURVE('',#1236,#1237,#252,.T.);
#1570=EDGE_CURVE('',#1237,#1238,#1132,.T.);
#1571=EDGE_CURVE('',#1238,#1239,#253,.T.);
#1572=EDGE_CURVE('',#1239,#1240,#153,.T.);
#1573=EDGE_CURVE('',#1240,#1241,#254,.T.);
#1574=EDGE_CURVE('',#1241,#1229,#154,.T.);
#1575=EDGE_CURVE('',#1228,#1231,#155,.T.);
#1576=EDGE_CURVE('',#1242,#1243,#156,.T.);
#1577=EDGE_CURVE('',#1244,#1243,#255,.T.);
#1578=EDGE_CURVE('',#1245,#1244,#256,.T.);
#1579=EDGE_CURVE('',#1245,#1246,#257,.T.);
#1580=EDGE_CURVE('',#1247,#1246,#258,.F.);
#1581=EDGE_CURVE('',#1247,#1248,#1133,.T.);
#1582=EDGE_CURVE('',#1249,#1248,#259,.F.);
#1583=EDGE_CURVE('',#1249,#1250,#1134,.T.);
#1584=EDGE_CURVE('',#1242,#1250,#260,.F.);
#1585=EDGE_CURVE('',#1227,#1226,#157,.T.);
#1586=EDGE_CURVE('',#1251,#1241,#158,.T.);
#1587=EDGE_CURVE('',#1252,#1251,#159,.T.);
#1588=EDGE_CURVE('',#1240,#1252,#160,.T.);
#1589=EDGE_CURVE('',#1239,#1253,#161,.T.);
#1590=EDGE_CURVE('',#1253,#1254,#881,.T.);
#1591=EDGE_CURVE('',#1254,#1255,#162,.T.);
#1592=EDGE_CURVE('',#1255,#1256,#163,.T.);
#1593=EDGE_CURVE('',#1256,#1257,#164,.T.);
#1594=EDGE_CURVE('',#1257,#1258,#165,.T.);
#1595=EDGE_CURVE('',#1258,#1259,#882,.T.);
#1596=EDGE_CURVE('',#1259,#1236,#166,.T.);
#1597=EDGE_CURVE('',#1260,#1235,#167,.T.);
#1598=EDGE_CURVE('',#1261,#1260,#168,.T.);
#1599=EDGE_CURVE('',#1234,#1261,#169,.T.);
#1600=EDGE_CURVE('',#1232,#1233,#170,.T.);
#1601=EDGE_CURVE('',#1255,#1262,#261,.T.);
#1602=EDGE_CURVE('',#1262,#1263,#1135,.T.);
#1603=EDGE_CURVE('',#1263,#1257,#262,.T.);
#1604=EDGE_CURVE('',#1256,#1264,#883,.T.);
#1605=EDGE_CURVE('',#1264,#1264,#171,.T.);
#1606=EDGE_CURVE('',#1166,#1265,#172,.T.);
#1607=EDGE_CURVE('',#1265,#1223,#173,.T.);
#1608=EDGE_CURVE('',#1222,#1266,#174,.T.);
#1609=EDGE_CURVE('',#1266,#1267,#175,.T.);
#1610=EDGE_CURVE('',#1267,#1159,#176,.T.);
#1611=EDGE_CURVE('',#1218,#1219,#177,.T.);
#1612=EDGE_CURVE('',#1265,#1268,#263,.T.);
#1613=EDGE_CURVE('',#1269,#1268,#178,.T.);
#1614=EDGE_CURVE('',#1270,#1269,#884,.T.);
#1615=EDGE_CURVE('',#1270,#1271,#264,.T.);
#1616=EDGE_CURVE('',#1272,#1271,#1136,.T.);
#1617=EDGE_CURVE('',#1272,#1273,#265,.T.);
#1618=EDGE_CURVE('',#1274,#1273,#885,.T.);
#1619=EDGE_CURVE('',#1275,#1274,#179,.T.);
#1620=EDGE_CURVE('',#1275,#1276,#266,.T.);
#1621=EDGE_CURVE('',#1276,#1277,#267,.T.);
#1622=EDGE_CURVE('',#1278,#1277,#180,.T.);
#1623=EDGE_CURVE('',#1278,#1279,#268,.T.);
#1624=EDGE_CURVE('',#1279,#1267,#269,.T.);
#1625=EDGE_CURVE('',#1266,#1280,#886,.T.);
#1626=EDGE_CURVE('',#1280,#1280,#181,.T.);
#1627=EDGE_CURVE('',#1281,#1282,#182,.T.);
#1628=EDGE_CURVE('',#1283,#1281,#1137,.T.);
#1629=EDGE_CURVE('',#1284,#1283,#1138,.T.);
#1630=EDGE_CURVE('',#1282,#1284,#1139,.T.);
#1631=EDGE_CURVE('',#1285,#1286,#270,.T.);
#1632=EDGE_CURVE('',#1287,#1285,#183,.T.);
#1633=EDGE_CURVE('',#1288,#1287,#271,.T.);
#1634=EDGE_CURVE('',#1288,#1289,#887,.T.);
#1635=EDGE_CURVE('',#1289,#1289,#184,.T.);
#1636=EDGE_CURVE('',#1290,#1288,#272,.T.);
#1637=EDGE_CURVE('',#1286,#1290,#185,.T.);
#1638=EDGE_CURVE('',#1279,#1291,#888,.T.);
#1639=EDGE_CURVE('',#1291,#1291,#186,.T.);
#1640=EDGE_CURVE('',#1160,#1278,#187,.T.);
#1641=EDGE_CURVE('',#1290,#1287,#188,.T.);
#1642=EDGE_CURVE('',#1277,#1275,#189,.T.);
#1643=EDGE_CURVE('',#1292,#1274,#889,.T.);
#1644=EDGE_CURVE('',#1161,#1292,#190,.T.);
#1645=EDGE_CURVE('',#1293,#1294,#273,.T.);
#1646=EDGE_CURVE('',#1294,#1293,#274,.T.);
#1647=EDGE_CURVE('',#1294,#1295,#890,.T.);
#1648=EDGE_CURVE('',#1295,#1295,#191,.T.);
#1649=EDGE_CURVE('',#1194,#1296,#891,.T.);
#1650=EDGE_CURVE('',#1296,#1296,#192,.T.);
#1651=EDGE_CURVE('',#1286,#1285,#193,.T.);
#1652=EDGE_CURVE('',#1297,#1298,#275,.T.);
#1653=EDGE_CURVE('',#1298,#1297,#276,.T.);
#1654=EDGE_CURVE('',#1298,#1299,#892,.T.);
#1655=EDGE_CURVE('',#1299,#1299,#194,.T.);
#1656=EDGE_CURVE('',#1276,#1300,#893,.T.);
#1657=EDGE_CURVE('',#1300,#1300,#195,.T.);
#1658=EDGE_CURVE('',#1235,#1234,#277,.T.);
#1659=EDGE_CURVE('',#1261,#1260,#278,.T.);
#1660=EDGE_CURVE('',#1260,#1261,#279,.T.);
#1661=EDGE_CURVE('',#1301,#1302,#280,.T.);
#1662=EDGE_CURVE('',#1303,#1301,#196,.T.);
#1663=EDGE_CURVE('',#1302,#1303,#281,.T.);
#1664=EDGE_CURVE('',#1302,#1304,#894,.T.);
#1665=EDGE_CURVE('',#1304,#1304,#197,.T.);
#1666=EDGE_CURVE('',#1305,#1165,#198,.T.);
#1667=EDGE_CURVE('',#1305,#1306,#895,.T.);
#1668=EDGE_CURVE('',#1306,#1306,#199,.T.);
#1669=EDGE_CURVE('',#1268,#1305,#200,.T.);
#1670=EDGE_CURVE('',#1251,#1252,#282,.T.);
#1671=EDGE_CURVE('',#1241,#1240,#283,.T.);
#1672=EDGE_CURVE('',#1307,#1164,#201,.T.);
#1673=EDGE_CURVE('',#1269,#1307,#896,.T.);
#1674=EDGE_CURVE('',#1301,#1303,#202,.T.);
#1675=EDGE_CURVE('',#1283,#1308,#897,.T.);
#1676=EDGE_CURVE('',#1309,#1308,#203,.T.);
#1677=EDGE_CURVE('',#1310,#1309,#898,.T.);
#1678=EDGE_CURVE('',#1284,#1310,#899,.T.);
#1679=EDGE_CURVE('',#1311,#1281,#900,.T.);
#1680=EDGE_CURVE('',#1308,#1311,#204,.T.);
#1681=EDGE_CURVE('',#1271,#1238,#901,.T.);
#1682=EDGE_CURVE('',#1272,#1237,#902,.T.);
#1683=EDGE_CURVE('',#1270,#1253,#903,.T.);
#1684=EDGE_CURVE('',#1307,#1254,#904,.T.);
#1685=EDGE_CURVE('',#1163,#1262,#905,.T.);
#1686=EDGE_CURVE('',#1312,#1312,#205,.T.);
#1687=EDGE_CURVE('',#1312,#1313,#206,.T.);
#1688=EDGE_CURVE('',#1313,#1314,#207,.T.);
#1689=EDGE_CURVE('',#1314,#1313,#208,.T.);
#1690=EDGE_CURVE('',#1315,#1315,#209,.T.);
#1691=EDGE_CURVE('',#1315,#1314,#906,.T.);
#1692=EDGE_CURVE('',#1245,#1316,#284,.F.);
#1693=EDGE_CURVE('',#1244,#1317,#210,.T.);
#1694=EDGE_CURVE('',#1316,#1317,#211,.T.);
#1695=EDGE_CURVE('',#1243,#1318,#285,.T.);
#1696=EDGE_CURVE('',#1317,#1318,#907,.T.);
#1697=EDGE_CURVE('',#1248,#1319,#908,.T.);
#1698=EDGE_CURVE('',#1319,#1320,#212,.T.);
#1699=EDGE_CURVE('',#1320,#1249,#909,.T.);
#1700=EDGE_CURVE('',#1319,#1321,#213,.T.);
#1701=EDGE_CURVE('',#1321,#1320,#214,.T.);
#1702=EDGE_CURVE('',#1311,#1309,#215,.T.);
#1703=EDGE_CURVE('',#1321,#1242,#910,.T.);
#1704=EDGE_CURVE('',#1250,#1320,#911,.T.);
#1705=EDGE_CURVE('',#1319,#1247,#912,.T.);
#1706=EDGE_CURVE('',#1317,#1321,#913,.T.);
#1707=EDGE_CURVE('',#1282,#1310,#914,.T.);
#1708=EDGE_CURVE('',#1162,#1263,#915,.T.);
#1709=EDGE_CURVE('',#1292,#1258,#916,.T.);
#1710=EDGE_CURVE('',#1273,#1259,#917,.T.);
#1711=EDGE_CURVE('',#1322,#1323,#286,.T.);
#1712=EDGE_CURVE('',#1323,#1324,#287,.T.);
#1713=EDGE_CURVE('',#1324,#1325,#288,.F.);
#1714=EDGE_CURVE('',#1325,#1326,#289,.T.);
#1715=EDGE_CURVE('',#1326,#1322,#290,.T.);
#1716=EDGE_CURVE('',#1327,#1323,#918,.T.);
#1717=EDGE_CURVE('',#1328,#1327,#919,.T.);
#1718=EDGE_CURVE('',#1328,#1324,#920,.T.);
#1719=EDGE_CURVE('',#1329,#1322,#291,.T.);
#1720=EDGE_CURVE('',#1329,#1323,#292,.T.);
#1721=EDGE_CURVE('',#1326,#1330,#293,.T.);
#1722=EDGE_CURVE('',#1331,#1330,#294,.T.);
#1723=EDGE_CURVE('',#1331,#1329,#295,.T.);
#1724=EDGE_CURVE('',#1332,#1333,#296,.T.);
#1725=EDGE_CURVE('',#1333,#1334,#297,.T.);
#1726=EDGE_CURVE('',#1334,#1335,#298,.T.);
#1727=EDGE_CURVE('',#1335,#1332,#299,.T.);
#1728=EDGE_CURVE('',#1333,#1336,#300,.T.);
#1729=EDGE_CURVE('',#1336,#1337,#301,.T.);
#1730=EDGE_CURVE('',#1337,#1334,#302,.T.);
#1731=EDGE_CURVE('',#1338,#1331,#303,.T.);
#1732=EDGE_CURVE('',#1330,#1339,#304,.T.);
#1733=EDGE_CURVE('',#1339,#1338,#305,.T.);
#1734=EDGE_CURVE('',#1340,#1338,#306,.T.);
#1735=EDGE_CURVE('',#1339,#1341,#307,.T.);
#1736=EDGE_CURVE('',#1341,#1340,#308,.T.);
#1737=EDGE_CURVE('',#1342,#1340,#309,.T.);
#1738=EDGE_CURVE('',#1341,#1343,#310,.T.);
#1739=EDGE_CURVE('',#1343,#1342,#311,.T.);
#1740=EDGE_CURVE('',#1344,#1342,#312,.T.);
#1741=EDGE_CURVE('',#1343,#1345,#313,.T.);
#1742=EDGE_CURVE('',#1345,#1344,#314,.T.);
#1743=EDGE_CURVE('',#1336,#1344,#315,.T.);
#1744=EDGE_CURVE('',#1345,#1337,#316,.T.);
#1745=EDGE_CURVE('',#1346,#1332,#317,.T.);
#1746=EDGE_CURVE('',#1335,#1347,#318,.T.);
#1747=EDGE_CURVE('',#1347,#1346,#319,.T.);
#1748=EDGE_CURVE('',#1348,#1346,#320,.T.);
#1749=EDGE_CURVE('',#1347,#1349,#321,.T.);
#1750=EDGE_CURVE('',#1349,#1348,#322,.T.);
#1751=EDGE_CURVE('',#1350,#1348,#323,.T.);
#1752=EDGE_CURVE('',#1349,#1351,#324,.T.);
#1753=EDGE_CURVE('',#1351,#1350,#325,.T.);
#1754=EDGE_CURVE('',#1352,#1350,#326,.T.);
#1755=EDGE_CURVE('',#1351,#1353,#327,.T.);
#1756=EDGE_CURVE('',#1353,#1352,#328,.T.);
#1757=EDGE_CURVE('',#1354,#1352,#329,.T.);
#1758=EDGE_CURVE('',#1353,#1355,#330,.T.);
#1759=EDGE_CURVE('',#1355,#1354,#331,.T.);
#1760=EDGE_CURVE('',#1356,#1354,#332,.T.);
#1761=EDGE_CURVE('',#1355,#1357,#333,.T.);
#1762=EDGE_CURVE('',#1357,#1356,#334,.T.);
#1763=EDGE_CURVE('',#1358,#1356,#335,.T.);
#1764=EDGE_CURVE('',#1357,#1359,#336,.T.);
#1765=EDGE_CURVE('',#1359,#1358,#337,.T.);
#1766=EDGE_CURVE('',#1360,#1358,#338,.T.);
#1767=EDGE_CURVE('',#1359,#1361,#339,.T.);
#1768=EDGE_CURVE('',#1361,#1360,#340,.T.);
#1769=EDGE_CURVE('',#1362,#1360,#341,.T.);
#1770=EDGE_CURVE('',#1361,#1363,#342,.T.);
#1771=EDGE_CURVE('',#1363,#1362,#343,.T.);
#1772=EDGE_CURVE('',#1364,#1362,#344,.T.);
#1773=EDGE_CURVE('',#1363,#1365,#345,.T.);
#1774=EDGE_CURVE('',#1365,#1364,#346,.T.);
#1775=EDGE_CURVE('',#1366,#1364,#347,.T.);
#1776=EDGE_CURVE('',#1365,#1367,#348,.T.);
#1777=EDGE_CURVE('',#1367,#1366,#349,.T.);
#1778=EDGE_CURVE('',#1368,#1366,#350,.T.);
#1779=EDGE_CURVE('',#1367,#1369,#351,.T.);
#1780=EDGE_CURVE('',#1369,#1368,#352,.T.);
#1781=EDGE_CURVE('',#1370,#1368,#353,.T.);
#1782=EDGE_CURVE('',#1369,#1371,#354,.T.);
#1783=EDGE_CURVE('',#1371,#1370,#355,.T.);
#1784=EDGE_CURVE('',#1372,#1370,#356,.T.);
#1785=EDGE_CURVE('',#1371,#1373,#357,.T.);
#1786=EDGE_CURVE('',#1373,#1372,#358,.T.);
#1787=EDGE_CURVE('',#1374,#1372,#359,.T.);
#1788=EDGE_CURVE('',#1373,#1375,#360,.T.);
#1789=EDGE_CURVE('',#1375,#1374,#361,.T.);
#1790=EDGE_CURVE('',#1376,#1374,#362,.T.);
#1791=EDGE_CURVE('',#1375,#1377,#363,.T.);
#1792=EDGE_CURVE('',#1377,#1376,#364,.T.);
#1793=EDGE_CURVE('',#1378,#1376,#365,.T.);
#1794=EDGE_CURVE('',#1377,#1379,#366,.T.);
#1795=EDGE_CURVE('',#1379,#1378,#367,.T.);
#1796=EDGE_CURVE('',#1380,#1378,#368,.T.);
#1797=EDGE_CURVE('',#1379,#1381,#369,.T.);
#1798=EDGE_CURVE('',#1381,#1380,#370,.T.);
#1799=EDGE_CURVE('',#1382,#1380,#371,.T.);
#1800=EDGE_CURVE('',#1381,#1383,#372,.T.);
#1801=EDGE_CURVE('',#1383,#1382,#373,.T.);
#1802=EDGE_CURVE('',#1384,#1382,#374,.T.);
#1803=EDGE_CURVE('',#1383,#1385,#375,.T.);
#1804=EDGE_CURVE('',#1385,#1384,#376,.T.);
#1805=EDGE_CURVE('',#1386,#1384,#377,.T.);
#1806=EDGE_CURVE('',#1385,#1387,#378,.T.);
#1807=EDGE_CURVE('',#1387,#1386,#379,.T.);
#1808=EDGE_CURVE('',#1388,#1386,#380,.T.);
#1809=EDGE_CURVE('',#1387,#1389,#381,.T.);
#1810=EDGE_CURVE('',#1389,#1388,#382,.T.);
#1811=EDGE_CURVE('',#1390,#1388,#383,.T.);
#1812=EDGE_CURVE('',#1389,#1391,#384,.T.);
#1813=EDGE_CURVE('',#1391,#1390,#385,.T.);
#1814=EDGE_CURVE('',#1392,#1390,#386,.T.);
#1815=EDGE_CURVE('',#1391,#1393,#387,.T.);
#1816=EDGE_CURVE('',#1393,#1392,#388,.T.);
#1817=EDGE_CURVE('',#1394,#1392,#389,.T.);
#1818=EDGE_CURVE('',#1393,#1395,#390,.T.);
#1819=EDGE_CURVE('',#1395,#1394,#391,.T.);
#1820=EDGE_CURVE('',#1395,#1396,#392,.T.);
#1821=EDGE_CURVE('',#1325,#1396,#393,.T.);
#1822=EDGE_CURVE('',#1324,#1394,#394,.T.);
#1823=EDGE_CURVE('',#1397,#1329,#921,.T.);
#1824=EDGE_CURVE('',#1397,#1327,#216,.T.);
#1825=EDGE_CURVE('',#1398,#1331,#922,.T.);
#1826=EDGE_CURVE('',#1398,#1397,#923,.T.);
#1827=EDGE_CURVE('',#1399,#1338,#924,.T.);
#1828=EDGE_CURVE('',#1399,#1398,#217,.T.);
#1829=EDGE_CURVE('',#1400,#1340,#925,.T.);
#1830=EDGE_CURVE('',#1400,#1399,#926,.T.);
#1831=EDGE_CURVE('',#1401,#1342,#927,.T.);
#1832=EDGE_CURVE('',#1401,#1400,#928,.T.);
#1833=EDGE_CURVE('',#1402,#1344,#929,.T.);
#1834=EDGE_CURVE('',#1401,#1402,#930,.T.);
#1835=EDGE_CURVE('',#1403,#1336,#931,.T.);
#1836=EDGE_CURVE('',#1403,#1402,#218,.T.);
#1837=EDGE_CURVE('',#1404,#1333,#932,.T.);
#1838=EDGE_CURVE('',#1404,#1403,#933,.T.);
#1839=EDGE_CURVE('',#1405,#1332,#934,.T.);
#1840=EDGE_CURVE('',#1405,#1404,#219,.T.);
#1841=EDGE_CURVE('',#1406,#1346,#935,.T.);
#1842=EDGE_CURVE('',#1406,#1405,#936,.T.);
#1843=EDGE_CURVE('',#1407,#1348,#937,.T.);
#1844=EDGE_CURVE('',#1407,#1406,#938,.T.);
#1845=EDGE_CURVE('',#1408,#1350,#939,.T.);
#1846=EDGE_CURVE('',#1407,#1408,#940,.T.);
#1847=EDGE_CURVE('',#1409,#1352,#941,.T.);
#1848=EDGE_CURVE('',#1409,#1408,#220,.T.);
#1849=EDGE_CURVE('',#1410,#1354,#942,.T.);
#1850=EDGE_CURVE('',#1410,#1409,#943,.T.);
#1851=EDGE_CURVE('',#1411,#1356,#944,.T.);
#1852=EDGE_CURVE('',#1411,#1410,#945,.T.);
#1853=EDGE_CURVE('',#1412,#1358,#946,.T.);
#1854=EDGE_CURVE('',#1411,#1412,#947,.T.);
#1855=EDGE_CURVE('',#1413,#1360,#948,.T.);
#1856=EDGE_CURVE('',#1413,#1412,#221,.T.);
#1857=EDGE_CURVE('',#1414,#1362,#949,.T.);
#1858=EDGE_CURVE('',#1414,#1413,#950,.T.);
#1859=EDGE_CURVE('',#1415,#1364,#951,.T.);
#1860=EDGE_CURVE('',#1415,#1414,#952,.T.);
#1861=EDGE_CURVE('',#1416,#1366,#953,.T.);
#1862=EDGE_CURVE('',#1415,#1416,#954,.T.);
#1863=EDGE_CURVE('',#1417,#1368,#955,.T.);
#1864=EDGE_CURVE('',#1417,#1416,#222,.T.);
#1865=EDGE_CURVE('',#1418,#1370,#956,.T.);
#1866=EDGE_CURVE('',#1418,#1417,#957,.T.);
#1867=EDGE_CURVE('',#1419,#1372,#958,.T.);
#1868=EDGE_CURVE('',#1419,#1418,#959,.T.);
#1869=EDGE_CURVE('',#1420,#1374,#960,.T.);
#1870=EDGE_CURVE('',#1419,#1420,#961,.T.);
#1871=EDGE_CURVE('',#1421,#1376,#962,.T.);
#1872=EDGE_CURVE('',#1421,#1420,#223,.T.);
#1873=EDGE_CURVE('',#1422,#1378,#963,.T.);
#1874=EDGE_CURVE('',#1422,#1421,#964,.T.);
#1875=EDGE_CURVE('',#1423,#1380,#965,.T.);
#1876=EDGE_CURVE('',#1423,#1422,#966,.T.);
#1877=EDGE_CURVE('',#1424,#1382,#967,.T.);
#1878=EDGE_CURVE('',#1423,#1424,#968,.T.);
#1879=EDGE_CURVE('',#1425,#1384,#969,.T.);
#1880=EDGE_CURVE('',#1425,#1424,#224,.T.);
#1881=EDGE_CURVE('',#1426,#1386,#970,.T.);
#1882=EDGE_CURVE('',#1426,#1425,#971,.T.);
#1883=EDGE_CURVE('',#1427,#1388,#972,.T.);
#1884=EDGE_CURVE('',#1427,#1426,#973,.T.);
#1885=EDGE_CURVE('',#1428,#1390,#974,.T.);
#1886=EDGE_CURVE('',#1427,#1428,#975,.T.);
#1887=EDGE_CURVE('',#1429,#1392,#976,.T.);
#1888=EDGE_CURVE('',#1429,#1428,#225,.T.);
#1889=EDGE_CURVE('',#1430,#1394,#977,.T.);
#1890=EDGE_CURVE('',#1430,#1429,#978,.T.);
#1891=EDGE_CURVE('',#1328,#1430,#979,.T.);
#1892=ORIENTED_EDGE('',*,*,#1431,.F.);
#1893=ORIENTED_EDGE('',*,*,#1432,.F.);
#1894=ORIENTED_EDGE('',*,*,#1433,.T.);
#1895=ORIENTED_EDGE('',*,*,#1434,.F.);
#1896=ORIENTED_EDGE('',*,*,#1435,.F.);
#1897=ORIENTED_EDGE('',*,*,#1436,.T.);
#1898=ORIENTED_EDGE('',*,*,#1437,.T.);
#1899=ORIENTED_EDGE('',*,*,#1432,.T.);
#1900=ORIENTED_EDGE('',*,*,#1438,.F.);
#1901=ORIENTED_EDGE('',*,*,#1439,.F.);
#1902=ORIENTED_EDGE('',*,*,#1440,.T.);
#1903=ORIENTED_EDGE('',*,*,#1436,.F.);
#1904=ORIENTED_EDGE('',*,*,#1441,.F.);
#1905=ORIENTED_EDGE('',*,*,#1442,.T.);
#1906=ORIENTED_EDGE('',*,*,#1443,.T.);
#1907=ORIENTED_EDGE('',*,*,#1439,.T.);
#1908=ORIENTED_EDGE('',*,*,#1444,.F.);
#1909=ORIENTED_EDGE('',*,*,#1445,.F.);
#1910=ORIENTED_EDGE('',*,*,#1446,.T.);
#1911=ORIENTED_EDGE('',*,*,#1442,.F.);
#1912=ORIENTED_EDGE('',*,*,#1447,.F.);
#1913=ORIENTED_EDGE('',*,*,#1448,.T.);
#1914=ORIENTED_EDGE('',*,*,#1449,.T.);
#1915=ORIENTED_EDGE('',*,*,#1445,.T.);
#1916=ORIENTED_EDGE('',*,*,#1450,.F.);
#1917=ORIENTED_EDGE('',*,*,#1451,.F.);
#1918=ORIENTED_EDGE('',*,*,#1452,.F.);
#1919=ORIENTED_EDGE('',*,*,#1448,.F.);
#1920=ORIENTED_EDGE('',*,*,#1453,.F.);
#1921=ORIENTED_EDGE('',*,*,#1434,.T.);
#1922=ORIENTED_EDGE('',*,*,#1454,.T.);
#1923=ORIENTED_EDGE('',*,*,#1451,.T.);
#1924=ORIENTED_EDGE('',*,*,#1443,.F.);
#1925=ORIENTED_EDGE('',*,*,#1446,.F.);
#1926=ORIENTED_EDGE('',*,*,#1449,.F.);
#1927=ORIENTED_EDGE('',*,*,#1452,.T.);
#1928=ORIENTED_EDGE('',*,*,#1454,.F.);
#1929=ORIENTED_EDGE('',*,*,#1433,.F.);
#1930=ORIENTED_EDGE('',*,*,#1437,.F.);
#1931=ORIENTED_EDGE('',*,*,#1440,.F.);
#1932=ORIENTED_EDGE('',*,*,#1455,.F.);
#1933=ORIENTED_EDGE('',*,*,#1456,.F.);
#1934=ORIENTED_EDGE('',*,*,#1457,.T.);
#1935=ORIENTED_EDGE('',*,*,#1458,.T.);
#1936=ORIENTED_EDGE('',*,*,#1459,.T.);
#1937=ORIENTED_EDGE('',*,*,#1460,.T.);
#1938=ORIENTED_EDGE('',*,*,#1461,.T.);
#1939=ORIENTED_EDGE('',*,*,#1462,.F.);
#1940=ORIENTED_EDGE('',*,*,#1463,.T.);
#1941=ORIENTED_EDGE('',*,*,#1464,.T.);
#1942=ORIENTED_EDGE('',*,*,#1465,.T.);
#1943=ORIENTED_EDGE('',*,*,#1466,.T.);
#1944=ORIENTED_EDGE('',*,*,#1467,.T.);
#1945=ORIENTED_EDGE('',*,*,#1468,.T.);
#1946=ORIENTED_EDGE('',*,*,#1457,.F.);
#1947=ORIENTED_EDGE('',*,*,#1469,.T.);
#1948=ORIENTED_EDGE('',*,*,#1470,.T.);
#1949=ORIENTED_EDGE('',*,*,#1471,.T.);
#1950=ORIENTED_EDGE('',*,*,#1472,.T.);
#1951=ORIENTED_EDGE('',*,*,#1473,.T.);
#1952=ORIENTED_EDGE('',*,*,#1474,.T.);
#1953=ORIENTED_EDGE('',*,*,#1475,.T.);
#1954=ORIENTED_EDGE('',*,*,#1476,.T.);
#1955=ORIENTED_EDGE('',*,*,#1477,.T.);
#1956=ORIENTED_EDGE('',*,*,#1478,.T.);
#1957=ORIENTED_EDGE('',*,*,#1479,.T.);
#1958=ORIENTED_EDGE('',*,*,#1480,.T.);
#1959=ORIENTED_EDGE('',*,*,#1481,.T.);
#1960=ORIENTED_EDGE('',*,*,#1482,.T.);
#1961=ORIENTED_EDGE('',*,*,#1483,.T.);
#1962=ORIENTED_EDGE('',*,*,#1484,.T.);
#1963=ORIENTED_EDGE('',*,*,#1485,.T.);
#1964=ORIENTED_EDGE('',*,*,#1486,.T.);
#1965=ORIENTED_EDGE('',*,*,#1487,.T.);
#1966=ORIENTED_EDGE('',*,*,#1488,.T.);
#1967=ORIENTED_EDGE('',*,*,#1489,.T.);
#1968=ORIENTED_EDGE('',*,*,#1490,.T.);
#1969=ORIENTED_EDGE('',*,*,#1491,.T.);
#1970=ORIENTED_EDGE('',*,*,#1492,.T.);
#1971=ORIENTED_EDGE('',*,*,#1493,.T.);
#1972=ORIENTED_EDGE('',*,*,#1494,.T.);
#1973=ORIENTED_EDGE('',*,*,#1495,.F.);
#1974=ORIENTED_EDGE('',*,*,#1496,.F.);
#1975=ORIENTED_EDGE('',*,*,#1497,.F.);
#1976=ORIENTED_EDGE('',*,*,#1475,.F.);
#1977=ORIENTED_EDGE('',*,*,#1498,.T.);
#1978=ORIENTED_EDGE('',*,*,#1499,.F.);
#1979=ORIENTED_EDGE('',*,*,#1500,.T.);
#1980=ORIENTED_EDGE('',*,*,#1496,.T.);
#1981=ORIENTED_EDGE('',*,*,#1500,.F.);
#1982=ORIENTED_EDGE('',*,*,#1501,.T.);
#1983=ORIENTED_EDGE('',*,*,#1499,.T.);
#1984=ORIENTED_EDGE('',*,*,#1487,.F.);
#1985=ORIENTED_EDGE('',*,*,#1502,.T.);
#1986=ORIENTED_EDGE('',*,*,#1503,.T.);
#1987=ORIENTED_EDGE('',*,*,#1504,.F.);
#1988=ORIENTED_EDGE('',*,*,#1505,.T.);
#1989=ORIENTED_EDGE('',*,*,#1495,.T.);
#1990=ORIENTED_EDGE('',*,*,#1505,.F.);
#1991=ORIENTED_EDGE('',*,*,#1506,.T.);
#1992=ORIENTED_EDGE('',*,*,#1504,.T.);
#1993=ORIENTED_EDGE('',*,*,#1469,.F.);
#1994=ORIENTED_EDGE('',*,*,#1507,.T.);
#1995=ORIENTED_EDGE('',*,*,#1508,.F.);
#1996=ORIENTED_EDGE('',*,*,#1509,.T.);
#1997=ORIENTED_EDGE('',*,*,#1497,.T.);
#1998=ORIENTED_EDGE('',*,*,#1509,.F.);
#1999=ORIENTED_EDGE('',*,*,#1510,.T.);
#2000=ORIENTED_EDGE('',*,*,#1508,.T.);
#2001=ORIENTED_EDGE('',*,*,#1511,.F.);
#2002=ORIENTED_EDGE('',*,*,#1512,.T.);
#2003=ORIENTED_EDGE('',*,*,#1455,.T.);
#2004=ORIENTED_EDGE('',*,*,#1512,.F.);
#2005=ORIENTED_EDGE('',*,*,#1481,.F.);
#2006=ORIENTED_EDGE('',*,*,#1513,.T.);
#2007=ORIENTED_EDGE('',*,*,#1514,.T.);
#2008=ORIENTED_EDGE('',*,*,#1515,.T.);
#2009=ORIENTED_EDGE('',*,*,#1511,.T.);
#2010=ORIENTED_EDGE('',*,*,#1516,.T.);
#2011=ORIENTED_EDGE('',*,*,#1517,.T.);
#2012=ORIENTED_EDGE('',*,*,#1510,.F.);
#2013=ORIENTED_EDGE('',*,*,#1517,.F.);
#2014=ORIENTED_EDGE('',*,*,#1518,.T.);
#2015=ORIENTED_EDGE('',*,*,#1507,.F.);
#2016=ORIENTED_EDGE('',*,*,#1519,.T.);
#2017=ORIENTED_EDGE('',*,*,#1520,.T.);
#2018=ORIENTED_EDGE('',*,*,#1501,.F.);
#2019=ORIENTED_EDGE('',*,*,#1520,.F.);
#2020=ORIENTED_EDGE('',*,*,#1521,.T.);
#2021=ORIENTED_EDGE('',*,*,#1498,.F.);
#2022=ORIENTED_EDGE('',*,*,#1477,.F.);
#2023=ORIENTED_EDGE('',*,*,#1522,.T.);
#2024=ORIENTED_EDGE('',*,*,#1523,.T.);
#2025=ORIENTED_EDGE('',*,*,#1524,.T.);
#2026=ORIENTED_EDGE('',*,*,#1514,.F.);
#2027=ORIENTED_EDGE('',*,*,#1525,.T.);
#2028=ORIENTED_EDGE('',*,*,#1515,.F.);
#2029=ORIENTED_EDGE('',*,*,#1525,.F.);
#2030=ORIENTED_EDGE('',*,*,#1513,.F.);
#2031=ORIENTED_EDGE('',*,*,#1483,.F.);
#2032=ORIENTED_EDGE('',*,*,#1526,.T.);
#2033=ORIENTED_EDGE('',*,*,#1527,.T.);
#2034=ORIENTED_EDGE('',*,*,#1491,.F.);
#2035=ORIENTED_EDGE('',*,*,#1528,.F.);
#2036=ORIENTED_EDGE('',*,*,#1529,.T.);
#2037=ORIENTED_EDGE('',*,*,#1530,.T.);
#2038=ORIENTED_EDGE('',*,*,#1503,.F.);
#2039=ORIENTED_EDGE('',*,*,#1531,.T.);
#2040=ORIENTED_EDGE('',*,*,#1506,.F.);
#2041=ORIENTED_EDGE('',*,*,#1531,.F.);
#2042=ORIENTED_EDGE('',*,*,#1502,.F.);
#2043=ORIENTED_EDGE('',*,*,#1492,.F.);
#2044=ORIENTED_EDGE('',*,*,#1529,.F.);
#2045=ORIENTED_EDGE('',*,*,#1532,.F.);
#2046=ORIENTED_EDGE('',*,*,#1533,.F.);
#2047=ORIENTED_EDGE('',*,*,#1488,.F.);
#2048=ORIENTED_EDGE('',*,*,#1530,.F.);
#2049=ORIENTED_EDGE('',*,*,#1486,.F.);
#2050=ORIENTED_EDGE('',*,*,#1534,.F.);
#2051=ORIENTED_EDGE('',*,*,#1535,.F.);
#2052=ORIENTED_EDGE('',*,*,#1526,.F.);
#2053=ORIENTED_EDGE('',*,*,#1482,.F.);
#2054=ORIENTED_EDGE('',*,*,#1524,.F.);
#2055=ORIENTED_EDGE('',*,*,#1480,.F.);
#2056=ORIENTED_EDGE('',*,*,#1536,.F.);
#2057=ORIENTED_EDGE('',*,*,#1537,.F.);
#2058=ORIENTED_EDGE('',*,*,#1522,.F.);
#2059=ORIENTED_EDGE('',*,*,#1476,.F.);
#2060=ORIENTED_EDGE('',*,*,#1521,.F.);
#2061=ORIENTED_EDGE('',*,*,#1519,.F.);
#2062=ORIENTED_EDGE('',*,*,#1474,.F.);
#2063=ORIENTED_EDGE('',*,*,#1538,.F.);
#2064=ORIENTED_EDGE('',*,*,#1539,.F.);
#2065=ORIENTED_EDGE('',*,*,#1540,.F.);
#2066=ORIENTED_EDGE('',*,*,#1470,.F.);
#2067=ORIENTED_EDGE('',*,*,#1518,.F.);
#2068=ORIENTED_EDGE('',*,*,#1516,.F.);
#2069=ORIENTED_EDGE('',*,*,#1489,.F.);
#2070=ORIENTED_EDGE('',*,*,#1533,.T.);
#2071=ORIENTED_EDGE('',*,*,#1541,.T.);
#2072=ORIENTED_EDGE('',*,*,#1471,.F.);
#2073=ORIENTED_EDGE('',*,*,#1540,.T.);
#2074=ORIENTED_EDGE('',*,*,#1542,.T.);
#2075=ORIENTED_EDGE('',*,*,#1472,.F.);
#2076=ORIENTED_EDGE('',*,*,#1542,.F.);
#2077=ORIENTED_EDGE('',*,*,#1539,.T.);
#2078=ORIENTED_EDGE('',*,*,#1543,.T.);
#2079=ORIENTED_EDGE('',*,*,#1473,.F.);
#2080=ORIENTED_EDGE('',*,*,#1543,.F.);
#2081=ORIENTED_EDGE('',*,*,#1538,.T.);
#2082=ORIENTED_EDGE('',*,*,#1478,.F.);
#2083=ORIENTED_EDGE('',*,*,#1523,.F.);
#2084=ORIENTED_EDGE('',*,*,#1537,.T.);
#2085=ORIENTED_EDGE('',*,*,#1544,.T.);
#2086=ORIENTED_EDGE('',*,*,#1479,.F.);
#2087=ORIENTED_EDGE('',*,*,#1544,.F.);
#2088=ORIENTED_EDGE('',*,*,#1536,.T.);
#2089=ORIENTED_EDGE('',*,*,#1484,.F.);
#2090=ORIENTED_EDGE('',*,*,#1527,.F.);
#2091=ORIENTED_EDGE('',*,*,#1535,.T.);
#2092=ORIENTED_EDGE('',*,*,#1545,.T.);
#2093=ORIENTED_EDGE('',*,*,#1485,.F.);
#2094=ORIENTED_EDGE('',*,*,#1545,.F.);
#2095=ORIENTED_EDGE('',*,*,#1534,.T.);
#2096=ORIENTED_EDGE('',*,*,#1490,.F.);
#2097=ORIENTED_EDGE('',*,*,#1541,.F.);
#2098=ORIENTED_EDGE('',*,*,#1532,.T.);
#2099=ORIENTED_EDGE('',*,*,#1528,.T.);
#2100=ORIENTED_EDGE('',*,*,#1546,.F.);
#2101=ORIENTED_EDGE('',*,*,#1547,.F.);
#2102=ORIENTED_EDGE('',*,*,#1548,.T.);
#2103=ORIENTED_EDGE('',*,*,#1549,.T.);
#2104=ORIENTED_EDGE('',*,*,#1548,.F.);
#2105=ORIENTED_EDGE('',*,*,#1550,.F.);
#2106=ORIENTED_EDGE('',*,*,#1551,.F.);
#2107=ORIENTED_EDGE('',*,*,#1552,.F.);
#2108=ORIENTED_EDGE('',*,*,#1553,.T.);
#2109=ORIENTED_EDGE('',*,*,#1554,.T.);
#2110=ORIENTED_EDGE('',*,*,#1553,.F.);
#2111=ORIENTED_EDGE('',*,*,#1555,.F.);
#2112=ORIENTED_EDGE('',*,*,#1467,.F.);
#2113=ORIENTED_EDGE('',*,*,#1556,.F.);
#2114=ORIENTED_EDGE('',*,*,#1557,.F.);
#2115=ORIENTED_EDGE('',*,*,#1558,.T.);
#2116=ORIENTED_EDGE('',*,*,#1559,.T.);
#2117=ORIENTED_EDGE('',*,*,#1560,.T.);
#2118=ORIENTED_EDGE('',*,*,#1561,.F.);
#2119=ORIENTED_EDGE('',*,*,#1559,.F.);
#2120=ORIENTED_EDGE('',*,*,#1554,.F.);
#2121=ORIENTED_EDGE('',*,*,#1549,.F.);
#2122=ORIENTED_EDGE('',*,*,#1562,.F.);
#2123=ORIENTED_EDGE('',*,*,#1563,.T.);
#2124=ORIENTED_EDGE('',*,*,#1564,.T.);
#2125=ORIENTED_EDGE('',*,*,#1565,.T.);
#2126=ORIENTED_EDGE('',*,*,#1566,.T.);
#2127=ORIENTED_EDGE('',*,*,#1567,.T.);
#2128=ORIENTED_EDGE('',*,*,#1568,.T.);
#2129=ORIENTED_EDGE('',*,*,#1569,.T.);
#2130=ORIENTED_EDGE('',*,*,#1570,.T.);
#2131=ORIENTED_EDGE('',*,*,#1571,.T.);
#2132=ORIENTED_EDGE('',*,*,#1572,.T.);
#2133=ORIENTED_EDGE('',*,*,#1573,.T.);
#2134=ORIENTED_EDGE('',*,*,#1574,.T.);
#2135=ORIENTED_EDGE('',*,*,#1561,.T.);
#2136=ORIENTED_EDGE('',*,*,#1575,.T.);
#2137=ORIENTED_EDGE('',*,*,#1563,.F.);
#2138=ORIENTED_EDGE('',*,*,#1441,.T.);
#2139=ORIENTED_EDGE('',*,*,#1438,.T.);
#2140=ORIENTED_EDGE('',*,*,#1435,.T.);
#2141=ORIENTED_EDGE('',*,*,#1431,.T.);
#2142=ORIENTED_EDGE('',*,*,#1453,.T.);
#2143=ORIENTED_EDGE('',*,*,#1450,.T.);
#2144=ORIENTED_EDGE('',*,*,#1447,.T.);
#2145=ORIENTED_EDGE('',*,*,#1444,.T.);
#2146=ORIENTED_EDGE('',*,*,#1576,.T.);
#2147=ORIENTED_EDGE('',*,*,#1577,.F.);
#2148=ORIENTED_EDGE('',*,*,#1578,.F.);
#2149=ORIENTED_EDGE('',*,*,#1579,.T.);
#2150=ORIENTED_EDGE('',*,*,#1580,.F.);
#2151=ORIENTED_EDGE('',*,*,#1581,.T.);
#2152=ORIENTED_EDGE('',*,*,#1582,.F.);
#2153=ORIENTED_EDGE('',*,*,#1583,.T.);
#2154=ORIENTED_EDGE('',*,*,#1584,.F.);
#2155=ORIENTED_EDGE('',*,*,#1585,.F.);
#2156=ORIENTED_EDGE('',*,*,#1560,.F.);
#2157=ORIENTED_EDGE('',*,*,#1574,.F.);
#2158=ORIENTED_EDGE('',*,*,#1586,.F.);
#2159=ORIENTED_EDGE('',*,*,#1587,.F.);
#2160=ORIENTED_EDGE('',*,*,#1588,.F.);
#2161=ORIENTED_EDGE('',*,*,#1572,.F.);
#2162=ORIENTED_EDGE('',*,*,#1589,.T.);
#2163=ORIENTED_EDGE('',*,*,#1590,.T.);
#2164=ORIENTED_EDGE('',*,*,#1591,.T.);
#2165=ORIENTED_EDGE('',*,*,#1592,.T.);
#2166=ORIENTED_EDGE('',*,*,#1593,.T.);
#2167=ORIENTED_EDGE('',*,*,#1594,.T.);
#2168=ORIENTED_EDGE('',*,*,#1595,.T.);
#2169=ORIENTED_EDGE('',*,*,#1596,.T.);
#2170=ORIENTED_EDGE('',*,*,#1568,.F.);
#2171=ORIENTED_EDGE('',*,*,#1597,.F.);
#2172=ORIENTED_EDGE('',*,*,#1598,.F.);
#2173=ORIENTED_EDGE('',*,*,#1599,.F.);
#2174=ORIENTED_EDGE('',*,*,#1566,.F.);
#2175=ORIENTED_EDGE('',*,*,#1600,.F.);
#2176=ORIENTED_EDGE('',*,*,#1564,.F.);
#2177=ORIENTED_EDGE('',*,*,#1575,.F.);
#2178=ORIENTED_EDGE('',*,*,#1558,.F.);
#2179=ORIENTED_EDGE('',*,*,#1592,.F.);
#2180=ORIENTED_EDGE('',*,*,#1601,.T.);
#2181=ORIENTED_EDGE('',*,*,#1602,.T.);
#2182=ORIENTED_EDGE('',*,*,#1603,.T.);
#2183=ORIENTED_EDGE('',*,*,#1593,.F.);
#2184=ORIENTED_EDGE('',*,*,#1604,.T.);
#2185=ORIENTED_EDGE('',*,*,#1605,.T.);
#2186=ORIENTED_EDGE('',*,*,#1604,.F.);
#2187=ORIENTED_EDGE('',*,*,#1556,.T.);
#2188=ORIENTED_EDGE('',*,*,#1466,.F.);
#2189=ORIENTED_EDGE('',*,*,#1606,.T.);
#2190=ORIENTED_EDGE('',*,*,#1607,.T.);
#2191=ORIENTED_EDGE('',*,*,#1555,.T.);
#2192=ORIENTED_EDGE('',*,*,#1552,.T.);
#2193=ORIENTED_EDGE('',*,*,#1608,.T.);
#2194=ORIENTED_EDGE('',*,*,#1609,.T.);
#2195=ORIENTED_EDGE('',*,*,#1610,.T.);
#2196=ORIENTED_EDGE('',*,*,#1458,.F.);
#2197=ORIENTED_EDGE('',*,*,#1468,.F.);
#2198=ORIENTED_EDGE('',*,*,#1550,.T.);
#2199=ORIENTED_EDGE('',*,*,#1547,.T.);
#2200=ORIENTED_EDGE('',*,*,#1611,.T.);
#2201=ORIENTED_EDGE('',*,*,#1551,.T.);
#2202=ORIENTED_EDGE('',*,*,#1607,.F.);
#2203=ORIENTED_EDGE('',*,*,#1612,.T.);
#2204=ORIENTED_EDGE('',*,*,#1613,.F.);
#2205=ORIENTED_EDGE('',*,*,#1614,.F.);
#2206=ORIENTED_EDGE('',*,*,#1615,.T.);
#2207=ORIENTED_EDGE('',*,*,#1616,.F.);
#2208=ORIENTED_EDGE('',*,*,#1617,.T.);
#2209=ORIENTED_EDGE('',*,*,#1618,.F.);
#2210=ORIENTED_EDGE('',*,*,#1619,.F.);
#2211=ORIENTED_EDGE('',*,*,#1620,.T.);
#2212=ORIENTED_EDGE('',*,*,#1621,.T.);
#2213=ORIENTED_EDGE('',*,*,#1622,.F.);
#2214=ORIENTED_EDGE('',*,*,#1623,.T.);
#2215=ORIENTED_EDGE('',*,*,#1624,.T.);
#2216=ORIENTED_EDGE('',*,*,#1609,.F.);
#2217=ORIENTED_EDGE('',*,*,#1625,.T.);
#2218=ORIENTED_EDGE('',*,*,#1626,.T.);
#2219=ORIENTED_EDGE('',*,*,#1625,.F.);
#2220=ORIENTED_EDGE('',*,*,#1608,.F.);
#2221=ORIENTED_EDGE('',*,*,#1627,.F.);
#2222=ORIENTED_EDGE('',*,*,#1628,.F.);
#2223=ORIENTED_EDGE('',*,*,#1629,.F.);
#2224=ORIENTED_EDGE('',*,*,#1630,.F.);
#2225=ORIENTED_EDGE('',*,*,#1631,.F.);
#2226=ORIENTED_EDGE('',*,*,#1632,.F.);
#2227=ORIENTED_EDGE('',*,*,#1633,.F.);
#2228=ORIENTED_EDGE('',*,*,#1634,.T.);
#2229=ORIENTED_EDGE('',*,*,#1635,.T.);
#2230=ORIENTED_EDGE('',*,*,#1634,.F.);
#2231=ORIENTED_EDGE('',*,*,#1636,.F.);
#2232=ORIENTED_EDGE('',*,*,#1637,.F.);
#2233=ORIENTED_EDGE('',*,*,#1459,.F.);
#2234=ORIENTED_EDGE('',*,*,#1610,.F.);
#2235=ORIENTED_EDGE('',*,*,#1624,.F.);
#2236=ORIENTED_EDGE('',*,*,#1638,.T.);
#2237=ORIENTED_EDGE('',*,*,#1639,.T.);
#2238=ORIENTED_EDGE('',*,*,#1638,.F.);
#2239=ORIENTED_EDGE('',*,*,#1623,.F.);
#2240=ORIENTED_EDGE('',*,*,#1640,.F.);
#2241=ORIENTED_EDGE('',*,*,#1565,.F.);
#2242=ORIENTED_EDGE('',*,*,#1600,.T.);
#2243=ORIENTED_EDGE('',*,*,#1639,.F.);
#2244=ORIENTED_EDGE('',*,*,#1635,.F.);
#2245=ORIENTED_EDGE('',*,*,#1557,.T.);
#2246=ORIENTED_EDGE('',*,*,#1585,.T.);
#2247=ORIENTED_EDGE('',*,*,#1546,.T.);
#2248=ORIENTED_EDGE('',*,*,#1611,.F.);
#2249=ORIENTED_EDGE('',*,*,#1636,.T.);
#2250=ORIENTED_EDGE('',*,*,#1633,.T.);
#2251=ORIENTED_EDGE('',*,*,#1641,.F.);
#2252=ORIENTED_EDGE('',*,*,#1640,.T.);
#2253=ORIENTED_EDGE('',*,*,#1622,.T.);
#2254=ORIENTED_EDGE('',*,*,#1642,.T.);
#2255=ORIENTED_EDGE('',*,*,#1619,.T.);
#2256=ORIENTED_EDGE('',*,*,#1643,.F.);
#2257=ORIENTED_EDGE('',*,*,#1644,.F.);
#2258=ORIENTED_EDGE('',*,*,#1460,.F.);
#2259=ORIENTED_EDGE('',*,*,#1645,.F.);
#2260=ORIENTED_EDGE('',*,*,#1646,.F.);
#2261=ORIENTED_EDGE('',*,*,#1647,.T.);
#2262=ORIENTED_EDGE('',*,*,#1648,.T.);
#2263=ORIENTED_EDGE('',*,*,#1647,.F.);
#2264=ORIENTED_EDGE('',*,*,#1493,.F.);
#2265=ORIENTED_EDGE('',*,*,#1494,.F.);
#2266=ORIENTED_EDGE('',*,*,#1649,.T.);
#2267=ORIENTED_EDGE('',*,*,#1650,.T.);
#2268=ORIENTED_EDGE('',*,*,#1649,.F.);
#2269=ORIENTED_EDGE('',*,*,#1650,.F.);
#2270=ORIENTED_EDGE('',*,*,#1648,.F.);
#2271=ORIENTED_EDGE('',*,*,#1631,.T.);
#2272=ORIENTED_EDGE('',*,*,#1651,.T.);
#2273=ORIENTED_EDGE('',*,*,#1652,.F.);
#2274=ORIENTED_EDGE('',*,*,#1653,.F.);
#2275=ORIENTED_EDGE('',*,*,#1654,.T.);
#2276=ORIENTED_EDGE('',*,*,#1655,.T.);
#2277=ORIENTED_EDGE('',*,*,#1654,.F.);
#2278=ORIENTED_EDGE('',*,*,#1620,.F.);
#2279=ORIENTED_EDGE('',*,*,#1642,.F.);
#2280=ORIENTED_EDGE('',*,*,#1621,.F.);
#2281=ORIENTED_EDGE('',*,*,#1656,.T.);
#2282=ORIENTED_EDGE('',*,*,#1657,.T.);
#2283=ORIENTED_EDGE('',*,*,#1656,.F.);
#2284=ORIENTED_EDGE('',*,*,#1567,.F.);
#2285=ORIENTED_EDGE('',*,*,#1658,.F.);
#2286=ORIENTED_EDGE('',*,*,#1659,.T.);
#2287=ORIENTED_EDGE('',*,*,#1597,.T.);
#2288=ORIENTED_EDGE('',*,*,#1658,.T.);
#2289=ORIENTED_EDGE('',*,*,#1599,.T.);
#2290=ORIENTED_EDGE('',*,*,#1660,.F.);
#2291=ORIENTED_EDGE('',*,*,#1659,.F.);
#2292=ORIENTED_EDGE('',*,*,#1657,.F.);
#2293=ORIENTED_EDGE('',*,*,#1655,.F.);
#2294=ORIENTED_EDGE('',*,*,#1660,.T.);
#2295=ORIENTED_EDGE('',*,*,#1598,.T.);
#2296=ORIENTED_EDGE('',*,*,#1637,.T.);
#2297=ORIENTED_EDGE('',*,*,#1641,.T.);
#2298=ORIENTED_EDGE('',*,*,#1632,.T.);
#2299=ORIENTED_EDGE('',*,*,#1651,.F.);
#2300=ORIENTED_EDGE('',*,*,#1652,.T.);
#2301=ORIENTED_EDGE('',*,*,#1653,.T.);
#2302=ORIENTED_EDGE('',*,*,#1661,.F.);
#2303=ORIENTED_EDGE('',*,*,#1662,.F.);
#2304=ORIENTED_EDGE('',*,*,#1663,.F.);
#2305=ORIENTED_EDGE('',*,*,#1664,.T.);
#2306=ORIENTED_EDGE('',*,*,#1665,.T.);
#2307=ORIENTED_EDGE('',*,*,#1664,.F.);
#2308=ORIENTED_EDGE('',*,*,#1465,.F.);
#2309=ORIENTED_EDGE('',*,*,#1666,.F.);
#2310=ORIENTED_EDGE('',*,*,#1667,.T.);
#2311=ORIENTED_EDGE('',*,*,#1668,.T.);
#2312=ORIENTED_EDGE('',*,*,#1667,.F.);
#2313=ORIENTED_EDGE('',*,*,#1669,.F.);
#2314=ORIENTED_EDGE('',*,*,#1612,.F.);
#2315=ORIENTED_EDGE('',*,*,#1606,.F.);
#2316=ORIENTED_EDGE('',*,*,#1670,.F.);
#2317=ORIENTED_EDGE('',*,*,#1586,.T.);
#2318=ORIENTED_EDGE('',*,*,#1671,.T.);
#2319=ORIENTED_EDGE('',*,*,#1588,.T.);
#2320=ORIENTED_EDGE('',*,*,#1573,.F.);
#2321=ORIENTED_EDGE('',*,*,#1671,.F.);
#2322=ORIENTED_EDGE('',*,*,#1668,.F.);
#2323=ORIENTED_EDGE('',*,*,#1665,.F.);
#2324=ORIENTED_EDGE('',*,*,#1669,.T.);
#2325=ORIENTED_EDGE('',*,*,#1666,.T.);
#2326=ORIENTED_EDGE('',*,*,#1464,.F.);
#2327=ORIENTED_EDGE('',*,*,#1672,.F.);
#2328=ORIENTED_EDGE('',*,*,#1673,.F.);
#2329=ORIENTED_EDGE('',*,*,#1613,.T.);
#2330=ORIENTED_EDGE('',*,*,#1662,.T.);
#2331=ORIENTED_EDGE('',*,*,#1674,.T.);
#2332=ORIENTED_EDGE('',*,*,#1661,.T.);
#2333=ORIENTED_EDGE('',*,*,#1663,.T.);
#2334=ORIENTED_EDGE('',*,*,#1674,.F.);
#2335=ORIENTED_EDGE('',*,*,#1645,.T.);
#2336=ORIENTED_EDGE('',*,*,#1646,.T.);
#2337=ORIENTED_EDGE('',*,*,#1629,.T.);
#2338=ORIENTED_EDGE('',*,*,#1675,.T.);
#2339=ORIENTED_EDGE('',*,*,#1676,.F.);
#2340=ORIENTED_EDGE('',*,*,#1677,.F.);
#2341=ORIENTED_EDGE('',*,*,#1678,.F.);
#2342=ORIENTED_EDGE('',*,*,#1628,.T.);
#2343=ORIENTED_EDGE('',*,*,#1679,.F.);
#2344=ORIENTED_EDGE('',*,*,#1680,.F.);
#2345=ORIENTED_EDGE('',*,*,#1675,.F.);
#2346=ORIENTED_EDGE('',*,*,#1616,.T.);
#2347=ORIENTED_EDGE('',*,*,#1681,.T.);
#2348=ORIENTED_EDGE('',*,*,#1570,.F.);
#2349=ORIENTED_EDGE('',*,*,#1682,.F.);
#2350=ORIENTED_EDGE('',*,*,#1615,.F.);
#2351=ORIENTED_EDGE('',*,*,#1683,.T.);
#2352=ORIENTED_EDGE('',*,*,#1589,.F.);
#2353=ORIENTED_EDGE('',*,*,#1571,.F.);
#2354=ORIENTED_EDGE('',*,*,#1681,.F.);
#2355=ORIENTED_EDGE('',*,*,#1614,.T.);
#2356=ORIENTED_EDGE('',*,*,#1673,.T.);
#2357=ORIENTED_EDGE('',*,*,#1684,.T.);
#2358=ORIENTED_EDGE('',*,*,#1590,.F.);
#2359=ORIENTED_EDGE('',*,*,#1683,.F.);
#2360=ORIENTED_EDGE('',*,*,#1672,.T.);
#2361=ORIENTED_EDGE('',*,*,#1463,.F.);
#2362=ORIENTED_EDGE('',*,*,#1685,.T.);
#2363=ORIENTED_EDGE('',*,*,#1601,.F.);
#2364=ORIENTED_EDGE('',*,*,#1591,.F.);
#2365=ORIENTED_EDGE('',*,*,#1684,.F.);
#2366=ORIENTED_EDGE('',*,*,#1686,.T.);
#2367=ORIENTED_EDGE('',*,*,#1687,.T.);
#2368=ORIENTED_EDGE('',*,*,#1688,.T.);
#2369=ORIENTED_EDGE('',*,*,#1689,.T.);
#2370=ORIENTED_EDGE('',*,*,#1687,.F.);
#2371=ORIENTED_EDGE('',*,*,#1690,.T.);
#2372=ORIENTED_EDGE('',*,*,#1691,.T.);
#2373=ORIENTED_EDGE('',*,*,#1688,.F.);
#2374=ORIENTED_EDGE('',*,*,#1689,.F.);
#2375=ORIENTED_EDGE('',*,*,#1691,.F.);
#2376=ORIENTED_EDGE('',*,*,#1605,.F.);
#2377=ORIENTED_EDGE('',*,*,#1686,.F.);
#2378=ORIENTED_EDGE('',*,*,#1692,.F.);
#2379=ORIENTED_EDGE('',*,*,#1578,.T.);
#2380=ORIENTED_EDGE('',*,*,#1693,.T.);
#2381=ORIENTED_EDGE('',*,*,#1694,.F.);
#2382=ORIENTED_EDGE('',*,*,#1695,.T.);
#2383=ORIENTED_EDGE('',*,*,#1696,.F.);
#2384=ORIENTED_EDGE('',*,*,#1693,.F.);
#2385=ORIENTED_EDGE('',*,*,#1577,.T.);
#2386=ORIENTED_EDGE('',*,*,#1670,.T.);
#2387=ORIENTED_EDGE('',*,*,#1587,.T.);
#2388=ORIENTED_EDGE('',*,*,#1582,.T.);
#2389=ORIENTED_EDGE('',*,*,#1697,.T.);
#2390=ORIENTED_EDGE('',*,*,#1698,.T.);
#2391=ORIENTED_EDGE('',*,*,#1699,.T.);
#2392=ORIENTED_EDGE('',*,*,#1698,.F.);
#2393=ORIENTED_EDGE('',*,*,#1700,.T.);
#2394=ORIENTED_EDGE('',*,*,#1701,.T.);
#2395=ORIENTED_EDGE('',*,*,#1680,.T.);
#2396=ORIENTED_EDGE('',*,*,#1702,.T.);
#2397=ORIENTED_EDGE('',*,*,#1676,.T.);
#2398=ORIENTED_EDGE('',*,*,#1701,.F.);
#2399=ORIENTED_EDGE('',*,*,#1703,.T.);
#2400=ORIENTED_EDGE('',*,*,#1584,.T.);
#2401=ORIENTED_EDGE('',*,*,#1704,.T.);
#2402=ORIENTED_EDGE('',*,*,#1700,.F.);
#2403=ORIENTED_EDGE('',*,*,#1705,.T.);
#2404=ORIENTED_EDGE('',*,*,#1580,.T.);
#2405=ORIENTED_EDGE('',*,*,#1579,.F.);
#2406=ORIENTED_EDGE('',*,*,#1692,.T.);
#2407=ORIENTED_EDGE('',*,*,#1694,.T.);
#2408=ORIENTED_EDGE('',*,*,#1706,.T.);
#2409=ORIENTED_EDGE('',*,*,#1697,.F.);
#2410=ORIENTED_EDGE('',*,*,#1581,.F.);
#2411=ORIENTED_EDGE('',*,*,#1705,.F.);
#2412=ORIENTED_EDGE('',*,*,#1627,.T.);
#2413=ORIENTED_EDGE('',*,*,#1707,.T.);
#2414=ORIENTED_EDGE('',*,*,#1677,.T.);
#2415=ORIENTED_EDGE('',*,*,#1702,.F.);
#2416=ORIENTED_EDGE('',*,*,#1679,.T.);
#2417=ORIENTED_EDGE('',*,*,#1699,.F.);
#2418=ORIENTED_EDGE('',*,*,#1704,.F.);
#2419=ORIENTED_EDGE('',*,*,#1583,.F.);
#2420=ORIENTED_EDGE('',*,*,#1706,.F.);
#2421=ORIENTED_EDGE('',*,*,#1696,.T.);
#2422=ORIENTED_EDGE('',*,*,#1695,.F.);
#2423=ORIENTED_EDGE('',*,*,#1576,.F.);
#2424=ORIENTED_EDGE('',*,*,#1703,.F.);
#2425=ORIENTED_EDGE('',*,*,#1630,.T.);
#2426=ORIENTED_EDGE('',*,*,#1678,.T.);
#2427=ORIENTED_EDGE('',*,*,#1707,.F.);
#2428=ORIENTED_EDGE('',*,*,#1462,.T.);
#2429=ORIENTED_EDGE('',*,*,#1708,.T.);
#2430=ORIENTED_EDGE('',*,*,#1602,.F.);
#2431=ORIENTED_EDGE('',*,*,#1685,.F.);
#2432=ORIENTED_EDGE('',*,*,#1644,.T.);
#2433=ORIENTED_EDGE('',*,*,#1709,.T.);
#2434=ORIENTED_EDGE('',*,*,#1594,.F.);
#2435=ORIENTED_EDGE('',*,*,#1603,.F.);
#2436=ORIENTED_EDGE('',*,*,#1708,.F.);
#2437=ORIENTED_EDGE('',*,*,#1461,.F.);
#2438=ORIENTED_EDGE('',*,*,#1618,.T.);
#2439=ORIENTED_EDGE('',*,*,#1710,.T.);
#2440=ORIENTED_EDGE('',*,*,#1595,.F.);
#2441=ORIENTED_EDGE('',*,*,#1709,.F.);
#2442=ORIENTED_EDGE('',*,*,#1643,.T.);
#2443=ORIENTED_EDGE('',*,*,#1617,.F.);
#2444=ORIENTED_EDGE('',*,*,#1682,.T.);
#2445=ORIENTED_EDGE('',*,*,#1569,.F.);
#2446=ORIENTED_EDGE('',*,*,#1596,.F.);
#2447=ORIENTED_EDGE('',*,*,#1710,.F.);
#2448=ORIENTED_EDGE('',*,*,#1456,.T.);
#2449=ORIENTED_EDGE('',*,*,#1690,.F.);
#2450=ORIENTED_EDGE('',*,*,#1711,.T.);
#2451=ORIENTED_EDGE('',*,*,#1712,.T.);
#2452=ORIENTED_EDGE('',*,*,#1713,.T.);
#2453=ORIENTED_EDGE('',*,*,#1714,.T.);
#2454=ORIENTED_EDGE('',*,*,#1715,.T.);
#2455=ORIENTED_EDGE('',*,*,#1712,.F.);
#2456=ORIENTED_EDGE('',*,*,#1716,.F.);
#2457=ORIENTED_EDGE('',*,*,#1717,.F.);
#2458=ORIENTED_EDGE('',*,*,#1718,.T.);
#2459=ORIENTED_EDGE('',*,*,#1711,.F.);
#2460=ORIENTED_EDGE('',*,*,#1719,.F.);
#2461=ORIENTED_EDGE('',*,*,#1720,.T.);
#2462=ORIENTED_EDGE('',*,*,#1715,.F.);
#2463=ORIENTED_EDGE('',*,*,#1721,.T.);
#2464=ORIENTED_EDGE('',*,*,#1722,.F.);
#2465=ORIENTED_EDGE('',*,*,#1723,.T.);
#2466=ORIENTED_EDGE('',*,*,#1719,.T.);
#2467=ORIENTED_EDGE('',*,*,#1724,.T.);
#2468=ORIENTED_EDGE('',*,*,#1725,.T.);
#2469=ORIENTED_EDGE('',*,*,#1726,.T.);
#2470=ORIENTED_EDGE('',*,*,#1727,.T.);
#2471=ORIENTED_EDGE('',*,*,#1725,.F.);
#2472=ORIENTED_EDGE('',*,*,#1728,.T.);
#2473=ORIENTED_EDGE('',*,*,#1729,.T.);
#2474=ORIENTED_EDGE('',*,*,#1730,.T.);
#2475=ORIENTED_EDGE('',*,*,#1731,.T.);
#2476=ORIENTED_EDGE('',*,*,#1722,.T.);
#2477=ORIENTED_EDGE('',*,*,#1732,.T.);
#2478=ORIENTED_EDGE('',*,*,#1733,.T.);
#2479=ORIENTED_EDGE('',*,*,#1734,.T.);
#2480=ORIENTED_EDGE('',*,*,#1733,.F.);
#2481=ORIENTED_EDGE('',*,*,#1735,.T.);
#2482=ORIENTED_EDGE('',*,*,#1736,.T.);
#2483=ORIENTED_EDGE('',*,*,#1737,.T.);
#2484=ORIENTED_EDGE('',*,*,#1736,.F.);
#2485=ORIENTED_EDGE('',*,*,#1738,.T.);
#2486=ORIENTED_EDGE('',*,*,#1739,.T.);
#2487=ORIENTED_EDGE('',*,*,#1740,.T.);
#2488=ORIENTED_EDGE('',*,*,#1739,.F.);
#2489=ORIENTED_EDGE('',*,*,#1741,.T.);
#2490=ORIENTED_EDGE('',*,*,#1742,.T.);
#2491=ORIENTED_EDGE('',*,*,#1729,.F.);
#2492=ORIENTED_EDGE('',*,*,#1743,.T.);
#2493=ORIENTED_EDGE('',*,*,#1742,.F.);
#2494=ORIENTED_EDGE('',*,*,#1744,.T.);
#2495=ORIENTED_EDGE('',*,*,#1745,.T.);
#2496=ORIENTED_EDGE('',*,*,#1727,.F.);
#2497=ORIENTED_EDGE('',*,*,#1746,.T.);
#2498=ORIENTED_EDGE('',*,*,#1747,.T.);
#2499=ORIENTED_EDGE('',*,*,#1748,.T.);
#2500=ORIENTED_EDGE('',*,*,#1747,.F.);
#2501=ORIENTED_EDGE('',*,*,#1749,.T.);
#2502=ORIENTED_EDGE('',*,*,#1750,.T.);
#2503=ORIENTED_EDGE('',*,*,#1751,.T.);
#2504=ORIENTED_EDGE('',*,*,#1750,.F.);
#2505=ORIENTED_EDGE('',*,*,#1752,.T.);
#2506=ORIENTED_EDGE('',*,*,#1753,.T.);
#2507=ORIENTED_EDGE('',*,*,#1754,.T.);
#2508=ORIENTED_EDGE('',*,*,#1753,.F.);
#2509=ORIENTED_EDGE('',*,*,#1755,.T.);
#2510=ORIENTED_EDGE('',*,*,#1756,.T.);
#2511=ORIENTED_EDGE('',*,*,#1757,.T.);
#2512=ORIENTED_EDGE('',*,*,#1756,.F.);
#2513=ORIENTED_EDGE('',*,*,#1758,.T.);
#2514=ORIENTED_EDGE('',*,*,#1759,.T.);
#2515=ORIENTED_EDGE('',*,*,#1760,.T.);
#2516=ORIENTED_EDGE('',*,*,#1759,.F.);
#2517=ORIENTED_EDGE('',*,*,#1761,.T.);
#2518=ORIENTED_EDGE('',*,*,#1762,.T.);
#2519=ORIENTED_EDGE('',*,*,#1763,.T.);
#2520=ORIENTED_EDGE('',*,*,#1762,.F.);
#2521=ORIENTED_EDGE('',*,*,#1764,.T.);
#2522=ORIENTED_EDGE('',*,*,#1765,.T.);
#2523=ORIENTED_EDGE('',*,*,#1766,.T.);
#2524=ORIENTED_EDGE('',*,*,#1765,.F.);
#2525=ORIENTED_EDGE('',*,*,#1767,.T.);
#2526=ORIENTED_EDGE('',*,*,#1768,.T.);
#2527=ORIENTED_EDGE('',*,*,#1769,.T.);
#2528=ORIENTED_EDGE('',*,*,#1768,.F.);
#2529=ORIENTED_EDGE('',*,*,#1770,.T.);
#2530=ORIENTED_EDGE('',*,*,#1771,.T.);
#2531=ORIENTED_EDGE('',*,*,#1772,.T.);
#2532=ORIENTED_EDGE('',*,*,#1771,.F.);
#2533=ORIENTED_EDGE('',*,*,#1773,.T.);
#2534=ORIENTED_EDGE('',*,*,#1774,.T.);
#2535=ORIENTED_EDGE('',*,*,#1775,.T.);
#2536=ORIENTED_EDGE('',*,*,#1774,.F.);
#2537=ORIENTED_EDGE('',*,*,#1776,.T.);
#2538=ORIENTED_EDGE('',*,*,#1777,.T.);
#2539=ORIENTED_EDGE('',*,*,#1778,.T.);
#2540=ORIENTED_EDGE('',*,*,#1777,.F.);
#2541=ORIENTED_EDGE('',*,*,#1779,.T.);
#2542=ORIENTED_EDGE('',*,*,#1780,.T.);
#2543=ORIENTED_EDGE('',*,*,#1781,.T.);
#2544=ORIENTED_EDGE('',*,*,#1780,.F.);
#2545=ORIENTED_EDGE('',*,*,#1782,.T.);
#2546=ORIENTED_EDGE('',*,*,#1783,.T.);
#2547=ORIENTED_EDGE('',*,*,#1784,.T.);
#2548=ORIENTED_EDGE('',*,*,#1783,.F.);
#2549=ORIENTED_EDGE('',*,*,#1785,.T.);
#2550=ORIENTED_EDGE('',*,*,#1786,.T.);
#2551=ORIENTED_EDGE('',*,*,#1787,.T.);
#2552=ORIENTED_EDGE('',*,*,#1786,.F.);
#2553=ORIENTED_EDGE('',*,*,#1788,.T.);
#2554=ORIENTED_EDGE('',*,*,#1789,.T.);
#2555=ORIENTED_EDGE('',*,*,#1790,.T.);
#2556=ORIENTED_EDGE('',*,*,#1789,.F.);
#2557=ORIENTED_EDGE('',*,*,#1791,.T.);
#2558=ORIENTED_EDGE('',*,*,#1792,.T.);
#2559=ORIENTED_EDGE('',*,*,#1793,.T.);
#2560=ORIENTED_EDGE('',*,*,#1792,.F.);
#2561=ORIENTED_EDGE('',*,*,#1794,.T.);
#2562=ORIENTED_EDGE('',*,*,#1795,.T.);
#2563=ORIENTED_EDGE('',*,*,#1796,.T.);
#2564=ORIENTED_EDGE('',*,*,#1795,.F.);
#2565=ORIENTED_EDGE('',*,*,#1797,.T.);
#2566=ORIENTED_EDGE('',*,*,#1798,.T.);
#2567=ORIENTED_EDGE('',*,*,#1799,.T.);
#2568=ORIENTED_EDGE('',*,*,#1798,.F.);
#2569=ORIENTED_EDGE('',*,*,#1800,.T.);
#2570=ORIENTED_EDGE('',*,*,#1801,.T.);
#2571=ORIENTED_EDGE('',*,*,#1802,.T.);
#2572=ORIENTED_EDGE('',*,*,#1801,.F.);
#2573=ORIENTED_EDGE('',*,*,#1803,.T.);
#2574=ORIENTED_EDGE('',*,*,#1804,.T.);
#2575=ORIENTED_EDGE('',*,*,#1805,.T.);
#2576=ORIENTED_EDGE('',*,*,#1804,.F.);
#2577=ORIENTED_EDGE('',*,*,#1806,.T.);
#2578=ORIENTED_EDGE('',*,*,#1807,.T.);
#2579=ORIENTED_EDGE('',*,*,#1808,.T.);
#2580=ORIENTED_EDGE('',*,*,#1807,.F.);
#2581=ORIENTED_EDGE('',*,*,#1809,.T.);
#2582=ORIENTED_EDGE('',*,*,#1810,.T.);
#2583=ORIENTED_EDGE('',*,*,#1811,.T.);
#2584=ORIENTED_EDGE('',*,*,#1810,.F.);
#2585=ORIENTED_EDGE('',*,*,#1812,.T.);
#2586=ORIENTED_EDGE('',*,*,#1813,.T.);
#2587=ORIENTED_EDGE('',*,*,#1814,.T.);
#2588=ORIENTED_EDGE('',*,*,#1813,.F.);
#2589=ORIENTED_EDGE('',*,*,#1815,.T.);
#2590=ORIENTED_EDGE('',*,*,#1816,.T.);
#2591=ORIENTED_EDGE('',*,*,#1817,.T.);
#2592=ORIENTED_EDGE('',*,*,#1816,.F.);
#2593=ORIENTED_EDGE('',*,*,#1818,.T.);
#2594=ORIENTED_EDGE('',*,*,#1819,.T.);
#2595=ORIENTED_EDGE('',*,*,#1820,.T.);
#2596=ORIENTED_EDGE('',*,*,#1821,.F.);
#2597=ORIENTED_EDGE('',*,*,#1713,.F.);
#2598=ORIENTED_EDGE('',*,*,#1822,.T.);
#2599=ORIENTED_EDGE('',*,*,#1819,.F.);
#2600=ORIENTED_EDGE('',*,*,#1720,.F.);
#2601=ORIENTED_EDGE('',*,*,#1823,.F.);
#2602=ORIENTED_EDGE('',*,*,#1824,.T.);
#2603=ORIENTED_EDGE('',*,*,#1716,.T.);
#2604=ORIENTED_EDGE('',*,*,#1723,.F.);
#2605=ORIENTED_EDGE('',*,*,#1825,.F.);
#2606=ORIENTED_EDGE('',*,*,#1826,.T.);
#2607=ORIENTED_EDGE('',*,*,#1823,.T.);
#2608=ORIENTED_EDGE('',*,*,#1731,.F.);
#2609=ORIENTED_EDGE('',*,*,#1827,.F.);
#2610=ORIENTED_EDGE('',*,*,#1828,.T.);
#2611=ORIENTED_EDGE('',*,*,#1825,.T.);
#2612=ORIENTED_EDGE('',*,*,#1734,.F.);
#2613=ORIENTED_EDGE('',*,*,#1829,.F.);
#2614=ORIENTED_EDGE('',*,*,#1830,.T.);
#2615=ORIENTED_EDGE('',*,*,#1827,.T.);
#2616=ORIENTED_EDGE('',*,*,#1737,.F.);
#2617=ORIENTED_EDGE('',*,*,#1831,.F.);
#2618=ORIENTED_EDGE('',*,*,#1832,.T.);
#2619=ORIENTED_EDGE('',*,*,#1829,.T.);
#2620=ORIENTED_EDGE('',*,*,#1740,.F.);
#2621=ORIENTED_EDGE('',*,*,#1833,.F.);
#2622=ORIENTED_EDGE('',*,*,#1834,.F.);
#2623=ORIENTED_EDGE('',*,*,#1831,.T.);
#2624=ORIENTED_EDGE('',*,*,#1743,.F.);
#2625=ORIENTED_EDGE('',*,*,#1835,.F.);
#2626=ORIENTED_EDGE('',*,*,#1836,.T.);
#2627=ORIENTED_EDGE('',*,*,#1833,.T.);
#2628=ORIENTED_EDGE('',*,*,#1728,.F.);
#2629=ORIENTED_EDGE('',*,*,#1837,.F.);
#2630=ORIENTED_EDGE('',*,*,#1838,.T.);
#2631=ORIENTED_EDGE('',*,*,#1835,.T.);
#2632=ORIENTED_EDGE('',*,*,#1724,.F.);
#2633=ORIENTED_EDGE('',*,*,#1839,.F.);
#2634=ORIENTED_EDGE('',*,*,#1840,.T.);
#2635=ORIENTED_EDGE('',*,*,#1837,.T.);
#2636=ORIENTED_EDGE('',*,*,#1745,.F.);
#2637=ORIENTED_EDGE('',*,*,#1841,.F.);
#2638=ORIENTED_EDGE('',*,*,#1842,.T.);
#2639=ORIENTED_EDGE('',*,*,#1839,.T.);
#2640=ORIENTED_EDGE('',*,*,#1748,.F.);
#2641=ORIENTED_EDGE('',*,*,#1843,.F.);
#2642=ORIENTED_EDGE('',*,*,#1844,.T.);
#2643=ORIENTED_EDGE('',*,*,#1841,.T.);
#2644=ORIENTED_EDGE('',*,*,#1751,.F.);
#2645=ORIENTED_EDGE('',*,*,#1845,.F.);
#2646=ORIENTED_EDGE('',*,*,#1846,.F.);
#2647=ORIENTED_EDGE('',*,*,#1843,.T.);
#2648=ORIENTED_EDGE('',*,*,#1754,.F.);
#2649=ORIENTED_EDGE('',*,*,#1847,.F.);
#2650=ORIENTED_EDGE('',*,*,#1848,.T.);
#2651=ORIENTED_EDGE('',*,*,#1845,.T.);
#2652=ORIENTED_EDGE('',*,*,#1757,.F.);
#2653=ORIENTED_EDGE('',*,*,#1849,.F.);
#2654=ORIENTED_EDGE('',*,*,#1850,.T.);
#2655=ORIENTED_EDGE('',*,*,#1847,.T.);
#2656=ORIENTED_EDGE('',*,*,#1760,.F.);
#2657=ORIENTED_EDGE('',*,*,#1851,.F.);
#2658=ORIENTED_EDGE('',*,*,#1852,.T.);
#2659=ORIENTED_EDGE('',*,*,#1849,.T.);
#2660=ORIENTED_EDGE('',*,*,#1763,.F.);
#2661=ORIENTED_EDGE('',*,*,#1853,.F.);
#2662=ORIENTED_EDGE('',*,*,#1854,.F.);
#2663=ORIENTED_EDGE('',*,*,#1851,.T.);
#2664=ORIENTED_EDGE('',*,*,#1766,.F.);
#2665=ORIENTED_EDGE('',*,*,#1855,.F.);
#2666=ORIENTED_EDGE('',*,*,#1856,.T.);
#2667=ORIENTED_EDGE('',*,*,#1853,.T.);
#2668=ORIENTED_EDGE('',*,*,#1769,.F.);
#2669=ORIENTED_EDGE('',*,*,#1857,.F.);
#2670=ORIENTED_EDGE('',*,*,#1858,.T.);
#2671=ORIENTED_EDGE('',*,*,#1855,.T.);
#2672=ORIENTED_EDGE('',*,*,#1772,.F.);
#2673=ORIENTED_EDGE('',*,*,#1859,.F.);
#2674=ORIENTED_EDGE('',*,*,#1860,.T.);
#2675=ORIENTED_EDGE('',*,*,#1857,.T.);
#2676=ORIENTED_EDGE('',*,*,#1775,.F.);
#2677=ORIENTED_EDGE('',*,*,#1861,.F.);
#2678=ORIENTED_EDGE('',*,*,#1862,.F.);
#2679=ORIENTED_EDGE('',*,*,#1859,.T.);
#2680=ORIENTED_EDGE('',*,*,#1778,.F.);
#2681=ORIENTED_EDGE('',*,*,#1863,.F.);
#2682=ORIENTED_EDGE('',*,*,#1864,.T.);
#2683=ORIENTED_EDGE('',*,*,#1861,.T.);
#2684=ORIENTED_EDGE('',*,*,#1781,.F.);
#2685=ORIENTED_EDGE('',*,*,#1865,.F.);
#2686=ORIENTED_EDGE('',*,*,#1866,.T.);
#2687=ORIENTED_EDGE('',*,*,#1863,.T.);
#2688=ORIENTED_EDGE('',*,*,#1784,.F.);
#2689=ORIENTED_EDGE('',*,*,#1867,.F.);
#2690=ORIENTED_EDGE('',*,*,#1868,.T.);
#2691=ORIENTED_EDGE('',*,*,#1865,.T.);
#2692=ORIENTED_EDGE('',*,*,#1787,.F.);
#2693=ORIENTED_EDGE('',*,*,#1869,.F.);
#2694=ORIENTED_EDGE('',*,*,#1870,.F.);
#2695=ORIENTED_EDGE('',*,*,#1867,.T.);
#2696=ORIENTED_EDGE('',*,*,#1790,.F.);
#2697=ORIENTED_EDGE('',*,*,#1871,.F.);
#2698=ORIENTED_EDGE('',*,*,#1872,.T.);
#2699=ORIENTED_EDGE('',*,*,#1869,.T.);
#2700=ORIENTED_EDGE('',*,*,#1793,.F.);
#2701=ORIENTED_EDGE('',*,*,#1873,.F.);
#2702=ORIENTED_EDGE('',*,*,#1874,.T.);
#2703=ORIENTED_EDGE('',*,*,#1871,.T.);
#2704=ORIENTED_EDGE('',*,*,#1796,.F.);
#2705=ORIENTED_EDGE('',*,*,#1875,.F.);
#2706=ORIENTED_EDGE('',*,*,#1876,.T.);
#2707=ORIENTED_EDGE('',*,*,#1873,.T.);
#2708=ORIENTED_EDGE('',*,*,#1799,.F.);
#2709=ORIENTED_EDGE('',*,*,#1877,.F.);
#2710=ORIENTED_EDGE('',*,*,#1878,.F.);
#2711=ORIENTED_EDGE('',*,*,#1875,.T.);
#2712=ORIENTED_EDGE('',*,*,#1802,.F.);
#2713=ORIENTED_EDGE('',*,*,#1879,.F.);
#2714=ORIENTED_EDGE('',*,*,#1880,.T.);
#2715=ORIENTED_EDGE('',*,*,#1877,.T.);
#2716=ORIENTED_EDGE('',*,*,#1805,.F.);
#2717=ORIENTED_EDGE('',*,*,#1881,.F.);
#2718=ORIENTED_EDGE('',*,*,#1882,.T.);
#2719=ORIENTED_EDGE('',*,*,#1879,.T.);
#2720=ORIENTED_EDGE('',*,*,#1808,.F.);
#2721=ORIENTED_EDGE('',*,*,#1883,.F.);
#2722=ORIENTED_EDGE('',*,*,#1884,.T.);
#2723=ORIENTED_EDGE('',*,*,#1881,.T.);
#2724=ORIENTED_EDGE('',*,*,#1811,.F.);
#2725=ORIENTED_EDGE('',*,*,#1885,.F.);
#2726=ORIENTED_EDGE('',*,*,#1886,.F.);
#2727=ORIENTED_EDGE('',*,*,#1883,.T.);
#2728=ORIENTED_EDGE('',*,*,#1814,.F.);
#2729=ORIENTED_EDGE('',*,*,#1887,.F.);
#2730=ORIENTED_EDGE('',*,*,#1888,.T.);
#2731=ORIENTED_EDGE('',*,*,#1885,.T.);
#2732=ORIENTED_EDGE('',*,*,#1817,.F.);
#2733=ORIENTED_EDGE('',*,*,#1889,.F.);
#2734=ORIENTED_EDGE('',*,*,#1890,.T.);
#2735=ORIENTED_EDGE('',*,*,#1887,.T.);
#2736=ORIENTED_EDGE('',*,*,#1822,.F.);
#2737=ORIENTED_EDGE('',*,*,#1718,.F.);
#2738=ORIENTED_EDGE('',*,*,#1891,.T.);
#2739=ORIENTED_EDGE('',*,*,#1889,.T.);
#2740=ORIENTED_EDGE('',*,*,#1821,.T.);
#2741=ORIENTED_EDGE('',*,*,#1820,.F.);
#2742=ORIENTED_EDGE('',*,*,#1818,.F.);
#2743=ORIENTED_EDGE('',*,*,#1815,.F.);
#2744=ORIENTED_EDGE('',*,*,#1812,.F.);
#2745=ORIENTED_EDGE('',*,*,#1809,.F.);
#2746=ORIENTED_EDGE('',*,*,#1806,.F.);
#2747=ORIENTED_EDGE('',*,*,#1803,.F.);
#2748=ORIENTED_EDGE('',*,*,#1800,.F.);
#2749=ORIENTED_EDGE('',*,*,#1797,.F.);
#2750=ORIENTED_EDGE('',*,*,#1794,.F.);
#2751=ORIENTED_EDGE('',*,*,#1791,.F.);
#2752=ORIENTED_EDGE('',*,*,#1788,.F.);
#2753=ORIENTED_EDGE('',*,*,#1785,.F.);
#2754=ORIENTED_EDGE('',*,*,#1782,.F.);
#2755=ORIENTED_EDGE('',*,*,#1779,.F.);
#2756=ORIENTED_EDGE('',*,*,#1776,.F.);
#2757=ORIENTED_EDGE('',*,*,#1773,.F.);
#2758=ORIENTED_EDGE('',*,*,#1770,.F.);
#2759=ORIENTED_EDGE('',*,*,#1767,.F.);
#2760=ORIENTED_EDGE('',*,*,#1764,.F.);
#2761=ORIENTED_EDGE('',*,*,#1761,.F.);
#2762=ORIENTED_EDGE('',*,*,#1758,.F.);
#2763=ORIENTED_EDGE('',*,*,#1755,.F.);
#2764=ORIENTED_EDGE('',*,*,#1752,.F.);
#2765=ORIENTED_EDGE('',*,*,#1749,.F.);
#2766=ORIENTED_EDGE('',*,*,#1746,.F.);
#2767=ORIENTED_EDGE('',*,*,#1726,.F.);
#2768=ORIENTED_EDGE('',*,*,#1730,.F.);
#2769=ORIENTED_EDGE('',*,*,#1744,.F.);
#2770=ORIENTED_EDGE('',*,*,#1741,.F.);
#2771=ORIENTED_EDGE('',*,*,#1738,.F.);
#2772=ORIENTED_EDGE('',*,*,#1735,.F.);
#2773=ORIENTED_EDGE('',*,*,#1732,.F.);
#2774=ORIENTED_EDGE('',*,*,#1721,.F.);
#2775=ORIENTED_EDGE('',*,*,#1714,.F.);
#2776=ORIENTED_EDGE('',*,*,#1562,.T.);
#2777=ORIENTED_EDGE('',*,*,#1868,.F.);
#2778=ORIENTED_EDGE('',*,*,#1870,.T.);
#2779=ORIENTED_EDGE('',*,*,#1872,.F.);
#2780=ORIENTED_EDGE('',*,*,#1874,.F.);
#2781=ORIENTED_EDGE('',*,*,#1876,.F.);
#2782=ORIENTED_EDGE('',*,*,#1878,.T.);
#2783=ORIENTED_EDGE('',*,*,#1880,.F.);
#2784=ORIENTED_EDGE('',*,*,#1882,.F.);
#2785=ORIENTED_EDGE('',*,*,#1884,.F.);
#2786=ORIENTED_EDGE('',*,*,#1886,.T.);
#2787=ORIENTED_EDGE('',*,*,#1888,.F.);
#2788=ORIENTED_EDGE('',*,*,#1890,.F.);
#2789=ORIENTED_EDGE('',*,*,#1891,.F.);
#2790=ORIENTED_EDGE('',*,*,#1717,.T.);
#2791=ORIENTED_EDGE('',*,*,#1824,.F.);
#2792=ORIENTED_EDGE('',*,*,#1826,.F.);
#2793=ORIENTED_EDGE('',*,*,#1828,.F.);
#2794=ORIENTED_EDGE('',*,*,#1830,.F.);
#2795=ORIENTED_EDGE('',*,*,#1832,.F.);
#2796=ORIENTED_EDGE('',*,*,#1834,.T.);
#2797=ORIENTED_EDGE('',*,*,#1836,.F.);
#2798=ORIENTED_EDGE('',*,*,#1838,.F.);
#2799=ORIENTED_EDGE('',*,*,#1840,.F.);
#2800=ORIENTED_EDGE('',*,*,#1842,.F.);
#2801=ORIENTED_EDGE('',*,*,#1844,.F.);
#2802=ORIENTED_EDGE('',*,*,#1846,.T.);
#2803=ORIENTED_EDGE('',*,*,#1848,.F.);
#2804=ORIENTED_EDGE('',*,*,#1850,.F.);
#2805=ORIENTED_EDGE('',*,*,#1852,.F.);
#2806=ORIENTED_EDGE('',*,*,#1854,.T.);
#2807=ORIENTED_EDGE('',*,*,#1856,.F.);
#2808=ORIENTED_EDGE('',*,*,#1858,.F.);
#2809=ORIENTED_EDGE('',*,*,#1860,.F.);
#2810=ORIENTED_EDGE('',*,*,#1862,.T.);
#2811=ORIENTED_EDGE('',*,*,#1864,.F.);
#2812=ORIENTED_EDGE('',*,*,#1866,.F.);
#2813=ORIENTED_EDGE('',*,*,#1626,.F.);
#2814=PLANE('',#3099);
#2815=PLANE('',#3102);
#2816=PLANE('',#3105);
#2817=PLANE('',#3108);
#2818=PLANE('',#3111);
#2819=PLANE('',#3112);
#2820=PLANE('',#3133);
#2821=PLANE('',#3135);
#2822=PLANE('',#3137);
#2823=PLANE('',#3139);
#2824=PLANE('',#3143);
#2825=PLANE('',#3145);
#2826=PLANE('',#3150);
#2827=PLANE('',#3152);
#2828=PLANE('',#3156);
#2829=PLANE('',#3160);
#2830=PLANE('',#3163);
#2831=PLANE('',#3171);
#2832=PLANE('',#3174);
#2833=PLANE('',#3175);
#2834=PLANE('',#3178);
#2835=PLANE('',#3180);
#2836=PLANE('',#3182);
#2837=PLANE('',#3184);
#2838=PLANE('',#3186);
#2839=PLANE('',#3187);
#2840=PLANE('',#3189);
#2841=PLANE('',#3191);
#2842=PLANE('',#3193);
#2843=PLANE('',#3208);
#2844=PLANE('',#3218);
#2845=PLANE('',#3235);
#2846=PLANE('',#3238);
#2847=PLANE('',#3242);
#2848=PLANE('',#3258);
#2849=PLANE('',#3263);
#2850=PLANE('',#3270);
#2851=PLANE('',#3280);
#2852=PLANE('',#3282);
#2853=PLANE('',#3293);
#2854=PLANE('',#3294);
#2855=PLANE('',#3296);
#2856=PLANE('',#3300);
#2857=PLANE('',#3302);
#2858=PLANE('',#3304);
#2859=PLANE('',#3306);
#2860=PLANE('',#3315);
#2861=PLANE('',#3327);
#2862=PLANE('',#3328);
#2863=PLANE('',#3329);
#2864=PLANE('',#3330);
#2865=PLANE('',#3331);
#2866=PLANE('',#3332);
#2867=PLANE('',#3334);
#2868=PLANE('',#3336);
#2869=PLANE('',#3337);
#2870=PLANE('',#3340);
#2871=PLANE('',#3343);
#2872=PLANE('',#3344);
#2873=PLANE('',#3345);
#2874=PLANE('',#3348);
#2875=PLANE('',#3351);
#2876=PLANE('',#3352);
#2877=PLANE('',#3353);
#2878=PLANE('',#3356);
#2879=PLANE('',#3357);
#2880=PLANE('',#3358);
#2881=PLANE('',#3361);
#2882=PLANE('',#3362);
#2883=PLANE('',#3363);
#2884=PLANE('',#3366);
#2885=PLANE('',#3367);
#2886=PLANE('',#3368);
#2887=PLANE('',#3371);
#2888=PLANE('',#3372);
#2889=PLANE('',#3373);
#2890=PLANE('',#3376);
#2891=PLANE('',#3377);
#2892=PLANE('',#3378);
#2893=PLANE('',#3381);
#2894=PLANE('',#3382);
#2895=PLANE('',#3383);
#2896=PLANE('',#3384);
#2897=ADVANCED_FACE('',(#443),#2814,.T.);
#2898=ADVANCED_FACE('',(#444),#395,.T.);
#2899=ADVANCED_FACE('',(#445),#2815,.T.);
#2900=ADVANCED_FACE('',(#446),#396,.T.);
#2901=ADVANCED_FACE('',(#447),#2816,.T.);
#2902=ADVANCED_FACE('',(#448),#397,.T.);
#2903=ADVANCED_FACE('',(#449),#2817,.T.);
#2904=ADVANCED_FACE('',(#450),#398,.T.);
#2905=ADVANCED_FACE('',(#451),#2818,.T.);
#2906=ADVANCED_FACE('',(#452),#2819,.F.);
#2907=ADVANCED_FACE('',(#453,#55,#56,#57,#58,#59),#77,.F.);
#2908=ADVANCED_FACE('',(#454),#2820,.F.);
#2909=ADVANCED_FACE('',(#455),#2821,.F.);
#2910=ADVANCED_FACE('',(#456),#2822,.F.);
#2911=ADVANCED_FACE('',(#457),#2823,.T.);
#2912=ADVANCED_FACE('',(#458),#399,.F.);
#2913=ADVANCED_FACE('',(#459,#60),#2824,.F.);
#2914=ADVANCED_FACE('',(#460),#2825,.T.);
#2915=ADVANCED_FACE('',(#461),#400,.F.);
#2916=ADVANCED_FACE('',(#462,#61),#2826,.F.);
#2917=ADVANCED_FACE('',(#463),#2827,.T.);
#2918=ADVANCED_FACE('',(#464),#401,.F.);
#2919=ADVANCED_FACE('',(#465,#62),#2828,.F.);
#2920=ADVANCED_FACE('',(#466),#402,.F.);
#2921=ADVANCED_FACE('',(#467),#2829,.T.);
#2922=ADVANCED_FACE('',(#468,#63),#2830,.F.);
#2923=ADVANCED_FACE('',(#469),#403,.T.);
#2924=ADVANCED_FACE('',(#470),#404,.T.);
#2925=ADVANCED_FACE('',(#471),#2831,.F.);
#2926=ADVANCED_FACE('',(#472),#405,.T.);
#2927=ADVANCED_FACE('',(#473),#2832,.F.);
#2928=ADVANCED_FACE('',(#474),#2833,.F.);
#2929=ADVANCED_FACE('',(#475),#406,.T.);
#2930=ADVANCED_FACE('',(#476),#2834,.F.);
#2931=ADVANCED_FACE('',(#477),#2835,.F.);
#2932=ADVANCED_FACE('',(#478),#2836,.F.);
#2933=ADVANCED_FACE('',(#479),#2837,.F.);
#2934=ADVANCED_FACE('',(#480),#2838,.F.);
#2935=ADVANCED_FACE('',(#481),#2839,.F.);
#2936=ADVANCED_FACE('',(#482),#407,.F.);
#2937=ADVANCED_FACE('',(#483),#2840,.F.);
#2938=ADVANCED_FACE('',(#484),#408,.F.);
#2939=ADVANCED_FACE('',(#485),#2841,.F.);
#2940=ADVANCED_FACE('',(#486),#409,.F.);
#2941=ADVANCED_FACE('',(#487),#2842,.F.);
#2942=ADVANCED_FACE('',(#488),#410,.F.);
#2943=ADVANCED_FACE('',(#489),#411,.F.);
#2944=ADVANCED_FACE('',(#490),#412,.T.);
#2945=ADVANCED_FACE('',(#491),#78,.T.);
#2946=ADVANCED_FACE('',(#492),#413,.T.);
#2947=ADVANCED_FACE('',(#493,#64),#2843,.F.);
#2948=ADVANCED_FACE('',(#494,#65,#66),#79,.T.);
#2949=ADVANCED_FACE('',(#495),#2844,.T.);
#2950=ADVANCED_FACE('',(#496),#80,.T.);
#2951=ADVANCED_FACE('',(#497),#2845,.F.);
#2952=ADVANCED_FACE('',(#498),#2846,.F.);
#2953=ADVANCED_FACE('',(#499),#2847,.F.);
#2954=ADVANCED_FACE('',(#500,#67),#81,.F.);
#2955=ADVANCED_FACE('',(#501),#414,.F.);
#2956=ADVANCED_FACE('',(#502),#415,.T.);
#2957=ADVANCED_FACE('',(#503),#82,.T.);
#2958=ADVANCED_FACE('',(#504,#68),#2848,.F.);
#2959=ADVANCED_FACE('',(#505),#83,.T.);
#2960=ADVANCED_FACE('',(#506),#84,.F.);
#2961=ADVANCED_FACE('',(#507),#85,.F.);
#2962=ADVANCED_FACE('',(#508),#2849,.F.);
#2963=ADVANCED_FACE('',(#509),#416,.F.);
#2964=ADVANCED_FACE('',(#510),#417,.T.);
#2965=ADVANCED_FACE('',(#511,#69),#2850,.F.);
#2966=ADVANCED_FACE('',(#512),#86,.F.);
#2967=ADVANCED_FACE('',(#513),#418,.F.);
#2968=ADVANCED_FACE('',(#514),#419,.T.);
#2969=ADVANCED_FACE('',(#515),#420,.T.);
#2970=ADVANCED_FACE('',(#516),#87,.T.);
#2971=ADVANCED_FACE('',(#517),#421,.F.);
#2972=ADVANCED_FACE('',(#518,#70),#2851,.F.);
#2973=ADVANCED_FACE('',(#519),#88,.T.);
#2974=ADVANCED_FACE('',(#520),#2852,.F.);
#2975=ADVANCED_FACE('',(#521),#89,.F.);
#2976=ADVANCED_FACE('',(#522),#422,.F.);
#2977=ADVANCED_FACE('',(#523),#423,.T.);
#2978=ADVANCED_FACE('',(#524),#90,.T.);
#2979=ADVANCED_FACE('',(#525),#424,.T.);
#2980=ADVANCED_FACE('',(#526,#71),#2853,.F.);
#2981=ADVANCED_FACE('',(#527),#2854,.F.);
#2982=ADVANCED_FACE('',(#528),#2855,.F.);
#2983=ADVANCED_FACE('',(#529),#91,.F.);
#2984=ADVANCED_FACE('',(#530),#92,.F.);
#2985=ADVANCED_FACE('',(#531),#2856,.F.);
#2986=ADVANCED_FACE('',(#532),#2857,.F.);
#2987=ADVANCED_FACE('',(#533),#2858,.F.);
#2988=ADVANCED_FACE('',(#534),#425,.F.);
#2989=ADVANCED_FACE('',(#535),#2859,.F.);
#2990=ADVANCED_FACE('',(#536),#426,.F.);
#2991=ADVANCED_FACE('',(#537),#54,.T.);
#2992=ADVANCED_FACE('',(#538),#427,.F.);
#2993=ADVANCED_FACE('',(#539,#72),#2860,.T.);
#2994=ADVANCED_FACE('',(#540),#16,.T.);
#2995=ADVANCED_FACE('',(#541),#17,.T.);
#2996=ADVANCED_FACE('',(#542),#93,.T.);
#2997=ADVANCED_FACE('',(#543),#428,.T.);
#2998=ADVANCED_FACE('',(#544,#73),#15,.T.);
#2999=ADVANCED_FACE('',(#545),#429,.T.);
#3000=ADVANCED_FACE('',(#546),#430,.T.);
#3001=ADVANCED_FACE('',(#547),#2861,.T.);
#3002=ADVANCED_FACE('',(#548),#2862,.F.);
#3003=ADVANCED_FACE('',(#549),#2863,.T.);
#3004=ADVANCED_FACE('',(#550),#2864,.T.);
#3005=ADVANCED_FACE('',(#551),#2865,.F.);
#3006=ADVANCED_FACE('',(#552),#2866,.F.);
#3007=ADVANCED_FACE('',(#553),#431,.F.);
#3008=ADVANCED_FACE('',(#554),#2867,.F.);
#3009=ADVANCED_FACE('',(#555),#432,.F.);
#3010=ADVANCED_FACE('',(#556,#74),#2868,.T.);
#3011=ADVANCED_FACE('',(#557),#18,.T.);
#3012=ADVANCED_FACE('',(#558),#2869,.T.);
#3013=ADVANCED_FACE('',(#559),#19,.T.);
#3014=ADVANCED_FACE('',(#560),#20,.T.);
#3015=ADVANCED_FACE('',(#561),#21,.T.);
#3016=ADVANCED_FACE('',(#562),#22,.T.);
#3017=ADVANCED_FACE('',(#563),#23,.T.);
#3018=ADVANCED_FACE('',(#564),#24,.T.);
#3019=ADVANCED_FACE('',(#565),#25,.T.);
#3020=ADVANCED_FACE('',(#566),#26,.T.);
#3021=ADVANCED_FACE('',(#567),#27,.T.);
#3022=ADVANCED_FACE('',(#568),#28,.T.);
#3023=ADVANCED_FACE('',(#569),#29,.T.);
#3024=ADVANCED_FACE('',(#570),#30,.T.);
#3025=ADVANCED_FACE('',(#571),#31,.T.);
#3026=ADVANCED_FACE('',(#572),#32,.T.);
#3027=ADVANCED_FACE('',(#573),#33,.T.);
#3028=ADVANCED_FACE('',(#574),#34,.T.);
#3029=ADVANCED_FACE('',(#575),#35,.T.);
#3030=ADVANCED_FACE('',(#576),#36,.T.);
#3031=ADVANCED_FACE('',(#577),#37,.T.);
#3032=ADVANCED_FACE('',(#578),#38,.T.);
#3033=ADVANCED_FACE('',(#579),#39,.T.);
#3034=ADVANCED_FACE('',(#580),#40,.T.);
#3035=ADVANCED_FACE('',(#581),#41,.T.);
#3036=ADVANCED_FACE('',(#582),#42,.T.);
#3037=ADVANCED_FACE('',(#583),#43,.T.);
#3038=ADVANCED_FACE('',(#584),#44,.T.);
#3039=ADVANCED_FACE('',(#585),#45,.T.);
#3040=ADVANCED_FACE('',(#586),#46,.T.);
#3041=ADVANCED_FACE('',(#587),#47,.T.);
#3042=ADVANCED_FACE('',(#588),#48,.T.);
#3043=ADVANCED_FACE('',(#589),#49,.T.);
#3044=ADVANCED_FACE('',(#590),#50,.T.);
#3045=ADVANCED_FACE('',(#591),#51,.T.);
#3046=ADVANCED_FACE('',(#592),#52,.T.);
#3047=ADVANCED_FACE('',(#593),#53,.T.);
#3048=ADVANCED_FACE('',(#594),#433,.T.);
#3049=ADVANCED_FACE('',(#595),#2870,.T.);
#3050=ADVANCED_FACE('',(#596),#434,.T.);
#3051=ADVANCED_FACE('',(#597),#2871,.T.);
#3052=ADVANCED_FACE('',(#598),#2872,.T.);
#3053=ADVANCED_FACE('',(#599),#2873,.T.);
#3054=ADVANCED_FACE('',(#600),#435,.T.);
#3055=ADVANCED_FACE('',(#601),#2874,.T.);
#3056=ADVANCED_FACE('',(#602),#436,.T.);
#3057=ADVANCED_FACE('',(#603),#2875,.T.);
#3058=ADVANCED_FACE('',(#604),#2876,.T.);
#3059=ADVANCED_FACE('',(#605),#2877,.T.);
#3060=ADVANCED_FACE('',(#606),#437,.T.);
#3061=ADVANCED_FACE('',(#607),#2878,.T.);
#3062=ADVANCED_FACE('',(#608),#2879,.T.);
#3063=ADVANCED_FACE('',(#609),#2880,.T.);
#3064=ADVANCED_FACE('',(#610),#438,.T.);
#3065=ADVANCED_FACE('',(#611),#2881,.T.);
#3066=ADVANCED_FACE('',(#612),#2882,.T.);
#3067=ADVANCED_FACE('',(#613),#2883,.T.);
#3068=ADVANCED_FACE('',(#614),#439,.T.);
#3069=ADVANCED_FACE('',(#615),#2884,.T.);
#3070=ADVANCED_FACE('',(#616),#2885,.T.);
#3071=ADVANCED_FACE('',(#617),#2886,.T.);
#3072=ADVANCED_FACE('',(#618),#440,.T.);
#3073=ADVANCED_FACE('',(#619),#2887,.T.);
#3074=ADVANCED_FACE('',(#620),#2888,.T.);
#3075=ADVANCED_FACE('',(#621),#2889,.T.);
#3076=ADVANCED_FACE('',(#622),#441,.T.);
#3077=ADVANCED_FACE('',(#623),#2890,.T.);
#3078=ADVANCED_FACE('',(#624),#2891,.T.);
#3079=ADVANCED_FACE('',(#625),#2892,.T.);
#3080=ADVANCED_FACE('',(#626),#442,.T.);
#3081=ADVANCED_FACE('',(#627),#2893,.T.);
#3082=ADVANCED_FACE('',(#628),#2894,.T.);
#3083=ADVANCED_FACE('',(#629,#75),#2895,.T.);
#3084=ADVANCED_FACE('',(#630,#76),#2896,.F.);
#3085=CLOSED_SHELL('',(#2897,#2898,#2899,#2900,#2901,#2902,#2903,#2904,
#2905,#2906,#2907,#2908,#2909,#2910,#2911,#2912,#2913,#2914,#2915,#2916,
#2917,#2918,#2919,#2920,#2921,#2922,#2923,#2924,#2925,#2926,#2927,#2928,
#2929,#2930,#2931,#2932,#2933,#2934,#2935,#2936,#2937,#2938,#2939,#2940,
#2941,#2942,#2943,#2944,#2945,#2946,#2947,#2948,#2949,#2950,#2951,#2952,
#2953,#2954,#2955,#2956,#2957,#2958,#2959,#2960,#2961,#2962,#2963,#2964,
#2965,#2966,#2967,#2968,#2969,#2970,#2971,#2972,#2973,#2974,#2975,#2976,
#2977,#2978,#2979,#2980,#2981,#2982,#2983,#2984,#2985,#2986,#2987,#2988,
#2989,#2990,#2991,#2992,#2993,#2994,#2995,#2996,#2997,#2998,#2999,#3000,
#3001,#3002,#3003,#3004,#3005,#3006,#3007,#3008,#3009,#3010,#3011,#3012,
#3013,#3014,#3015,#3016,#3017,#3018,#3019,#3020,#3021,#3022,#3023,#3024,
#3025,#3026,#3027,#3028,#3029,#3030,#3031,#3032,#3033,#3034,#3035,#3036,
#3037,#3038,#3039,#3040,#3041,#3042,#3043,#3044,#3045,#3046,#3047,#3048,
#3049,#3050,#3051,#3052,#3053,#3054,#3055,#3056,#3057,#3058,#3059,#3060,
#3061,#3062,#3063,#3064,#3065,#3066,#3067,#3068,#3069,#3070,#3071,#3072,
#3073,#3074,#3075,#3076,#3077,#3078,#3079,#3080,#3081,#3082,#3083,#3084));
#3086=DERIVED_UNIT_ELEMENT(#3088,1.);
#3087=DERIVED_UNIT_ELEMENT(#7611,-3.);
#3088=(
MASS_UNIT()
NAMED_UNIT(*)
SI_UNIT(.KILO.,.GRAM.)
);
#3089=DERIVED_UNIT((#3086,#3087));
#3090=MEASURE_REPRESENTATION_ITEM('density measure',
POSITIVE_RATIO_MEASURE(7850.),#3089);
#3091=PROPERTY_DEFINITION_REPRESENTATION(#3096,#3093);
#3092=PROPERTY_DEFINITION_REPRESENTATION(#3097,#3094);
#3093=REPRESENTATION('material name',(#3095),#7608);
#3094=REPRESENTATION('density',(#3090),#7608);
#3095=DESCRIPTIVE_REPRESENTATION_ITEM('Steel','Steel');
#3096=PROPERTY_DEFINITION('material property','material name',#7618);
#3097=PROPERTY_DEFINITION('material property','density of part',#7618);
#3098=AXIS2_PLACEMENT_3D('',#4098,#3385,#3386);
#3099=AXIS2_PLACEMENT_3D('',#4099,#3387,#3388);
#3100=AXIS2_PLACEMENT_3D('',#4110,#3392,#3393);
#3101=AXIS2_PLACEMENT_3D('',#4126,#3395,#3396);
#3102=AXIS2_PLACEMENT_3D('',#4127,#3397,#3398);
#3103=AXIS2_PLACEMENT_3D('',#4135,#3401,#3402);
#3104=AXIS2_PLACEMENT_3D('',#4151,#3404,#3405);
#3105=AXIS2_PLACEMENT_3D('',#4152,#3406,#3407);
#3106=AXIS2_PLACEMENT_3D('',#4160,#3410,#3411);
#3107=AXIS2_PLACEMENT_3D('',#4176,#3413,#3414);
#3108=AXIS2_PLACEMENT_3D('',#4177,#3415,#3416);
#3109=AXIS2_PLACEMENT_3D('',#4185,#3419,#3420);
#3110=AXIS2_PLACEMENT_3D('',#4198,#3421,#3422);
#3111=AXIS2_PLACEMENT_3D('',#4199,#3423,#3424);
#3112=AXIS2_PLACEMENT_3D('',#4200,#3425,#3426);
#3113=AXIS2_PLACEMENT_3D('',#4202,#3427,#3428);
#3114=AXIS2_PLACEMENT_3D('',#4203,#3429,#3430);
#3115=AXIS2_PLACEMENT_3D('',#4205,#3431,#3432);
#3116=AXIS2_PLACEMENT_3D('',#4209,#3434,#3435);
#3117=AXIS2_PLACEMENT_3D('',#4230,#3436,#3437);
#3118=AXIS2_PLACEMENT_3D('',#4246,#3438,#3439);
#3119=AXIS2_PLACEMENT_3D('',#4259,#3440,#3441);
#3120=AXIS2_PLACEMENT_3D('',#4275,#3442,#3443);
#3121=AXIS2_PLACEMENT_3D('',#4278,#3444,#3445);
#3122=AXIS2_PLACEMENT_3D('',#4280,#3446,#3447);
#3123=AXIS2_PLACEMENT_3D('',#4300,#3448,#3449);
#3124=AXIS2_PLACEMENT_3D('',#4303,#3450,#3451);
#3125=AXIS2_PLACEMENT_3D('',#4305,#3452,#3453);
#3126=AXIS2_PLACEMENT_3D('',#4325,#3454,#3455);
#3127=AXIS2_PLACEMENT_3D('',#4328,#3456,#3457);
#3128=AXIS2_PLACEMENT_3D('',#4330,#3458,#3459);
#3129=AXIS2_PLACEMENT_3D('',#4350,#3460,#3461);
#3130=AXIS2_PLACEMENT_3D('',#4353,#3462,#3463);
#3131=AXIS2_PLACEMENT_3D('',#4355,#3464,#3465);
#3132=AXIS2_PLACEMENT_3D('',#4375,#3466,#3467);
#3133=AXIS2_PLACEMENT_3D('',#4416,#3468,#3469);
#3134=AXIS2_PLACEMENT_3D('',#4418,#3470,#3471);
#3135=AXIS2_PLACEMENT_3D('',#4419,#3472,#3473);
#3136=AXIS2_PLACEMENT_3D('',#4421,#3474,#3475);
#3137=AXIS2_PLACEMENT_3D('',#4422,#3476,#3477);
#3138=AXIS2_PLACEMENT_3D('',#4424,#3478,#3479);
#3139=AXIS2_PLACEMENT_3D('',#4425,#3480,#3481);
#3140=AXIS2_PLACEMENT_3D('',#4426,#3482,#3483);
#3141=AXIS2_PLACEMENT_3D('',#4427,#3484,#3485);
#3142=AXIS2_PLACEMENT_3D('',#4429,#3486,#3487);
#3143=AXIS2_PLACEMENT_3D('',#4431,#3489,#3490);
#3144=AXIS2_PLACEMENT_3D('',#4433,#3491,#3492);
#3145=AXIS2_PLACEMENT_3D('',#4434,#3493,#3494);
#3146=AXIS2_PLACEMENT_3D('',#4436,#3495,#3496);
#3147=AXIS2_PLACEMENT_3D('',#4437,#3497,#3498);
#3148=AXIS2_PLACEMENT_3D('',#4438,#3499,#3500);
#3149=AXIS2_PLACEMENT_3D('',#4440,#3501,#3502);
#3150=AXIS2_PLACEMENT_3D('',#4442,#3504,#3505);
#3151=AXIS2_PLACEMENT_3D('',#4444,#3506,#3507);
#3152=AXIS2_PLACEMENT_3D('',#4445,#3508,#3509);
#3153=AXIS2_PLACEMENT_3D('',#4446,#3510,#3511);
#3154=AXIS2_PLACEMENT_3D('',#4447,#3512,#3513);
#3155=AXIS2_PLACEMENT_3D('',#4449,#3514,#3515);
#3156=AXIS2_PLACEMENT_3D('',#4451,#3517,#3518);
#3157=AXIS2_PLACEMENT_3D('',#4453,#3519,#3520);
#3158=AXIS2_PLACEMENT_3D('',#4454,#3521,#3522);
#3159=AXIS2_PLACEMENT_3D('',#4456,#3523,#3524);
#3160=AXIS2_PLACEMENT_3D('',#4458,#3526,#3527);
#3161=AXIS2_PLACEMENT_3D('',#4460,#3528,#3529);
#3162=AXIS2_PLACEMENT_3D('',#4461,#3530,#3531);
#3163=AXIS2_PLACEMENT_3D('',#4462,#3532,#3533);
#3164=AXIS2_PLACEMENT_3D('',#4464,#3534,#3535);
#3165=AXIS2_PLACEMENT_3D('',#4465,#3536,#3537);
#3166=AXIS2_PLACEMENT_3D('',#4467,#3538,#3539);
#3167=AXIS2_PLACEMENT_3D('',#4469,#3541,#3542);
#3168=AXIS2_PLACEMENT_3D('',#4470,#3543,#3544);
#3169=AXIS2_PLACEMENT_3D('',#4472,#3545,#3546);
#3170=AXIS2_PLACEMENT_3D('',#4474,#3548,#3549);
#3171=AXIS2_PLACEMENT_3D('',#4475,#3550,#3551);
#3172=AXIS2_PLACEMENT_3D('',#4479,#3554,#3555);
#3173=AXIS2_PLACEMENT_3D('',#4480,#3556,#3557);
#3174=AXIS2_PLACEMENT_3D('',#4482,#3559,#3560);
#3175=AXIS2_PLACEMENT_3D('',#4486,#3563,#3564);
#3176=AXIS2_PLACEMENT_3D('',#4490,#3567,#3568);
#3177=AXIS2_PLACEMENT_3D('',#4491,#3569,#3570);
#3178=AXIS2_PLACEMENT_3D('',#4493,#3572,#3573);
#3179=AXIS2_PLACEMENT_3D('',#4495,#3574,#3575);
#3180=AXIS2_PLACEMENT_3D('',#4497,#3577,#3578);
#3181=AXIS2_PLACEMENT_3D('',#4500,#3580,#3581);
#3182=AXIS2_PLACEMENT_3D('',#4501,#3582,#3583);
#3183=AXIS2_PLACEMENT_3D('',#4504,#3585,#3586);
#3184=AXIS2_PLACEMENT_3D('',#4505,#3587,#3588);
#3185=AXIS2_PLACEMENT_3D('',#4509,#3590,#3591);
#3186=AXIS2_PLACEMENT_3D('',#4511,#3593,#3594);
#3187=AXIS2_PLACEMENT_3D('',#4513,#3596,#3597);
#3188=AXIS2_PLACEMENT_3D('',#4515,#3599,#3600);
#3189=AXIS2_PLACEMENT_3D('',#4517,#3602,#3603);
#3190=AXIS2_PLACEMENT_3D('',#4518,#3604,#3605);
#3191=AXIS2_PLACEMENT_3D('',#4520,#3607,#3608);
#3192=AXIS2_PLACEMENT_3D('',#4521,#3609,#3610);
#3193=AXIS2_PLACEMENT_3D('',#4523,#3612,#3613);
#3194=AXIS2_PLACEMENT_3D('',#4524,#3614,#3615);
#3195=AXIS2_PLACEMENT_3D('',#4525,#3616,#3617);
#3196=AXIS2_PLACEMENT_3D('',#4552,#3618,#3619);
#3197=AXIS2_PLACEMENT_3D('',#4555,#3621,#3622);
#3198=AXIS2_PLACEMENT_3D('',#4556,#3623,#3624);
#3199=AXIS2_PLACEMENT_3D('',#4557,#3625,#3626);
#3200=AXIS2_PLACEMENT_3D('',#4584,#3627,#3628);
#3201=AXIS2_PLACEMENT_3D('',#4587,#3630,#3631);
#3202=AXIS2_PLACEMENT_3D('',#4588,#3632,#3633);
#3203=AXIS2_PLACEMENT_3D('',#4589,#3634,#3635);
#3204=AXIS2_PLACEMENT_3D('',#4590,#3636,#3637);
#3205=AXIS2_PLACEMENT_3D('',#4600,#3638,#3639);
#3206=AXIS2_PLACEMENT_3D('',#4616,#3640,#3641);
#3207=AXIS2_PLACEMENT_3D('',#4617,#3642,#3643);
#3208=AXIS2_PLACEMENT_3D('',#4632,#3644,#3645);
#3209=AXIS2_PLACEMENT_3D('',#4633,#3646,#3647);
#3210=AXIS2_PLACEMENT_3D('',#4635,#3648,#3649);
#3211=AXIS2_PLACEMENT_3D('',#4639,#3651,#3652);
#3212=AXIS2_PLACEMENT_3D('',#4652,#3653,#3654);
#3213=AXIS2_PLACEMENT_3D('',#4678,#3655,#3656);
#3214=AXIS2_PLACEMENT_3D('',#4702,#3657,#3658);
#3215=AXIS2_PLACEMENT_3D('',#4722,#3659,#3660);
#3216=AXIS2_PLACEMENT_3D('',#4723,#3661,#3662);
#3217=AXIS2_PLACEMENT_3D('',#4726,#3663,#3664);
#3218=AXIS2_PLACEMENT_3D('',#4798,#3665,#3666);
#3219=AXIS2_PLACEMENT_3D('',#4799,#3667,#3668);
#3220=AXIS2_PLACEMENT_3D('',#4801,#3669,#3670);
#3221=AXIS2_PLACEMENT_3D('',#4803,#3671,#3672);
#3222=AXIS2_PLACEMENT_3D('',#4804,#3673,#3674);
#3223=AXIS2_PLACEMENT_3D('',#4806,#3675,#3676);
#3224=AXIS2_PLACEMENT_3D('',#4810,#3678,#3679);
#3225=AXIS2_PLACEMENT_3D('',#4812,#3680,#3681);
#3226=AXIS2_PLACEMENT_3D('',#4814,#3682,#3683);
#3227=AXIS2_PLACEMENT_3D('',#4816,#3684,#3685);
#3228=AXIS2_PLACEMENT_3D('',#4819,#3687,#3688);
#3229=AXIS2_PLACEMENT_3D('',#4821,#3689,#3690);
#3230=AXIS2_PLACEMENT_3D('',#4823,#3691,#3692);
#3231=AXIS2_PLACEMENT_3D('',#4824,#3693,#3694);
#3232=AXIS2_PLACEMENT_3D('',#4825,#3695,#3696);
#3233=AXIS2_PLACEMENT_3D('',#4826,#3697,#3698);
#3234=AXIS2_PLACEMENT_3D('',#4842,#3700,#3701);
#3235=AXIS2_PLACEMENT_3D('',#4843,#3702,#3703);
#3236=AXIS2_PLACEMENT_3D('',#4845,#3704,#3705);
#3237=AXIS2_PLACEMENT_3D('',#4846,#3706,#3707);
#3238=AXIS2_PLACEMENT_3D('',#4847,#3708,#3709);
#3239=AXIS2_PLACEMENT_3D('',#4849,#3710,#3711);
#3240=AXIS2_PLACEMENT_3D('',#4851,#3712,#3713);
#3241=AXIS2_PLACEMENT_3D('',#4852,#3714,#3715);
#3242=AXIS2_PLACEMENT_3D('',#4853,#3716,#3717);
#3243=AXIS2_PLACEMENT_3D('',#4854,#3718,#3719);
#3244=AXIS2_PLACEMENT_3D('',#4855,#3720,#3721);
#3245=AXIS2_PLACEMENT_3D('',#4881,#3722,#3723);
#3246=AXIS2_PLACEMENT_3D('',#4917,#3726,#3727);
#3247=AXIS2_PLACEMENT_3D('',#4952,#3728,#3729);
#3248=AXIS2_PLACEMENT_3D('',#4978,#3731,#3732);
#3249=AXIS2_PLACEMENT_3D('',#4981,#3733,#3734);
#3250=AXIS2_PLACEMENT_3D('',#4993,#3735,#3736);
#3251=AXIS2_PLACEMENT_3D('',#5011,#3737,#3738);
#3252=AXIS2_PLACEMENT_3D('',#5021,#3740,#3741);
#3253=AXIS2_PLACEMENT_3D('',#5035,#3742,#3743);
#3254=AXIS2_PLACEMENT_3D('',#5036,#3744,#3745);
#3255=AXIS2_PLACEMENT_3D('',#5039,#3747,#3748);
#3256=AXIS2_PLACEMENT_3D('',#5040,#3749,#3750);
#3257=AXIS2_PLACEMENT_3D('',#5041,#3751,#3752);
#3258=AXIS2_PLACEMENT_3D('',#5042,#3753,#3754);
#3259=AXIS2_PLACEMENT_3D('',#5043,#3755,#3756);
#3260=AXIS2_PLACEMENT_3D('',#5044,#3757,#3758);
#3261=AXIS2_PLACEMENT_3D('',#5045,#3759,#3760);
#3262=AXIS2_PLACEMENT_3D('',#5046,#3761,#3762);
#3263=AXIS2_PLACEMENT_3D('',#5047,#3763,#3764);
#3264=AXIS2_PLACEMENT_3D('',#5048,#3765,#3766);
#3265=AXIS2_PLACEMENT_3D('',#5051,#3768,#3769);
#3266=AXIS2_PLACEMENT_3D('',#5052,#3770,#3771);
#3267=AXIS2_PLACEMENT_3D('',#5095,#3773,#3774);
#3268=AXIS2_PLACEMENT_3D('',#5096,#3775,#3776);
#3269=AXIS2_PLACEMENT_3D('',#5099,#3778,#3779);
#3270=AXIS2_PLACEMENT_3D('',#5100,#3780,#3781);
#3271=AXIS2_PLACEMENT_3D('',#5101,#3782,#3783);
#3272=AXIS2_PLACEMENT_3D('',#5102,#3784,#3785);
#3273=AXIS2_PLACEMENT_3D('',#5103,#3786,#3787);
#3274=AXIS2_PLACEMENT_3D('',#5146,#3789,#3790);
#3275=AXIS2_PLACEMENT_3D('',#5147,#3791,#3792);
#3276=AXIS2_PLACEMENT_3D('',#5150,#3794,#3795);
#3277=AXIS2_PLACEMENT_3D('',#5151,#3796,#3797);
#3278=AXIS2_PLACEMENT_3D('',#5175,#3798,#3799);
#3279=AXIS2_PLACEMENT_3D('',#5199,#3800,#3801);
#3280=AXIS2_PLACEMENT_3D('',#5223,#3802,#3803);
#3281=AXIS2_PLACEMENT_3D('',#5224,#3804,#3805);
#3282=AXIS2_PLACEMENT_3D('',#5225,#3806,#3807);
#3283=AXIS2_PLACEMENT_3D('',#5226,#3808,#3809);
#3284=AXIS2_PLACEMENT_3D('',#5227,#3810,#3811);
#3285=AXIS2_PLACEMENT_3D('',#5237,#3812,#3813);
#3286=AXIS2_PLACEMENT_3D('',#5269,#3815,#3816);
#3287=AXIS2_PLACEMENT_3D('',#5270,#3817,#3818);
#3288=AXIS2_PLACEMENT_3D('',#5272,#3819,#3820);
#3289=AXIS2_PLACEMENT_3D('',#5275,#3822,#3823);
#3290=AXIS2_PLACEMENT_3D('',#5276,#3824,#3825);
#3291=AXIS2_PLACEMENT_3D('',#5277,#3826,#3827);
#3292=AXIS2_PLACEMENT_3D('',#5310,#3828,#3829);
#3293=AXIS2_PLACEMENT_3D('',#5311,#3830,#3831);
#3294=AXIS2_PLACEMENT_3D('',#5312,#3832,#3833);
#3295=AXIS2_PLACEMENT_3D('',#5314,#3834,#3835);
#3296=AXIS2_PLACEMENT_3D('',#5316,#3837,#3838);
#3297=AXIS2_PLACEMENT_3D('',#5317,#3839,#3840);
#3298=AXIS2_PLACEMENT_3D('',#5318,#3841,#3842);
#3299=AXIS2_PLACEMENT_3D('',#5319,#3843,#3844);
#3300=AXIS2_PLACEMENT_3D('',#5320,#3845,#3846);
#3301=AXIS2_PLACEMENT_3D('',#5324,#3848,#3849);
#3302=AXIS2_PLACEMENT_3D('',#5328,#3852,#3853);
#3303=AXIS2_PLACEMENT_3D('',#5331,#3855,#3856);
#3304=AXIS2_PLACEMENT_3D('',#5332,#3857,#3858);
#3305=AXIS2_PLACEMENT_3D('',#5335,#3861,#3862);
#3306=AXIS2_PLACEMENT_3D('',#5337,#3864,#3865);
#3307=AXIS2_PLACEMENT_3D('',#5339,#3867,#3868);
#3308=AXIS2_PLACEMENT_3D('',#5341,#3870,#3871);
#3309=AXIS2_PLACEMENT_3D('',#5343,#3872,#3873);
#3310=AXIS2_PLACEMENT_3D('',#5345,#3874,#3875);
#3311=AXIS2_PLACEMENT_3D('',#5347,#3876,#3877);
#3312=AXIS2_PLACEMENT_3D('',#5348,#3878,#3879);
#3313=AXIS2_PLACEMENT_3D('',#5349,#3880,#3881);
#3314=AXIS2_PLACEMENT_3D('',#5351,#3882,#3883);
#3315=AXIS2_PLACEMENT_3D('',#5353,#3885,#3886);
#3316=AXIS2_PLACEMENT_3D('',#5426,#3887,#3888);
#3317=AXIS2_PLACEMENT_3D('',#5427,#3889,#3890);
#3318=AXIS2_PLACEMENT_3D('',#5496,#3892,#3893);
#3319=AXIS2_PLACEMENT_3D('',#5497,#3894,#3895);
#3320=AXIS2_PLACEMENT_3D('',#5501,#3897,#3898);
#3321=AXIS2_PLACEMENT_3D('',#5503,#3900,#3901);
#3322=AXIS2_PLACEMENT_3D('',#5505,#3902,#3903);
#3323=AXIS2_PLACEMENT_3D('',#5506,#3904,#3905);
#3324=AXIS2_PLACEMENT_3D('',#5507,#3906,#3907);
#3325=AXIS2_PLACEMENT_3D('',#5508,#3908,#3909);
#3326=AXIS2_PLACEMENT_3D('',#5511,#3912,#3913);
#3327=AXIS2_PLACEMENT_3D('',#5514,#3916,#3917);
#3328=AXIS2_PLACEMENT_3D('',#5515,#3918,#3919);
#3329=AXIS2_PLACEMENT_3D('',#5517,#3921,#3922);
#3330=AXIS2_PLACEMENT_3D('',#5518,#3923,#3924);
#3331=AXIS2_PLACEMENT_3D('',#5519,#3925,#3926);
#3332=AXIS2_PLACEMENT_3D('',#5520,#3927,#3928);
#3333=AXIS2_PLACEMENT_3D('',#5522,#3930,#3931);
#3334=AXIS2_PLACEMENT_3D('',#5524,#3933,#3934);
#3335=AXIS2_PLACEMENT_3D('',#5526,#3936,#3937);
#3336=AXIS2_PLACEMENT_3D('',#5527,#3938,#3939);
#3337=AXIS2_PLACEMENT_3D('',#5601,#3940,#3941);
#3338=AXIS2_PLACEMENT_3D('',#7466,#3945,#3946);
#3339=AXIS2_PLACEMENT_3D('',#7469,#3948,#3949);
#3340=AXIS2_PLACEMENT_3D('',#7470,#3950,#3951);
#3341=AXIS2_PLACEMENT_3D('',#7474,#3954,#3955);
#3342=AXIS2_PLACEMENT_3D('',#7477,#3957,#3958);
#3343=AXIS2_PLACEMENT_3D('',#7478,#3959,#3960);
#3344=AXIS2_PLACEMENT_3D('',#7482,#3963,#3964);
#3345=AXIS2_PLACEMENT_3D('',#7486,#3967,#3968);
#3346=AXIS2_PLACEMENT_3D('',#7490,#3971,#3972);
#3347=AXIS2_PLACEMENT_3D('',#7493,#3974,#3975);
#3348=AXIS2_PLACEMENT_3D('',#7494,#3976,#3977);
#3349=AXIS2_PLACEMENT_3D('',#7498,#3980,#3981);
#3350=AXIS2_PLACEMENT_3D('',#7501,#3983,#3984);
#3351=AXIS2_PLACEMENT_3D('',#7502,#3985,#3986);
#3352=AXIS2_PLACEMENT_3D('',#7506,#3989,#3990);
#3353=AXIS2_PLACEMENT_3D('',#7510,#3993,#3994);
#3354=AXIS2_PLACEMENT_3D('',#7514,#3997,#3998);
#3355=AXIS2_PLACEMENT_3D('',#7517,#4000,#4001);
#3356=AXIS2_PLACEMENT_3D('',#7518,#4002,#4003);
#3357=AXIS2_PLACEMENT_3D('',#7522,#4006,#4007);
#3358=AXIS2_PLACEMENT_3D('',#7526,#4010,#4011);
#3359=AXIS2_PLACEMENT_3D('',#7530,#4014,#4015);
#3360=AXIS2_PLACEMENT_3D('',#7533,#4017,#4018);
#3361=AXIS2_PLACEMENT_3D('',#7534,#4019,#4020);
#3362=AXIS2_PLACEMENT_3D('',#7538,#4023,#4024);
#3363=AXIS2_PLACEMENT_3D('',#7542,#4027,#4028);
#3364=AXIS2_PLACEMENT_3D('',#7546,#4031,#4032);
#3365=AXIS2_PLACEMENT_3D('',#7549,#4034,#4035);
#3366=AXIS2_PLACEMENT_3D('',#7550,#4036,#4037);
#3367=AXIS2_PLACEMENT_3D('',#7554,#4040,#4041);
#3368=AXIS2_PLACEMENT_3D('',#7558,#4044,#4045);
#3369=AXIS2_PLACEMENT_3D('',#7562,#4048,#4049);
#3370=AXIS2_PLACEMENT_3D('',#7565,#4051,#4052);
#3371=AXIS2_PLACEMENT_3D('',#7566,#4053,#4054);
#3372=AXIS2_PLACEMENT_3D('',#7570,#4057,#4058);
#3373=AXIS2_PLACEMENT_3D('',#7574,#4061,#4062);
#3374=AXIS2_PLACEMENT_3D('',#7578,#4065,#4066);
#3375=AXIS2_PLACEMENT_3D('',#7581,#4068,#4069);
#3376=AXIS2_PLACEMENT_3D('',#7582,#4070,#4071);
#3377=AXIS2_PLACEMENT_3D('',#7586,#4074,#4075);
#3378=AXIS2_PLACEMENT_3D('',#7590,#4078,#4079);
#3379=AXIS2_PLACEMENT_3D('',#7594,#4082,#4083);
#3380=AXIS2_PLACEMENT_3D('',#7597,#4085,#4086);
#3381=AXIS2_PLACEMENT_3D('',#7598,#4087,#4088);
#3382=AXIS2_PLACEMENT_3D('',#7602,#4091,#4092);
#3383=AXIS2_PLACEMENT_3D('',#7604,#4094,#4095);
#3384=AXIS2_PLACEMENT_3D('',#7605,#4096,#4097);
#3385=DIRECTION('axis',(0.,0.,1.));
#3386=DIRECTION('refdir',(1.,0.,0.));
#3387=DIRECTION('center_axis',(1.,0.,0.));
#3388=DIRECTION('ref_axis',(0.,0.,-1.));
#3389=DIRECTION('',(0.,0.717764922089124,0.696285513721486));
#3390=DIRECTION('',(0.,0.342020143325669,-0.939692620785908));
#3391=DIRECTION('',(0.,-0.717764922089125,-0.696285513721485));
#3392=DIRECTION('center_axis',(0.,-0.717764922089124,-0.696285513721486));
#3393=DIRECTION('ref_axis',(0.70710678118655,-0.492348208394417,0.507536443707055));
#3394=DIRECTION('',(0.,-0.717764922089124,-0.696285513721486));
#3395=DIRECTION('center_axis',(0.,0.939692620785908,0.342020143325669));
#3396=DIRECTION('ref_axis',(5.06607018527079E-16,-0.342020143325669,0.939692620785908));
#3397=DIRECTION('center_axis',(0.,-0.696285513721486,0.717764922089124));
#3398=DIRECTION('ref_axis',(0.,-0.717764922089124,-0.696285513721486));
#3399=DIRECTION('',(0.,0.717764922089124,0.696285513721486));
#3400=DIRECTION('',(1.,0.,0.));
#3401=DIRECTION('center_axis',(0.,0.717764922089124,0.696285513721486));
#3402=DIRECTION('ref_axis',(-0.70710678118655,-0.492348208394417,0.507536443707055));
#3403=DIRECTION('',(0.,-0.717764922089124,-0.696285513721486));
#3404=DIRECTION('center_axis',(0.,0.939692620785908,0.342020143325669));
#3405=DIRECTION('ref_axis',(-5.06607018527079E-16,-0.342020143325669,0.939692620785908));
#3406=DIRECTION('center_axis',(-1.,0.,0.));
#3407=DIRECTION('ref_axis',(0.,0.,1.));
#3408=DIRECTION('',(0.,0.717764922089125,0.696285513721485));
#3409=DIRECTION('',(0.,-0.342020143325669,0.939692620785908));
#3410=DIRECTION('center_axis',(0.,-0.717764922089126,-0.696285513721485));
#3411=DIRECTION('ref_axis',(-0.707106781186548,0.492348208394416,-0.507536443707058));
#3412=DIRECTION('',(0.,-0.717764922089125,-0.696285513721485));
#3413=DIRECTION('center_axis',(0.,0.939692620785908,0.342020143325669));
#3414=DIRECTION('ref_axis',(-1.2665175463177E-15,0.342020143325669,-0.939692620785908));
#3415=DIRECTION('center_axis',(0.,0.696285513721485,-0.717764922089125));
#3416=DIRECTION('ref_axis',(0.,0.717764922089125,0.696285513721485));
#3417=DIRECTION('',(0.,0.717764922089125,0.696285513721485));
#3418=DIRECTION('',(1.,0.,0.));
#3419=DIRECTION('center_axis',(0.,0.717764922089126,0.696285513721485));
#3420=DIRECTION('ref_axis',(0.707106781186548,0.492348208394416,-0.507536443707058));
#3421=DIRECTION('center_axis',(0.,0.939692620785908,0.342020143325669));
#3422=DIRECTION('ref_axis',(1.2665175463177E-15,0.342020143325669,-0.939692620785908));
#3423=DIRECTION('center_axis',(0.,-0.939692620785908,-0.342020143325669));
#3424=DIRECTION('ref_axis',(0.,0.342020143325669,-0.939692620785908));
#3425=DIRECTION('center_axis',(0.,0.,-1.));
#3426=DIRECTION('ref_axis',(1.,0.,0.));
#3427=DIRECTION('center_axis',(0.,0.,-1.));
#3428=DIRECTION('ref_axis',(1.,0.,0.));
#3429=DIRECTION('center_axis',(0.,0.,1.));
#3430=DIRECTION('ref_axis',(0.,-1.,0.));
#3431=DIRECTION('center_axis',(0.,0.,1.));
#3432=DIRECTION('ref_axis',(1.,0.,0.));
#3433=DIRECTION('',(-1.20654496357458E-16,0.985218729526441,0.171301065350762));
#3434=DIRECTION('center_axis',(0.,0.,1.));
#3435=DIRECTION('ref_axis',(1.,0.,0.));
#3436=DIRECTION('center_axis',(0.,0.,1.));
#3437=DIRECTION('ref_axis',(1.,0.,0.));
#3438=DIRECTION('center_axis',(0.,0.,1.));
#3439=DIRECTION('ref_axis',(1.,0.,0.));
#3440=DIRECTION('center_axis',(0.,0.,1.));
#3441=DIRECTION('ref_axis',(1.,0.,0.));
#3442=DIRECTION('center_axis',(0.,0.,1.));
#3443=DIRECTION('ref_axis',(1.,0.,0.));
#3444=DIRECTION('center_axis',(0.,0.,1.));
#3445=DIRECTION('ref_axis',(0.,-1.,0.));
#3446=DIRECTION('center_axis',(0.,0.,1.));
#3447=DIRECTION('ref_axis',(0.,-1.,0.));
#3448=DIRECTION('center_axis',(0.,0.,1.));
#3449=DIRECTION('ref_axis',(0.,-1.,0.));
#3450=DIRECTION('center_axis',(0.,0.,1.));
#3451=DIRECTION('ref_axis',(0.,-1.,0.));
#3452=DIRECTION('center_axis',(0.,0.,1.));
#3453=DIRECTION('ref_axis',(0.,-1.,0.));
#3454=DIRECTION('center_axis',(0.,0.,1.));
#3455=DIRECTION('ref_axis',(0.,-1.,0.));
#3456=DIRECTION('center_axis',(0.,0.,1.));
#3457=DIRECTION('ref_axis',(0.,-1.,0.));
#3458=DIRECTION('center_axis',(0.,0.,1.));
#3459=DIRECTION('ref_axis',(0.,-1.,0.));
#3460=DIRECTION('center_axis',(0.,0.,1.));
#3461=DIRECTION('ref_axis',(0.,-1.,0.));
#3462=DIRECTION('center_axis',(0.,0.,1.));
#3463=DIRECTION('ref_axis',(0.,-1.,0.));
#3464=DIRECTION('center_axis',(0.,0.,1.));
#3465=DIRECTION('ref_axis',(0.,-1.,0.));
#3466=DIRECTION('center_axis',(0.,0.,1.));
#3467=DIRECTION('ref_axis',(0.,-1.,0.));
#3468=DIRECTION('center_axis',(0.,0.,-1.));
#3469=DIRECTION('ref_axis',(1.,0.,0.));
#3470=DIRECTION('center_axis',(0.,0.,-1.));
#3471=DIRECTION('ref_axis',(1.,0.,0.));
#3472=DIRECTION('center_axis',(0.,0.,-1.));
#3473=DIRECTION('ref_axis',(1.,0.,0.));
#3474=DIRECTION('center_axis',(0.,0.,-1.));
#3475=DIRECTION('ref_axis',(1.,0.,0.));
#3476=DIRECTION('center_axis',(0.,0.,-1.));
#3477=DIRECTION('ref_axis',(1.,0.,0.));
#3478=DIRECTION('center_axis',(0.,0.,-1.));
#3479=DIRECTION('ref_axis',(1.,0.,0.));
#3480=DIRECTION('center_axis',(0.,0.,-1.));
#3481=DIRECTION('ref_axis',(1.,0.,0.));
#3482=DIRECTION('center_axis',(0.,0.,-1.));
#3483=DIRECTION('ref_axis',(1.,0.,0.));
#3484=DIRECTION('center_axis',(0.,0.,1.));
#3485=DIRECTION('ref_axis',(1.,0.,0.));
#3486=DIRECTION('center_axis',(0.,0.,-1.));
#3487=DIRECTION('ref_axis',(1.,0.,0.));
#3488=DIRECTION('',(0.,0.,-1.));
#3489=DIRECTION('center_axis',(0.,0.,-1.));
#3490=DIRECTION('ref_axis',(1.,0.,0.));
#3491=DIRECTION('center_axis',(0.,0.,1.));
#3492=DIRECTION('ref_axis',(1.,0.,0.));
#3493=DIRECTION('center_axis',(0.,0.,-1.));
#3494=DIRECTION('ref_axis',(1.,0.,0.));
#3495=DIRECTION('center_axis',(0.,0.,-1.));
#3496=DIRECTION('ref_axis',(1.,0.,0.));
#3497=DIRECTION('center_axis',(0.,0.,-1.));
#3498=DIRECTION('ref_axis',(1.,0.,0.));
#3499=DIRECTION('center_axis',(0.,0.,1.));
#3500=DIRECTION('ref_axis',(1.,0.,0.));
#3501=DIRECTION('center_axis',(0.,0.,-1.));
#3502=DIRECTION('ref_axis',(1.,0.,0.));
#3503=DIRECTION('',(0.,0.,-1.));
#3504=DIRECTION('center_axis',(0.,0.,-1.));
#3505=DIRECTION('ref_axis',(1.,0.,0.));
#3506=DIRECTION('center_axis',(0.,0.,1.));
#3507=DIRECTION('ref_axis',(1.,0.,0.));
#3508=DIRECTION('center_axis',(0.,0.,-1.));
#3509=DIRECTION('ref_axis',(1.,0.,0.));
#3510=DIRECTION('center_axis',(0.,0.,-1.));
#3511=DIRECTION('ref_axis',(1.,0.,0.));
#3512=DIRECTION('center_axis',(0.,0.,1.));
#3513=DIRECTION('ref_axis',(1.,0.,0.));
#3514=DIRECTION('center_axis',(0.,0.,-1.));
#3515=DIRECTION('ref_axis',(1.,0.,0.));
#3516=DIRECTION('',(0.,0.,-1.));
#3517=DIRECTION('center_axis',(0.,0.,-1.));
#3518=DIRECTION('ref_axis',(1.,0.,0.));
#3519=DIRECTION('center_axis',(0.,0.,1.));
#3520=DIRECTION('ref_axis',(1.,0.,0.));
#3521=DIRECTION('center_axis',(0.,0.,1.));
#3522=DIRECTION('ref_axis',(1.,0.,0.));
#3523=DIRECTION('center_axis',(0.,0.,-1.));
#3524=DIRECTION('ref_axis',(1.,0.,0.));
#3525=DIRECTION('',(0.,0.,-1.));
#3526=DIRECTION('center_axis',(0.,0.,-1.));
#3527=DIRECTION('ref_axis',(1.,0.,0.));
#3528=DIRECTION('center_axis',(0.,0.,-1.));
#3529=DIRECTION('ref_axis',(1.,0.,0.));
#3530=DIRECTION('center_axis',(0.,0.,-1.));
#3531=DIRECTION('ref_axis',(1.,0.,0.));
#3532=DIRECTION('center_axis',(0.,0.,-1.));
#3533=DIRECTION('ref_axis',(1.,0.,0.));
#3534=DIRECTION('center_axis',(0.,0.,1.));
#3535=DIRECTION('ref_axis',(1.,0.,0.));
#3536=DIRECTION('center_axis',(0.,0.,1.));
#3537=DIRECTION('ref_axis',(1.,0.,0.));
#3538=DIRECTION('center_axis',(0.,0.,1.));
#3539=DIRECTION('ref_axis',(1.,0.,0.));
#3540=DIRECTION('',(0.,0.,1.));
#3541=DIRECTION('center_axis',(0.,0.,1.));
#3542=DIRECTION('ref_axis',(1.,0.,0.));
#3543=DIRECTION('center_axis',(0.,0.,1.));
#3544=DIRECTION('ref_axis',(1.,0.,0.));
#3545=DIRECTION('center_axis',(0.,0.,1.));
#3546=DIRECTION('ref_axis',(1.,0.,0.));
#3547=DIRECTION('',(0.,0.,1.));
#3548=DIRECTION('center_axis',(0.,0.,1.));
#3549=DIRECTION('ref_axis',(1.,0.,0.));
#3550=DIRECTION('center_axis',(-1.,0.,0.));
#3551=DIRECTION('ref_axis',(0.,-1.,0.));
#3552=DIRECTION('',(0.,1.,0.));
#3553=DIRECTION('',(0.,0.,1.));
#3554=DIRECTION('center_axis',(0.,0.,1.));
#3555=DIRECTION('ref_axis',(1.,0.,0.));
#3556=DIRECTION('center_axis',(0.,0.,1.));
#3557=DIRECTION('ref_axis',(1.,0.,0.));
#3558=DIRECTION('',(0.,0.,1.));
#3559=DIRECTION('center_axis',(1.33761807794349E-16,1.,0.));
#3560=DIRECTION('ref_axis',(-1.,1.33761807794349E-16,0.));
#3561=DIRECTION('',(1.,-1.33761807794349E-16,0.));
#3562=DIRECTION('',(0.,0.,1.));
#3563=DIRECTION('center_axis',(0.,-1.,0.));
#3564=DIRECTION('ref_axis',(1.,0.,0.));
#3565=DIRECTION('',(0.,0.,1.));
#3566=DIRECTION('',(-1.,0.,0.));
#3567=DIRECTION('center_axis',(0.,0.,1.));
#3568=DIRECTION('ref_axis',(1.,0.,0.));
#3569=DIRECTION('center_axis',(0.,0.,1.));
#3570=DIRECTION('ref_axis',(1.,0.,0.));
#3571=DIRECTION('',(0.,0.,1.));
#3572=DIRECTION('center_axis',(0.,0.,-1.));
#3573=DIRECTION('ref_axis',(1.,0.,0.));
#3574=DIRECTION('center_axis',(0.,0.,-1.));
#3575=DIRECTION('ref_axis',(1.,1.90323947078599E-15,0.));
#3576=DIRECTION('',(-1.33761807794349E-16,-1.,0.));
#3577=DIRECTION('center_axis',(0.,0.,-1.));
#3578=DIRECTION('ref_axis',(1.,0.,0.));
#3579=DIRECTION('',(-1.33761807794349E-16,-1.,0.));
#3580=DIRECTION('center_axis',(0.,0.,-1.));
#3581=DIRECTION('ref_axis',(-6.34413156928661E-16,1.,0.));
#3582=DIRECTION('center_axis',(0.,0.,-1.));
#3583=DIRECTION('ref_axis',(1.,0.,0.));
#3584=DIRECTION('',(1.,-1.33761807794349E-16,0.));
#3585=DIRECTION('center_axis',(0.,0.,-1.));
#3586=DIRECTION('ref_axis',(-1.,-2.53765262771464E-15,0.));
#3587=DIRECTION('center_axis',(0.,0.,-1.));
#3588=DIRECTION('ref_axis',(1.,0.,0.));
#3589=DIRECTION('',(0.,1.,0.));
#3590=DIRECTION('center_axis',(0.,0.,-1.));
#3591=DIRECTION('ref_axis',(1.26882631385732E-15,-1.,0.));
#3592=DIRECTION('',(-1.,0.,0.));
#3593=DIRECTION('center_axis',(1.,-1.33761807794349E-16,0.));
#3594=DIRECTION('ref_axis',(1.33761807794349E-16,1.,0.));
#3595=DIRECTION('',(0.,0.,1.));
#3596=DIRECTION('center_axis',(0.,-1.,0.));
#3597=DIRECTION('ref_axis',(1.,0.,0.));
#3598=DIRECTION('',(0.,0.,1.));
#3599=DIRECTION('center_axis',(0.,0.,1.));
#3600=DIRECTION('ref_axis',(1.26882631385732E-15,-1.,0.));
#3601=DIRECTION('',(0.,0.,1.));
#3602=DIRECTION('center_axis',(-1.,0.,0.));
#3603=DIRECTION('ref_axis',(0.,-1.,0.));
#3604=DIRECTION('center_axis',(0.,0.,1.));
#3605=DIRECTION('ref_axis',(-1.,-2.53765262771464E-15,0.));
#3606=DIRECTION('',(0.,0.,1.));
#3607=DIRECTION('center_axis',(1.33761807794349E-16,1.,0.));
#3608=DIRECTION('ref_axis',(-1.,1.33761807794349E-16,0.));
#3609=DIRECTION('center_axis',(0.,0.,1.));
#3610=DIRECTION('ref_axis',(-6.34413156928661E-16,1.,0.));
#3611=DIRECTION('',(0.,0.,1.));
#3612=DIRECTION('center_axis',(1.,-1.33761807794349E-16,0.));
#3613=DIRECTION('ref_axis',(1.33761807794349E-16,1.,0.));
#3614=DIRECTION('center_axis',(0.,0.,1.));
#3615=DIRECTION('ref_axis',(1.,1.90323947078599E-15,0.));
#3616=DIRECTION('center_axis',(0.,0.,-1.));
#3617=DIRECTION('ref_axis',(1.,0.,0.));
#3618=DIRECTION('center_axis',(0.,0.,1.));
#3619=DIRECTION('ref_axis',(1.,0.,0.));
#3620=DIRECTION('',(0.,0.,1.));
#3621=DIRECTION('center_axis',(0.,0.,1.));
#3622=DIRECTION('ref_axis',(1.,0.,0.));
#3623=DIRECTION('center_axis',(0.,0.,1.));
#3624=DIRECTION('ref_axis',(1.,0.,0.));
#3625=DIRECTION('center_axis',(0.,0.,-1.));
#3626=DIRECTION('ref_axis',(1.,0.,0.));
#3627=DIRECTION('center_axis',(0.,0.,-1.));
#3628=DIRECTION('ref_axis',(1.,0.,0.));
#3629=DIRECTION('',(0.,0.,1.));
#3630=DIRECTION('center_axis',(0.,0.,-1.));
#3631=DIRECTION('ref_axis',(1.,0.,0.));
#3632=DIRECTION('center_axis',(0.,0.,-1.));
#3633=DIRECTION('ref_axis',(1.,0.,0.));
#3634=DIRECTION('center_axis',(0.,0.,-1.));
#3635=DIRECTION('ref_axis',(1.,0.,0.));
#3636=DIRECTION('center_axis',(0.,0.,1.));
#3637=DIRECTION('ref_axis',(0.,-1.,0.));
#3638=DIRECTION('center_axis',(0.,0.,1.));
#3639=DIRECTION('ref_axis',(1.,0.,0.));
#3640=DIRECTION('center_axis',(0.,0.,1.));
#3641=DIRECTION('ref_axis',(1.,0.,0.));
#3642=DIRECTION('center_axis',(0.,0.,-1.));
#3643=DIRECTION('ref_axis',(1.,0.,0.));
#3644=DIRECTION('center_axis',(0.,0.,-1.));
#3645=DIRECTION('ref_axis',(1.,0.,0.));
#3646=DIRECTION('center_axis',(0.,0.,1.));
#3647=DIRECTION('ref_axis',(0.,-1.,0.));
#3648=DIRECTION('center_axis',(0.,0.,1.));
#3649=DIRECTION('ref_axis',(1.,0.,0.));
#3650=DIRECTION('',(1.18039304430475E-16,-0.963864066869388,-0.266394558123856));
#3651=DIRECTION('center_axis',(0.,0.,1.));
#3652=DIRECTION('ref_axis',(1.,0.,0.));
#3653=DIRECTION('center_axis',(0.,0.,1.));
#3654=DIRECTION('ref_axis',(1.,0.,0.));
#3655=DIRECTION('center_axis',(0.,0.,1.));
#3656=DIRECTION('ref_axis',(1.,0.,0.));
#3657=DIRECTION('center_axis',(0.,0.,1.));
#3658=DIRECTION('ref_axis',(1.,0.,0.));
#3659=DIRECTION('center_axis',(0.,0.,1.));
#3660=DIRECTION('ref_axis',(1.,0.,0.));
#3661=DIRECTION('center_axis',(0.,0.,1.));
#3662=DIRECTION('ref_axis',(1.,0.,0.));
#3663=DIRECTION('center_axis',(0.,0.,-1.));
#3664=DIRECTION('ref_axis',(0.,-1.,0.));
#3665=DIRECTION('center_axis',(0.,0.,-1.));
#3666=DIRECTION('ref_axis',(-1.,0.,0.));
#3667=DIRECTION('center_axis',(0.,0.,1.));
#3668=DIRECTION('ref_axis',(1.,0.,0.));
#3669=DIRECTION('center_axis',(0.,0.,1.));
#3670=DIRECTION('ref_axis',(1.,0.,0.));
#3671=DIRECTION('center_axis',(0.,0.,1.));
#3672=DIRECTION('ref_axis',(1.,0.,0.));
#3673=DIRECTION('center_axis',(0.,0.,1.));
#3674=DIRECTION('ref_axis',(1.,0.,0.));
#3675=DIRECTION('center_axis',(0.,0.,1.));
#3676=DIRECTION('ref_axis',(1.,0.,0.));
#3677=DIRECTION('',(-5.88754634270918E-15,1.,0.));
#3678=DIRECTION('center_axis',(0.,0.,1.));
#3679=DIRECTION('ref_axis',(0.,1.,0.));
#3680=DIRECTION('center_axis',(0.,0.,1.));
#3681=DIRECTION('ref_axis',(1.,0.,0.));
#3682=DIRECTION('center_axis',(0.,0.,1.));
#3683=DIRECTION('ref_axis',(1.,0.,0.));
#3684=DIRECTION('center_axis',(0.,0.,1.));
#3685=DIRECTION('ref_axis',(-1.,0.,0.));
#3686=DIRECTION('',(-1.00929365875012E-14,-1.,0.));
#3687=DIRECTION('center_axis',(0.,0.,1.));
#3688=DIRECTION('ref_axis',(-1.53134210293125E-15,-1.,0.));
#3689=DIRECTION('center_axis',(0.,0.,1.));
#3690=DIRECTION('ref_axis',(1.,0.,0.));
#3691=DIRECTION('center_axis',(0.,0.,1.));
#3692=DIRECTION('ref_axis',(1.,0.,0.));
#3693=DIRECTION('center_axis',(0.,0.,1.));
#3694=DIRECTION('ref_axis',(1.,0.,0.));
#3695=DIRECTION('center_axis',(0.,0.,1.));
#3696=DIRECTION('ref_axis',(1.,0.,0.));
#3697=DIRECTION('center_axis',(0.,0.,1.));
#3698=DIRECTION('ref_axis',(0.,-1.,0.));
#3699=DIRECTION('',(1.19937821991207E-16,-0.979366639219671,-0.202091528727869));
#3700=DIRECTION('center_axis',(0.,0.,1.));
#3701=DIRECTION('ref_axis',(1.,0.,0.));
#3702=DIRECTION('center_axis',(0.,0.,-1.));
#3703=DIRECTION('ref_axis',(-1.,0.,0.));
#3704=DIRECTION('center_axis',(0.,0.,-1.));
#3705=DIRECTION('ref_axis',(1.,0.,0.));
#3706=DIRECTION('center_axis',(0.,0.,1.));
#3707=DIRECTION('ref_axis',(1.,0.,0.));
#3708=DIRECTION('center_axis',(0.,0.,-1.));
#3709=DIRECTION('ref_axis',(-1.,0.,0.));
#3710=DIRECTION('center_axis',(0.,0.,1.));
#3711=DIRECTION('ref_axis',(1.,0.,0.));
#3712=DIRECTION('center_axis',(0.,0.,1.));
#3713=DIRECTION('ref_axis',(1.,0.,0.));
#3714=DIRECTION('center_axis',(0.,0.,-1.));
#3715=DIRECTION('ref_axis',(1.,0.,0.));
#3716=DIRECTION('center_axis',(0.,0.,-1.));
#3717=DIRECTION('ref_axis',(-1.,0.,0.));
#3718=DIRECTION('center_axis',(0.,0.,1.));
#3719=DIRECTION('ref_axis',(1.,0.,0.));
#3720=DIRECTION('center_axis',(0.,0.,1.));
#3721=DIRECTION('ref_axis',(0.,-1.,0.));
#3722=DIRECTION('center_axis',(0.,0.,1.));
#3723=DIRECTION('ref_axis',(1.,0.,0.));
#3724=DIRECTION('',(-7.65517736208192E-15,0.964289908775799,-0.26484896041548));
#3725=DIRECTION('',(-8.50575262453523E-15,-0.9642899087758,0.264848960415478));
#3726=DIRECTION('center_axis',(0.,0.,1.));
#3727=DIRECTION('ref_axis',(1.,0.,0.));
#3728=DIRECTION('center_axis',(0.,0.,1.));
#3729=DIRECTION('ref_axis',(1.,0.,0.));
#3730=DIRECTION('',(-1.18039079815464E-16,0.963862232748638,0.266401194218064));
#3731=DIRECTION('center_axis',(0.,0.,1.));
#3732=DIRECTION('ref_axis',(1.,0.,0.));
#3733=DIRECTION('center_axis',(0.,0.,-1.));
#3734=DIRECTION('ref_axis',(0.,-1.,0.));
#3735=DIRECTION('center_axis',(0.,0.,-1.));
#3736=DIRECTION('ref_axis',(1.,0.,0.));
#3737=DIRECTION('center_axis',(0.,0.,1.));
#3738=DIRECTION('ref_axis',(1.,0.,0.));
#3739=DIRECTION('',(0.,0.,1.));
#3740=DIRECTION('center_axis',(0.,0.,1.));
#3741=DIRECTION('ref_axis',(1.,0.,0.));
#3742=DIRECTION('center_axis',(0.,0.,1.));
#3743=DIRECTION('ref_axis',(1.,0.,0.));
#3744=DIRECTION('center_axis',(0.,0.,-1.));
#3745=DIRECTION('ref_axis',(1.,0.,0.));
#3746=DIRECTION('',(0.,0.,1.));
#3747=DIRECTION('center_axis',(0.,0.,-1.));
#3748=DIRECTION('ref_axis',(1.,0.,0.));
#3749=DIRECTION('center_axis',(0.,0.,-1.));
#3750=DIRECTION('ref_axis',(1.,0.,0.));
#3751=DIRECTION('center_axis',(0.,0.,1.));
#3752=DIRECTION('ref_axis',(0.,-1.,0.));
#3753=DIRECTION('center_axis',(0.,0.,-1.));
#3754=DIRECTION('ref_axis',(1.,0.,0.));
#3755=DIRECTION('center_axis',(0.,0.,1.));
#3756=DIRECTION('ref_axis',(0.,-1.,0.));
#3757=DIRECTION('center_axis',(0.,0.,1.));
#3758=DIRECTION('ref_axis',(0.,-1.,0.));
#3759=DIRECTION('center_axis',(0.,0.,1.));
#3760=DIRECTION('ref_axis',(0.,-1.,0.));
#3761=DIRECTION('center_axis',(0.,0.,1.));
#3762=DIRECTION('ref_axis',(1.,0.,0.));
#3763=DIRECTION('center_axis',(0.,0.,-1.));
#3764=DIRECTION('ref_axis',(-1.,0.,0.));
#3765=DIRECTION('center_axis',(0.,0.,-1.));
#3766=DIRECTION('ref_axis',(1.,0.,0.));
#3767=DIRECTION('',(-1.00929365875012E-14,-1.,0.));
#3768=DIRECTION('center_axis',(0.,0.,1.));
#3769=DIRECTION('ref_axis',(-1.,0.,0.));
#3770=DIRECTION('center_axis',(0.,0.,-1.));
#3771=DIRECTION('ref_axis',(1.,0.,0.));
#3772=DIRECTION('',(0.,0.,1.));
#3773=DIRECTION('center_axis',(0.,0.,1.));
#3774=DIRECTION('ref_axis',(1.,0.,0.));
#3775=DIRECTION('center_axis',(0.,0.,-1.));
#3776=DIRECTION('ref_axis',(1.,0.,0.));
#3777=DIRECTION('',(0.,0.,1.));
#3778=DIRECTION('center_axis',(0.,0.,-1.));
#3779=DIRECTION('ref_axis',(1.,0.,0.));
#3780=DIRECTION('center_axis',(0.,0.,-1.));
#3781=DIRECTION('ref_axis',(1.,0.,0.));
#3782=DIRECTION('center_axis',(0.,0.,1.));
#3783=DIRECTION('ref_axis',(0.,-1.,0.));
#3784=DIRECTION('center_axis',(0.,0.,1.));
#3785=DIRECTION('ref_axis',(1.,0.,0.));
#3786=DIRECTION('center_axis',(0.,0.,-1.));
#3787=DIRECTION('ref_axis',(1.,0.,0.));
#3788=DIRECTION('',(0.,0.,1.));
#3789=DIRECTION('center_axis',(0.,0.,1.));
#3790=DIRECTION('ref_axis',(1.,0.,0.));
#3791=DIRECTION('center_axis',(0.,0.,-1.));
#3792=DIRECTION('ref_axis',(1.,0.,0.));
#3793=DIRECTION('',(0.,0.,1.));
#3794=DIRECTION('center_axis',(0.,0.,-1.));
#3795=DIRECTION('ref_axis',(1.,0.,0.));
#3796=DIRECTION('center_axis',(0.,0.,-1.));
#3797=DIRECTION('ref_axis',(-0.852369404375644,-0.522940148089922,0.));
#3798=DIRECTION('center_axis',(0.,0.,1.));
#3799=DIRECTION('ref_axis',(0.,-1.,0.));
#3800=DIRECTION('center_axis',(0.,0.,-1.));
#3801=DIRECTION('ref_axis',(-0.852369404375644,-0.522940148089922,0.));
#3802=DIRECTION('center_axis',(0.,0.,-1.));
#3803=DIRECTION('ref_axis',(1.,0.,0.));
#3804=DIRECTION('center_axis',(0.,0.,1.));
#3805=DIRECTION('ref_axis',(0.,-1.,0.));
#3806=DIRECTION('center_axis',(0.,0.,-1.));
#3807=DIRECTION('ref_axis',(-1.,0.,0.));
#3808=DIRECTION('center_axis',(0.,0.,1.));
#3809=DIRECTION('ref_axis',(0.,-1.,0.));
#3810=DIRECTION('center_axis',(0.,0.,-1.));
#3811=DIRECTION('ref_axis',(1.,0.,0.));
#3812=DIRECTION('center_axis',(0.,0.,1.));
#3813=DIRECTION('ref_axis',(1.,0.,0.));
#3814=DIRECTION('',(0.,0.,1.));
#3815=DIRECTION('center_axis',(0.,0.,1.));
#3816=DIRECTION('ref_axis',(1.,0.,0.));
#3817=DIRECTION('center_axis',(0.,0.,-1.));
#3818=DIRECTION('ref_axis',(1.,0.,0.));
#3819=DIRECTION('center_axis',(0.,0.,-1.));
#3820=DIRECTION('ref_axis',(1.,0.,0.));
#3821=DIRECTION('',(0.,0.,1.));
#3822=DIRECTION('center_axis',(0.,0.,-1.));
#3823=DIRECTION('ref_axis',(1.,0.,0.));
#3824=DIRECTION('center_axis',(0.,0.,-1.));
#3825=DIRECTION('ref_axis',(1.,0.,0.));
#3826=DIRECTION('center_axis',(0.,0.,1.));
#3827=DIRECTION('ref_axis',(0.,-1.,0.));
#3828=DIRECTION('center_axis',(0.,0.,-1.));
#3829=DIRECTION('ref_axis',(1.,0.,0.));
#3830=DIRECTION('center_axis',(0.,0.,-1.));
#3831=DIRECTION('ref_axis',(1.,0.,0.));
#3832=DIRECTION('center_axis',(0.,0.,-1.));
#3833=DIRECTION('ref_axis',(-1.,0.,0.));
#3834=DIRECTION('center_axis',(0.,0.,1.));
#3835=DIRECTION('ref_axis',(0.,1.,0.));
#3836=DIRECTION('',(-5.88754634270918E-15,1.,0.));
#3837=DIRECTION('center_axis',(0.,0.,-1.));
#3838=DIRECTION('ref_axis',(-1.,0.,0.));
#3839=DIRECTION('center_axis',(0.,0.,1.));
#3840=DIRECTION('ref_axis',(1.,0.,0.));
#3841=DIRECTION('center_axis',(0.,0.,1.));
#3842=DIRECTION('ref_axis',(0.,-1.,0.));
#3843=DIRECTION('center_axis',(0.,0.,1.));
#3844=DIRECTION('ref_axis',(0.,-1.,0.));
#3845=DIRECTION('center_axis',(1.,0.,0.));
#3846=DIRECTION('ref_axis',(0.,-1.,0.));
#3847=DIRECTION('',(0.,0.,-1.));
#3848=DIRECTION('center_axis',(1.,0.,0.));
#3849=DIRECTION('ref_axis',(0.,0.,-1.));
#3850=DIRECTION('',(0.,1.,0.));
#3851=DIRECTION('',(0.,0.,-1.));
#3852=DIRECTION('center_axis',(0.,1.,0.));
#3853=DIRECTION('ref_axis',(1.,0.,0.));
#3854=DIRECTION('',(-1.,0.,0.));
#3855=DIRECTION('center_axis',(0.,1.,0.));
#3856=DIRECTION('ref_axis',(0.,0.,1.));
#3857=DIRECTION('center_axis',(0.,-1.,0.));
#3858=DIRECTION('ref_axis',(-1.,0.,0.));
#3859=DIRECTION('',(0.,0.,-1.));
#3860=DIRECTION('',(0.,0.,-1.));
#3861=DIRECTION('center_axis',(0.,0.,-1.));
#3862=DIRECTION('ref_axis',(1.,0.,0.));
#3863=DIRECTION('',(0.,0.,-1.));
#3864=DIRECTION('center_axis',(1.,5.88754634270918E-15,0.));
#3865=DIRECTION('ref_axis',(5.88754634270918E-15,-1.,0.));
#3866=DIRECTION('',(0.,0.,-1.));
#3867=DIRECTION('center_axis',(0.,0.,-1.));
#3868=DIRECTION('ref_axis',(0.,1.,0.));
#3869=DIRECTION('',(0.,0.,-1.));
#3870=DIRECTION('center_axis',(0.,0.,1.));
#3871=DIRECTION('ref_axis',(1.,0.,0.));
#3872=DIRECTION('center_axis',(0.,0.,-1.));
#3873=DIRECTION('ref_axis',(6.12323399573677E-17,1.,0.));
#3874=DIRECTION('center_axis',(1.22464679914735E-16,-1.,0.));
#3875=DIRECTION('ref_axis',(-1.,-1.22464679914735E-16,0.));
#3876=DIRECTION('center_axis',(0.,0.,1.));
#3877=DIRECTION('ref_axis',(6.12323399573677E-17,1.,0.));
#3878=DIRECTION('center_axis',(0.,0.,1.));
#3879=DIRECTION('ref_axis',(6.12323399573677E-17,1.,0.));
#3880=DIRECTION('center_axis',(0.,0.,1.));
#3881=DIRECTION('ref_axis',(0.,-1.,0.));
#3882=DIRECTION('center_axis',(0.,0.,1.));
#3883=DIRECTION('ref_axis',(1.,0.,0.));
#3884=DIRECTION('',(0.,0.,-1.));
#3885=DIRECTION('center_axis',(0.,0.,-1.));
#3886=DIRECTION('ref_axis',(-1.,0.,0.));
#3887=DIRECTION('center_axis',(-0.920781935392085,0.320917842427695,-0.221748429232676));
#3888=DIRECTION('ref_axis',(-0.25680757754822,-0.0708232215577655,0.963864066869387));
#3889=DIRECTION('center_axis',(0.,1.,0.));
#3890=DIRECTION('ref_axis',(0.707106781186548,0.,-0.707106781186547));
#3891=DIRECTION('',(-1.,0.,0.));
#3892=DIRECTION('center_axis',(0.,0.,1.));
#3893=DIRECTION('ref_axis',(0.,-1.,0.));
#3894=DIRECTION('center_axis',(0.,0.,-1.));
#3895=DIRECTION('ref_axis',(0.707106781186548,0.707106781186548,0.));
#3896=DIRECTION('',(0.,0.,-1.));
#3897=DIRECTION('center_axis',(0.,0.,1.));
#3898=DIRECTION('ref_axis',(1.,0.,0.));
#3899=DIRECTION('',(0.,0.,1.));
#3900=DIRECTION('center_axis',(-0.408248290463864,-0.40824829046386,-0.816496580927727));
#3901=DIRECTION('ref_axis',(0.577350269189628,0.577350269189623,-0.577350269189626));
#3902=DIRECTION('center_axis',(0.,1.,0.));
#3903=DIRECTION('ref_axis',(0.707106781186547,0.,-0.707106781186548));
#3904=DIRECTION('center_axis',(1.,0.,0.));
#3905=DIRECTION('ref_axis',(0.,0.707106781186549,-0.707106781186546));
#3906=DIRECTION('center_axis',(0.,0.,-1.));
#3907=DIRECTION('ref_axis',(0.,1.,0.));
#3908=DIRECTION('center_axis',(1.,0.,0.));
#3909=DIRECTION('ref_axis',(0.,0.707106781186548,-0.707106781186547));
#3910=DIRECTION('',(-1.,0.,0.));
#3911=DIRECTION('',(1.,0.,0.));
#3912=DIRECTION('center_axis',(0.,-1.,0.));
#3913=DIRECTION('ref_axis',(0.707106781186548,0.,-0.707106781186547));
#3914=DIRECTION('',(0.,-1.,0.));
#3915=DIRECTION('',(0.,1.,0.));
#3916=DIRECTION('center_axis',(1.,0.,0.));
#3917=DIRECTION('ref_axis',(0.,-1.,0.));
#3918=DIRECTION('center_axis',(0.,0.,-1.));
#3919=DIRECTION('ref_axis',(-1.,0.,0.));
#3920=DIRECTION('',(1.,0.,0.));
#3921=DIRECTION('center_axis',(0.,1.,0.));
#3922=DIRECTION('ref_axis',(1.,0.,0.));
#3923=DIRECTION('center_axis',(0.,0.,-1.));
#3924=DIRECTION('ref_axis',(-1.,0.,0.));
#3925=DIRECTION('center_axis',(0.,-1.,0.));
#3926=DIRECTION('ref_axis',(-1.,0.,0.));
#3927=DIRECTION('center_axis',(6.89579518400718E-16,1.,0.));
#3928=DIRECTION('ref_axis',(1.,-6.89579518400718E-16,0.));
#3929=DIRECTION('',(0.,0.,-1.));
#3930=DIRECTION('center_axis',(0.,0.,-1.));
#3931=DIRECTION('ref_axis',(-1.,0.,0.));
#3932=DIRECTION('',(0.,0.,-1.));
#3933=DIRECTION('center_axis',(-1.,1.00929365875012E-14,0.));
#3934=DIRECTION('ref_axis',(1.00929365875012E-14,1.,0.));
#3935=DIRECTION('',(0.,0.,-1.));
#3936=DIRECTION('center_axis',(0.,0.,-1.));
#3937=DIRECTION('ref_axis',(-1.53134210293125E-15,-1.,0.));
#3938=DIRECTION('center_axis',(0.,0.,1.));
#3939=DIRECTION('ref_axis',(1.,0.,0.));
#3940=DIRECTION('center_axis',(-1.90768769880039E-16,1.,0.));
#3941=DIRECTION('ref_axis',(1.,1.90768769880039E-16,1.19230481175024E-17));
#3942=DIRECTION('',(0.,0.,-1.));
#3943=DIRECTION('',(-1.,-1.90768769880039E-16,-1.19230481175024E-17));
#3944=DIRECTION('',(0.,0.,-1.));
#3945=DIRECTION('center_axis',(0.,0.,-1.));
#3946=DIRECTION('ref_axis',(-0.998118112612513,-0.0613207409840625,0.));
#3947=DIRECTION('',(0.,0.,-1.));
#3948=DIRECTION('center_axis',(0.,0.,-1.));
#3949=DIRECTION('ref_axis',(-0.998118112612513,-0.0613207409840625,0.));
#3950=DIRECTION('center_axis',(-0.997290424077004,-0.0735650055686047,0.));
#3951=DIRECTION('ref_axis',(-0.0735650055686047,0.997290424077004,0.));
#3952=DIRECTION('',(0.,0.,-1.));
#3953=DIRECTION('',(-0.0735650055686047,0.997290424077004,0.));
#3954=DIRECTION('center_axis',(0.,0.,-1.));
#3955=DIRECTION('ref_axis',(-0.393992052143335,-0.919113846510803,0.));
#3956=DIRECTION('',(0.,0.,-1.));
#3957=DIRECTION('center_axis',(0.,0.,-1.));
#3958=DIRECTION('ref_axis',(-0.393992052143335,-0.919113846510803,0.));
#3959=DIRECTION('center_axis',(0.707106781186549,-0.707106781186546,0.));
#3960=DIRECTION('ref_axis',(-0.707106781186546,-0.707106781186549,-1.19230481175024E-17));
#3961=DIRECTION('',(0.,0.,-1.));
#3962=DIRECTION('',(-0.707106781186546,-0.707106781186549,-1.19230481175024E-17));
#3963=DIRECTION('center_axis',(-0.707106781186548,-0.707106781186548,0.));
#3964=DIRECTION('ref_axis',(-0.707106781186548,0.707106781186548,0.));
#3965=DIRECTION('',(0.,0.,-1.));
#3966=DIRECTION('',(-0.707106781186548,0.707106781186548,0.));
#3967=DIRECTION('center_axis',(-0.707106781186549,0.707106781186546,0.));
#3968=DIRECTION('ref_axis',(0.707106781186546,0.707106781186549,1.19230481175024E-17));
#3969=DIRECTION('',(0.,0.,-1.));
#3970=DIRECTION('',(-0.707106781186546,-0.707106781186549,-1.19230481175024E-17));
#3971=DIRECTION('center_axis',(0.,0.,-1.));
#3972=DIRECTION('ref_axis',(-0.393992052143335,-0.919113846510803,0.));
#3973=DIRECTION('',(0.,0.,-1.));
#3974=DIRECTION('center_axis',(0.,0.,-1.));
#3975=DIRECTION('ref_axis',(-0.393992052143335,-0.919113846510803,0.));
#3976=DIRECTION('center_axis',(-0.382683058994485,-0.923879687166366,0.));
#3977=DIRECTION('ref_axis',(-0.923879687166366,0.382683058994485,0.));
#3978=DIRECTION('',(0.,0.,-1.));
#3979=DIRECTION('',(-0.923879687166366,0.382683058994485,0.));
#3980=DIRECTION('center_axis',(0.,0.,-1.));
#3981=DIRECTION('ref_axis',(0.99992470188043,-0.0122715349216115,0.));
#3982=DIRECTION('',(0.,0.,-1.));
#3983=DIRECTION('center_axis',(0.,0.,-1.));
#3984=DIRECTION('ref_axis',(0.99992470188043,-0.0122715349216115,0.));
#3985=DIRECTION('center_axis',(1.,1.90768769880039E-16,0.));
#3986=DIRECTION('ref_axis',(1.90768769880039E-16,-1.,-1.19230481175024E-17));
#3987=DIRECTION('',(0.,0.,-1.));
#3988=DIRECTION('',(1.90768769880039E-16,-1.,-1.19230481175024E-17));
#3989=DIRECTION('center_axis',(0.,-1.,0.));
#3990=DIRECTION('ref_axis',(-1.,0.,0.));
#3991=DIRECTION('',(0.,0.,-1.));
#3992=DIRECTION('',(-1.,0.,0.));
#3993=DIRECTION('center_axis',(-1.,-1.90768769880039E-16,0.));
#3994=DIRECTION('ref_axis',(-1.90768769880039E-16,1.,1.19230481175024E-17));
#3995=DIRECTION('',(0.,0.,-1.));
#3996=DIRECTION('',(1.90768769880039E-16,-1.,-1.19230481175024E-17));
#3997=DIRECTION('center_axis',(0.,0.,-1.));
#3998=DIRECTION('ref_axis',(0.99992470188043,-0.0122715349216115,0.));
#3999=DIRECTION('',(0.,0.,-1.));
#4000=DIRECTION('center_axis',(0.,0.,-1.));
#4001=DIRECTION('ref_axis',(0.99992470188043,-0.0122715349216115,0.));
#4002=DIRECTION('center_axis',(0.707106781186549,0.707106781186546,0.));
#4003=DIRECTION('ref_axis',(0.707106781186546,-0.707106781186549,-1.19230481175024E-17));
#4004=DIRECTION('',(0.,0.,-1.));
#4005=DIRECTION('',(0.707106781186546,-0.707106781186549,-1.19230481175024E-17));
#4006=DIRECTION('center_axis',(0.707106781186548,-0.707106781186548,0.));
#4007=DIRECTION('ref_axis',(-0.707106781186548,-0.707106781186548,0.));
#4008=DIRECTION('',(0.,0.,-1.));
#4009=DIRECTION('',(-0.707106781186548,-0.707106781186548,0.));
#4010=DIRECTION('center_axis',(-0.707106781186549,-0.707106781186546,0.));
#4011=DIRECTION('ref_axis',(-0.707106781186546,0.707106781186549,1.19230481175024E-17));
#4012=DIRECTION('',(0.,0.,-1.));
#4013=DIRECTION('',(0.707106781186546,-0.707106781186549,-1.19230481175024E-17));
#4014=DIRECTION('center_axis',(0.,0.,-1.));
#4015=DIRECTION('ref_axis',(0.99992470188043,-0.0122715349216115,0.));
#4016=DIRECTION('',(0.,0.,-1.));
#4017=DIRECTION('center_axis',(0.,0.,-1.));
#4018=DIRECTION('ref_axis',(0.99992470188043,-0.0122715349216115,0.));
#4019=DIRECTION('center_axis',(0.,1.,0.));
#4020=DIRECTION('ref_axis',(1.,0.,-1.19230481175024E-17));
#4021=DIRECTION('',(0.,0.,-1.));
#4022=DIRECTION('',(1.,0.,-1.19230481175024E-17));
#4023=DIRECTION('center_axis',(1.,0.,0.));
#4024=DIRECTION('ref_axis',(0.,-1.,0.));
#4025=DIRECTION('',(0.,0.,-1.));
#4026=DIRECTION('',(0.,-1.,0.));
#4027=DIRECTION('center_axis',(0.,-1.,0.));
#4028=DIRECTION('ref_axis',(-1.,0.,1.19230481175024E-17));
#4029=DIRECTION('',(0.,0.,-1.));
#4030=DIRECTION('',(1.,0.,-1.19230481175024E-17));
#4031=DIRECTION('center_axis',(0.,0.,-1.));
#4032=DIRECTION('ref_axis',(0.923879532317831,0.382683432832134,0.));
#4033=DIRECTION('',(0.,0.,-1.));
#4034=DIRECTION('center_axis',(0.,0.,-1.));
#4035=DIRECTION('ref_axis',(-0.998118112612513,-0.0613207409840625,0.));
#4036=DIRECTION('center_axis',(-0.707106781186549,0.707106781186546,0.));
#4037=DIRECTION('ref_axis',(0.707106781186546,0.707106781186549,-1.19230481175024E-17));
#4038=DIRECTION('',(0.,0.,-1.));
#4039=DIRECTION('',(0.707106781186546,0.707106781186549,-1.19230481175024E-17));
#4040=DIRECTION('center_axis',(0.707106781186548,0.707106781186548,0.));
#4041=DIRECTION('ref_axis',(0.707106781186548,-0.707106781186548,0.));
#4042=DIRECTION('',(0.,0.,-1.));
#4043=DIRECTION('',(0.707106781186548,-0.707106781186548,0.));
#4044=DIRECTION('center_axis',(0.707106781186549,-0.707106781186546,0.));
#4045=DIRECTION('ref_axis',(-0.707106781186546,-0.707106781186549,1.19230481175024E-17));
#4046=DIRECTION('',(0.,0.,-1.));
#4047=DIRECTION('',(0.707106781186546,0.707106781186549,-1.19230481175024E-17));
#4048=DIRECTION('center_axis',(0.,0.,-1.));
#4049=DIRECTION('ref_axis',(-0.998118112612513,-0.0613207409840625,0.));
#4050=DIRECTION('',(0.,0.,-1.));
#4051=DIRECTION('center_axis',(0.,0.,-1.));
#4052=DIRECTION('ref_axis',(-0.998118112612513,-0.0613207409840625,0.));
#4053=DIRECTION('center_axis',(-1.,-1.90768769880039E-16,0.));
#4054=DIRECTION('ref_axis',(-1.90768769880039E-16,1.,-1.19230481175024E-17));
#4055=DIRECTION('',(0.,0.,-1.));
#4056=DIRECTION('',(-1.90768769880039E-16,1.,-1.19230481175024E-17));
#4057=DIRECTION('center_axis',(0.,1.,0.));
#4058=DIRECTION('ref_axis',(1.,0.,0.));
#4059=DIRECTION('',(0.,0.,-1.));
#4060=DIRECTION('',(1.,0.,0.));
#4061=DIRECTION('center_axis',(1.,1.90768769880039E-16,0.));
#4062=DIRECTION('ref_axis',(1.90768769880039E-16,-1.,1.19230481175024E-17));
#4063=DIRECTION('',(0.,0.,-1.));
#4064=DIRECTION('',(-1.90768769880039E-16,1.,-1.19230481175024E-17));
#4065=DIRECTION('center_axis',(0.,0.,-1.));
#4066=DIRECTION('ref_axis',(-0.998118112612513,-0.0613207409840625,0.));
#4067=DIRECTION('',(0.,0.,-1.));
#4068=DIRECTION('center_axis',(0.,0.,-1.));
#4069=DIRECTION('ref_axis',(-0.998118112612513,-0.0613207409840625,0.));
#4070=DIRECTION('center_axis',(-0.707106781186548,-0.707106781186548,0.));
#4071=DIRECTION('ref_axis',(-0.707106781186548,0.707106781186548,-1.19230481175025E-17));
#4072=DIRECTION('',(0.,0.,-1.));
#4073=DIRECTION('',(-0.707106781186547,0.707106781186547,-1.19230481175024E-17));
#4074=DIRECTION('center_axis',(-0.707106781186548,0.707106781186548,0.));
#4075=DIRECTION('ref_axis',(0.707106781186548,0.707106781186548,0.));
#4076=DIRECTION('',(0.,0.,-1.));
#4077=DIRECTION('',(0.707106781186548,0.707106781186548,0.));
#4078=DIRECTION('center_axis',(0.707106781186548,0.707106781186548,0.));
#4079=DIRECTION('ref_axis',(0.707106781186548,-0.707106781186548,1.19230481175025E-17));
#4080=DIRECTION('',(0.,0.,-1.));
#4081=DIRECTION('',(-0.707106781186547,0.707106781186547,-1.19230481175024E-17));
#4082=DIRECTION('center_axis',(0.,0.,-1.));
#4083=DIRECTION('ref_axis',(-0.998118112612513,-0.0613207409840625,0.));
#4084=DIRECTION('',(0.,0.,-1.));
#4085=DIRECTION('center_axis',(0.,0.,-1.));
#4086=DIRECTION('ref_axis',(-0.998118112612513,-0.0613207409840625,0.));
#4087=DIRECTION('center_axis',(1.90768769880039E-16,-1.,0.));
#4088=DIRECTION('ref_axis',(-1.,-1.90768769880039E-16,-1.19230481175024E-17));
#4089=DIRECTION('',(0.,0.,-1.));
#4090=DIRECTION('',(-1.,-1.90768769880039E-16,-1.19230481175024E-17));
#4091=DIRECTION('center_axis',(-1.,0.,0.));
#4092=DIRECTION('ref_axis',(0.,1.,0.));
#4093=DIRECTION('',(0.,1.,0.));
#4094=DIRECTION('center_axis',(0.,0.,-1.));
#4095=DIRECTION('ref_axis',(1.,0.,0.));
#4096=DIRECTION('center_axis',(0.,0.,-1.));
#4097=DIRECTION('ref_axis',(1.,0.,0.));
#4098=CARTESIAN_POINT('',(0.,0.,0.));
#4099=CARTESIAN_POINT('Origin',(15.,-52.6820508733654,-12.2301559192696));
#4100=CARTESIAN_POINT('',(15.,-47.4985372634862,-4.64526929157972));
#4101=CARTESIAN_POINT('',(15.,-45.4851605422217,-5.17483850565201));
#4102=CARTESIAN_POINT('Ctrl Pts',(15.,-47.4985372634862,-4.64526929157972));
#4103=CARTESIAN_POINT('Ctrl Pts',(15.,-46.4721069762493,-4.9157872817413));
#4104=CARTESIAN_POINT('Ctrl Pts',(15.,-45.4851605422217,-5.17483850565201));
#4105=CARTESIAN_POINT('',(15.,-61.6264159659742,-18.3503654552723));
#4106=CARTESIAN_POINT('',(15.,-50.3775668397462,-7.43814273221948));
#4107=CARTESIAN_POINT('',(15.,-60.9585854131207,-20.1852148192592));
#4108=CARTESIAN_POINT('',(15.,-68.307370737973,0.00540692119206709));
#4109=CARTESIAN_POINT('',(15.,-56.9995183992702,-16.3446245023442));
#4110=CARTESIAN_POINT('Origin',(14.,-50.3775668397462,-7.43814273221948));
#4111=CARTESIAN_POINT('',(14.,-48.6915572381215,-4.40937384883752));
#4112=CARTESIAN_POINT('Ctrl Pts',(14.,-48.6915572381215,-4.40937384883751));
#4113=CARTESIAN_POINT('Ctrl Pts',(14.1081223195459,-48.6848747236967,-4.40289131138549));
#4114=CARTESIAN_POINT('Ctrl Pts',(14.2148292766145,-48.6576301896113,-4.40188034203702));
#4115=CARTESIAN_POINT('Ctrl Pts',(14.4384291021284,-48.5613027446272,-4.40997036635445));
#4116=CARTESIAN_POINT('Ctrl Pts',(14.5610924395206,-48.4742198360723,-4.42331515224305));
#4117=CARTESIAN_POINT('Ctrl Pts',(14.7631909698108,-48.2595759534229,-4.46388323259424));
#4118=CARTESIAN_POINT('Ctrl Pts',(14.8427156499774,-48.1320956065979,-4.49108723071535));
#4119=CARTESIAN_POINT('Ctrl Pts',(14.952812738219,-47.8734383280687,-4.55034589020109));
#4120=CARTESIAN_POINT('Ctrl Pts',(14.9895861823363,-47.7218586831863,-4.58727073178733));
#4121=CARTESIAN_POINT('Ctrl Pts',(14.9993430268849,-47.5458352243268,-4.63285806916672));
#4122=CARTESIAN_POINT('Ctrl Pts',(15.,-47.5221608885745,-4.63904323252953));
#4123=CARTESIAN_POINT('Ctrl Pts',(15.,-47.4985372634862,-4.64526929157972));
#4124=CARTESIAN_POINT('',(14.,-62.0011824260893,-17.320703068537));
#4125=CARTESIAN_POINT('',(14.,-51.0738523534677,-6.72037781013035));
#4126=CARTESIAN_POINT('Origin',(14.,-61.6264159659742,-18.3503654552723));
#4127=CARTESIAN_POINT('Origin',(0.,-47.4917121681966,-3.24543463254471));
#4128=CARTESIAN_POINT('',(-14.,-48.6915572381215,-4.40937384883752));
#4129=CARTESIAN_POINT('Ctrl Pts',(-14.,-48.6915572381215,-4.40937384883751));
#4130=CARTESIAN_POINT('Ctrl Pts',(1.32427402377289E-11,-49.556829111117,
-5.24875210773021));
#4131=CARTESIAN_POINT('Ctrl Pts',(14.,-48.6915572381215,-4.40937384883751));
#4132=CARTESIAN_POINT('',(-14.,-62.0011824260893,-17.320703068537));
#4133=CARTESIAN_POINT('',(-14.,-51.0738523534677,-6.72037781013035));
#4134=CARTESIAN_POINT('',(0.,-62.0011824260893,-17.320703068537));
#4135=CARTESIAN_POINT('Origin',(-14.,-50.3775668397462,-7.43814273221948));
#4136=CARTESIAN_POINT('',(-15.,-47.4985372634862,-4.64526929157972));
#4137=CARTESIAN_POINT('Ctrl Pts',(-15.,-47.4985372634862,-4.64526929157972));
#4138=CARTESIAN_POINT('Ctrl Pts',(-15.,-47.5221608885745,-4.63904323252953));
#4139=CARTESIAN_POINT('Ctrl Pts',(-14.9993430268849,-47.5458352243268,-4.63285806916672));
#4140=CARTESIAN_POINT('Ctrl Pts',(-14.9895861823363,-47.7218586831863,-4.58727073178733));
#4141=CARTESIAN_POINT('Ctrl Pts',(-14.952812738219,-47.8734383280687,-4.55034589020109));
#4142=CARTESIAN_POINT('Ctrl Pts',(-14.8427156499774,-48.1320956065979,-4.49108723071535));
#4143=CARTESIAN_POINT('Ctrl Pts',(-14.7631909698108,-48.2595759534229,-4.46388323259424));
#4144=CARTESIAN_POINT('Ctrl Pts',(-14.5610924395206,-48.4742198360723,-4.42331515224305));
#4145=CARTESIAN_POINT('Ctrl Pts',(-14.4384291021284,-48.5613027446272,-4.40997036635445));
#4146=CARTESIAN_POINT('Ctrl Pts',(-14.2148292766137,-48.6576301896116,-4.40188034203699));
#4147=CARTESIAN_POINT('Ctrl Pts',(-14.1081223195488,-48.6848747236966,-4.40289131138532));
#4148=CARTESIAN_POINT('Ctrl Pts',(-14.,-48.6915572381215,-4.40937384883751));
#4149=CARTESIAN_POINT('',(-15.,-61.6264159659742,-18.3503654552723));
#4150=CARTESIAN_POINT('',(-15.,-50.3775668397462,-7.43814273221948));
#4151=CARTESIAN_POINT('Origin',(-14.,-61.6264159659742,-18.3503654552723));
#4152=CARTESIAN_POINT('Origin',(-15.,-52.6820508733654,-12.2301559192696));
#4153=CARTESIAN_POINT('',(-15.,-45.4851605422217,-5.17483850565201));
#4154=CARTESIAN_POINT('Ctrl Pts',(-15.,-45.4851605422217,-5.17483850565201));
#4155=CARTESIAN_POINT('Ctrl Pts',(-15.,-46.4721069762515,-4.91578728174072));
#4156=CARTESIAN_POINT('Ctrl Pts',(-15.,-47.4985372634862,-4.64526929157972));
#4157=CARTESIAN_POINT('',(-15.,-60.9585854131207,-20.1852148192592));
#4158=CARTESIAN_POINT('',(-15.,-56.9995183992702,-16.3446245023442));
#4159=CARTESIAN_POINT('',(-15.,-68.307370737973,0.00540692119206709));
#4160=CARTESIAN_POINT('Origin',(-14.,-56.9995183992702,-16.3446245023442));
#4161=CARTESIAN_POINT('',(-14.,-44.4241218399589,-5.53876562730109));
#4162=CARTESIAN_POINT('Ctrl Pts',(-14.,-44.4241218399589,-5.53876562730109));
#4163=CARTESIAN_POINT('Ctrl Pts',(-14.0162029788694,-44.4230307736909,-5.53770721163664));
#4164=CARTESIAN_POINT('Ctrl Pts',(-14.0324336598486,-44.4223811822598,-5.53652790101665));
#4165=CARTESIAN_POINT('Ctrl Pts',(-14.1777033079155,-44.4205593159216,-5.52490146102744));
#4166=CARTESIAN_POINT('Ctrl Pts',(-14.306263314539,-44.4489048849652,-5.50657467665785));
#4167=CARTESIAN_POINT('Ctrl Pts',(-14.5381095002915,-44.5529044658266,-5.45948103047318));
#4168=CARTESIAN_POINT('Ctrl Pts',(-14.6515574188066,-44.6388590154371,-5.42712981277019));
#4169=CARTESIAN_POINT('Ctrl Pts',(-14.8314486765991,-44.8509544979854,-5.35589663346588));
#4170=CARTESIAN_POINT('Ctrl Pts',(-14.8980262044729,-44.9769892446445,-5.31703748673895));
#4171=CARTESIAN_POINT('Ctrl Pts',(-14.9782791291982,-45.2192720063122,-5.2464970195953));
#4172=CARTESIAN_POINT('Ctrl Pts',(-15.,-45.3514988449285,-5.20992169262144));
#4173=CARTESIAN_POINT('Ctrl Pts',(-15.,-45.4851605422217,-5.17483850565201));
#4174=CARTESIAN_POINT('',(-14.,-60.5838189530056,-21.2148772059944));
#4175=CARTESIAN_POINT('',(-14.,-56.3032328855487,-17.0623894244334));
#4176=CARTESIAN_POINT('Origin',(-14.,-60.9585854131207,-20.1852148192592));
#4177=CARTESIAN_POINT('Origin',(0.,-60.5838189530056,-21.2148772059944));
#4178=CARTESIAN_POINT('',(14.,-44.4241218399589,-5.53876562730109));
#4179=CARTESIAN_POINT('Ctrl Pts',(14.,-44.4241218399589,-5.53876562730109));
#4180=CARTESIAN_POINT('Ctrl Pts',(-1.99795735511543E-11,-45.3668452660233,
-6.4532776699125));
#4181=CARTESIAN_POINT('Ctrl Pts',(-14.,-44.4241218399589,-5.53876562730109));
#4182=CARTESIAN_POINT('',(14.,-60.5838189530056,-21.2148772059944));
#4183=CARTESIAN_POINT('',(14.,-56.3032328855487,-17.0623894244334));
#4184=CARTESIAN_POINT('',(0.,-60.5838189530056,-21.2148772059944));
#4185=CARTESIAN_POINT('Origin',(14.,-56.9995183992702,-16.3446245023442));
#4186=CARTESIAN_POINT('Ctrl Pts',(15.,-45.4851605422217,-5.17483850565201));
#4187=CARTESIAN_POINT('Ctrl Pts',(15.,-45.3514988449285,-5.20992169262144));
#4188=CARTESIAN_POINT('Ctrl Pts',(14.9782791291982,-45.2192720063122,-5.2464970195953));
#4189=CARTESIAN_POINT('Ctrl Pts',(14.8980262044729,-44.9769892446445,-5.31703748673895));
#4190=CARTESIAN_POINT('Ctrl Pts',(14.8314486765991,-44.8509544979854,-5.35589663346588));
#4191=CARTESIAN_POINT('Ctrl Pts',(14.6515574188066,-44.6388590154371,-5.42712981277019));
#4192=CARTESIAN_POINT('Ctrl Pts',(14.5381095002915,-44.5529044658266,-5.45948103047318));
#4193=CARTESIAN_POINT('Ctrl Pts',(14.306263314539,-44.4489048849652,-5.50657467665785));
#4194=CARTESIAN_POINT('Ctrl Pts',(14.1777033079155,-44.4205593159216,-5.52490146102744));
#4195=CARTESIAN_POINT('Ctrl Pts',(14.0324336598486,-44.4223811822598,-5.53652790101665));
#4196=CARTESIAN_POINT('Ctrl Pts',(14.0162029788694,-44.4230307736909,-5.53770721163664));
#4197=CARTESIAN_POINT('Ctrl Pts',(14.,-44.4241218399589,-5.53876562730109));
#4198=CARTESIAN_POINT('Origin',(14.,-60.9585854131207,-20.1852148192592));
#4199=CARTESIAN_POINT('Origin',(0.,-62.0011824260893,-17.320703068537));
#4200=CARTESIAN_POINT('Origin',(15.9999997615814,16.0000002384186,-8.5));
#4201=CARTESIAN_POINT('',(14.8499997615814,16.0000002384186,-8.5));
#4202=CARTESIAN_POINT('Origin',(15.9999997615814,16.0000002384186,-8.5));
#4203=CARTESIAN_POINT('Origin',(0.,0.,-7.45691792770299));
#4204=CARTESIAN_POINT('',(-2.57175822072616E-15,20.9999995306134,-9.09999979659915));
#4205=CARTESIAN_POINT('Origin',(0.,0.,-9.09999979659915));
#4206=CARTESIAN_POINT('',(-4.88634061937972E-15,39.8999991081655,-5.81383605880682));
#4207=CARTESIAN_POINT('',(-3.72904942005294E-15,30.4499993193895,-7.45691792770299));
#4208=CARTESIAN_POINT('',(-34.9215967113571,19.30005212327,-5.81383605880682));
#4209=CARTESIAN_POINT('Origin',(0.,0.,-5.81383605880682));
#4210=CARTESIAN_POINT('',(-37.3913088174544,13.9247963629407,-5.81383605880682));
#4211=CARTESIAN_POINT('Ctrl Pts',(-34.9215967113572,19.30005212327,-5.81383605880682));
#4212=CARTESIAN_POINT('Ctrl Pts',(-34.8098810807145,19.1991021788007,-5.83932681515157));
#4213=CARTESIAN_POINT('Ctrl Pts',(-34.7045668340585,19.0890363078941,-5.86460313372093));
#4214=CARTESIAN_POINT('Ctrl Pts',(-34.3565633939592,18.6668565004822,-5.95294724014034));
#4215=CARTESIAN_POINT('Ctrl Pts',(-34.1661480542465,18.3107907309519,-6.01158792914021));
#4216=CARTESIAN_POINT('Ctrl Pts',(-33.9381671165873,17.6077869233631,-6.10366594661984));
#4217=CARTESIAN_POINT('Ctrl Pts',(-33.8825014684138,17.212362436991,-6.14382710170841));
#4218=CARTESIAN_POINT('Ctrl Pts',(-33.9278748526835,16.4290867108736,-6.1972855772066));
#4219=CARTESIAN_POINT('Ctrl Pts',(-34.0289604609837,16.0412335235464,-6.21051479802198));
#4220=CARTESIAN_POINT('Ctrl Pts',(-34.3372431064438,15.3702654128392,-6.21051479802198));
#4221=CARTESIAN_POINT('Ctrl Pts',(-34.565679085149,15.0409245578603,-6.1972855772066));
#4222=CARTESIAN_POINT('Ctrl Pts',(-35.1304303568284,14.4962819151474,-6.14382710170841));
#4223=CARTESIAN_POINT('Ctrl Pts',(-35.4667167886037,14.2809435195625,-6.10366594661984));
#4224=CARTESIAN_POINT('Ctrl Pts',(-36.1486216152737,13.9959953334222,-6.01158792914021));
#4225=CARTESIAN_POINT('Ctrl Pts',(-36.5428190247784,13.9085354216405,-5.95294724014034));
#4226=CARTESIAN_POINT('Ctrl Pts',(-37.0898310350506,13.8975789292642,-5.86460313372093));
#4227=CARTESIAN_POINT('Ctrl Pts',(-37.2419433703878,13.9057901365706,-5.83932681515157));
#4228=CARTESIAN_POINT('Ctrl Pts',(-37.3913088174544,13.9247963629407,-5.81383605880682));
#4229=CARTESIAN_POINT('',(-3.49612770891081,-39.7465346901412,-5.81383605880682));
#4230=CARTESIAN_POINT('Origin',(0.,0.,-5.81383605880682));
#4231=CARTESIAN_POINT('',(-3.22,-39.72,-5.82247644685907));
#4232=CARTESIAN_POINT('Ctrl Pts',(-3.49612770891082,-39.7465346901411,-5.81383605880683));
#4233=CARTESIAN_POINT('Ctrl Pts',(-3.40408862305634,-39.728680695575,-5.81833062605532));
#4234=CARTESIAN_POINT('Ctrl Pts',(-3.31090398004762,-39.72,-5.82119931856649));
#4235=CARTESIAN_POINT('Ctrl Pts',(-3.22,-39.72,-5.82247644685907));
#4236=CARTESIAN_POINT('',(3.22,-39.72,-5.82247644685907));
#4237=CARTESIAN_POINT('Ctrl Pts',(3.22,-39.72,-5.82247644685907));
#4238=CARTESIAN_POINT('Ctrl Pts',(-1.04005692946885E-11,-39.72,-5.86771487426268));
#4239=CARTESIAN_POINT('Ctrl Pts',(-3.22,-39.72,-5.82247644685908));
#4240=CARTESIAN_POINT('',(3.49612770891081,-39.7465346901412,-5.81383605880682));
#4241=CARTESIAN_POINT('Ctrl Pts',(3.22,-39.72,-5.82247644685907));
#4242=CARTESIAN_POINT('Ctrl Pts',(3.31087836008189,-39.72,-5.82119967850654));
#4243=CARTESIAN_POINT('Ctrl Pts',(3.40406713206808,-39.7286765266941,-5.81833167553002));
#4244=CARTESIAN_POINT('Ctrl Pts',(3.49612770891082,-39.7465346901411,-5.81383605880683));
#4245=CARTESIAN_POINT('',(23.6174742513774,-32.159366268898,-5.81383605880682));
#4246=CARTESIAN_POINT('Origin',(0.,0.,-5.81383605880682));
#4247=CARTESIAN_POINT('',(26.0356768656194,-30.2349707951018,-5.81383605880682));
#4248=CARTESIAN_POINT('Ctrl Pts',(23.6174742513774,-32.159366268898,-5.81383605880682));
#4249=CARTESIAN_POINT('Ctrl Pts',(23.6734454244077,-32.0179200333175,-5.82789793261832));
#4250=CARTESIAN_POINT('Ctrl Pts',(23.7404583977724,-31.8792514867011,-5.8403243377029));
#4251=CARTESIAN_POINT('Ctrl Pts',(24.0144851799217,-31.4061201933481,-5.87753464232501));
#4252=CARTESIAN_POINT('Ctrl Pts',(24.2801145373248,-31.1047670908582,-5.89077551298039));
#4253=CARTESIAN_POINT('Ctrl Pts',(24.8592254951013,-30.6439130253604,-5.89077551298039));
#4254=CARTESIAN_POINT('Ctrl Pts',(25.2125243082681,-30.4527256918112,-5.87753464232501));
#4255=CARTESIAN_POINT('Ctrl Pts',(25.7351010667362,-30.2919232366248,-5.8403243377029));
#4256=CARTESIAN_POINT('Ctrl Pts',(25.8852751413038,-30.2577552435954,-5.82789793261832));
#4257=CARTESIAN_POINT('Ctrl Pts',(26.0356768656194,-30.2349707951018,-5.81383605880682));
#4258=CARTESIAN_POINT('',(14.7479975927732,37.074337429483,-5.81383605880682));
#4259=CARTESIAN_POINT('Origin',(0.,0.,-5.81383605880682));
#4260=CARTESIAN_POINT('',(10.2129848800162,38.5707773926345,-5.81383605880682));
#4261=CARTESIAN_POINT('Ctrl Pts',(14.7479975927732,37.074337429483,-5.81383605880682));
#4262=CARTESIAN_POINT('Ctrl Pts',(14.6287651291789,36.9995011518935,-5.83358914757593));
#4263=CARTESIAN_POINT('Ctrl Pts',(14.5060133621741,36.933864461896,-5.8520362407288));
#4264=CARTESIAN_POINT('Ctrl Pts',(14.0485852082783,36.7259814228998,-5.91460926378694));
#4265=CARTESIAN_POINT('Ctrl Pts',(13.6614048948988,36.6260575332638,-5.95479751225446));
#4266=CARTESIAN_POINT('Ctrl Pts',(12.8769606821532,36.5831825185339,-6.0082883557887));
#4267=CARTESIAN_POINT('Ctrl Pts',(12.4796897512231,36.6402772787216,-6.02152458103598));
#4268=CARTESIAN_POINT('Ctrl Pts',(11.7775037746133,36.8719809636987,-6.02152458103598));
#4269=CARTESIAN_POINT('Ctrl Pts',(11.4242705990486,37.0625336542686,-6.00828835578869));
#4270=CARTESIAN_POINT('Ctrl Pts',(10.8193955117363,37.5638490425693,-5.95479751225446));
#4271=CARTESIAN_POINT('Ctrl Pts',(10.5677206407806,37.8745790509658,-5.91460926378694));
#4272=CARTESIAN_POINT('Ctrl Pts',(10.3238451304515,38.3138746340765,-5.8520362407288));
#4273=CARTESIAN_POINT('Ctrl Pts',(10.2642633629921,38.4396767976629,-5.83358914757593));
#4274=CARTESIAN_POINT('Ctrl Pts',(10.2129848800163,38.5707773926346,-5.81383605880682));
#4275=CARTESIAN_POINT('Origin',(0.,0.,-5.81383605880682));
#4276=CARTESIAN_POINT('',(-16.0651284930704,-14.4013258390925,-9.));
#4277=CARTESIAN_POINT('',(-14.4013263178707,-16.0651280638774,-9.));
#4278=CARTESIAN_POINT('Origin',(0.,0.,-9.));
#4279=CARTESIAN_POINT('',(-7.8406968722202,-20.1000002980232,-9.));
#4280=CARTESIAN_POINT('Origin',(0.,0.,-9.));
#4281=CARTESIAN_POINT('',(-16.6000002980232,-20.1000002980232,-8.2187229350239));
#4282=CARTESIAN_POINT('Ctrl Pts',(-7.8406968722202,-20.1000002980232,-9.));
#4283=CARTESIAN_POINT('Ctrl Pts',(-11.8072899019472,-20.1000002980232,-8.74936244260849));
#4284=CARTESIAN_POINT('Ctrl Pts',(-16.6000002980232,-20.1000002980232,-8.2187229350239));
#4285=CARTESIAN_POINT('',(-20.1000002980232,-16.6000002980232,-8.2187229350239));
#4286=CARTESIAN_POINT('Ctrl Pts',(-16.6000002980232,-20.1000002980232,-8.2187229350239));
#4287=CARTESIAN_POINT('Ctrl Pts',(-17.0032139537595,-20.1000002980232,-8.17407990883428));
#4288=CARTESIAN_POINT('Ctrl Pts',(-17.422644598262,-20.0276030499239,-8.13632717024952));
#4289=CARTESIAN_POINT('Ctrl Pts',(-18.2935175112229,-19.7051842497883,-8.07703097695941));
#4290=CARTESIAN_POINT('Ctrl Pts',(-18.7319263408972,-19.4178217234551,-8.06095548075767));
#4291=CARTESIAN_POINT('Ctrl Pts',(-19.4178217234551,-18.7319263408972,-8.06095548075767));
#4292=CARTESIAN_POINT('Ctrl Pts',(-19.7051842497883,-18.2935175112229,-8.07703097695941));
#4293=CARTESIAN_POINT('Ctrl Pts',(-20.0276030499239,-17.422644598262,-8.13632717024952));
#4294=CARTESIAN_POINT('Ctrl Pts',(-20.1000002980232,-17.0032139537595,-8.17407990883428));
#4295=CARTESIAN_POINT('Ctrl Pts',(-20.1000002980232,-16.6000002980232,-8.2187229350239));
#4296=CARTESIAN_POINT('',(-20.1000002980232,-7.8406968722202,-9.));
#4297=CARTESIAN_POINT('Ctrl Pts',(-20.1000002980232,-16.6000002980232,-8.2187229350239));
#4298=CARTESIAN_POINT('Ctrl Pts',(-20.1000002980232,-11.8072899019472,-8.7493624426085));
#4299=CARTESIAN_POINT('Ctrl Pts',(-20.1000002980232,-7.8406968722202,-9.));
#4300=CARTESIAN_POINT('Origin',(0.,0.,-9.));
#4301=CARTESIAN_POINT('',(-14.4013262991293,16.0651280806778,-9.));
#4302=CARTESIAN_POINT('',(-16.0651280806778,14.4013262991293,-9.));
#4303=CARTESIAN_POINT('Origin',(0.,0.,-9.));
#4304=CARTESIAN_POINT('',(-20.1000002980232,7.8406968722202,-9.));
#4305=CARTESIAN_POINT('Origin',(0.,0.,-9.));
#4306=CARTESIAN_POINT('',(-20.1000002980232,16.6000002980232,-8.2187229350239));
#4307=CARTESIAN_POINT('Ctrl Pts',(-20.1000002980232,7.8406968722202,-9.));
#4308=CARTESIAN_POINT('Ctrl Pts',(-20.1000002980232,11.8072899019472,-8.74936244260849));
#4309=CARTESIAN_POINT('Ctrl Pts',(-20.1000002980232,16.6000002980232,-8.2187229350239));
#4310=CARTESIAN_POINT('',(-16.6000002980232,20.1000002980232,-8.2187229350239));
#4311=CARTESIAN_POINT('Ctrl Pts',(-20.1000002980232,16.6000002980232,-8.2187229350239));
#4312=CARTESIAN_POINT('Ctrl Pts',(-20.1000002980232,17.0032139537595,-8.17407990883428));
#4313=CARTESIAN_POINT('Ctrl Pts',(-20.0276030499239,17.422644598262,-8.13632717024951));
#4314=CARTESIAN_POINT('Ctrl Pts',(-19.7051842497883,18.2935175112229,-8.07703097695941));
#4315=CARTESIAN_POINT('Ctrl Pts',(-19.4178217234551,18.7319263408972,-8.06095548075767));
#4316=CARTESIAN_POINT('Ctrl Pts',(-18.7319263408972,19.4178217234551,-8.06095548075767));
#4317=CARTESIAN_POINT('Ctrl Pts',(-18.2935175112229,19.7051842497883,-8.07703097695941));
#4318=CARTESIAN_POINT('Ctrl Pts',(-17.422644598262,20.0276030499239,-8.13632717024952));
#4319=CARTESIAN_POINT('Ctrl Pts',(-17.0032139537595,20.1000002980232,-8.17407990883428));
#4320=CARTESIAN_POINT('Ctrl Pts',(-16.6000002980232,20.1000002980232,-8.2187229350239));
#4321=CARTESIAN_POINT('',(-7.8406968722202,20.1000002980232,-9.));
#4322=CARTESIAN_POINT('Ctrl Pts',(-16.6000002980232,20.1000002980232,-8.2187229350239));
#4323=CARTESIAN_POINT('Ctrl Pts',(-11.8072899019472,20.1000002980232,-8.74936244260849));
#4324=CARTESIAN_POINT('Ctrl Pts',(-7.8406968722202,20.1000002980232,-9.));
#4325=CARTESIAN_POINT('Origin',(0.,0.,-9.));
#4326=CARTESIAN_POINT('',(16.0651280638774,14.4013263178707,-9.));
#4327=CARTESIAN_POINT('',(14.4013258390925,16.0651284930704,-9.));
#4328=CARTESIAN_POINT('Origin',(0.,0.,-9.));
#4329=CARTESIAN_POINT('',(7.8406968722202,20.1000002980232,-9.));
#4330=CARTESIAN_POINT('Origin',(0.,0.,-9.));
#4331=CARTESIAN_POINT('',(16.6000002980232,20.1000002980232,-8.2187229350239));
#4332=CARTESIAN_POINT('Ctrl Pts',(7.84069687222021,20.1000002980232,-9.));
#4333=CARTESIAN_POINT('Ctrl Pts',(11.8072899019472,20.1000002980232,-8.74936244260849));
#4334=CARTESIAN_POINT('Ctrl Pts',(16.6000002980232,20.1000002980232,-8.2187229350239));
#4335=CARTESIAN_POINT('',(20.1000002980232,16.6000002980232,-8.2187229350239));
#4336=CARTESIAN_POINT('Ctrl Pts',(16.6000002980232,20.1000002980232,-8.21872293502389));
#4337=CARTESIAN_POINT('Ctrl Pts',(17.0032139537595,20.1000002980232,-8.17407990883428));
#4338=CARTESIAN_POINT('Ctrl Pts',(17.422644598262,20.0276030499239,-8.13632717024951));
#4339=CARTESIAN_POINT('Ctrl Pts',(18.2935175112229,19.7051842497883,-8.07703097695941));
#4340=CARTESIAN_POINT('Ctrl Pts',(18.7319263408972,19.4178217234551,-8.06095548075767));
#4341=CARTESIAN_POINT('Ctrl Pts',(19.4178217234551,18.7319263408972,-8.06095548075767));
#4342=CARTESIAN_POINT('Ctrl Pts',(19.7051842497883,18.2935175112229,-8.07703097695941));
#4343=CARTESIAN_POINT('Ctrl Pts',(20.0276030499239,17.422644598262,-8.13632717024951));
#4344=CARTESIAN_POINT('Ctrl Pts',(20.1000002980232,17.0032139537595,-8.17407990883428));
#4345=CARTESIAN_POINT('Ctrl Pts',(20.1000002980232,16.6000002980232,-8.2187229350239));
#4346=CARTESIAN_POINT('',(20.1000002980232,7.8406968722202,-9.));
#4347=CARTESIAN_POINT('Ctrl Pts',(20.1000002980232,16.6000002980232,-8.2187229350239));
#4348=CARTESIAN_POINT('Ctrl Pts',(20.1000002980232,11.8072899019472,-8.74936244260849));
#4349=CARTESIAN_POINT('Ctrl Pts',(20.1000002980232,7.8406968722202,-9.));
#4350=CARTESIAN_POINT('Origin',(0.,0.,-9.));
#4351=CARTESIAN_POINT('',(14.401325857834,-16.0651284762699,-9.));
#4352=CARTESIAN_POINT('',(16.0651284762699,-14.401325857834,-9.));
#4353=CARTESIAN_POINT('Origin',(0.,0.,-9.));
#4354=CARTESIAN_POINT('',(20.1000002980232,-7.8406968722202,-9.));
#4355=CARTESIAN_POINT('Origin',(0.,0.,-9.));
#4356=CARTESIAN_POINT('',(20.1000002980232,-16.6000002980232,-8.2187229350239));
#4357=CARTESIAN_POINT('Ctrl Pts',(20.1000002980232,-7.84069687222021,-9.));
#4358=CARTESIAN_POINT('Ctrl Pts',(20.1000002980232,-11.8072899019472,-8.74936244260849));
#4359=CARTESIAN_POINT('Ctrl Pts',(20.1000002980232,-16.6000002980232,-8.2187229350239));
#4360=CARTESIAN_POINT('',(16.6000002980232,-20.1000002980232,-8.2187229350239));
#4361=CARTESIAN_POINT('Ctrl Pts',(20.1000002980232,-16.6000002980232,-8.2187229350239));
#4362=CARTESIAN_POINT('Ctrl Pts',(20.1000002980232,-17.0032139537595,-8.17407990883428));
#4363=CARTESIAN_POINT('Ctrl Pts',(20.0276030499239,-17.422644598262,-8.13632717024951));
#4364=CARTESIAN_POINT('Ctrl Pts',(19.7051842497883,-18.2935175112229,-8.07703097695941));
#4365=CARTESIAN_POINT('Ctrl Pts',(19.4178217234551,-18.7319263408972,-8.06095548075767));
#4366=CARTESIAN_POINT('Ctrl Pts',(18.7319263408972,-19.4178217234551,-8.06095548075767));
#4367=CARTESIAN_POINT('Ctrl Pts',(18.2935175112229,-19.7051842497883,-8.07703097695941));
#4368=CARTESIAN_POINT('Ctrl Pts',(17.422644598262,-20.0276030499239,-8.13632717024952));
#4369=CARTESIAN_POINT('Ctrl Pts',(17.0032139537595,-20.1000002980232,-8.17407990883428));
#4370=CARTESIAN_POINT('Ctrl Pts',(16.6000002980232,-20.1000002980232,-8.2187229350239));
#4371=CARTESIAN_POINT('',(7.8406968722202,-20.1000002980232,-9.));
#4372=CARTESIAN_POINT('Ctrl Pts',(16.6000002980232,-20.1000002980232,-8.2187229350239));
#4373=CARTESIAN_POINT('Ctrl Pts',(11.8072899019472,-20.1000002980232,-8.7493624426085));
#4374=CARTESIAN_POINT('Ctrl Pts',(7.8406968722202,-20.1000002980232,-9.));
#4375=CARTESIAN_POINT('Origin',(0.,0.,-9.));
#4376=CARTESIAN_POINT('',(33.5675209781578,14.5444675179581,-6.39055657683068));
#4377=CARTESIAN_POINT('',(31.7,11.7,-6.87614742393222));
#4378=CARTESIAN_POINT('Ctrl Pts',(33.5675209781578,14.5444675179581,-6.39055657683068));
#4379=CARTESIAN_POINT('Ctrl Pts',(33.9436430531944,14.70743741099,-6.31928490553));
#4380=CARTESIAN_POINT('Ctrl Pts',(34.3781475689474,14.8018050235253,-6.24349255081584));
#4381=CARTESIAN_POINT('Ctrl Pts',(35.24797622134,14.798139939745,-6.10455916502768));
#4382=CARTESIAN_POINT('Ctrl Pts',(35.6832897198996,14.7000686646033,-6.04135255981627));
#4383=CARTESIAN_POINT('Ctrl Pts',(36.4347659860049,14.3655652820289,-5.94190241601981));
#4384=CARTESIAN_POINT('Ctrl Pts',(36.7985627629909,14.1093756208664,-5.89925841740506));
#4385=CARTESIAN_POINT('Ctrl Pts',(37.3846527301219,13.4660448063109,-5.84271390357561));
#4386=CARTESIAN_POINT('Ctrl Pts',(37.6069232507181,13.0788877012897,-5.82875992049683));
#4387=CARTESIAN_POINT('Ctrl Pts',(37.8698273965808,12.296916395647,-5.82875992049683));
#4388=CARTESIAN_POINT('Ctrl Pts',(37.926594360787,11.8541158535636,-5.84271390357561));
#4389=CARTESIAN_POINT('Ctrl Pts',(37.848199051472,10.9873805064099,-5.89925841740506));
#4390=CARTESIAN_POINT('Ctrl Pts',(37.7130644798535,10.5634466849407,-5.94190241601981));
#4391=CARTESIAN_POINT('Ctrl Pts',(37.3163039383276,9.84289816876621,-6.04135255981627));
#4392=CARTESIAN_POINT('Ctrl Pts',(37.028655029479,9.50176194630619,-6.10455916502767));
#4393=CARTESIAN_POINT('Ctrl Pts',(36.3377126986876,8.97335489404162,-6.24349255081584));
#4394=CARTESIAN_POINT('Ctrl Pts',(35.9344510605938,8.78605974795598,-6.31928490553));
#4395=CARTESIAN_POINT('Ctrl Pts',(35.1789156520044,8.60132952262516,-6.45452030215707));
#4396=CARTESIAN_POINT('Ctrl Pts',(34.7795941040922,8.57524991841023,-6.52308051906679));
#4397=CARTESIAN_POINT('Ctrl Pts',(34.0004216560662,8.67921301422036,-6.65008597583019));
#4398=CARTESIAN_POINT('Ctrl Pts',(33.6205663753165,8.80928650247731,-6.70847913106652));
#4399=CARTESIAN_POINT('Ctrl Pts',(32.978014379009,9.16563080600312,-6.80019040409632));
#4400=CARTESIAN_POINT('Ctrl Pts',(32.6690465575482,9.4149951745576,-6.84023784713307));
#4401=CARTESIAN_POINT('Ctrl Pts',(32.1693206333113,10.0142551492582,-6.89356073362914));
#4402=CARTESIAN_POINT('Ctrl Pts',(31.9785954409589,10.3641849080813,-6.9067607474657));
#4403=CARTESIAN_POINT('Ctrl Pts',(31.7590312589748,11.0172476032134,-6.9067607474657));
#4404=CARTESIAN_POINT('Ctrl Pts',(31.7,11.3579177855551,-6.89674198524658));
#4405=CARTESIAN_POINT('Ctrl Pts',(31.7,11.7,-6.87614742393222));
#4406=CARTESIAN_POINT('Ctrl Pts',(31.7,11.7,-6.87614742393222));
#4407=CARTESIAN_POINT('Ctrl Pts',(31.7,11.747939087175,-6.87326132103506));
#4408=CARTESIAN_POINT('Ctrl Pts',(31.70111286074,11.7959065159764,-6.87017635562541));
#4409=CARTESIAN_POINT('Ctrl Pts',(31.7214360021189,12.233529134296,-6.84023784713306));
#4410=CARTESIAN_POINT('Ctrl Pts',(31.8170013451418,12.6189003426338,-6.80019040409632));
#4411=CARTESIAN_POINT('Ctrl Pts',(32.1137667065379,13.2910496198703,-6.70847913106652));
#4412=CARTESIAN_POINT('Ctrl Pts',(32.337888216453,13.6241842705059,-6.65008597583019));
#4413=CARTESIAN_POINT('Ctrl Pts',(32.8959949852518,14.1777498616278,-6.52308051906679));
#4414=CARTESIAN_POINT('Ctrl Pts',(33.2299651350327,14.3982079833614,-6.45452030215707));
#4415=CARTESIAN_POINT('Ctrl Pts',(33.5675209781578,14.5444675179581,-6.39055657683068));
#4416=CARTESIAN_POINT('Origin',(15.9999997615814,-15.9999997615814,-8.5));
#4417=CARTESIAN_POINT('',(14.8499997615814,-15.9999997615814,-8.5));
#4418=CARTESIAN_POINT('Origin',(15.9999997615814,-15.9999997615814,-8.5));
#4419=CARTESIAN_POINT('Origin',(-16.0000002384186,16.0000002384186,-8.5));
#4420=CARTESIAN_POINT('',(-17.1500002384186,16.0000002384186,-8.5));
#4421=CARTESIAN_POINT('Origin',(-16.0000002384186,16.0000002384186,-8.5));
#4422=CARTESIAN_POINT('Origin',(-16.0000002384186,-15.9999997615814,-8.5));
#4423=CARTESIAN_POINT('',(-17.1500002384186,-15.9999997615814,-8.5));
#4424=CARTESIAN_POINT('Origin',(-16.0000002384186,-15.9999997615814,-8.5));
#4425=CARTESIAN_POINT('Origin',(-16.0000002384186,16.0000002384186,-9.));
#4426=CARTESIAN_POINT('Origin',(-16.0000002384186,16.0000002384186,-9.));
#4427=CARTESIAN_POINT('Origin',(-16.0000002384186,16.0000002384186,-9.));
#4428=CARTESIAN_POINT('',(-17.1500002384186,16.0000002384186,-2.));
#4429=CARTESIAN_POINT('Origin',(-16.0000002384186,16.0000002384186,-2.));
#4430=CARTESIAN_POINT('',(-17.1500002384186,16.0000002384186,-9.));
#4431=CARTESIAN_POINT('Origin',(-16.0000002384186,16.0000002384186,-2.));
#4432=CARTESIAN_POINT('',(-17.6000002384186,16.0000002384186,-2.));
#4433=CARTESIAN_POINT('Origin',(-16.0000002384186,16.0000002384186,-2.));
#4434=CARTESIAN_POINT('Origin',(15.9999997615814,-15.9999997615814,-9.));
#4435=CARTESIAN_POINT('',(14.3999997615814,-15.9999997615814,-9.));
#4436=CARTESIAN_POINT('Origin',(15.9999997615814,-15.9999997615814,-9.));
#4437=CARTESIAN_POINT('Origin',(15.9999997615814,-15.9999997615814,-9.));
#4438=CARTESIAN_POINT('Origin',(15.9999997615814,-15.9999997615814,-9.));
#4439=CARTESIAN_POINT('',(14.8499997615814,-15.9999997615814,-2.));
#4440=CARTESIAN_POINT('Origin',(15.9999997615814,-15.9999997615814,-2.));
#4441=CARTESIAN_POINT('',(14.8499997615814,-15.9999997615814,-9.));
#4442=CARTESIAN_POINT('Origin',(15.9999997615814,-15.9999997615814,-2.));
#4443=CARTESIAN_POINT('',(14.3999997615814,-15.9999997615814,-2.));
#4444=CARTESIAN_POINT('Origin',(15.9999997615814,-15.9999997615814,-2.));
#4445=CARTESIAN_POINT('Origin',(-16.0000002384186,-15.9999997615814,-9.));
#4446=CARTESIAN_POINT('Origin',(-16.0000002384186,-15.9999997615814,-9.));
#4447=CARTESIAN_POINT('Origin',(-16.0000002384186,-15.9999997615814,-9.));
#4448=CARTESIAN_POINT('',(-17.1500002384186,-15.9999997615814,-2.));
#4449=CARTESIAN_POINT('Origin',(-16.0000002384186,-15.9999997615814,-2.));
#4450=CARTESIAN_POINT('',(-17.1500002384186,-15.9999997615814,-9.));
#4451=CARTESIAN_POINT('Origin',(-16.0000002384186,-15.9999997615814,-2.));
#4452=CARTESIAN_POINT('',(-17.6000002384186,-15.9999997615814,-2.));
#4453=CARTESIAN_POINT('Origin',(-16.0000002384186,-15.9999997615814,-2.));
#4454=CARTESIAN_POINT('Origin',(15.9999997615814,16.0000002384186,-9.));
#4455=CARTESIAN_POINT('',(14.8499997615814,16.0000002384186,-2.));
#4456=CARTESIAN_POINT('Origin',(15.9999997615814,16.0000002384186,-2.));
#4457=CARTESIAN_POINT('',(14.8499997615814,16.0000002384186,-9.));
#4458=CARTESIAN_POINT('Origin',(15.9999997615814,16.0000002384186,-9.));
#4459=CARTESIAN_POINT('',(14.3999997615814,16.0000002384186,-9.));
#4460=CARTESIAN_POINT('Origin',(15.9999997615814,16.0000002384186,-9.));
#4461=CARTESIAN_POINT('Origin',(15.9999997615814,16.0000002384186,-9.));
#4462=CARTESIAN_POINT('Origin',(15.9999997615814,16.0000002384186,-2.));
#4463=CARTESIAN_POINT('',(14.3999997615814,16.0000002384186,-2.));
#4464=CARTESIAN_POINT('Origin',(15.9999997615814,16.0000002384186,-2.));
#4465=CARTESIAN_POINT('Origin',(-16.0000002384186,-15.9999997615814,-9.));
#4466=CARTESIAN_POINT('',(-17.6000002384186,-15.9999997615814,-9.));
#4467=CARTESIAN_POINT('Origin',(-16.0000002384186,-15.9999997615814,-9.));
#4468=CARTESIAN_POINT('',(-17.6000002384186,-15.9999997615814,-9.));
#4469=CARTESIAN_POINT('Origin',(-16.0000002384186,-15.9999997615814,-9.));
#4470=CARTESIAN_POINT('Origin',(-16.0000002384186,16.0000002384186,-9.));
#4471=CARTESIAN_POINT('',(-17.6000002384186,16.0000002384186,-9.));
#4472=CARTESIAN_POINT('Origin',(-16.0000002384186,16.0000002384186,-9.));
#4473=CARTESIAN_POINT('',(-17.6000002384186,16.0000002384186,-9.));
#4474=CARTESIAN_POINT('Origin',(-16.0000002384186,16.0000002384186,-9.));
#4475=CARTESIAN_POINT('Origin',(-20.1000002980232,16.6000002980232,-9.));
#4476=CARTESIAN_POINT('',(-20.1000002980232,16.6000002980232,-9.));
#4477=CARTESIAN_POINT('',(-20.1000002980232,-16.6000002980232,-9.));
#4478=CARTESIAN_POINT('',(-20.1000002980232,16.6000002980232,-9.));
#4479=CARTESIAN_POINT('Origin',(15.9999997615814,16.0000002384186,-9.));
#4480=CARTESIAN_POINT('Origin',(15.9999997615814,16.0000002384186,-9.));
#4481=CARTESIAN_POINT('',(14.3999997615814,16.0000002384186,-9.));
#4482=CARTESIAN_POINT('Origin',(16.6000002980232,20.1000002980232,-9.));
#4483=CARTESIAN_POINT('',(16.6000002980232,20.1000002980232,-9.));
#4484=CARTESIAN_POINT('',(-16.6000002980232,20.1000002980232,-9.));
#4485=CARTESIAN_POINT('',(16.6000002980232,20.1000002980232,-9.));
#4486=CARTESIAN_POINT('Origin',(-16.6000002980232,-20.1000002980232,-9.));
#4487=CARTESIAN_POINT('',(16.6000002980232,-20.1000002980232,-9.));
#4488=CARTESIAN_POINT('',(16.6000002980232,-20.1000002980232,-9.));
#4489=CARTESIAN_POINT('',(16.6000002980232,-20.1000002980232,-9.));
#4490=CARTESIAN_POINT('Origin',(15.9999997615814,-15.9999997615814,-9.));
#4491=CARTESIAN_POINT('Origin',(15.9999997615814,-15.9999997615814,-9.));
#4492=CARTESIAN_POINT('',(14.3999997615814,-15.9999997615814,-9.));
#4493=CARTESIAN_POINT('Origin',(0.,4.44089209850063E-15,-9.));
#4494=CARTESIAN_POINT('',(20.1000002980232,-16.6000002980232,-9.));
#4495=CARTESIAN_POINT('Origin',(16.6000002980232,-16.6000002980232,-9.));
#4496=CARTESIAN_POINT('',(20.1000002980232,16.6000002980232,-9.));
#4497=CARTESIAN_POINT('Origin',(0.,4.44089209850063E-15,-9.));
#4498=CARTESIAN_POINT('',(20.1000002980232,16.6000002980232,-9.));
#4499=CARTESIAN_POINT('',(20.1000002980232,16.6000002980232,-9.));
#4500=CARTESIAN_POINT('Origin',(16.6000002980232,16.6000002980232,-9.));
#4501=CARTESIAN_POINT('Origin',(0.,4.44089209850063E-15,-9.));
#4502=CARTESIAN_POINT('',(-16.6000002980232,20.1000002980232,-9.));
#4503=CARTESIAN_POINT('',(-16.6000002980232,20.1000002980232,-9.));
#4504=CARTESIAN_POINT('Origin',(-16.6000002980232,16.6000002980232,-9.));
#4505=CARTESIAN_POINT('Origin',(0.,4.44089209850063E-15,-9.));
#4506=CARTESIAN_POINT('',(-20.1000002980232,-16.6000002980232,-9.));
#4507=CARTESIAN_POINT('',(-20.1000002980232,-16.6000002980232,-9.));
#4508=CARTESIAN_POINT('',(-16.6000002980232,-20.1000002980232,-9.));
#4509=CARTESIAN_POINT('Origin',(-16.6000002980232,-16.6000002980232,-9.));
#4510=CARTESIAN_POINT('',(16.6000002980232,-20.1000002980232,-9.));
#4511=CARTESIAN_POINT('Origin',(20.1000002980232,-16.6000002980232,-9.));
#4512=CARTESIAN_POINT('',(20.1000002980232,-16.6000002980232,-9.));
#4513=CARTESIAN_POINT('Origin',(-16.6000002980232,-20.1000002980232,-9.));
#4514=CARTESIAN_POINT('',(-16.6000002980232,-20.1000002980232,-9.));
#4515=CARTESIAN_POINT('Origin',(-16.6000002980232,-16.6000002980232,-9.));
#4516=CARTESIAN_POINT('',(-20.1000002980232,-16.6000002980232,-9.));
#4517=CARTESIAN_POINT('Origin',(-20.1000002980232,16.6000002980232,-9.));
#4518=CARTESIAN_POINT('Origin',(-16.6000002980232,16.6000002980232,-9.));
#4519=CARTESIAN_POINT('',(-16.6000002980232,20.1000002980232,-9.));
#4520=CARTESIAN_POINT('Origin',(16.6000002980232,20.1000002980232,-9.));
#4521=CARTESIAN_POINT('Origin',(16.6000002980232,16.6000002980232,-9.));
#4522=CARTESIAN_POINT('',(20.1000002980232,16.6000002980232,-9.));
#4523=CARTESIAN_POINT('Origin',(20.1000002980232,-16.6000002980232,-9.));
#4524=CARTESIAN_POINT('Origin',(16.6000002980232,-16.6000002980232,-9.));
#4525=CARTESIAN_POINT('Origin',(13.1,39.7,-0.05));
#4526=CARTESIAN_POINT('',(14.2705505878243,38.9320082543774,-5.81383605880682));
#4527=CARTESIAN_POINT('',(11.7022579253423,39.7794801404861,-5.81383605880682));
#4528=CARTESIAN_POINT('Ctrl Pts',(14.2705505878242,38.9320082543774,-5.81383605880682));
#4529=CARTESIAN_POINT('Ctrl Pts',(14.3304116964887,39.0232468078312,-5.78446509683896));
#4530=CARTESIAN_POINT('Ctrl Pts',(14.3784696617979,39.1202117984593,-5.75472640029217));
#4531=CARTESIAN_POINT('Ctrl Pts',(14.4755777830529,39.3844186549747,-5.6769262527234));
#4532=CARTESIAN_POINT('Ctrl Pts',(14.5074151558859,39.5757140404027,-5.62427791048675));
#4533=CARTESIAN_POINT('Ctrl Pts',(14.4894778266451,39.9561557600402,-5.52718725309058));
#4534=CARTESIAN_POINT('Ctrl Pts',(14.439665235896,40.1452970552026,-5.48273219688784));
#4535=CARTESIAN_POINT('Ctrl Pts',(14.2833464609937,40.4689626850838,-5.41296243692294));
#4536=CARTESIAN_POINT('Ctrl Pts',(14.167925634483,40.6251444816319,-5.38283912771587));
#4537=CARTESIAN_POINT('Ctrl Pts',(13.8816126588434,40.8770467802468,-5.34275777217839));
#4538=CARTESIAN_POINT('Ctrl Pts',(13.7106939070776,40.9727358352547,-5.33279212960474));
#4539=CARTESIAN_POINT('Ctrl Pts',(13.3667025651253,41.0862443133297,-5.33279212960474));
#4540=CARTESIAN_POINT('Ctrl Pts',(13.1724003495529,41.1110689780228,-5.34275777217839));
#4541=CARTESIAN_POINT('Ctrl Pts',(12.7923954832099,41.0790347834374,-5.38283912771587));
#4542=CARTESIAN_POINT('Ctrl Pts',(12.6066901697812,41.022217028028,-5.41296243692294));
#4543=CARTESIAN_POINT('Ctrl Pts',(12.2884409500986,40.855146882506,-5.48273219688784));
#4544=CARTESIAN_POINT('Ctrl Pts',(12.1358436998808,40.732795736378,-5.52718725309058));
#4545=CARTESIAN_POINT('Ctrl Pts',(11.8950098780373,40.4377419784334,-5.62427791048675));
#4546=CARTESIAN_POINT('Ctrl Pts',(11.8067458574374,40.2650659654423,-5.6769262527234));
#4547=CARTESIAN_POINT('Ctrl Pts',(11.7565643204952,40.0939296574688,-5.72621803478948));
#4548=CARTESIAN_POINT('Ctrl Pts',(11.7275413568808,39.9949513650117,-5.75472640030727));
#4549=CARTESIAN_POINT('Ctrl Pts',(11.7084530040717,39.8884271320596,-5.78446509683092));
#4550=CARTESIAN_POINT('Ctrl Pts',(11.7022579253423,39.7794801404861,-5.81383605880682));
#4551=CARTESIAN_POINT('',(11.7,39.7,-5.81383605880682));
#4552=CARTESIAN_POINT('Origin',(13.1,39.7,-5.81383605880682));
#4553=CARTESIAN_POINT('',(11.7,39.7,-0.05));
#4554=CARTESIAN_POINT('',(11.7,39.7,-0.05));
#4555=CARTESIAN_POINT('Origin',(13.1,39.7,-0.05));
#4556=CARTESIAN_POINT('Origin',(13.1,39.7,-5.81383605880682));
#4557=CARTESIAN_POINT('Origin',(13.1,39.7,-0.05));
#4558=CARTESIAN_POINT('',(10.0456053572667,40.2297861516142,-5.81383605880682));
#4559=CARTESIAN_POINT('',(15.8698620790559,38.3079281401422,-5.81383605880682));
#4560=CARTESIAN_POINT('Ctrl Pts',(10.0456053572667,40.2297861516142,-5.81383605880682));
#4561=CARTESIAN_POINT('Ctrl Pts',(10.0586113421005,40.3047700111936,-5.79285784017888));
#4562=CARTESIAN_POINT('Ctrl Pts',(10.0742419067314,40.3784483671013,-5.77205373279805));
#4563=CARTESIAN_POINT('Ctrl Pts',(10.0922015582701,40.4504322314021,-5.75154828184056));
#4564=CARTESIAN_POINT('Ctrl Pts',(10.1903253838182,40.8437211617412,-5.63951530123401));
#4565=CARTESIAN_POINT('Ctrl Pts',(10.3766979401691,41.2428381133559,-5.52008546186178));
#4566=CARTESIAN_POINT('Ctrl Pts',(10.9024295811126,41.9287681821358,-5.30040160830123));
#4567=CARTESIAN_POINT('Ctrl Pts',(11.241846803166,42.2155116486857,-5.20006926720481));
#4568=CARTESIAN_POINT('Ctrl Pts',(11.9575219691571,42.6100102679488,-5.04270279934078));
#4569=CARTESIAN_POINT('Ctrl Pts',(12.3773984234776,42.7454948639153,-4.975110629671));
#4570=CARTESIAN_POINT('Ctrl Pts',(13.2388684870689,42.8269645875738,-4.88525688578359));
#4571=CARTESIAN_POINT('Ctrl Pts',(13.6804627232166,42.7728714009973,-4.86293034357));
#4572=CARTESIAN_POINT('Ctrl Pts',(14.462343750947,42.5148703565824,-4.86293034357));
#4573=CARTESIAN_POINT('Ctrl Pts',(14.8494094715343,42.2955266304832,-4.8852568857836));
#4574=CARTESIAN_POINT('Ctrl Pts',(15.4932142186571,41.7173541355311,-4.975110629671));
#4575=CARTESIAN_POINT('Ctrl Pts',(15.7500003575342,41.3585879282072,-5.04270279934078));
#4576=CARTESIAN_POINT('Ctrl Pts',(16.0903434732239,40.6156298759462,-5.20006926720481));
#4577=CARTESIAN_POINT('Ctrl Pts',(16.1924498706218,40.1831947364791,-5.30040160830122));
#4578=CARTESIAN_POINT('Ctrl Pts',(16.2067064783529,39.3190821473557,-5.52008546186178));
#4579=CARTESIAN_POINT('Ctrl Pts',(16.1189448613083,38.8874260696727,-5.63951530123401));
#4580=CARTESIAN_POINT('Ctrl Pts',(15.9353252911375,38.4444384844802,-5.7720537328268));
#4581=CARTESIAN_POINT('Ctrl Pts',(15.9040367463681,38.3759268676375,-5.79285784020071));
#4582=CARTESIAN_POINT('Ctrl Pts',(15.8698620790559,38.3079281401422,-5.81383605880682));
#4583=CARTESIAN_POINT('',(10.,39.7,-5.81383605880682));
#4584=CARTESIAN_POINT('Origin',(13.1,39.7,-5.81383605880682));
#4585=CARTESIAN_POINT('',(10.,39.7,-0.05));
#4586=CARTESIAN_POINT('',(10.,39.7,-0.05));
#4587=CARTESIAN_POINT('Origin',(13.1,39.7,-0.05));
#4588=CARTESIAN_POINT('Origin',(13.1,39.7,-5.81383605880682));
#4589=CARTESIAN_POINT('Origin',(13.1,39.7,-5.81383605880682));
#4590=CARTESIAN_POINT('Origin',(0.,0.,-5.96206906996432));
#4591=CARTESIAN_POINT('',(12.9904798884999,41.0957096206507,-6.49999985471368));
#4592=CARTESIAN_POINT('',(14.0186657956304,40.756434170187,-6.49999985471368));
#4593=CARTESIAN_POINT('Ctrl Pts',(12.9904798884999,41.0957096206507,-6.49999985471367));
#4594=CARTESIAN_POINT('Ctrl Pts',(13.1778982640996,41.1104161764336,-6.48051184773413));
#4595=CARTESIAN_POINT('Ctrl Pts',(13.3691405532284,41.0854398386659,-6.47084073951723));
#4596=CARTESIAN_POINT('Ctrl Pts',(13.7082559189745,40.9735403099185,-6.47084073951723));
#4597=CARTESIAN_POINT('Ctrl Pts',(13.8768059322499,40.8797942506712,-6.48051184773413));
#4598=CARTESIAN_POINT('Ctrl Pts',(14.0186657956305,40.756434170187,-6.49999985471367));
#4599=CARTESIAN_POINT('',(10.7613795753364,41.7349089683193,-6.49999985471368));
#4600=CARTESIAN_POINT('Origin',(0.,0.,-6.49999985471368));
#4601=CARTESIAN_POINT('',(16.19042503195,39.9434607194115,-6.49999985471368));
#4602=CARTESIAN_POINT('Ctrl Pts',(10.7613795753364,41.7349089683193,-6.49999985471367));
#4603=CARTESIAN_POINT('Ctrl Pts',(11.0030065765142,42.0125989529339,-6.40917916162115));
#4604=CARTESIAN_POINT('Ctrl Pts',(11.2955560802601,42.2451175881707,-6.32663863720232));
#4605=CARTESIAN_POINT('Ctrl Pts',(11.9575359410806,42.6100179696336,-6.18135672227135));
#4606=CARTESIAN_POINT('Ctrl Pts',(12.3774194746358,42.7454997225244,-6.11389368951981));
#4607=CARTESIAN_POINT('Ctrl Pts',(13.238888168357,42.8269635809203,-6.02421296057394));
#4608=CARTESIAN_POINT('Ctrl Pts',(13.6804739434447,42.7728676986046,-6.00193035769037));
#4609=CARTESIAN_POINT('Ctrl Pts',(14.4623325307189,42.5148740589751,-6.00193035769037));
#4610=CARTESIAN_POINT('Ctrl Pts',(14.8493930562249,42.2955375347976,-6.02421296057394));
#4611=CARTESIAN_POINT('Ctrl Pts',(15.4932001931968,41.7173705685408,-6.11389368951981));
#4612=CARTESIAN_POINT('Ctrl Pts',(15.749993713112,41.3586024327668,-6.18135672227135));
#4613=CARTESIAN_POINT('Ctrl Pts',(16.0648017420359,40.6713866519172,-6.32663863720232));
#4614=CARTESIAN_POINT('Ctrl Pts',(16.1615162775774,40.3104206888551,-6.40917916162115));
#4615=CARTESIAN_POINT('Ctrl Pts',(16.1904250319501,39.9434607194115,-6.49999985471367));
#4616=CARTESIAN_POINT('Origin',(0.,0.,-6.49999985471368));
#4617=CARTESIAN_POINT('Origin',(13.1,39.7,-0.05));
#4618=CARTESIAN_POINT('Ctrl Pts',(16.1904250319501,39.9434607194115,-6.49999985471367));
#4619=CARTESIAN_POINT('Ctrl Pts',(16.1615167383287,40.3104148402017,-6.40900942491858));
#4620=CARTESIAN_POINT('Ctrl Pts',(16.0648047066417,40.6713801802783,-6.32631324124353));
#4621=CARTESIAN_POINT('Ctrl Pts',(15.7500002640882,41.3585881321969,-6.18075914420888));
#4622=CARTESIAN_POINT('Ctrl Pts',(15.4932140214,41.7173543666509,-6.11316878919508));
#4623=CARTESIAN_POINT('Ctrl Pts',(14.8494092406589,42.2955267838502,-6.02331747659967));
#4624=CARTESIAN_POINT('Ctrl Pts',(14.4623435931334,42.514870408657,-6.00099155188077));
#4625=CARTESIAN_POINT('Ctrl Pts',(13.6804628810302,42.7728713489228,-6.00099155188077));
#4626=CARTESIAN_POINT('Ctrl Pts',(13.2388687638802,42.826964573417,-6.02331747659968));
#4627=CARTESIAN_POINT('Ctrl Pts',(12.3773987195471,42.7454949322497,-6.11316878919508));
#4628=CARTESIAN_POINT('Ctrl Pts',(11.9575221656558,42.610010376264,-6.18075914420888));
#4629=CARTESIAN_POINT('Ctrl Pts',(11.2955498462726,42.2451141518359,-6.32631324124353));
#4630=CARTESIAN_POINT('Ctrl Pts',(11.0030027254332,42.0125945270765,-6.40900942491858));
#4631=CARTESIAN_POINT('Ctrl Pts',(10.7613795753364,41.7349089683193,-6.49999985471367));
#4632=CARTESIAN_POINT('Origin',(13.1,39.7,-0.05));
#4633=CARTESIAN_POINT('Origin',(0.,0.,-3.74999993480742));
#4634=CARTESIAN_POINT('',(-7.71527484325562E-15,63.0000000704472,-1.00000025489072));
#4635=CARTESIAN_POINT('Origin',(0.,0.,-1.));
#4636=CARTESIAN_POINT('',(-5.27822758634749E-15,43.0999990366398,-6.49999985471372));
#4637=CARTESIAN_POINT('',(-6.49675126797119E-15,53.0499999877065,-3.74999993480742));
#4638=CARTESIAN_POINT('',(-38.2678011773419,19.8289008775018,-6.49999985471368));
#4639=CARTESIAN_POINT('Origin',(0.,0.,-6.49999985471368));
#4640=CARTESIAN_POINT('',(-39.972245220402,16.1192285484886,-6.49999985471368));
#4641=CARTESIAN_POINT('Ctrl Pts',(-38.2678011773419,19.8289008775018,-6.49999985471368));
#4642=CARTESIAN_POINT('Ctrl Pts',(-38.548832237336,19.7029539022777,-6.4470509175955));
#4643=CARTESIAN_POINT('Ctrl Pts',(-38.8207540225916,19.5291909326026,-6.40183429082425));
#4644=CARTESIAN_POINT('Ctrl Pts',(-39.3831781698363,19.0293087817959,-6.32374538151934));
#4645=CARTESIAN_POINT('Ctrl Pts',(-39.644807526564,18.6688008564968,-6.30140645812309));
#4646=CARTESIAN_POINT('Ctrl Pts',(-39.9889889060085,17.9197002071176,-6.30140645812309));
#4647=CARTESIAN_POINT('Ctrl Pts',(-40.0921006459122,17.4863598632777,-6.32374538151934));
#4648=CARTESIAN_POINT('Ctrl Pts',(-40.1050280685241,16.7340062443965,-6.40183429082425));
#4649=CARTESIAN_POINT('Ctrl Pts',(-40.0597435617541,16.4144998432502,-6.4470509175955));
#4650=CARTESIAN_POINT('Ctrl Pts',(-39.972245220402,16.1192285484886,-6.49999985471368));
#4651=CARTESIAN_POINT('',(-38.2500123734636,-19.8631938617193,-6.49999985471368));
#4652=CARTESIAN_POINT('Origin',(0.,0.,-6.49999985471368));
#4653=CARTESIAN_POINT('',(-35.0373939851433,-25.0996203096423,-6.49999985471368));
#4654=CARTESIAN_POINT('Ctrl Pts',(-38.2500123734637,-19.8631938617192,-6.49999985471368));
#4655=CARTESIAN_POINT('Ctrl Pts',(-38.3109776982991,-19.8900576679441,-6.48162446477327));
#4656=CARTESIAN_POINT('Ctrl Pts',(-38.3704668878876,-19.9186221908136,-6.46339438760607));
#4657=CARTESIAN_POINT('Ctrl Pts',(-38.787406351292,-20.1350610387499,-6.33355834526327));
#4658=CARTESIAN_POINT('Ctrl Pts',(-39.1318533015108,-20.4084246502415,-6.2143235750195));
#4659=CARTESIAN_POINT('Ctrl Pts',(-39.6765438375844,-21.0775854477863,-5.99496137510901));
#4660=CARTESIAN_POINT('Ctrl Pts',(-39.8767069766708,-21.4734236124835,-5.89475921124767));
#4661=CARTESIAN_POINT('Ctrl Pts',(-40.0949566101936,-22.2594502408519,-5.7375913326855));
#4662=CARTESIAN_POINT('Ctrl Pts',(-40.1299491213125,-22.6984986076509,-5.67006126386344));
#4663=CARTESIAN_POINT('Ctrl Pts',(-40.0111348043036,-23.5541960730762,-5.58028502750148));
#4664=CARTESIAN_POINT('Ctrl Pts',(-39.8572506625716,-23.9708279466002,-5.55797702857734));
#4665=CARTESIAN_POINT('Ctrl Pts',(-39.4274396445574,-24.6714009715573,-5.55797702857734));
#4666=CARTESIAN_POINT('Ctrl Pts',(-39.1257420340475,-24.9973472845068,-5.58028502750148));
#4667=CARTESIAN_POINT('Ctrl Pts',(-38.4167388382296,-25.4909558972573,-5.67006126386343));
#4668=CARTESIAN_POINT('Ctrl Pts',(-38.0094836369515,-25.6586793161804,-5.7375913326855));
#4669=CARTESIAN_POINT('Ctrl Pts',(-37.2098777243966,-25.8202378122254,-5.89475921124767));
#4670=CARTESIAN_POINT('Ctrl Pts',(-36.7663100025875,-25.8211383946976,-5.99496137510901));
#4671=CARTESIAN_POINT('Ctrl Pts',(-35.9229875494263,-25.6387344664146,-6.2143235750195));
#4672=CARTESIAN_POINT('Ctrl Pts',(-35.523232734374,-25.4555202381316,-6.33355834526327));
#4673=CARTESIAN_POINT('Ctrl Pts',(-35.1943223431455,-25.2198270177805,-6.44539344230008));
#4674=CARTESIAN_POINT('Ctrl Pts',(-35.1413810203635,-25.1818899042416,-6.46339438762889));
#4675=CARTESIAN_POINT('Ctrl Pts',(-35.0889638226235,-25.1417983462331,-6.48162446479145));
#4676=CARTESIAN_POINT('Ctrl Pts',(-35.0373939851432,-25.0996203096423,-6.49999985471368));
#4677=CARTESIAN_POINT('',(-4.20464156895248,-42.8944157931426,-6.49999985471368));
#4678=CARTESIAN_POINT('Origin',(0.,0.,-6.49999985471368));
#4679=CARTESIAN_POINT('',(-3.22,-43.28,-6.41719073928326));
#4680=CARTESIAN_POINT('Ctrl Pts',(-4.20464156895235,-42.8944157931424,-6.49999985471372));
#4681=CARTESIAN_POINT('Ctrl Pts',(-4.11190177523432,-42.9802050651348,-6.47890285549251));
#4682=CARTESIAN_POINT('Ctrl Pts',(-4.00492877977722,-43.0561023259226,-6.4608097803203));
#4683=CARTESIAN_POINT('Ctrl Pts',(-3.71418705812711,-43.2074363552381,-6.42637246196452));
#4684=CARTESIAN_POINT('Ctrl Pts',(-3.51845228191764,-43.2613154179626,-6.41604806379276));
#4685=CARTESIAN_POINT('Ctrl Pts',(-3.29467621442321,-43.2785413069736,-6.41604806379276));
#4686=CARTESIAN_POINT('Ctrl Pts',(-3.25750714425849,-43.28,-6.41642162030569));
#4687=CARTESIAN_POINT('Ctrl Pts',(-3.22,-43.28,-6.41719073928326));
#4688=CARTESIAN_POINT('',(3.22,-43.28,-6.41719073928326));
#4689=CARTESIAN_POINT('Ctrl Pts',(-3.22,-43.28,-6.41719073928326));
#4690=CARTESIAN_POINT('Ctrl Pts',(6.32827124036339E-14,-43.28,-6.48321984271794));
#4691=CARTESIAN_POINT('Ctrl Pts',(3.22,-43.28,-6.41719073928326));
#4692=CARTESIAN_POINT('',(4.20464156895248,-42.8944157931426,-6.49999985471368));
#4693=CARTESIAN_POINT('Ctrl Pts',(3.22,-43.28,-6.41719073928326));
#4694=CARTESIAN_POINT('Ctrl Pts',(3.25750714425849,-43.28,-6.41642162030569));
#4695=CARTESIAN_POINT('Ctrl Pts',(3.29467621442321,-43.2785413069736,-6.41604806379276));
#4696=CARTESIAN_POINT('Ctrl Pts',(3.51845228191764,-43.2613154179626,-6.41604806379276));
#4697=CARTESIAN_POINT('Ctrl Pts',(3.7141870581271,-43.2074363552381,-6.42637246196452));
#4698=CARTESIAN_POINT('Ctrl Pts',(4.00492877977721,-43.0561023259227,-6.4608097803203));
#4699=CARTESIAN_POINT('Ctrl Pts',(4.11190177523432,-42.9802050651348,-6.47890285549251));
#4700=CARTESIAN_POINT('Ctrl Pts',(4.20464156895235,-42.8944157931424,-6.49999985471372));
#4701=CARTESIAN_POINT('',(24.3677863511108,-35.5502588641065,-6.49999985471368));
#4702=CARTESIAN_POINT('Origin',(0.,0.,-6.49999985471368));
#4703=CARTESIAN_POINT('',(29.1715357329891,-31.727455301951,-6.49999985471368));
#4704=CARTESIAN_POINT('Ctrl Pts',(24.3677863511107,-35.5502588641066,-6.49999985471368));
#4705=CARTESIAN_POINT('Ctrl Pts',(24.5134872050759,-35.688316469138,-6.4457598087004));
#4706=CARTESIAN_POINT('Ctrl Pts',(24.6747152516045,-35.813921943399,-6.39191803539897));
#4707=CARTESIAN_POINT('Ctrl Pts',(25.2122574755025,-36.1527445977352,-6.23038762856821));
#4708=CARTESIAN_POINT('Ctrl Pts',(25.6297296217396,-36.3038099965427,-6.13011899479293));
#4709=CARTESIAN_POINT('Ctrl Pts',(26.4371141818651,-36.4255696802556,-5.97284977094084));
#4710=CARTESIAN_POINT('Ctrl Pts',(26.8775625748414,-36.4071445593207,-5.90528827058685));
#4711=CARTESIAN_POINT('Ctrl Pts',(27.7132566508137,-36.1852918559687,-5.81547289983491));
#4712=CARTESIAN_POINT('Ctrl Pts',(28.1084758259206,-35.9817901275801,-5.79315556096226));
#4713=CARTESIAN_POINT('Ctrl Pts',(28.7521841416532,-35.4695297562013,-5.79315556096226));
#4714=CARTESIAN_POINT('Ctrl Pts',(29.0392255221089,-35.1300914028359,-5.81547289983491));
#4715=CARTESIAN_POINT('Ctrl Pts',(29.4430454781583,-34.3655440506751,-5.90528827058685));
#4716=CARTESIAN_POINT('Ctrl Pts',(29.5598903551186,-33.9404775303692,-5.97284977094084));
#4717=CARTESIAN_POINT('Ctrl Pts',(29.6225145541008,-33.126368533853,-6.13011899479292));
#4718=CARTESIAN_POINT('Ctrl Pts',(29.5690374905885,-32.6856373785226,-6.23038762856821));
#4719=CARTESIAN_POINT('Ctrl Pts',(29.3595551023071,-32.0857460862333,-6.39191803539897));
#4720=CARTESIAN_POINT('Ctrl Pts',(29.2733556209402,-31.900433195252,-6.4457598087004));
#4721=CARTESIAN_POINT('Ctrl Pts',(29.1715357329892,-31.727455301951,-6.49999985471368));
#4722=CARTESIAN_POINT('Origin',(0.,0.,-6.49999985471368));
#4723=CARTESIAN_POINT('Origin',(0.,0.,-6.49999985471368));
#4724=CARTESIAN_POINT('',(30.0027075899454,35.1000005364418,-5.65));
#4725=CARTESIAN_POINT('',(44.3353826972551,12.9059747527497,-5.64994559968897));
#4726=CARTESIAN_POINT('Origin',(0.,0.,-5.65));
#4727=CARTESIAN_POINT('',(45.2276297129096,12.4730215138944,-5.44531545736815));
#4728=CARTESIAN_POINT('Ctrl Pts',(45.2276297129096,12.4730215138944,-5.44531545736815));
#4729=CARTESIAN_POINT('Ctrl Pts',(44.9401499354236,12.5719834095508,-5.51463870250734));
#4730=CARTESIAN_POINT('Ctrl Pts',(44.6329106461884,12.697915595036,-5.58700993943232));
#4731=CARTESIAN_POINT('Ctrl Pts',(44.3566362473607,12.8906725494635,-5.64548642428665));
#4732=CARTESIAN_POINT('Ctrl Pts',(44.3355144131831,12.9061687551724,-5.64989472376888));
#4733=CARTESIAN_POINT('',(46.8295382805269,12.5961943513627,-5.0091901334097));
#4734=CARTESIAN_POINT('Ctrl Pts',(46.8295254350257,12.5962168679337,-5.00919125925124));
#4735=CARTESIAN_POINT('Ctrl Pts',(46.7895306887968,12.572783622206,-5.02154806891298));
#4736=CARTESIAN_POINT('Ctrl Pts',(46.6921196984594,12.5223127137899,-5.05116657549743));
#4737=CARTESIAN_POINT('Ctrl Pts',(46.4128976275214,12.4139671766656,-5.13345916296254));
#4738=CARTESIAN_POINT('Ctrl Pts',(45.9130958686331,12.3346929322205,-5.27256715660231));
#4739=CARTESIAN_POINT('Ctrl Pts',(45.4674253638174,12.390474378261,-5.38749082414852));
#4740=CARTESIAN_POINT('Ctrl Pts',(45.2276297129096,12.4730215138944,-5.44531545736815));
#4741=CARTESIAN_POINT('',(46.8768335754415,13.4000002086163,-4.93720887259817));
#4742=CARTESIAN_POINT('Ctrl Pts',(46.8295511260281,12.5961718347917,-5.00918900756815));
#4743=CARTESIAN_POINT('Ctrl Pts',(46.8462019435549,12.8661879773084,-4.98536070017881));
#4744=CARTESIAN_POINT('Ctrl Pts',(46.8619605621764,13.1344574282936,-4.96133252382915));
#4745=CARTESIAN_POINT('Ctrl Pts',(46.8768335754415,13.4000002086163,-4.93720887259816));
#4746=CARTESIAN_POINT('',(47.1000007003546,21.0815405454597,-4.15));
#4747=CARTESIAN_POINT('Ctrl Pts',(46.8768335754415,13.4000002086163,-4.93720887259816));
#4748=CARTESIAN_POINT('Ctrl Pts',(46.8914390729493,13.6607667625813,-4.9135191251574));
#4749=CARTESIAN_POINT('Ctrl Pts',(46.9050970920621,13.9172472862912,-4.88988784846112));
#4750=CARTESIAN_POINT('Ctrl Pts',(47.0030971790746,15.8487926118984,-4.70963220511171));
#4751=CARTESIAN_POINT('Ctrl Pts',(47.0671539132382,17.6970468954127,-4.52232951307213));
#4752=CARTESIAN_POINT('Ctrl Pts',(47.0966751909119,20.0578481717173,-4.26467727869495));
#4753=CARTESIAN_POINT('Ctrl Pts',(47.1000007003546,20.5715475215801,-4.20758421976531));
#4754=CARTESIAN_POINT('Ctrl Pts',(47.1000007003546,21.0815405454597,-4.15000000000018));
#4755=CARTESIAN_POINT('',(47.1000007003546,35.1000005364418,-2.1773105947745));
#4756=CARTESIAN_POINT('Ctrl Pts',(47.1000007003546,21.0815405454597,-4.15));
#4757=CARTESIAN_POINT('Ctrl Pts',(47.1000007003546,27.6373776953236,-3.40976876250114));
#4758=CARTESIAN_POINT('Ctrl Pts',(47.1000007003546,35.1000005363605,-2.17731059478792));
#4759=CARTESIAN_POINT('',(45.6000007003546,36.6000005364418,-2.25158663631464));
#4760=CARTESIAN_POINT('Ctrl Pts',(47.1000007003546,35.1000005364418,-2.17731059477453));
#4761=CARTESIAN_POINT('Ctrl Pts',(47.1000007003546,35.225220444215,-2.15663042623554));
#4762=CARTESIAN_POINT('Ctrl Pts',(47.0839577686543,35.3538609027623,-2.13886729244338));
#4763=CARTESIAN_POINT('Ctrl Pts',(47.0001692191795,35.6752300086605,-2.10388223678508));
#4764=CARTESIAN_POINT('Ctrl Pts',(46.9064412695439,35.8619112720164,-2.0932272892594));
#4765=CARTESIAN_POINT('Ctrl Pts',(46.6708505632279,36.1679778306722,-2.0932272892594));
#4766=CARTESIAN_POINT('Ctrl Pts',(46.5143688811457,36.3063552341879,-2.10388223678508));
#4767=CARTESIAN_POINT('Ctrl Pts',(46.1601426119912,36.5062728666751,-2.14672940533826));
#4768=CARTESIAN_POINT('Ctrl Pts',(45.9624205903912,36.5678522819113,-2.17892533123403));
#4769=CARTESIAN_POINT('Ctrl Pts',(45.7172124365307,36.5965116432678,-2.22691653170061));
#4770=CARTESIAN_POINT('Ctrl Pts',(45.6589180451939,36.6000005364418,-2.2388875317534));
#4771=CARTESIAN_POINT('Ctrl Pts',(45.6000007003546,36.6000005364418,-2.25158663631465));
#4772=CARTESIAN_POINT('',(36.3769347042293,36.6000005364418,-4.15));
#4773=CARTESIAN_POINT('Ctrl Pts',(45.6000007003546,36.6000005364418,-2.25158663631464));
#4774=CARTESIAN_POINT('Ctrl Pts',(40.7007008459221,36.6000005364418,-3.30758672080611));
#4775=CARTESIAN_POINT('Ctrl Pts',(36.3769347042293,36.6000005364418,-4.15));
#4776=CARTESIAN_POINT('Ctrl Pts',(36.3769347042293,36.6000005364418,-4.15000000000008));
#4777=CARTESIAN_POINT('Ctrl Pts',(35.3220386624885,36.6000005364418,-4.35552879240224));
#4778=CARTESIAN_POINT('Ctrl Pts',(34.2661054396605,36.5573453686163,-4.56483559529521));
#4779=CARTESIAN_POINT('Ctrl Pts',(32.7114809359153,36.4152805931836,-4.88359929182524));
#4780=CARTESIAN_POINT('Ctrl Pts',(32.0683212991814,36.3365296163099,-5.01799768328945));
#4781=CARTESIAN_POINT('Ctrl Pts',(31.1671428000435,36.1560984434277,-5.21900162288959));
#4782=CARTESIAN_POINT('Ctrl Pts',(30.8813176366594,36.0869128777545,-5.28493843248386));
#4783=CARTESIAN_POINT('Ctrl Pts',(30.482173687837,35.9540878782745,-5.38437083756318));
#4784=CARTESIAN_POINT('Ctrl Pts',(30.3552470287931,35.9053741901745,-5.41730684227496));
#4785=CARTESIAN_POINT('Ctrl Pts',(30.1135887592065,35.7863933275487,-5.48550565376197));
#4786=CARTESIAN_POINT('Ctrl Pts',(29.995487785407,35.7226368096723,-5.51998870694146));
#4787=CARTESIAN_POINT('Ctrl Pts',(29.8716521507345,35.5751567809044,-5.57321330007528));
#4788=CARTESIAN_POINT('Ctrl Pts',(29.8454208389376,35.5339575961935,-5.58659635402594));
#4789=CARTESIAN_POINT('Ctrl Pts',(29.8239076211442,35.4671371043294,-5.60455928553835));
#4790=CARTESIAN_POINT('Ctrl Pts',(29.8196284796735,35.443988030148,-5.61021724870232));
#4791=CARTESIAN_POINT('Ctrl Pts',(29.8176724835393,35.397699857956,-5.62035232589979));
#4792=CARTESIAN_POINT('Ctrl Pts',(29.8199935859413,35.3745609108687,-5.62482973484151));
#4793=CARTESIAN_POINT('Ctrl Pts',(29.8392303301425,35.2900308785413,-5.63925808692537));
#4794=CARTESIAN_POINT('Ctrl Pts',(29.8749046110825,35.2324577799968,-5.64503628786408));
#4795=CARTESIAN_POINT('Ctrl Pts',(29.9453204027645,35.1519487839477,-5.64937820484743));
#4796=CARTESIAN_POINT('Ctrl Pts',(29.9735613378572,35.1249141109541,-5.65));
#4797=CARTESIAN_POINT('Ctrl Pts',(30.0027075899454,35.1000005364418,-5.65));
#4798=CARTESIAN_POINT('Origin',(0.,-43.0999990366399,-6.49999985471368));
#4799=CARTESIAN_POINT('Origin',(0.,0.,-6.49999985471368));
#4800=CARTESIAN_POINT('',(27.8417961166273,-32.9005213630197,-6.49999985471368));
#4801=CARTESIAN_POINT('Origin',(0.,0.,-6.49999985471368));
#4802=CARTESIAN_POINT('',(25.8094582311297,-34.5178473079353,-6.49999985471368));
#4803=CARTESIAN_POINT('Origin',(0.,0.,-6.49999985471368));
#4804=CARTESIAN_POINT('Origin',(0.,0.,-6.49999985471368));
#4805=CARTESIAN_POINT('',(4.67,-41.83,-6.49999985471368));
#4806=CARTESIAN_POINT('Origin',(3.22,-41.83,-6.49999985471368));
#4807=CARTESIAN_POINT('',(4.67,-41.17,-6.49999985471368));
#4808=CARTESIAN_POINT('',(4.67,-42.13499951832,-6.49999985471368));
#4809=CARTESIAN_POINT('',(3.49612770891081,-39.7465346901412,-6.49999985471368));
#4810=CARTESIAN_POINT('Origin',(3.22,-41.17,-6.49999985471368));
#4811=CARTESIAN_POINT('',(-4.88634061937972E-15,39.8999991081655,-6.49999985471367));
#4812=CARTESIAN_POINT('Origin',(0.,0.,-6.49999985471368));
#4813=CARTESIAN_POINT('',(-3.49612770891081,-39.7465346901412,-6.49999985471368));
#4814=CARTESIAN_POINT('Origin',(0.,0.,-6.49999985471368));
#4815=CARTESIAN_POINT('',(-4.67,-41.17,-6.49999985471368));
#4816=CARTESIAN_POINT('Origin',(-3.22,-41.17,-6.49999985471368));
#4817=CARTESIAN_POINT('',(-4.67,-41.83,-6.49999985471368));
#4818=CARTESIAN_POINT('',(-4.67000000000001,-42.4649995183199,-6.49999985471368));
#4819=CARTESIAN_POINT('Origin',(-3.22,-41.83,-6.49999985471368));
#4820=CARTESIAN_POINT('',(-36.0073102868656,-23.6872016680685,-6.49999985471368));
#4821=CARTESIAN_POINT('Origin',(0.,0.,-6.49999985471368));
#4822=CARTESIAN_POINT('',(-37.4303118028655,-21.3677718842801,-6.49999985471368));
#4823=CARTESIAN_POINT('Origin',(0.,0.,-6.49999985471368));
#4824=CARTESIAN_POINT('Origin',(0.,0.,-6.49999985471368));
#4825=CARTESIAN_POINT('Origin',(0.,0.,-6.49999985471368));
#4826=CARTESIAN_POINT('Origin',(0.,0.,-8.44999981112778));
#4827=CARTESIAN_POINT('',(3.22,-39.72,-6.51025421674167));
#4828=CARTESIAN_POINT('Ctrl Pts',(3.49612770891082,-39.7465346901411,-6.49999985471369));
#4829=CARTESIAN_POINT('Ctrl Pts',(3.4041140983263,-39.7286856373378,-6.50533250442906));
#4830=CARTESIAN_POINT('Ctrl Pts',(3.3109259496385,-39.72,-6.50873816204004));
#4831=CARTESIAN_POINT('Ctrl Pts',(3.22,-39.72,-6.51025421674167));
#4832=CARTESIAN_POINT('',(-3.22,-39.72,-6.51025421674167));
#4833=CARTESIAN_POINT('Ctrl Pts',(3.22,-39.72,-6.51025421674167));
#4834=CARTESIAN_POINT('Ctrl Pts',(-8.93729534823251E-14,-39.72,-6.5639429179172));
#4835=CARTESIAN_POINT('Ctrl Pts',(-3.22,-39.72,-6.51025421674167));
#4836=CARTESIAN_POINT('Ctrl Pts',(-3.22,-39.72,-6.51025421674167));
#4837=CARTESIAN_POINT('Ctrl Pts',(-3.31089994990532,-39.72,-6.50873859554684));
#4838=CARTESIAN_POINT('Ctrl Pts',(-3.40409227040164,-39.7286814030971,-6.50533376946665));
#4839=CARTESIAN_POINT('Ctrl Pts',(-3.49612770891082,-39.7465346901411,-6.49999985471369));
#4840=CARTESIAN_POINT('',(-2.57175822072616E-15,20.9999995306134,-10.3999997675419));
#4841=CARTESIAN_POINT('',(-3.72904942005294E-15,30.4499993193895,-8.44999981112778));
#4842=CARTESIAN_POINT('Origin',(0.,0.,-10.3999997675419));
#4843=CARTESIAN_POINT('Origin',(0.,-41.4650440829207,-5.81383605880682));
#4844=CARTESIAN_POINT('',(27.99756251636,-30.5857217332054,-5.81383605880682));
#4845=CARTESIAN_POINT('Origin',(26.5,-33.3,-5.81383605880682));
#4846=CARTESIAN_POINT('Origin',(0.,0.,-5.81383605880682));
#4847=CARTESIAN_POINT('Origin',(0.,-41.4650440829207,-5.81383605880682));
#4848=CARTESIAN_POINT('',(-5.07800335126528E-15,41.4650440829207,-5.81383605880683));
#4849=CARTESIAN_POINT('Origin',(0.,0.,-5.81383605880682));
#4850=CARTESIAN_POINT('',(-36.3105371318833,20.0223568540939,-5.81383605880682));
#4851=CARTESIAN_POINT('Origin',(0.,0.,-5.81383605880682));
#4852=CARTESIAN_POINT('Origin',(-37.,17.,-5.81383605880682));
#4853=CARTESIAN_POINT('Origin',(0.,-41.4650440829207,-5.81383605880682));
#4854=CARTESIAN_POINT('Origin',(0.,0.,-5.81383605880682));
#4855=CARTESIAN_POINT('Origin',(0.,0.,-2.90691802940341));
#4856=CARTESIAN_POINT('',(23.5187845585,-34.1499144023733,-5.81383605880682));
#4857=CARTESIAN_POINT('Ctrl Pts',(27.99756251636,-30.5857217332054,-5.81383605880683));
#4858=CARTESIAN_POINT('Ctrl Pts',(28.2956642480017,-30.75019491373,-5.72467267801404));
#4859=CARTESIAN_POINT('Ctrl Pts',(28.5627227836716,-30.9640737334044,-5.63114469302545));
#4860=CARTESIAN_POINT('Ctrl Pts',(28.7786057119183,-31.1981065655906,-5.54314310600887));
#4861=CARTESIAN_POINT('Ctrl Pts',(29.0532129023427,-31.4958007790037,-5.43120341369611));
#4862=CARTESIAN_POINT('Ctrl Pts',(29.2843416577824,-31.870358694341,-5.31186540158679));
#4863=CARTESIAN_POINT('Ctrl Pts',(29.5690374294041,-32.6856370831372,-5.09233264306158));
#4864=CARTESIAN_POINT('Ctrl Pts',(29.6225145714045,-33.1263683089062,-4.9920612923238));
#4865=CARTESIAN_POINT('Ctrl Pts',(29.5598903723188,-33.940477306768,-4.83478785124095));
#4866=CARTESIAN_POINT('Ctrl Pts',(29.4430455833197,-34.3655437656749,-4.76722453702191));
#4867=CARTESIAN_POINT('Ctrl Pts',(29.039225685656,-35.1300911790935,-4.67740673594214));
#4868=CARTESIAN_POINT('Ctrl Pts',(28.7521842716671,-35.4695296527368,-4.6550887797982));
#4869=CARTESIAN_POINT('Ctrl Pts',(28.1084756959067,-35.9817902310446,-4.6550887797982));
#4870=CARTESIAN_POINT('Ctrl Pts',(27.7132563960638,-36.1852919651053,-4.67740673594214));
#4871=CARTESIAN_POINT('Ctrl Pts',(26.8775622735065,-36.4071445978085,-4.76722453702191));
#4872=CARTESIAN_POINT('Ctrl Pts',(26.4371139601109,-36.4255696468134,-4.83478785124095));
#4873=CARTESIAN_POINT('Ctrl Pts',(25.629729398651,-36.3038099628993,-4.9920612923238));
#4874=CARTESIAN_POINT('Ctrl Pts',(25.2122572013958,-36.1527444717925,-5.09233264306158));
#4875=CARTESIAN_POINT('Ctrl Pts',(24.4817139304094,-35.6922696485567,-5.31186540158678));
#4876=CARTESIAN_POINT('Ctrl Pts',(24.1686122001916,-35.3829454819167,-5.43120341369611));
#4877=CARTESIAN_POINT('Ctrl Pts',(23.760586227055,-34.7855938159163,-5.63114469304299));
#4878=CARTESIAN_POINT('Ctrl Pts',(23.6121283244817,-34.4773331115226,-5.72467267792598));
#4879=CARTESIAN_POINT('Ctrl Pts',(23.5187845584999,-34.1499144023733,-5.81383605880682));
#4880=CARTESIAN_POINT('',(4.67,-41.2012254769025,-5.81383605880682));
#4881=CARTESIAN_POINT('Origin',(0.,0.,-5.81383605880682));
#4882=CARTESIAN_POINT('',(4.67,-41.83,-5.64113875733732));
#4883=CARTESIAN_POINT('',(4.67,-41.5158880665622,-5.72741178018005));
#4884=CARTESIAN_POINT('',(3.22,-43.28,-5.2791406908154));
#4885=CARTESIAN_POINT('Ctrl Pts',(4.67,-41.83,-5.64113875733732));
#4886=CARTESIAN_POINT('Ctrl Pts',(4.67,-41.9663106287674,-5.60369657738256));
#4887=CARTESIAN_POINT('Ctrl Pts',(4.6502357368704,-42.1070745579525,-5.56563864076902));
#4888=CARTESIAN_POINT('Ctrl Pts',(4.55409936775528,-42.4313574060031,-5.47942217289591));
#4889=CARTESIAN_POINT('Ctrl Pts',(4.45713766200664,-42.6093788305833,-5.43335597213375));
#4890=CARTESIAN_POINT('Ctrl Pts',(4.21963474927363,-42.8963906598385,-5.3610590355918));
#4891=CARTESIAN_POINT('Ctrl Pts',(4.06476896006268,-43.0249548816231,-5.32984895260904));
#4892=CARTESIAN_POINT('Ctrl Pts',(3.7141871800373,-43.2074363123613,-5.28832266861274));
#4893=CARTESIAN_POINT('Ctrl Pts',(3.51845235908123,-43.2613154120227,-5.27799798468553));
#4894=CARTESIAN_POINT('Ctrl Pts',(3.29467621300525,-43.2785413070828,-5.27799798468553));
#4895=CARTESIAN_POINT('Ctrl Pts',(3.25750714285614,-43.28,-5.27837155124366));
#4896=CARTESIAN_POINT('Ctrl Pts',(3.22,-43.28,-5.2791406908154));
#4897=CARTESIAN_POINT('',(-3.22,-43.28,-5.2791406908154));
#4898=CARTESIAN_POINT('Ctrl Pts',(-3.22,-43.28,-5.2791406908154));
#4899=CARTESIAN_POINT('Ctrl Pts',(5.55111512312578E-16,-43.28,-5.34517156473509));
#4900=CARTESIAN_POINT('Ctrl Pts',(3.22,-43.28,-5.2791406908154));
#4901=CARTESIAN_POINT('',(-4.67,-41.83,-5.64113875733731));
#4902=CARTESIAN_POINT('Ctrl Pts',(-3.22,-43.28,-5.2791406908154));
#4903=CARTESIAN_POINT('Ctrl Pts',(-3.25750714285614,-43.28,-5.27837155124366));
#4904=CARTESIAN_POINT('Ctrl Pts',(-3.29467621300525,-43.2785413070828,-5.27799798468553));
#4905=CARTESIAN_POINT('Ctrl Pts',(-3.51845235908123,-43.2613154120227,-5.27799798468553));
#4906=CARTESIAN_POINT('Ctrl Pts',(-3.71418718003731,-43.2074363123613,-5.28832266861274));
#4907=CARTESIAN_POINT('Ctrl Pts',(-4.06476896006268,-43.0249548816231,-5.32984895260904));
#4908=CARTESIAN_POINT('Ctrl Pts',(-4.21963474927363,-42.8963906598385,-5.3610590355918));
#4909=CARTESIAN_POINT('Ctrl Pts',(-4.45713766200665,-42.6093788305833,-5.43335597213375));
#4910=CARTESIAN_POINT('Ctrl Pts',(-4.55409936775528,-42.4313574060031,-5.4794221728959));
#4911=CARTESIAN_POINT('Ctrl Pts',(-4.6502357368704,-42.1070745579525,-5.56563864076902));
#4912=CARTESIAN_POINT('Ctrl Pts',(-4.67,-41.9663106287674,-5.60369657738255));
#4913=CARTESIAN_POINT('Ctrl Pts',(-4.67,-41.83,-5.64113875733732));
#4914=CARTESIAN_POINT('',(-4.67,-41.2012254769025,-5.81383605880682));
#4915=CARTESIAN_POINT('',(-4.67,-41.5158880665623,-5.72741178018005));
#4916=CARTESIAN_POINT('',(-34.0523390756559,-23.6598411718067,-5.81383605880682));
#4917=CARTESIAN_POINT('Origin',(0.,0.,-5.81383605880682));
#4918=CARTESIAN_POINT('',(-40.1,-22.7000000000038,-4.53851082460995));
#4919=CARTESIAN_POINT('Ctrl Pts',(-34.052339075656,-23.6598411718067,-5.81383605880681));
#4920=CARTESIAN_POINT('Ctrl Pts',(-34.1334838260685,-23.9090357438174,-5.75611816819362));
#4921=CARTESIAN_POINT('Ctrl Pts',(-34.2489451151167,-24.1536445507686,-5.69108332129293));
#4922=CARTESIAN_POINT('Ctrl Pts',(-34.6093223219421,-24.7133175346427,-5.52037010618463));
#4923=CARTESIAN_POINT('Ctrl Pts',(-34.892032777281,-25.0032099598911,-5.41013047214093));
#4924=CARTESIAN_POINT('Ctrl Pts',(-35.1943223431455,-25.2198270177805,-5.30734415005123));
#4925=CARTESIAN_POINT('Ctrl Pts',(-35.5232326039537,-25.455520144674,-5.19550609864723));
#4926=CARTESIAN_POINT('Ctrl Pts',(-35.922987294435,-25.638734370819,-5.07626815960197));
#4927=CARTESIAN_POINT('Ctrl Pts',(-36.7663097023209,-25.8211383701952,-4.85690007687156));
#4928=CARTESIAN_POINT('Ctrl Pts',(-37.209877503507,-25.8202378568557,-4.75669519787256));
#4929=CARTESIAN_POINT('Ctrl Pts',(-38.0094834172521,-25.6586793605702,-4.59952310482306));
#4930=CARTESIAN_POINT('Ctrl Pts',(-38.4167385682604,-25.4909560363766,-4.53199122299752));
#4931=CARTESIAN_POINT('Ctrl Pts',(-39.1257418319145,-24.9973474740655,-4.44221255735756));
#4932=CARTESIAN_POINT('Ctrl Pts',(-39.427439557681,-24.671401113162,-4.4199039414051));
#4933=CARTESIAN_POINT('Ctrl Pts',(-39.857250749448,-23.9708278049955,-4.4199039414051));
#4934=CARTESIAN_POINT('Ctrl Pts',(-40.0111348817108,-23.5541958069965,-4.44221255735756));
#4935=CARTESIAN_POINT('Ctrl Pts',(-40.0902065242085,-22.9847236098785,-4.50196083732127));
#4936=CARTESIAN_POINT('Ctrl Pts',(-40.1,-22.8418576791467,-4.51919584600439));
#4937=CARTESIAN_POINT('Ctrl Pts',(-40.1,-22.7000000000077,-4.53851082460995));
#4938=CARTESIAN_POINT('',(-36.520187228441,-19.6373573985447,-5.81383605880682));
#4939=CARTESIAN_POINT('Ctrl Pts',(-40.1,-22.7000000000077,-4.53851082460995));
#4940=CARTESIAN_POINT('Ctrl Pts',(-40.1,-22.4133013009359,-4.57754698586975));
#4941=CARTESIAN_POINT('Ctrl Pts',(-40.0592198124765,-22.1307440700104,-4.62525885416686));
#4942=CARTESIAN_POINT('Ctrl Pts',(-39.8767069163797,-21.4734233953451,-4.75669519787256));
#4943=CARTESIAN_POINT('Ctrl Pts',(-39.6765436797002,-21.0775851912069,-4.85690007687156));
#4944=CARTESIAN_POINT('Ctrl Pts',(-39.1318531007615,-20.408424466234,-5.07626815960197));
#4945=CARTESIAN_POINT('Ctrl Pts',(-38.7874062088876,-20.1350609648259,-5.19550609864723));
#4946=CARTESIAN_POINT('Ctrl Pts',(-38.0982064294338,-19.7772881480123,-5.41013047214094));
#4947=CARTESIAN_POINT('Ctrl Pts',(-37.7116873486342,-19.6565992091974,-5.52037010618463));
#4948=CARTESIAN_POINT('Ctrl Pts',(-37.0494770181911,-19.5889009202067,-5.69108332129293));
#4949=CARTESIAN_POINT('Ctrl Pts',(-36.7791023248106,-19.5967941379382,-5.75611816819363));
#4950=CARTESIAN_POINT('Ctrl Pts',(-36.520187228441,-19.6373573985447,-5.81383605880682));
#4951=CARTESIAN_POINT('',(-38.8440922948638,14.5081485581953,-5.81383605880682));
#4952=CARTESIAN_POINT('Origin',(0.,0.,-5.81383605880682));
#4953=CARTESIAN_POINT('',(-40.1,17.,-5.23628355551379));
#4954=CARTESIAN_POINT('Ctrl Pts',(-38.8440922948638,14.5081485581953,-5.81383605880682));
#4955=CARTESIAN_POINT('Ctrl Pts',(-38.9494124343883,14.5860906275069,-5.77902924061641));
#4956=CARTESIAN_POINT('Ctrl Pts',(-39.0503733666087,14.6711880614983,-5.74464653920832));
#4957=CARTESIAN_POINT('Ctrl Pts',(-39.4578321289371,15.0619018648657,-5.60116825930095));
#4958=CARTESIAN_POINT('Ctrl Pts',(-39.705622414085,15.4313784474974,-5.50074378835106));
#4959=CARTESIAN_POINT('Ctrl Pts',(-40.0124819830346,16.1719733230258,-5.34643069811918));
#4960=CARTESIAN_POINT('Ctrl Pts',(-40.1,16.584758024171,-5.28107927990169));
#4961=CARTESIAN_POINT('Ctrl Pts',(-40.1,17.,-5.2362835555138));
#4962=CARTESIAN_POINT('Ctrl Pts',(-40.1,17.,-5.2362835555138));
#4963=CARTESIAN_POINT('Ctrl Pts',(-40.1,17.0177497408053,-5.23436873826662));
#4964=CARTESIAN_POINT('Ctrl Pts',(-40.0998475426529,17.0355037867554,-5.23248970952147));
#4965=CARTESIAN_POINT('Ctrl Pts',(-40.0921006908311,17.4863595897229,-5.18569284627871));
#4966=CARTESIAN_POINT('Ctrl Pts',(-39.988988975406,17.919700056076,-5.16335330504948));
#4967=CARTESIAN_POINT('Ctrl Pts',(-39.6448074571665,18.6688010075384,-5.16335330504948));
#4968=CARTESIAN_POINT('Ctrl Pts',(-39.3831779915374,19.0293089940681,-5.18569284627871));
#4969=CARTESIAN_POINT('Ctrl Pts',(-38.7356452654747,19.6048354768668,-5.27560094687227));
#4970=CARTESIAN_POINT('Ctrl Pts',(-38.3497986086024,19.8199071520738,-5.34323673191879));
#4971=CARTESIAN_POINT('Ctrl Pts',(-37.572223337855,20.0746587898804,-5.50074378835105));
#4972=CARTESIAN_POINT('Ctrl Pts',(-37.1304772287413,20.1273213535271,-5.60116825930095));
#4973=CARTESIAN_POINT('Ctrl Pts',(-36.5686114700255,20.0726698364147,-5.74464653920832));
#4974=CARTESIAN_POINT('Ctrl Pts',(-36.4382795166122,20.0514975661961,-5.77902924061641));
#4975=CARTESIAN_POINT('Ctrl Pts',(-36.3105371318833,20.0223568540939,-5.81383605880682));
#4976=CARTESIAN_POINT('',(-7.65404232358978E-15,62.4999986030161,0.));
#4977=CARTESIAN_POINT('',(-6.36602283742753E-15,51.9825213429684,-2.90691802940341));
#4978=CARTESIAN_POINT('Origin',(0.,0.,0.));
#4979=CARTESIAN_POINT('',(25.6938716457231,36.0000005364418,-5.05));
#4980=CARTESIAN_POINT('',(41.9544404435269,14.0000002086163,-5.05));
#4981=CARTESIAN_POINT('Origin',(0.,0.,-5.05));
#4982=CARTESIAN_POINT('',(46.5000007003546,36.0000005364418,-1.02073613767461));
#4983=CARTESIAN_POINT('Ctrl Pts',(46.5000007003546,36.0000005364418,-1.02073613767461));
#4984=CARTESIAN_POINT('Ctrl Pts',(34.6250349132733,36.0000005364418,-3.61598094629515));
#4985=CARTESIAN_POINT('Ctrl Pts',(25.6938716457231,36.0000005364418,-5.05));
#4986=CARTESIAN_POINT('',(46.5000007003546,14.0000002086163,-3.8523640582404));
#4987=CARTESIAN_POINT('Ctrl Pts',(46.5000007003546,14.0000002086163,-3.8523640582404));
#4988=CARTESIAN_POINT('Ctrl Pts',(46.5000007003546,23.9503855436234,-3.05950824048198));
#4989=CARTESIAN_POINT('Ctrl Pts',(46.5000007003546,36.0000005364418,-1.02073613767461));
#4990=CARTESIAN_POINT('Ctrl Pts',(41.9544404435269,14.0000002086163,-5.05));
#4991=CARTESIAN_POINT('Ctrl Pts',(44.1210858232877,14.0000002086163,-4.48195451645688));
#4992=CARTESIAN_POINT('Ctrl Pts',(46.5000007003546,14.0000002086163,-3.85236405824041));
#4993=CARTESIAN_POINT('Origin',(-37.,17.,-0.05));
#4994=CARTESIAN_POINT('',(-36.7111601767137,15.6301198751409,-5.81383605880682));
#4995=CARTESIAN_POINT('',(-35.7724630843053,17.67316648803,-5.81383605880682));
#4996=CARTESIAN_POINT('Ctrl Pts',(-36.7111601767137,15.6301198751409,-5.81383605880682));
#4997=CARTESIAN_POINT('Ctrl Pts',(-36.6334758123574,15.6464996573318,-5.82514798732786));
#4998=CARTESIAN_POINT('Ctrl Pts',(-36.5582550164873,15.6693388873454,-5.83561199286122));
#4999=CARTESIAN_POINT('Ctrl Pts',(-36.3289002689265,15.7595820446081,-5.8660432510854));
#5000=CARTESIAN_POINT('Ctrl Pts',(-36.1711216291784,15.8571527182724,-5.88443835310503));
#5001=CARTESIAN_POINT('Ctrl Pts',(-35.9064174444968,16.1071302123011,-5.90889114206791));
#5002=CARTESIAN_POINT('Ctrl Pts',(-35.7995042771882,16.2595515966958,-5.91493392611116));
#5003=CARTESIAN_POINT('Ctrl Pts',(-35.6562005597145,16.5714479229622,-5.91493392611116));
#5004=CARTESIAN_POINT('Ctrl Pts',(-35.6101933939272,16.7518531458937,-5.90889114206791));
#5005=CARTESIAN_POINT('Ctrl Pts',(-35.592949022376,17.1155283919013,-5.88443835310503));
#5006=CARTESIAN_POINT('Ctrl Pts',(-35.6216927035933,17.2987985103334,-5.8660432510854));
#5007=CARTESIAN_POINT('Ctrl Pts',(-35.7026198661561,17.5316036263015,-5.83561199286122));
#5008=CARTESIAN_POINT('Ctrl Pts',(-35.7342885683169,17.6035542473023,-5.82514798732786));
#5009=CARTESIAN_POINT('Ctrl Pts',(-35.7724630843053,17.67316648803,-5.81383605880682));
#5010=CARTESIAN_POINT('',(-38.1616099966483,16.2185512072524,-5.81383605880682));
#5011=CARTESIAN_POINT('Origin',(-37.,17.,-5.81383605880682));
#5012=CARTESIAN_POINT('',(-38.4,17.,-5.66742781858883));
#5013=CARTESIAN_POINT('Ctrl Pts',(-38.4,17.,-5.66742781858883));
#5014=CARTESIAN_POINT('Ctrl Pts',(-38.4,16.8222601048972,-5.68731439049074));
#5015=CARTESIAN_POINT('Ctrl Pts',(-38.3645687363069,16.645789690212,-5.7157429302234));
#5016=CARTESIAN_POINT('Ctrl Pts',(-38.2678418925513,16.3978044862361,-5.76740181470857));
#5017=CARTESIAN_POINT('Ctrl Pts',(-38.2199718242225,16.305305045715,-5.78961192593984));
#5018=CARTESIAN_POINT('Ctrl Pts',(-38.1616099966484,16.2185512072524,-5.81383605880682));
#5019=CARTESIAN_POINT('',(-38.4,17.,-0.05));
#5020=CARTESIAN_POINT('',(-38.4,17.,-0.05));
#5021=CARTESIAN_POINT('Origin',(-37.,17.,-0.05));
#5022=CARTESIAN_POINT('',(-37.1637371623063,18.390392081997,-5.81383605880682));
#5023=CARTESIAN_POINT('Ctrl Pts',(-37.1637371623063,18.390392081997,-5.81383605880682));
#5024=CARTESIAN_POINT('Ctrl Pts',(-37.2675773930457,18.3781635135704,-5.78961192593984));
#5025=CARTESIAN_POINT('Ctrl Pts',(-37.3689428755371,18.3542317585612,-5.76740181470857));
#5026=CARTESIAN_POINT('Ctrl Pts',(-37.631461846927,18.2621036192656,-5.71340752393794));
#5027=CARTESIAN_POINT('Ctrl Pts',(-37.7996904926418,18.1648571352019,-5.68327541737533));
#5028=CARTESIAN_POINT('Ctrl Pts',(-38.0822172112366,17.908406811835,-5.64318324651065));
#5029=CARTESIAN_POINT('Ctrl Pts',(-38.1964870584287,17.749173143432,-5.63321509108422));
#5030=CARTESIAN_POINT('Ctrl Pts',(-38.3478081046686,17.41982733691,-5.63321509108422));
#5031=CARTESIAN_POINT('Ctrl Pts',(-38.3941920129216,17.2294028316972,-5.64318324651065));
#5032=CARTESIAN_POINT('Ctrl Pts',(-38.3998218084141,17.0257959964323,-5.6645852740687));
#5033=CARTESIAN_POINT('Ctrl Pts',(-38.4,17.0128947652907,-5.66598507734627));
#5034=CARTESIAN_POINT('Ctrl Pts',(-38.4,17.,-5.66742781858883));
#5035=CARTESIAN_POINT('Origin',(-37.,17.,-5.81383605880682));
#5036=CARTESIAN_POINT('Origin',(-37.,17.,-0.05));
#5037=CARTESIAN_POINT('',(-40.1,17.,-0.05));
#5038=CARTESIAN_POINT('',(-40.1,17.,-0.05));
#5039=CARTESIAN_POINT('Origin',(-37.,17.,-0.05));
#5040=CARTESIAN_POINT('Origin',(-37.,17.,-5.81383605880682));
#5041=CARTESIAN_POINT('Origin',(0.,0.,-5.96206906996432));
#5042=CARTESIAN_POINT('Origin',(-37.,17.,-0.05));
#5043=CARTESIAN_POINT('Origin',(0.,0.,-3.74999993480742));
#5044=CARTESIAN_POINT('Origin',(0.,0.,-2.90691802940341));
#5045=CARTESIAN_POINT('Origin',(0.,0.,-2.90691802940341));
#5046=CARTESIAN_POINT('Origin',(0.,0.,-5.81383605880682));
#5047=CARTESIAN_POINT('Origin',(0.,-41.4650440829207,-5.81383605880682));
#5048=CARTESIAN_POINT('Origin',(-37.,-22.7,-5.81383605880682));
#5049=CARTESIAN_POINT('',(-4.67,-41.17,-5.81383605880682));
#5050=CARTESIAN_POINT('',(-4.67000000000001,-41.6475220414603,-5.81383605880682));
#5051=CARTESIAN_POINT('Origin',(-3.22,-41.17,-5.81383605880682));
#5052=CARTESIAN_POINT('Origin',(34.8,11.7,-0.05));
#5053=CARTESIAN_POINT('',(34.3035731402766,13.0090303178098,-6.37240311041815));
#5054=CARTESIAN_POINT('',(33.4,11.7,-6.59799972846495));
#5055=CARTESIAN_POINT('Ctrl Pts',(34.3035731402766,13.0090303178098,-6.37240311041815));
#5056=CARTESIAN_POINT('Ctrl Pts',(34.1432156160494,12.948217530587,-6.40222224791572));
#5057=CARTESIAN_POINT('Ctrl Pts',(33.9835975534792,12.8519260964255,-6.43411724919108));
#5058=CARTESIAN_POINT('Ctrl Pts',(33.7150867169041,12.6035540169087,-6.4930154298036));
#5059=CARTESIAN_POINT('Ctrl Pts',(33.6062025611796,12.4514611575387,-6.52000639124716));
#5060=CARTESIAN_POINT('Ctrl Pts',(33.460555451825,12.141305909136,-6.56234667038593));
#5061=CARTESIAN_POINT('Ctrl Pts',(33.4128907650385,11.9625037976788,-6.58071862381396));
#5062=CARTESIAN_POINT('Ctrl Pts',(33.4007860337297,11.7541653082637,-6.59475238672924));
#5063=CARTESIAN_POINT('Ctrl Pts',(33.4,11.7270704827053,-6.59644365868796));
#5064=CARTESIAN_POINT('Ctrl Pts',(33.4,11.7,-6.59799972846495));
#5065=CARTESIAN_POINT('Ctrl Pts',(33.4,11.7,-6.59799972846495));
#5066=CARTESIAN_POINT('Ctrl Pts',(33.4,11.5455639384761,-6.60687704662852));
#5067=CARTESIAN_POINT('Ctrl Pts',(33.4265758772576,11.3919082723832,-6.61117987555488));
#5068=CARTESIAN_POINT('Ctrl Pts',(33.5275437619126,11.0915935385376,-6.61117987555488));
#5069=CARTESIAN_POINT('Ctrl Pts',(33.6173706434405,10.9290472912773,-6.60514336364961));
#5070=CARTESIAN_POINT('Ctrl Pts',(33.8532139708975,10.6528245187135,-6.58071862381396));
#5071=CARTESIAN_POINT('Ctrl Pts',(33.9992164774918,10.5391346533067,-6.56234667038593));
#5072=CARTESIAN_POINT('Ctrl Pts',(34.3026539441202,10.3799647364845,-6.52000639124716));
#5073=CARTESIAN_POINT('Ctrl Pts',(34.4813057829499,10.3245434614905,-6.4930154298036));
#5074=CARTESIAN_POINT('Ctrl Pts',(34.8453271096503,10.2888330575577,-6.43411724919108));
#5075=CARTESIAN_POINT('Ctrl Pts',(35.0306971085198,10.3085289888802,-6.40222224791572));
#5076=CARTESIAN_POINT('Ctrl Pts',(35.3676063871666,10.4076717223175,-6.34115978072716));
#5077=CARTESIAN_POINT('Ctrl Pts',(35.5410577298364,10.4969487964671,-6.30785591861478));
#5078=CARTESIAN_POINT('Ctrl Pts',(35.8363010622739,10.7394903136782,-6.24662731347417));
#5079=CARTESIAN_POINT('Ctrl Pts',(35.9580810264494,10.8927664317357,-6.21869083246815));
#5080=CARTESIAN_POINT('Ctrl Pts',(36.1246113391134,11.2125362891247,-6.17470684857612));
#5081=CARTESIAN_POINT('Ctrl Pts',(36.1806687095592,11.3995162937437,-6.15573498988918));
#5082=CARTESIAN_POINT('Ctrl Pts',(36.2106863164951,11.7806266651562,-6.13055692755583));
#5083=CARTESIAN_POINT('Ctrl Pts',(36.1846312939138,11.9747575774659,-6.12434079240765));
#5084=CARTESIAN_POINT('Ctrl Pts',(36.069385127447,12.3175410469571,-6.12434079240765));
#5085=CARTESIAN_POINT('Ctrl Pts',(35.9728684819191,12.48798227569,-6.13055692755583));
#5086=CARTESIAN_POINT('Ctrl Pts',(35.7187089854031,12.7735503450798,-6.15573498988918));
#5087=CARTESIAN_POINT('Ctrl Pts',(35.5610779646337,12.8886868388593,-6.17470684857612));
#5088=CARTESIAN_POINT('Ctrl Pts',(35.2351904737276,13.0429024347031,-6.21869083246815));
#5089=CARTESIAN_POINT('Ctrl Pts',(35.0455472749148,13.0914759376179,-6.24662731347417));
#5090=CARTESIAN_POINT('Ctrl Pts',(34.6637455242059,13.1063902285988,-6.30785591861478));
#5091=CARTESIAN_POINT('Ctrl Pts',(34.4715895021942,13.0727475853124,-6.34115978072716));
#5092=CARTESIAN_POINT('Ctrl Pts',(34.3035731402766,13.0090303178098,-6.37240311041815));
#5093=CARTESIAN_POINT('',(33.4,11.7,-0.05));
#5094=CARTESIAN_POINT('',(33.4,11.7,-0.05));
#5095=CARTESIAN_POINT('Origin',(34.8,11.7,-0.05));
#5096=CARTESIAN_POINT('Origin',(34.8,11.7,-0.05));
#5097=CARTESIAN_POINT('',(31.7,11.7,-0.05));
#5098=CARTESIAN_POINT('',(31.7,11.7,-0.05));
#5099=CARTESIAN_POINT('Origin',(34.8,11.7,-0.05));
#5100=CARTESIAN_POINT('Origin',(34.8,11.7,-0.05));
#5101=CARTESIAN_POINT('Origin',(0.,0.,-7.45691792770299));
#5102=CARTESIAN_POINT('Origin',(0.,0.,-5.81383605880682));
#5103=CARTESIAN_POINT('Origin',(-37.,-22.7,-0.05));
#5104=CARTESIAN_POINT('',(-36.2297780130731,-23.869084295872,-5.28295219052661));
#5105=CARTESIAN_POINT('',(-38.4,-22.7000000000025,-4.94523002805139));
#5106=CARTESIAN_POINT('Ctrl Pts',(-36.2297780130731,-23.869084295872,-5.28295219052661));
#5107=CARTESIAN_POINT('Ctrl Pts',(-36.0857844514914,-23.7742177344976,-5.33061136182929));
#5108=CARTESIAN_POINT('Ctrl Pts',(-35.9502277888596,-23.6444661764464,-5.38163988724077));
#5109=CARTESIAN_POINT('Ctrl Pts',(-35.7413896853563,-23.3402641206877,-5.47600341437889));
#5110=CARTESIAN_POINT('Ctrl Pts',(-35.6681335632291,-23.1657906980163,-5.51932054188869));
#5111=CARTESIAN_POINT('Ctrl Pts',(-35.5958487048795,-22.8294045452126,-5.586520377855));
#5112=CARTESIAN_POINT('Ctrl Pts',(-35.5893667920547,-22.6452375751455,-5.61547834181386));
#5113=CARTESIAN_POINT('Ctrl Pts',(-35.6498737076275,-22.2876361235131,-5.65406119192237));
#5114=CARTESIAN_POINT('Ctrl Pts',(-35.7169117543809,-22.114206697575,-5.66365572796765));
#5115=CARTESIAN_POINT('Ctrl Pts',(-35.8964539133673,-21.8215608877732,-5.66365572796765));
#5116=CARTESIAN_POINT('Ctrl Pts',(-36.0206894072653,-21.6832228685968,-5.65406119192237));
#5117=CARTESIAN_POINT('Ctrl Pts',(-36.3120689505195,-21.4672648939473,-5.61547834181386));
#5118=CARTESIAN_POINT('Ctrl Pts',(-36.4791861936809,-21.3896033520123,-5.58652037785499));
#5119=CARTESIAN_POINT('Ctrl Pts',(-36.8118163970472,-21.3016380613964,-5.51932054188868));
#5120=CARTESIAN_POINT('Ctrl Pts',(-37.0005452760545,-21.287895977259,-5.47600341437889));
#5121=CARTESIAN_POINT('Ctrl Pts',(-37.3663519144197,-21.336246236106,-5.38163988724077));
#5122=CARTESIAN_POINT('Ctrl Pts',(-37.5434386397486,-21.3983056214794,-5.33061136182929));
#5123=CARTESIAN_POINT('Ctrl Pts',(-37.8480663605577,-21.5719316213031,-5.2336999463245));
#5124=CARTESIAN_POINT('Ctrl Pts',(-37.995624032286,-21.6975317433182,-5.18109079542136));
#5125=CARTESIAN_POINT('Ctrl Pts',(-38.2270731018191,-21.9996419443292,-5.08406479186506));
#5126=CARTESIAN_POINT('Ctrl Pts',(-38.3109324419001,-22.176172695185,-5.03963583781455));
#5127=CARTESIAN_POINT('Ctrl Pts',(-38.384172645246,-22.4615396537829,-4.98243427525258));
#5128=CARTESIAN_POINT('Ctrl Pts',(-38.4,-22.5798398811757,-4.96213043804441));
#5129=CARTESIAN_POINT('Ctrl Pts',(-38.4,-22.7000000000049,-4.94523002805139));
#5130=CARTESIAN_POINT('Ctrl Pts',(-38.4,-22.7000000000049,-4.94523002805139));
#5131=CARTESIAN_POINT('Ctrl Pts',(-38.4,-22.7685426049724,-4.9355895738206));
#5132=CARTESIAN_POINT('Ctrl Pts',(-38.3949307200755,-22.8376878653562,-4.92703777268985));
#5133=CARTESIAN_POINT('Ctrl Pts',(-38.3566856494177,-23.0945970552498,-4.89972789880049));
#5134=CARTESIAN_POINT('Ctrl Pts',(-38.2879546829971,-23.2778612238794,-4.88976572743984));
#5135=CARTESIAN_POINT('Ctrl Pts',(-38.0986796492547,-23.5863711907724,-4.88976572743984));
#5136=CARTESIAN_POINT('Ctrl Pts',(-37.9664437210689,-23.7306742071839,-4.89972789880049));
#5137=CARTESIAN_POINT('Ctrl Pts',(-37.655856675211,-23.951461070189,-4.9397943024489));
#5138=CARTESIAN_POINT('Ctrl Pts',(-37.4775301109085,-24.0279782006675,-4.96990544512518));
#5139=CARTESIAN_POINT('Ctrl Pts',(-37.1269608331766,-24.1059942600648,-5.03963583781455));
#5140=CARTESIAN_POINT('Ctrl Pts',(-36.9315939244162,-24.1112159339287,-5.08406479186506));
#5141=CARTESIAN_POINT('Ctrl Pts',(-36.5574078379807,-24.0417607824942,-5.18109079542137));
#5142=CARTESIAN_POINT('Ctrl Pts',(-36.3785847561345,-23.9671219016405,-5.2336999463245));
#5143=CARTESIAN_POINT('Ctrl Pts',(-36.2297780130731,-23.869084295872,-5.28295219052661));
#5144=CARTESIAN_POINT('',(-38.4,-22.7,-0.05));
#5145=CARTESIAN_POINT('',(-38.4,-22.7,-0.05));
#5146=CARTESIAN_POINT('Origin',(-37.,-22.7,-0.05));
#5147=CARTESIAN_POINT('Origin',(-37.,-22.7,-0.05));
#5148=CARTESIAN_POINT('',(-40.1,-22.7,-0.05));
#5149=CARTESIAN_POINT('',(-40.1,-22.7,-0.05));
#5150=CARTESIAN_POINT('Origin',(-37.,-22.7,-0.05));
#5151=CARTESIAN_POINT('Origin',(-37.,-22.7,-0.05));
#5152=CARTESIAN_POINT('Ctrl Pts',(-35.0373939851432,-25.0996203096423,-6.49999985471368));
#5153=CARTESIAN_POINT('Ctrl Pts',(-35.0889637584653,-25.1417982937593,-6.48165905802171));
#5154=CARTESIAN_POINT('Ctrl Pts',(-35.1413809569171,-25.1818898587767,-6.46346327660277));
#5155=CARTESIAN_POINT('Ctrl Pts',(-35.1943223431455,-25.2198270177805,-6.44549617569535));
#5156=CARTESIAN_POINT('Ctrl Pts',(-35.5232418786619,-25.4555267908181,-6.33386837547962));
#5157=CARTESIAN_POINT('Ctrl Pts',(-35.9230054274116,-25.6387411687209,-6.21485594472815));
#5158=CARTESIAN_POINT('Ctrl Pts',(-36.7663310543233,-25.8211401124503,-5.99590650393182));
#5159=CARTESIAN_POINT('Ctrl Pts',(-37.2098932104938,-25.8202346832959,-5.89589483836538));
#5160=CARTESIAN_POINT('Ctrl Pts',(-38.0094990388457,-25.6586762042639,-5.73902266302102));
#5161=CARTESIAN_POINT('Ctrl Pts',(-38.4167577635608,-25.4909461446203,-5.67161980052317));
#5162=CARTESIAN_POINT('Ctrl Pts',(-39.1257562035156,-24.9973339963575,-5.58201400650211));
#5163=CARTESIAN_POINT('Ctrl Pts',(-39.4274457344189,-24.6713910453514,-5.55974929668775));
#5164=CARTESIAN_POINT('Ctrl Pts',(-39.8572445727101,-23.9708378728061,-5.55974929668775));
#5165=CARTESIAN_POINT('Ctrl Pts',(-40.0111293779538,-23.5542147252467,-5.58201400650211));
#5166=CARTESIAN_POINT('Ctrl Pts',(-40.1299490015139,-22.6985198977363,-5.67161980052317));
#5167=CARTESIAN_POINT('Ctrl Pts',(-40.0949608140867,-22.2594653811838,-5.73902266302102));
#5168=CARTESIAN_POINT('Ctrl Pts',(-39.8767112035468,-21.4734388355885,-5.89589483836537));
#5169=CARTESIAN_POINT('Ctrl Pts',(-39.6765549067714,-21.0776034366537,-5.99590650393181));
#5170=CARTESIAN_POINT('Ctrl Pts',(-39.1318673763873,-20.4084375514476,-6.21485594472815));
#5171=CARTESIAN_POINT('Ctrl Pts',(-38.787416335834,-20.1350662218591,-6.33386837547962));
#5172=CARTESIAN_POINT('Ctrl Pts',(-38.3704668184649,-19.9186221547753,-6.46346327662548));
#5173=CARTESIAN_POINT('Ctrl Pts',(-38.3109776223314,-19.8900576344697,-6.4816590580398));
#5174=CARTESIAN_POINT('Ctrl Pts',(-38.2500123734637,-19.8631938617192,-6.49999985471368));
#5175=CARTESIAN_POINT('Origin',(0.,0.,-5.96206906996432));
#5176=CARTESIAN_POINT('Ctrl Pts',(-37.4303118028655,-21.3677718842801,-6.49999985471368));
#5177=CARTESIAN_POINT('Ctrl Pts',(-37.5237050554472,-21.3979380535868,-6.47349968647763));
#5178=CARTESIAN_POINT('Ctrl Pts',(-37.6123870903733,-21.4376035673269,-6.44682622917242));
#5179=CARTESIAN_POINT('Ctrl Pts',(-37.848070609306,-21.5719340429251,-6.37199114380875));
#5180=CARTESIAN_POINT('Ctrl Pts',(-37.9956300163741,-21.6975375948266,-6.31948149239905));
#5181=CARTESIAN_POINT('Ctrl Pts',(-38.22707778194,-21.9996500128901,-6.22264062946884));
#5182=CARTESIAN_POINT('Ctrl Pts',(-38.3109341837922,-22.1761794821468,-6.17829732134564));
#5183=CARTESIAN_POINT('Ctrl Pts',(-38.4002161734021,-22.5240503053913,-6.10869996560572));
#5184=CARTESIAN_POINT('Ctrl Pts',(-38.4127949386737,-22.717694440864,-6.07864633432139));
#5185=CARTESIAN_POINT('Ctrl Pts',(-38.3566831190439,-23.0946055564935,-6.03865708770548));
#5186=CARTESIAN_POINT('Ctrl Pts',(-38.28795190546,-23.2778657511426,-6.02871453681376));
#5187=CARTESIAN_POINT('Ctrl Pts',(-38.0986824267918,-23.5863666635092,-6.02871453681376));
#5188=CARTESIAN_POINT('Ctrl Pts',(-37.9664501532974,-23.7306680997807,-6.03865708770548));
#5189=CARTESIAN_POINT('Ctrl Pts',(-37.6558652271457,-23.9514565257333,-6.07864633432139));
#5190=CARTESIAN_POINT('Ctrl Pts',(-37.4775370311319,-24.0279766606336,-6.10869996560572));
#5191=CARTESIAN_POINT('Ctrl Pts',(-37.1269676727868,-24.1059927379706,-6.17829732134564));
#5192=CARTESIAN_POINT('Ctrl Pts',(-36.9316032377568,-24.1112164505456,-6.22264062946884));
#5193=CARTESIAN_POINT('Ctrl Pts',(-36.5574157656563,-24.0417634660407,-6.31948149239905));
#5194=CARTESIAN_POINT('Ctrl Pts',(-36.3785888399217,-23.9671245921417,-6.37199114380875));
#5195=CARTESIAN_POINT('Ctrl Pts',(-36.2297780130732,-23.869084295872,-6.42115075860548));
#5196=CARTESIAN_POINT('Ctrl Pts',(-36.1520559230428,-23.8178790381992,-6.44682622918785));
#5197=CARTESIAN_POINT('Ctrl Pts',(-36.0765161335656,-23.7567922434595,-6.47349968647449));
#5198=CARTESIAN_POINT('Ctrl Pts',(-36.0073102868656,-23.6872016680685,-6.49999985471368));
#5199=CARTESIAN_POINT('Origin',(-37.,-22.7,-0.05));
#5200=CARTESIAN_POINT('Ctrl Pts',(-36.0073102868656,-23.6872016680685,-6.49999985471368));
#5201=CARTESIAN_POINT('Ctrl Pts',(-36.076516479005,-23.7567925908192,-6.4734496040696));
#5202=CARTESIAN_POINT('Ctrl Pts',(-36.152056258147,-23.8178792589743,-6.44672589188579));
#5203=CARTESIAN_POINT('Ctrl Pts',(-36.2297780130732,-23.869084295872,-6.42100213679678));
#5204=CARTESIAN_POINT('Ctrl Pts',(-36.3785848135604,-23.9671219394741,-6.37175119418808));
#5205=CARTESIAN_POINT('Ctrl Pts',(-36.5574079494619,-24.0417608202316,-6.31914344143388));
#5206=CARTESIAN_POINT('Ctrl Pts',(-36.9315940553865,-24.1112159411944,-6.22212003950088));
#5207=CARTESIAN_POINT('Ctrl Pts',(-37.1269609293628,-24.1059942386594,-6.17769228899157));
#5208=CARTESIAN_POINT('Ctrl Pts',(-37.4775302082331,-24.0279781790087,-6.10796376575592));
#5209=CARTESIAN_POINT('Ctrl Pts',(-37.6558567954881,-23.9514610062752,-6.07785343123975));
#5210=CARTESIAN_POINT('Ctrl Pts',(-37.9664438115366,-23.7306741212857,-6.03778811184062));
#5211=CARTESIAN_POINT('Ctrl Pts',(-38.098679688321,-23.586371127096,-6.0278262162138));
#5212=CARTESIAN_POINT('Ctrl Pts',(-38.2879546439308,-23.2778612875558,-6.0278262162138));
#5213=CARTESIAN_POINT('Ctrl Pts',(-38.3566856138294,-23.0945971748172,-6.03778811184062));
#5214=CARTESIAN_POINT('Ctrl Pts',(-38.4127951128633,-22.7176848942539,-6.07785343123974));
#5215=CARTESIAN_POINT('Ctrl Pts',(-38.400214435766,-22.5240435350124,-6.10796376575592));
#5216=CARTESIAN_POINT('Ctrl Pts',(-38.3109324663965,-22.1761727906308,-6.17769228899156));
#5217=CARTESIAN_POINT('Ctrl Pts',(-38.2270731676347,-21.9996420577943,-6.22212003950088));
#5218=CARTESIAN_POINT('Ctrl Pts',(-37.9956241164365,-21.6975318256034,-6.31914344143388));
#5219=CARTESIAN_POINT('Ctrl Pts',(-37.8480664203033,-21.5719316553558,-6.37175119418808));
#5220=CARTESIAN_POINT('Ctrl Pts',(-37.6123874389164,-21.437603765983,-6.4467258919013));
#5221=CARTESIAN_POINT('Ctrl Pts',(-37.5237055216397,-21.3979382041677,-6.47344960406645));
#5222=CARTESIAN_POINT('Ctrl Pts',(-37.4303118028655,-21.3677718842801,-6.49999985471368));
#5223=CARTESIAN_POINT('Origin',(-37.,-22.7,-0.05));
#5224=CARTESIAN_POINT('Origin',(0.,0.,-3.74999993480742));
#5225=CARTESIAN_POINT('Origin',(0.,-41.4650440829207,-5.81383605880682));
#5226=CARTESIAN_POINT('Origin',(0.,0.,-2.90691802940341));
#5227=CARTESIAN_POINT('Origin',(26.5,-33.3,-0.05));
#5228=CARTESIAN_POINT('',(25.1379461676776,-32.9762572659406,-5.81383605880682));
#5229=CARTESIAN_POINT('',(25.1,-33.3000000000036,-5.74886362051055));
#5230=CARTESIAN_POINT('Ctrl Pts',(25.1379461676777,-32.9762572659406,-5.8138360588068));
#5231=CARTESIAN_POINT('Ctrl Pts',(25.1273791826133,-33.020714796532,-5.80583460472217));
#5232=CARTESIAN_POINT('Ctrl Pts',(25.1191458377241,-33.0650693334882,-5.79745226505429));
#5233=CARTESIAN_POINT('Ctrl Pts',(25.1045428809617,-33.1710050782455,-5.77656333141447));
#5234=CARTESIAN_POINT('Ctrl Pts',(25.1,-33.2351233163735,-5.76318275522949));
#5235=CARTESIAN_POINT('Ctrl Pts',(25.1,-33.3000000000072,-5.74886362051055));
#5236=CARTESIAN_POINT('',(26.4903331708394,-31.9000333745356,-5.81383605880682));
#5237=CARTESIAN_POINT('Origin',(26.5,-33.3,-5.81383605880682));
#5238=CARTESIAN_POINT('Ctrl Pts',(25.1,-33.3000000000072,-5.74886362051055));
#5239=CARTESIAN_POINT('Ctrl Pts',(25.1,-33.4165155941883,-5.72314710116199));
#5240=CARTESIAN_POINT('Ctrl Pts',(25.114869501933,-33.5354703895616,-5.69436951075699));
#5241=CARTESIAN_POINT('Ctrl Pts',(25.1906251652731,-33.8287230732965,-5.61690873911841));
#5242=CARTESIAN_POINT('Ctrl Pts',(25.273623300841,-33.9969279146241,-5.56590063462381));
#5243=CARTESIAN_POINT('Ctrl Pts',(25.4828150999687,-34.27832320293,-5.46898902954238));
#5244=CARTESIAN_POINT('Ctrl Pts',(25.6254068264865,-34.4096508769125,-5.4163594408537));
#5245=CARTESIAN_POINT('Ctrl Pts',(25.9534494890815,-34.6028894083882,-5.3192997204332));
#5246=CARTESIAN_POINT('Ctrl Pts',(26.1389170069001,-34.6647658689064,-5.27485715409724));
#5247=CARTESIAN_POINT('Ctrl Pts',(26.4951976535189,-34.7112281237518,-5.20510623299474));
#5248=CARTESIAN_POINT('Ctrl Pts',(26.6890145307711,-34.7002159859729,-5.17498874612795));
#5249=CARTESIAN_POINT('Ctrl Pts',(27.0564701793705,-34.5987194610034,-5.13491454666424));
#5250=CARTESIAN_POINT('Ctrl Pts',(27.2300972266803,-34.5081955024474,-5.12495056583294));
#5251=CARTESIAN_POINT('Ctrl Pts',(27.5134266296433,-34.2827231547442,-5.12495056583294));
#5252=CARTESIAN_POINT('Ctrl Pts',(27.6406224493886,-34.1338535404184,-5.13491454666424));
#5253=CARTESIAN_POINT('Ctrl Pts',(27.8220293985285,-33.7985675176375,-5.17498874612795));
#5254=CARTESIAN_POINT('Ctrl Pts',(27.8762764566972,-33.6121714185198,-5.20510623299474));
#5255=CARTESIAN_POINT('Ctrl Pts',(27.9109931150254,-33.2545551522301,-5.27485715409724));
#5256=CARTESIAN_POINT('Ctrl Pts',(27.8923378737283,-33.059930183369,-5.3192997204332));
#5257=CARTESIAN_POINT('Ctrl Pts',(27.7776855465289,-32.6968765201219,-5.4163594408537));
#5258=CARTESIAN_POINT('Ctrl Pts',(27.6817257023753,-32.5284393902041,-5.46898902954238));
#5259=CARTESIAN_POINT('Ctrl Pts',(27.5661883496842,-32.392672934936,-5.51826189121369));
#5260=CARTESIAN_POINT('Ctrl Pts',(27.4544827553177,-32.26140912953,-5.56590063462381));
#5261=CARTESIAN_POINT('Ctrl Pts',(27.3092072036697,-32.142764394092,-5.61690873911841));
#5262=CARTESIAN_POINT('Ctrl Pts',(26.9819219485634,-31.9726862479249,-5.71123847746791));
#5263=CARTESIAN_POINT('Ctrl Pts',(26.7998925399385,-31.9212806970695,-5.75454197040372));
#5264=CARTESIAN_POINT('Ctrl Pts',(26.5810988676825,-31.9016532585931,-5.79745226505501));
#5265=CARTESIAN_POINT('Ctrl Pts',(26.5360281775992,-31.8997178485683,-5.8058346047226));
#5266=CARTESIAN_POINT('Ctrl Pts',(26.4903331708394,-31.9000333745357,-5.8138360588068));
#5267=CARTESIAN_POINT('',(25.1,-33.3,-0.05));
#5268=CARTESIAN_POINT('',(25.1,-33.3,-0.05));
#5269=CARTESIAN_POINT('Origin',(26.5,-33.3,-0.05));
#5270=CARTESIAN_POINT('Origin',(26.5,-33.3,-0.05));
#5271=CARTESIAN_POINT('',(23.4,-33.3,-5.81383605880682));
#5272=CARTESIAN_POINT('Origin',(26.5,-33.3,-5.81383605880682));
#5273=CARTESIAN_POINT('',(23.4,-33.3,-0.05));
#5274=CARTESIAN_POINT('',(23.4,-33.3,-0.05));
#5275=CARTESIAN_POINT('Origin',(26.5,-33.3,-0.05));
#5276=CARTESIAN_POINT('Origin',(26.5,-33.3,-5.81383605880682));
#5277=CARTESIAN_POINT('Origin',(0.,0.,-5.96206906996432));
#5278=CARTESIAN_POINT('Ctrl Pts',(27.8417961166274,-32.9005213630197,-6.49999985471367));
#5279=CARTESIAN_POINT('Ctrl Pts',(27.8939289204256,-33.0756285833058,-6.45374859902861));
#5280=CARTESIAN_POINT('Ctrl Pts',(27.910282503353,-33.2618751624298,-6.41147963134388));
#5281=CARTESIAN_POINT('Ctrl Pts',(27.8762764470609,-33.6121715177837,-6.3431582471873));
#5282=CARTESIAN_POINT('Ctrl Pts',(27.822029349732,-33.7985676448176,-6.31304156865466));
#5283=CARTESIAN_POINT('Ctrl Pts',(27.6406223751325,-34.1338536406707,-6.27296845364936));
#5284=CARTESIAN_POINT('Ctrl Pts',(27.5134265711848,-34.2827232012652,-6.26300474859872));
#5285=CARTESIAN_POINT('Ctrl Pts',(27.2300972851389,-34.5081954559264,-6.26300474859872));
#5286=CARTESIAN_POINT('Ctrl Pts',(27.0564702937354,-34.5987194111519,-6.27296845364936));
#5287=CARTESIAN_POINT('Ctrl Pts',(26.68901466566,-34.7002159669769,-6.31304156865466));
#5288=CARTESIAN_POINT('Ctrl Pts',(26.4951977524121,-34.7112281366484,-6.3431582471873));
#5289=CARTESIAN_POINT('Ctrl Pts',(26.1462096784395,-34.6657168999736,-6.41147963134389));
#5290=CARTESIAN_POINT('Ctrl Pts',(25.9683898707303,-34.6079644636939,-6.4537485990286));
#5291=CARTESIAN_POINT('Ctrl Pts',(25.8094582311296,-34.5178473079353,-6.49999985471367));
#5292=CARTESIAN_POINT('Ctrl Pts',(29.1715357329892,-31.727455301951,-6.49999985471368));
#5293=CARTESIAN_POINT('Ctrl Pts',(29.2733595636893,-31.9004398934368,-6.44585975646085));
#5294=CARTESIAN_POINT('Ctrl Pts',(29.3595611529607,-32.0857594398492,-6.39211753153696));
#5295=CARTESIAN_POINT('Ctrl Pts',(29.5690417801271,-32.6856580880525,-6.2308898342217));
#5296=CARTESIAN_POINT('Ctrl Pts',(29.6225133409746,-33.1263843043846,-6.13081182677048));
#5297=CARTESIAN_POINT('Ctrl Pts',(29.5598891493081,-33.9404932057977,-5.97383849861936));
#5298=CARTESIAN_POINT('Ctrl Pts',(29.4430381060292,-34.365564029724,-5.90640426503723));
#5299=CARTESIAN_POINT('Ctrl Pts',(29.0392140573646,-35.1301070871267,-5.81675941028497));
#5300=CARTESIAN_POINT('Ctrl Pts',(28.7521750279432,-35.4695370088534,-5.79448537757189));
#5301=CARTESIAN_POINT('Ctrl Pts',(28.1084849396306,-35.981782874928,-5.79448537757189));
#5302=CARTESIAN_POINT('Ctrl Pts',(27.7132745087532,-36.1852842053911,-5.81675941028497));
#5303=CARTESIAN_POINT('Ctrl Pts',(26.8775836990095,-36.407141861136,-5.90640426503722));
#5304=CARTESIAN_POINT('Ctrl Pts',(26.4371297278166,-36.4255720247024,-5.97383849861936));
#5305=CARTESIAN_POINT('Ctrl Pts',(25.6297452620088,-36.3038123552133,-6.13081182677048));
#5306=CARTESIAN_POINT('Ctrl Pts',(25.2122766932059,-36.1527534274943,-6.2308898342217));
#5307=CARTESIAN_POINT('Ctrl Pts',(24.6747269057886,-35.8139308377489,-6.39211753153696));
#5308=CARTESIAN_POINT('Ctrl Pts',(24.5134928470179,-35.6883218151123,-6.44585975646085));
#5309=CARTESIAN_POINT('Ctrl Pts',(24.3677863511107,-35.5502588641066,-6.49999985471368));
#5310=CARTESIAN_POINT('Origin',(26.5,-33.3,-0.05));
#5311=CARTESIAN_POINT('Origin',(26.5,-33.3,-0.05));
#5312=CARTESIAN_POINT('Origin',(0.,-41.4650440829207,-5.81383605880682));
#5313=CARTESIAN_POINT('',(4.67,-41.17,-5.81383605880682));
#5314=CARTESIAN_POINT('Origin',(3.22,-41.17,-5.81383605880682));
#5315=CARTESIAN_POINT('',(4.67,-41.3175220414604,-5.81383605880682));
#5316=CARTESIAN_POINT('Origin',(0.,-41.4650440829207,-5.81383605880682));
#5317=CARTESIAN_POINT('Origin',(0.,0.,-5.81383605880682));
#5318=CARTESIAN_POINT('Origin',(0.,0.,-2.90691802940341));
#5319=CARTESIAN_POINT('Origin',(0.,0.,-7.45691792770299));
#5320=CARTESIAN_POINT('Origin',(46.5000007003546,36.0000005364418,-0.05));
#5321=CARTESIAN_POINT('',(46.5000007003546,36.0000005364418,-4.94372539331937));
#5322=CARTESIAN_POINT('',(46.5000007003546,36.0000005364418,-0.05));
#5323=CARTESIAN_POINT('',(46.5000007003546,35.8937259297612,-5.05));
#5324=CARTESIAN_POINT('Origin',(46.5000007003546,35.1000005364418,-4.15));
#5325=CARTESIAN_POINT('',(46.5000007003546,14.0000002086163,-5.05));
#5326=CARTESIAN_POINT('',(46.5000007003546,14.0000002086163,-5.05));
#5327=CARTESIAN_POINT('',(46.5000007003546,14.0000002086163,-0.05));
#5328=CARTESIAN_POINT('Origin',(23.0000003427267,36.0000005364418,-0.05));
#5329=CARTESIAN_POINT('',(46.3937260936739,36.0000005364418,-5.05));
#5330=CARTESIAN_POINT('',(46.5000007003546,36.0000005364418,-5.05));
#5331=CARTESIAN_POINT('Origin',(45.6000007003546,36.0000005364418,-4.15));
#5332=CARTESIAN_POINT('Origin',(3.22,-43.28,-0.05));
#5333=CARTESIAN_POINT('',(3.22,-43.28,-0.05));
#5334=CARTESIAN_POINT('',(-3.22,-43.28,-0.05));
#5335=CARTESIAN_POINT('Origin',(3.22,-41.83,-0.05));
#5336=CARTESIAN_POINT('',(4.67,-41.83,-0.05));
#5337=CARTESIAN_POINT('Origin',(4.67,-41.17,-0.05));
#5338=CARTESIAN_POINT('',(4.67,-41.17,-0.05));
#5339=CARTESIAN_POINT('Origin',(3.22,-41.17,-0.05));
#5340=CARTESIAN_POINT('',(3.22,-39.72,-0.05));
#5341=CARTESIAN_POINT('Origin',(0.,0.,-9.79999976754188));
#5342=CARTESIAN_POINT('',(-19.5999995753169,-2.40030767432013E-15,-10.3999997675419));
#5343=CARTESIAN_POINT('Origin',(0.,0.,-10.3999997675419));
#5344=CARTESIAN_POINT('',(-18.9999995753169,-2.32682886637129E-15,-9.79999976754188));
#5345=CARTESIAN_POINT('Origin',(-19.5999995753169,-2.40030767432013E-15,
-9.79999976754188));
#5346=CARTESIAN_POINT('',(-2.32682886637129E-15,18.9999995753169,-9.79999976754188));
#5347=CARTESIAN_POINT('Origin',(0.,0.,-9.79999976754188));
#5348=CARTESIAN_POINT('Origin',(0.,0.,-9.79999976754188));
#5349=CARTESIAN_POINT('Origin',(0.,0.,-9.74999978207052));
#5350=CARTESIAN_POINT('',(-2.32682886637129E-15,18.9999995753169,-9.09999979659915));
#5351=CARTESIAN_POINT('Origin',(0.,0.,-9.09999979659915));
#5352=CARTESIAN_POINT('',(-2.32682886637129E-15,18.9999995753169,-9.74999978207052));
#5353=CARTESIAN_POINT('Origin',(0.,-20.9999995306134,-10.3999997675419));
#5354=CARTESIAN_POINT('Ctrl Pts',(46.6703317855454,13.4000023492369,-5.20090309424828));
#5355=CARTESIAN_POINT('Ctrl Pts',(46.6703284540009,13.4000002086163,-5.20090365865493));
#5356=CARTESIAN_POINT('Ctrl Pts',(46.6486600997135,13.4000002086163,-5.22360589453727));
#5357=CARTESIAN_POINT('Ctrl Pts',(46.5585774268981,13.4000002086163,-5.30701986342299));
#5358=CARTESIAN_POINT('Ctrl Pts',(46.4429978556985,13.4000002086163,-5.39347351515297));
#5359=CARTESIAN_POINT('Ctrl Pts',(46.2738358860505,13.4000002086163,-5.49554815971785));
#5360=CARTESIAN_POINT('Ctrl Pts',(46.0004347815208,13.4000002086163,-5.61465127505635));
#5361=CARTESIAN_POINT('Ctrl Pts',(45.7337455902704,13.4000002086163,-5.65));
#5362=CARTESIAN_POINT('Ctrl Pts',(45.6000007003546,13.4000002086163,-5.65));
#5363=CARTESIAN_POINT('Ctrl Pts',(46.85084922086,13.4000002086163,-5.01704628477719));
#5364=CARTESIAN_POINT('Ctrl Pts',(46.8531601326506,13.3608934510618,-5.01941896368995));
#5365=CARTESIAN_POINT('Ctrl Pts',(46.8178101808385,13.2821713843057,-5.04104158570837));
#5366=CARTESIAN_POINT('Ctrl Pts',(46.6711742377604,13.1957082984932,-5.10861722727307));
#5367=CARTESIAN_POINT('Ctrl Pts',(46.5026213231504,13.1543087813127,-5.17793234501048));
#5368=CARTESIAN_POINT('Ctrl Pts',(46.274464379816,13.1241000622668,-5.26312631318797));
#5369=CARTESIAN_POINT('Ctrl Pts',(45.9364199779155,13.1109576872428,-5.37258233044365));
#5370=CARTESIAN_POINT('Ctrl Pts',(45.6260085317789,13.1191573030544,-5.44048375673732));
#5371=CARTESIAN_POINT('Ctrl Pts',(45.4645130295175,13.1368836740552,-5.46819122987154));
#5372=CARTESIAN_POINT('Ctrl Pts',(47.0810866596585,13.4059275060428,-4.88248288194363));
#5373=CARTESIAN_POINT('Ctrl Pts',(47.0860612443975,13.321388319667,-4.88757381634774));
#5374=CARTESIAN_POINT('Ctrl Pts',(47.0398329929138,13.1516523411404,-4.9127045156456));
#5375=CARTESIAN_POINT('Ctrl Pts',(46.8416788332781,12.9545999512684,-4.97998478621397));
#5376=CARTESIAN_POINT('Ctrl Pts',(46.619308556019,12.8493019034731,-5.04692847716836));
#5377=CARTESIAN_POINT('Ctrl Pts',(46.3255008266922,12.7651529896544,-5.13122104980375));
#5378=CARTESIAN_POINT('Ctrl Pts',(45.904446787055,12.7186832213444,-5.24659308335181));
#5379=CARTESIAN_POINT('Ctrl Pts',(45.5284638680785,12.7507403020565,-5.34478406719027));
#5380=CARTESIAN_POINT('Ctrl Pts',(45.3296129287466,12.8010639578402,-5.39403946628559));
#5381=CARTESIAN_POINT('Ctrl Pts',(47.3296618807554,13.4169742739291,-4.81555299644734));
#5382=CARTESIAN_POINT('Ctrl Pts',(47.3373063756604,13.2868836512067,-4.82332630452676));
#5383=CARTESIAN_POINT('Ctrl Pts',(47.281746675952,13.0263529935149,-4.857447273471));
#5384=CARTESIAN_POINT('Ctrl Pts',(47.0376813122819,12.7196822766651,-4.94478096244677));
#5385=CARTESIAN_POINT('Ctrl Pts',(46.7668532921158,12.5513113216676,-5.02914102152925));
#5386=CARTESIAN_POINT('Ctrl Pts',(46.4128976275214,12.4139671766656,-5.13345916296254));
#5387=CARTESIAN_POINT('Ctrl Pts',(45.9130958686331,12.3346929322205,-5.27256715660231));
#5388=CARTESIAN_POINT('Ctrl Pts',(45.4674253638174,12.390474378261,-5.38749082414852));
#5389=CARTESIAN_POINT('Ctrl Pts',(45.2276297129096,12.4730215138944,-5.44531545736815));
#5390=CARTESIAN_POINT('',(46.6703284540009,13.4000002086163,-5.20090365865493));
#5391=CARTESIAN_POINT('Ctrl Pts',(46.6703284540009,13.4000002086163,-5.20090365865493));
#5392=CARTESIAN_POINT('Ctrl Pts',(46.67030332345,13.4000002086163,-5.20092925369961));
#5393=CARTESIAN_POINT('Ctrl Pts',(46.6702781919868,13.4000002086163,-5.20095484783699));
#5394=CARTESIAN_POINT('Ctrl Pts',(46.6699704725557,13.4000002086163,-5.20126820994555));
#5395=CARTESIAN_POINT('Ctrl Pts',(46.6696877694617,13.4000002086162,-5.20155586482669));
#5396=CARTESIAN_POINT('Ctrl Pts',(46.6688113014802,13.4000002086162,-5.20244696570672));
#5397=CARTESIAN_POINT('Ctrl Pts',(46.6682171417175,13.4000002086162,-5.20305002307849));
#5398=CARTESIAN_POINT('Ctrl Pts',(46.6674889443746,13.4000002086165,-5.20378787477088));
#5399=CARTESIAN_POINT('Ctrl Pts',(46.6673553912915,13.4000001968592,-5.20392314704159));
#5400=CARTESIAN_POINT('Ctrl Pts',(46.6672205741099,13.4000002087602,-5.20405964777372));
#5401=CARTESIAN_POINT('Ctrl Pts',(46.6672231341653,13.3999995157079,-5.20405705600889));
#5402=CARTESIAN_POINT('Ctrl Pts',(46.6672472881313,13.3999895856583,-5.20403259958963));
#5403=CARTESIAN_POINT('Ctrl Pts',(46.6672549450666,13.3999864317033,-5.2040248466059));
#5404=CARTESIAN_POINT('Ctrl Pts',(46.6672717207842,13.399979508531,-5.20400786008446));
#5405=CARTESIAN_POINT('Ctrl Pts',(46.6672808498694,13.39997573251,-5.20399861604287));
#5406=CARTESIAN_POINT('Ctrl Pts',(46.6673010413901,13.3999673621419,-5.20397816973287));
#5407=CARTESIAN_POINT('Ctrl Pts',(46.6673121038216,13.3999627638414,-5.20396696735577));
#5408=CARTESIAN_POINT('Ctrl Pts',(46.6673430529527,13.3999498651215,-5.20393562571504));
#5409=CARTESIAN_POINT('Ctrl Pts',(46.6673629349029,13.399941539429,-5.20391549047341));
#5410=CARTESIAN_POINT('Ctrl Pts',(46.6678994638536,13.3997158273471,-5.20337209554196));
#5411=CARTESIAN_POINT('Ctrl Pts',(46.6684282051017,13.3994676187056,-5.20283578840932));
#5412=CARTESIAN_POINT('Ctrl Pts',(46.6713243064122,13.3980136116084,-5.19989394276264));
#5413=CARTESIAN_POINT('Ctrl Pts',(46.6744757257296,13.3960638425399,-5.19667751793575));
#5414=CARTESIAN_POINT('Ctrl Pts',(46.6846950973479,13.3880172071333,-5.18610929160189));
#5415=CARTESIAN_POINT('Ctrl Pts',(46.6909198247941,13.3816460303027,-5.17954542738238));
#5416=CARTESIAN_POINT('Ctrl Pts',(46.7053855438977,13.3646133094155,-5.16404716349128));
#5417=CARTESIAN_POINT('Ctrl Pts',(46.7136011175433,13.35261155687,-5.15499659020522));
#5418=CARTESIAN_POINT('Ctrl Pts',(46.7382669754752,13.3112544949606,-5.12725386423453));
#5419=CARTESIAN_POINT('Ctrl Pts',(46.7552888197732,13.273029890124,-5.10703171858834));
#5420=CARTESIAN_POINT('Ctrl Pts',(46.7950401472006,13.1497019348383,-5.05741796526617));
#5421=CARTESIAN_POINT('Ctrl Pts',(46.8135848862438,13.0552363642774,-5.03178632152498));
#5422=CARTESIAN_POINT('Ctrl Pts',(46.8353821427036,12.832079015094,-5.00100586147354));
#5423=CARTESIAN_POINT('Ctrl Pts',(46.8367418794144,12.7127798925015,-4.99889861301155));
#5424=CARTESIAN_POINT('Ctrl Pts',(46.829551126007,12.5961718344497,-5.00918900759834));
#5425=CARTESIAN_POINT('',(45.6000007003546,13.4000002086163,-5.65));
#5426=CARTESIAN_POINT('Origin',(45.6000007003546,12.5757151851532,-6.84291835432876));
#5427=CARTESIAN_POINT('Origin',(45.6000007003546,13.4000002086163,-4.15));
#5428=CARTESIAN_POINT('Ctrl Pts',(45.6000007003546,13.4000002086163,-5.65));
#5429=CARTESIAN_POINT('Ctrl Pts',(45.3121448086678,13.4000002086163,-5.65));
#5430=CARTESIAN_POINT('Ctrl Pts',(44.8865062696388,13.4000002086163,-5.65));
#5431=CARTESIAN_POINT('Ctrl Pts',(44.4587124132703,13.4000002086163,-5.65));
#5432=CARTESIAN_POINT('Ctrl Pts',(44.3762684329043,13.4000002086163,-5.65));
#5433=CARTESIAN_POINT('Ctrl Pts',(44.376265762276,13.4000031164482,-5.65000064207328));
#5434=CARTESIAN_POINT('Ctrl Pts',(45.4645130295175,13.1368836740552,-5.46819122987154));
#5435=CARTESIAN_POINT('Ctrl Pts',(45.1794296708799,13.1535310274966,-5.5129706457532));
#5436=CARTESIAN_POINT('Ctrl Pts',(44.7574980201052,13.1924008211782,-5.57943542460469));
#5437=CARTESIAN_POINT('Ctrl Pts',(44.3333255101568,13.300057532175,-5.64400318589617));
#5438=CARTESIAN_POINT('Ctrl Pts',(44.2516617841795,13.3748086159512,-5.65202862671078));
#5439=CARTESIAN_POINT('Ctrl Pts',(44.2517241171187,13.4000002086163,-5.65));
#5440=CARTESIAN_POINT('Ctrl Pts',(45.3296129287466,12.8010639578402,-5.39403946628559));
#5441=CARTESIAN_POINT('Ctrl Pts',(45.0470045116578,12.8593969620885,-5.46522717249551));
#5442=CARTESIAN_POINT('Ctrl Pts',(44.628577846308,12.9670708638417,-5.56774483339348));
#5443=CARTESIAN_POINT('Ctrl Pts',(44.2079379303664,13.198433572428,-5.66115267243743));
#5444=CARTESIAN_POINT('Ctrl Pts',(44.1270642838641,13.3500476539753,-5.67022548930571));
#5445=CARTESIAN_POINT('Ctrl Pts',(44.1271889237074,13.4012953065443,-5.6660822936436));
#5446=CARTESIAN_POINT('Ctrl Pts',(45.2276297129096,12.4730215138944,-5.44531545736815));
#5447=CARTESIAN_POINT('Ctrl Pts',(44.9401499354236,12.5719834095508,-5.51463870250734));
#5448=CARTESIAN_POINT('Ctrl Pts',(44.5151443452215,12.7461860089346,-5.61475018349508));
#5449=CARTESIAN_POINT('Ctrl Pts',(44.088432191731,13.0986056155084,-5.70052751275263));
#5450=CARTESIAN_POINT('Ctrl Pts',(44.0065757106931,13.3265316888053,-5.70399186507951));
#5451=CARTESIAN_POINT('Ctrl Pts',(44.0067565206776,13.4038429304911,-5.69771823060177));
#5452=CARTESIAN_POINT('',(44.3762684329043,13.4000002086163,-5.65));
#5453=CARTESIAN_POINT('Ctrl Pts',(44.3352418543289,12.9057673194638,-5.65));
#5454=CARTESIAN_POINT('Ctrl Pts',(44.3023871078308,13.0186333812796,-5.65));
#5455=CARTESIAN_POINT('Ctrl Pts',(44.2945701531882,13.1173185403946,-5.65));
#5456=CARTESIAN_POINT('Ctrl Pts',(44.3098066379968,13.2534434339454,-5.65));
#5457=CARTESIAN_POINT('Ctrl Pts',(44.3237078081271,13.2985938522431,-5.65));
#5458=CARTESIAN_POINT('Ctrl Pts',(44.3501815061045,13.3511838105218,-5.65));
#5459=CARTESIAN_POINT('Ctrl Pts',(44.3599153317199,13.3657682802168,-5.65));
#5460=CARTESIAN_POINT('Ctrl Pts',(44.3776770265435,13.3869522110442,-5.65));
#5461=CARTESIAN_POINT('Ctrl Pts',(44.3851248287908,13.3936591765643,-5.65));
#5462=CARTESIAN_POINT('Ctrl Pts',(44.3914821860649,13.3983433818671,-5.65));
#5463=CARTESIAN_POINT('Ctrl Pts',(44.3919829807218,13.3987036470345,-5.65));
#5464=CARTESIAN_POINT('Ctrl Pts',(44.3926936601247,13.3992012953362,-5.65));
#5465=CARTESIAN_POINT('Ctrl Pts',(44.3929009941684,13.3993448715245,-5.65));
#5466=CARTESIAN_POINT('Ctrl Pts',(44.3932041699257,13.3995523551765,-5.65));
#5467=CARTESIAN_POINT('Ctrl Pts',(44.3932995075516,13.3996172488173,-5.65));
#5468=CARTESIAN_POINT('Ctrl Pts',(44.3934339879808,13.3997082773942,-5.65));
#5469=CARTESIAN_POINT('Ctrl Pts',(44.3934730033194,13.399734626436,-5.65));
#5470=CARTESIAN_POINT('Ctrl Pts',(44.3935377462633,13.3997782499651,-5.65));
#5471=CARTESIAN_POINT('Ctrl Pts',(44.393563458409,13.3997955484147,-5.65));
#5472=CARTESIAN_POINT('Ctrl Pts',(44.393611277327,13.3998276705089,-5.65));
#5473=CARTESIAN_POINT('Ctrl Pts',(44.3936333842145,13.3998425011694,-5.65));
#5474=CARTESIAN_POINT('Ctrl Pts',(44.3936738456718,13.399869609261,-5.65));
#5475=CARTESIAN_POINT('Ctrl Pts',(44.3936921964928,13.3998818903076,-5.65));
#5476=CARTESIAN_POINT('Ctrl Pts',(44.3937259762176,13.3999044719616,-5.65));
#5477=CARTESIAN_POINT('Ctrl Pts',(44.3937413989699,13.3999147724481,-5.65));
#5478=CARTESIAN_POINT('Ctrl Pts',(44.3937700945121,13.3999339196302,-5.65));
#5479=CARTESIAN_POINT('Ctrl Pts',(44.3937833635612,13.399942766329,-5.65));
#5480=CARTESIAN_POINT('Ctrl Pts',(44.3938085263755,13.3999595292753,-5.65));
#5481=CARTESIAN_POINT('Ctrl Pts',(44.3938204427852,13.3999674620147,-5.65));
#5482=CARTESIAN_POINT('Ctrl Pts',(44.3938344396324,13.399976772911,-5.65));
#5483=CARTESIAN_POINT('Ctrl Pts',(44.3938680023553,13.4000002085612,-5.65));
#5484=CARTESIAN_POINT('Ctrl Pts',(44.3896962760258,13.4000002221544,-5.65));
#5485=CARTESIAN_POINT('Ctrl Pts',(44.385532152173,13.4000002086163,-5.65));
#5486=CARTESIAN_POINT('Ctrl Pts',(44.3802056347262,13.4000002086163,-5.65));
#5487=CARTESIAN_POINT('Ctrl Pts',(44.3790432411321,13.4000002086163,-5.65));
#5488=CARTESIAN_POINT('Ctrl Pts',(44.3775423281663,13.4000002086163,-5.65));
#5489=CARTESIAN_POINT('Ctrl Pts',(44.3772038087947,13.4000002086163,-5.65));
#5490=CARTESIAN_POINT('Ctrl Pts',(44.3766914676333,13.4000002086163,-5.65));
#5491=CARTESIAN_POINT('Ctrl Pts',(44.3765176458435,13.4000002086163,-5.65));
#5492=CARTESIAN_POINT('Ctrl Pts',(44.3763186936706,13.4000002086163,-5.65));
#5493=CARTESIAN_POINT('Ctrl Pts',(44.3762935632874,13.4000002086163,-5.65));
#5494=CARTESIAN_POINT('Ctrl Pts',(44.3762684329043,13.4000002086163,-5.65));
#5495=CARTESIAN_POINT('',(22.4000003427267,13.4000002086163,-5.65));
#5496=CARTESIAN_POINT('Origin',(0.,0.,-3.74999993480742));
#5497=CARTESIAN_POINT('Origin',(45.6000007003546,35.1000005364418,-0.05));
#5498=CARTESIAN_POINT('',(47.1000007003546,35.1000005364418,-4.15));
#5499=CARTESIAN_POINT('',(47.1000007003546,35.1000005364418,-0.05));
#5500=CARTESIAN_POINT('',(45.6000007003546,36.6000005364418,-4.15));
#5501=CARTESIAN_POINT('Origin',(45.6000007003546,35.1000005364418,-4.15));
#5502=CARTESIAN_POINT('',(45.6000007003546,36.6000005364418,-0.05));
#5503=CARTESIAN_POINT('Origin',(45.6000007003546,35.1000005364418,-4.15));
#5504=CARTESIAN_POINT('',(45.6000007003546,35.1000005364418,-5.65));
#5505=CARTESIAN_POINT('Origin',(45.6000007003546,35.1000005364418,-4.15));
#5506=CARTESIAN_POINT('Origin',(45.6000007003546,35.1000005364418,-4.15));
#5507=CARTESIAN_POINT('Origin',(45.6000007003546,35.1000005364418,-5.05));
#5508=CARTESIAN_POINT('Origin',(30.9000005122274,35.1000005364418,-4.15));
#5509=CARTESIAN_POINT('',(30.9000005122274,35.1000005364418,-5.65));
#5510=CARTESIAN_POINT('',(30.9000005122274,36.6000005364418,-4.15));
#5511=CARTESIAN_POINT('Origin',(45.6000007003546,30.8000004544854,-4.15));
#5512=CARTESIAN_POINT('',(47.1000007003546,30.8000004544854,-4.15));
#5513=CARTESIAN_POINT('',(45.6000007003546,30.8000004544854,-5.65));
#5514=CARTESIAN_POINT('Origin',(47.1000007003546,36.6000005364418,-0.05));
#5515=CARTESIAN_POINT('Origin',(34.7500005215406,25.000000372529,-5.05));
#5516=CARTESIAN_POINT('',(23.0000003427267,14.0000002086163,-5.05));
#5517=CARTESIAN_POINT('Origin',(25.5000004842877,36.6000005364418,-0.05));
#5518=CARTESIAN_POINT('Origin',(36.3000005401671,25.000000372529,-5.65));
#5519=CARTESIAN_POINT('Origin',(46.5000007003546,14.0000002086163,-0.05));
#5520=CARTESIAN_POINT('Origin',(-3.22,-39.72,-0.05));
#5521=CARTESIAN_POINT('',(-3.22,-39.72,-0.05));
#5522=CARTESIAN_POINT('Origin',(-3.22,-41.17,-0.05));
#5523=CARTESIAN_POINT('',(-4.67,-41.17,-0.05));
#5524=CARTESIAN_POINT('Origin',(-4.67000000000001,-41.83,-0.05));
#5525=CARTESIAN_POINT('',(-4.67,-41.83,-0.05));
#5526=CARTESIAN_POINT('Origin',(-3.22,-41.83,-0.05));
#5527=CARTESIAN_POINT('Origin',(0.,-18.9999995753169,-9.09999979659915));
#5528=CARTESIAN_POINT('Ctrl Pts',(-66.4103385688819,-4.50000005215407,-1.));
#5529=CARTESIAN_POINT('Ctrl Pts',(-65.6068927021131,-4.50000005215407,-1.));
#5530=CARTESIAN_POINT('Ctrl Pts',(-64.8034468353443,-4.50000005215407,-1.));
#5531=CARTESIAN_POINT('Ctrl Pts',(-64.0000009685755,-4.50000005215407,-1.));
#5532=CARTESIAN_POINT('Ctrl Pts',(-66.4103385688819,-4.36531304621378,-1.));
#5533=CARTESIAN_POINT('Ctrl Pts',(-65.6068927021131,-4.36531304621378,-1.));
#5534=CARTESIAN_POINT('Ctrl Pts',(-64.8034468353443,-4.36531304621378,-1.));
#5535=CARTESIAN_POINT('Ctrl Pts',(-64.0000009685755,-4.36531304621378,-1.));
#5536=CARTESIAN_POINT('Ctrl Pts',(-66.4103385688819,-4.06990496768955,-0.97181073930919));
#5537=CARTESIAN_POINT('Ctrl Pts',(-65.6068927021131,-4.06990496768955,-0.97181073930919));
#5538=CARTESIAN_POINT('Ctrl Pts',(-64.8034468353443,-4.06990496768955,-0.97181073930919));
#5539=CARTESIAN_POINT('Ctrl Pts',(-64.0000009685755,-4.06990496768955,-0.97181073930919));
#5540=CARTESIAN_POINT('Ctrl Pts',(-66.4103385688819,-3.71442108575158,-0.83329063200756));
#5541=CARTESIAN_POINT('Ctrl Pts',(-65.6068927021131,-3.71442108575158,-0.83329063200756));
#5542=CARTESIAN_POINT('Ctrl Pts',(-64.8034468353443,-3.71442108575158,-0.83329063200756));
#5543=CARTESIAN_POINT('Ctrl Pts',(-64.0000009685755,-3.71442108575158,-0.83329063200756));
#5544=CARTESIAN_POINT('Ctrl Pts',(-66.4103385688819,-3.53119626987795,-0.658219252103163));
#5545=CARTESIAN_POINT('Ctrl Pts',(-65.6068927021131,-3.53119626987795,-0.658219252103163));
#5546=CARTESIAN_POINT('Ctrl Pts',(-64.8034468353443,-3.53119626987795,-0.658219252103163));
#5547=CARTESIAN_POINT('Ctrl Pts',(-64.0000009685755,-3.53119626987795,-0.658219252103163));
#5548=CARTESIAN_POINT('Ctrl Pts',(-66.4103385688819,-3.50000005215407,-0.550507627227611));
#5549=CARTESIAN_POINT('Ctrl Pts',(-65.6068927021131,-3.50000005215407,-0.550507627227611));
#5550=CARTESIAN_POINT('Ctrl Pts',(-64.8034468353443,-3.50000005215407,-0.550507627227611));
#5551=CARTESIAN_POINT('Ctrl Pts',(-64.0000009685755,-3.50000005215407,-0.550507627227611));
#5552=CARTESIAN_POINT('Ctrl Pts',(-66.4103385688819,-3.50000005215407,-0.5));
#5553=CARTESIAN_POINT('Ctrl Pts',(-65.6068927021131,-3.50000005215407,-0.5));
#5554=CARTESIAN_POINT('Ctrl Pts',(-64.8034468353443,-3.50000005215407,-0.5));
#5555=CARTESIAN_POINT('Ctrl Pts',(-64.0000009685755,-3.50000005215407,-0.5));
#5556=CARTESIAN_POINT('',(-65.8362102413583,-4.04230238531448,-0.944553946605359));
#5557=CARTESIAN_POINT('',(-66.4103385688819,-3.50000005215407,-0.5));
#5558=CARTESIAN_POINT('Ctrl Pts',(-65.8362155761938,-4.04230770530841,-0.944555315916621));
#5559=CARTESIAN_POINT('Ctrl Pts',(-65.8977951465702,-3.98439312179748,-0.92964881233053));
#5560=CARTESIAN_POINT('Ctrl Pts',(-65.9564074441708,-3.92918741372494,-0.911861357037504));
#5561=CARTESIAN_POINT('Ctrl Pts',(-66.1172696641196,-3.77749717762313,-0.851547680211082));
#5562=CARTESIAN_POINT('Ctrl Pts',(-66.2058840516567,-3.69369615358405,-0.802557994120139));
#5563=CARTESIAN_POINT('Ctrl Pts',(-66.3058877600472,-3.5990210207191,-0.71927545354084));
#5564=CARTESIAN_POINT('Ctrl Pts',(-66.339364660238,-3.56730069070536,-0.685165906843547));
#5565=CARTESIAN_POINT('Ctrl Pts',(-66.3795956260225,-3.52916018131291,-0.622193518160011));
#5566=CARTESIAN_POINT('Ctrl Pts',(-66.3921766235168,-3.5172281443483,-0.596657796922943));
#5567=CARTESIAN_POINT('Ctrl Pts',(-66.4067913072297,-3.50336549108874,-0.546608567275871));
#5568=CARTESIAN_POINT('Ctrl Pts',(-66.4103385688819,-3.50000005215407,-0.523687969270635));
#5569=CARTESIAN_POINT('Ctrl Pts',(-66.4103385688819,-3.50000005215407,-0.5));
#5570=CARTESIAN_POINT('',(-65.0000009685755,-3.50000005215407,-0.5));
#5571=CARTESIAN_POINT('Ctrl Pts',(-66.4103385688819,-3.50000005215407,-0.5));
#5572=CARTESIAN_POINT('Ctrl Pts',(-65.9402260354464,-3.50000005215407,-0.5));
#5573=CARTESIAN_POINT('Ctrl Pts',(-65.470113502011,-3.50000005215407,-0.5));
#5574=CARTESIAN_POINT('Ctrl Pts',(-65.0000009685755,-3.50000005215407,-0.5));
#5575=CARTESIAN_POINT('',(-64.0000009685755,-4.50000005215407,-1.));
#5576=CARTESIAN_POINT('Ctrl Pts',(-64.0000009685755,-4.50000005215407,-1.));
#5577=CARTESIAN_POINT('Ctrl Pts',(-64.0021118315741,-4.49788918915547,-1.));
#5578=CARTESIAN_POINT('Ctrl Pts',(-64.0042227078001,-4.49577831292926,-0.99999665819305));
#5579=CARTESIAN_POINT('Ctrl Pts',(-64.2236354826784,-4.27636553805595,-0.999301917930179));
#5580=CARTESIAN_POINT('Ctrl Pts',(-64.4333842672623,-4.06661675346729,-0.963493146517475));
#5581=CARTESIAN_POINT('Ctrl Pts',(-64.7095947272186,-3.79040629351099,-0.858266786518629));
#5582=CARTESIAN_POINT('Ctrl Pts',(-64.7967066726728,-3.70329434805856,-0.809104791331403));
#5583=CARTESIAN_POINT('Ctrl Pts',(-64.8957746224838,-3.60422639824715,-0.724669508868094));
#5584=CARTESIAN_POINT('Ctrl Pts',(-64.9290691052255,-3.57093191558382,-0.689895562467385));
#5585=CARTESIAN_POINT('Ctrl Pts',(-64.9692176492094,-3.53078337159015,-0.625501922964399));
#5586=CARTESIAN_POINT('Ctrl Pts',(-64.9818042256273,-3.51819679516856,-0.59930701542534));
#5587=CARTESIAN_POINT('Ctrl Pts',(-64.9964449556489,-3.50355606514333,-0.547913119221255));
#5588=CARTESIAN_POINT('Ctrl Pts',(-65.0000009685755,-3.50000005215407,-0.524350037789959));
#5589=CARTESIAN_POINT('Ctrl Pts',(-65.0000009685755,-3.50000005215407,-0.5));
#5590=CARTESIAN_POINT('',(-65.3435070263403,-4.50000005215407,-1.));
#5591=CARTESIAN_POINT('Ctrl Pts',(-64.0000009685755,-4.50000005215407,-1.));
#5592=CARTESIAN_POINT('Ctrl Pts',(-64.4478363211638,-4.50000005215407,-1.));
#5593=CARTESIAN_POINT('Ctrl Pts',(-64.8956716737521,-4.50000005215407,-1.));
#5594=CARTESIAN_POINT('Ctrl Pts',(-65.3435070263403,-4.50000005215407,-1.));
#5595=CARTESIAN_POINT('Ctrl Pts',(-65.3435070263403,-4.50000005215408,-1.));
#5596=CARTESIAN_POINT('Ctrl Pts',(-65.3457793213038,-4.49788919906556,-1.));
#5597=CARTESIAN_POINT('Ctrl Pts',(-65.3480516307159,-4.49577833255484,-0.999996658224428));
#5598=CARTESIAN_POINT('Ctrl Pts',(-65.520392769521,-4.33568167654309,-0.999489736596916));
#5599=CARTESIAN_POINT('Ctrl Pts',(-65.6867600946874,-4.18113440701673,-0.980288131905567));
#5600=CARTESIAN_POINT('Ctrl Pts',(-65.8362102413583,-4.04230238531448,-0.944553946605358));
#5601=CARTESIAN_POINT('Origin',(-66.4103385688819,-3.50000005215407,-1.68155230703764E-17));
#5602=CARTESIAN_POINT('',(-66.4103385688819,-3.50000005215407,-1.73472347597681E-17));
#5603=CARTESIAN_POINT('',(-66.4103385688819,-3.50000005215407,-1.73472347597681E-17));
#5604=CARTESIAN_POINT('',(-65.0000009685755,-3.50000005215407,0.));
#5605=CARTESIAN_POINT('',(-65.0000009685755,-3.50000005215407,0.));
#5606=CARTESIAN_POINT('',(-65.0000009685755,-3.50000005215407,0.));
#5607=CARTESIAN_POINT('Ctrl Pts',(-65.8359778498161,-4.04612230599833,-0.944556189654941));
#5608=CARTESIAN_POINT('Ctrl Pts',(-65.8477473332483,-3.85461660664078,-0.944556189654941));
#5609=CARTESIAN_POINT('Ctrl Pts',(-65.858681224948,-3.66305955382728,-0.944556189654941));
#5610=CARTESIAN_POINT('Ctrl Pts',(-65.8687791086029,-3.47145844116772,-0.944556189654941));
#5611=CARTESIAN_POINT('Ctrl Pts',(-65.9771749392224,-4.0547999422777,-0.908145563334811));
#5612=CARTESIAN_POINT('Ctrl Pts',(-65.9889697475244,-3.86288217242226,-0.908145563334811));
#5613=CARTESIAN_POINT('Ctrl Pts',(-65.9999269345292,-3.67091699594083,-0.908145563334811));
#5614=CARTESIAN_POINT('Ctrl Pts',(-66.0100465462055,-3.47890360747876,-0.908145563334811));
#5615=CARTESIAN_POINT('Ctrl Pts',(-66.1903318544323,-4.06790005778575,-0.815041726293285));
#5616=CARTESIAN_POINT('Ctrl Pts',(-66.2021646872748,-3.87536357630561,-0.815041726293285));
#5617=CARTESIAN_POINT('Ctrl Pts',(-66.2131574262811,-3.68277554413727,-0.815041726293285));
#5618=CARTESIAN_POINT('Ctrl Pts',(-66.2233096619368,-3.49014313579169,-0.815041726293285));
#5619=CARTESIAN_POINT('Ctrl Pts',(-66.3509821293587,-4.07777324044024,-0.644602751139695));
#5620=CARTESIAN_POINT('Ctrl Pts',(-66.3628437129892,-3.88476894405486,-0.644602751139695));
#5621=CARTESIAN_POINT('Ctrl Pts',(-66.3738630741428,-3.69171450338198,-0.644602751139695));
#5622=CARTESIAN_POINT('Ctrl Pts',(-66.3840399771609,-3.49861404705317,-0.644602751139695));
#5623=CARTESIAN_POINT('Ctrl Pts',(-66.3772676249372,-4.0793886842926,-0.546373876062715));
#5624=CARTESIAN_POINT('Ctrl Pts',(-66.3891338770289,-3.88630842561734,-0.546373876062715));
#5625=CARTESIAN_POINT('Ctrl Pts',(-66.4001576604562,-3.69317650861923,-0.546373876062715));
#5626=CARTESIAN_POINT('Ctrl Pts',(-66.4103385688819,-3.50000005215407,-0.546373876062715));
#5627=CARTESIAN_POINT('Ctrl Pts',(-66.3772676249372,-4.0793886842926,-0.5));
#5628=CARTESIAN_POINT('Ctrl Pts',(-66.3891338746252,-3.8863084647277,-0.5));
#5629=CARTESIAN_POINT('Ctrl Pts',(-66.4001576625185,-3.69317646948938,-0.5));
#5630=CARTESIAN_POINT('Ctrl Pts',(-66.4103385688819,-3.50000005215407,-0.5));
#5631=CARTESIAN_POINT('',(-66.377354,-4.077983,-0.5));
#5632=CARTESIAN_POINT('Ctrl Pts',(-66.377354,-4.077983,-0.5));
#5633=CARTESIAN_POINT('Ctrl Pts',(-66.3773217515386,-4.07842017908451,-0.550517075643817));
#5634=CARTESIAN_POINT('Ctrl Pts',(-66.361731507922,-4.07770972456843,-0.604366964426661));
#5635=CARTESIAN_POINT('Ctrl Pts',(-66.326514474644,-4.07555150232503,-0.657552075797138));
#5636=CARTESIAN_POINT('Ctrl Pts',(-66.291301333113,-4.07339351858142,-0.71073130981292));
#5637=CARTESIAN_POINT('Ctrl Pts',(-66.236465999645,-4.06978810626107,-0.763248345757075));
#5638=CARTESIAN_POINT('Ctrl Pts',(-66.1636498148487,-4.06485633865227,-0.809464972472348));
#5639=CARTESIAN_POINT('Ctrl Pts',(-66.0933112629833,-4.06009237865204,-0.854109038957701));
#5640=CARTESIAN_POINT('Ctrl Pts',(-66.0061892299605,-4.05409038722685,-0.892874790067787));
#5641=CARTESIAN_POINT('Ctrl Pts',(-65.9108681953067,-4.04748359745399,-0.923117872102725));
#5642=CARTESIAN_POINT('Ctrl Pts',(-65.8864761363221,-4.04579296110679,-0.930856888402237));
#5643=CARTESIAN_POINT('Ctrl Pts',(-65.8615473443238,-4.04406273271479,-0.938037628243614));
#5644=CARTESIAN_POINT('Ctrl Pts',(-65.8362261063433,-4.04230355559315,-0.944615332730058));
#5645=CARTESIAN_POINT('Ctrl Pts',(-66.3773539999999,-4.077983,-0.5));
#5646=CARTESIAN_POINT('Ctrl Pts',(-66.3891873740387,-3.88537109091891,-0.5));
#5647=CARTESIAN_POINT('Ctrl Pts',(-66.4001823692283,-3.69270767491361,-0.5));
#5648=CARTESIAN_POINT('Ctrl Pts',(-66.4103385688819,-3.50000005215407,-0.5));
#5649=CARTESIAN_POINT('Ctrl Pts',(-65.2598398367514,-5.63424161635358,-1.));
#5650=CARTESIAN_POINT('Ctrl Pts',(-65.2999144164753,-5.09096707571285,-1.));
#5651=CARTESIAN_POINT('Ctrl Pts',(-65.3399889961991,-4.54769253507212,-1.));
#5652=CARTESIAN_POINT('Ctrl Pts',(-65.380063575923,-4.00441799443139,-1.));
#5653=CARTESIAN_POINT('Ctrl Pts',(-65.3941618980233,-5.64414986669559,-1.));
#5654=CARTESIAN_POINT('Ctrl Pts',(-65.4342364777471,-5.10087532605486,-1.));
#5655=CARTESIAN_POINT('Ctrl Pts',(-65.474311057471,-4.55760078541414,-1.));
#5656=CARTESIAN_POINT('Ctrl Pts',(-65.5143856371949,-4.01432624477341,-1.));
#5657=CARTESIAN_POINT('Ctrl Pts',(-65.6887703547724,-5.66588162330136,-0.971810642400489));
#5658=CARTESIAN_POINT('Ctrl Pts',(-65.7288449344962,-5.12260708266064,-0.971810642400489));
#5659=CARTESIAN_POINT('Ctrl Pts',(-65.7689195142201,-4.5793325420199,-0.971810642400489));
#5660=CARTESIAN_POINT('Ctrl Pts',(-65.808994093944,-4.03605800137918,-0.971810642400489));
#5661=CARTESIAN_POINT('Ctrl Pts',(-66.0432904726326,-5.69203275622606,-0.833290626269264));
#5662=CARTESIAN_POINT('Ctrl Pts',(-66.0833650523565,-5.14875821558534,-0.833290626269264));
#5663=CARTESIAN_POINT('Ctrl Pts',(-66.1234396320804,-4.60548367494461,-0.833290626269264));
#5664=CARTESIAN_POINT('Ctrl Pts',(-66.1635142118042,-4.06220913430388,-0.833290626269264));
#5665=CARTESIAN_POINT('Ctrl Pts',(-66.2260189079246,-5.70551169679871,-0.658219291749742));
#5666=CARTESIAN_POINT('Ctrl Pts',(-66.2660934876485,-5.16223715615798,-0.658219291749742));
#5667=CARTESIAN_POINT('Ctrl Pts',(-66.3061680673723,-4.61896261551725,-0.658219291749742));
#5668=CARTESIAN_POINT('Ctrl Pts',(-66.3462426470962,-4.07568807487652,-0.658219291749742));
#5669=CARTESIAN_POINT('Ctrl Pts',(-66.2571302608284,-5.70780662192218,-0.550507627227611));
#5670=CARTESIAN_POINT('Ctrl Pts',(-66.2972048405523,-5.16453208128145,-0.550507627227611));
#5671=CARTESIAN_POINT('Ctrl Pts',(-66.3372794202761,-4.62125754064073,-0.550507627227611));
#5672=CARTESIAN_POINT('Ctrl Pts',(-66.377354,-4.077983,-0.550507627227611));
#5673=CARTESIAN_POINT('Ctrl Pts',(-66.2571302608284,-5.70780662192218,-0.5));
#5674=CARTESIAN_POINT('Ctrl Pts',(-66.2972048405523,-5.16453208128145,-0.5));
#5675=CARTESIAN_POINT('Ctrl Pts',(-66.3372794202761,-4.62125754064073,-0.5));
#5676=CARTESIAN_POINT('Ctrl Pts',(-66.377354,-4.077983,-0.5));
#5677=CARTESIAN_POINT('',(-65.2604436882743,-5.6260515837212,-1.));
#5678=CARTESIAN_POINT('Ctrl Pts',(-65.3435070263403,-4.50000005215407,-1.));
#5679=CARTESIAN_POINT('Ctrl Pts',(-65.3158193415464,-4.87535056965176,-1.));
#5680=CARTESIAN_POINT('Ctrl Pts',(-65.2881316567524,-5.25070108714944,-1.));
#5681=CARTESIAN_POINT('Ctrl Pts',(-65.2604439719584,-5.62605160464712,-1.));
#5682=CARTESIAN_POINT('',(-66.257283,-5.70573600000001,-0.5));
#5683=CARTESIAN_POINT('Ctrl Pts',(-66.257283,-5.70573600000001,-0.5));
#5684=CARTESIAN_POINT('Ctrl Pts',(-66.2572448250257,-5.70617930303678,-0.550507627241405));
#5685=CARTESIAN_POINT('Ctrl Pts',(-66.2416706940621,-5.70528477253581,-0.604363957272819));
#5686=CARTESIAN_POINT('Ctrl Pts',(-66.2064819066757,-5.70270005209524,-0.657552649940868));
#5687=CARTESIAN_POINT('Ctrl Pts',(-66.1712931192603,-5.70011533165254,-0.710741342652705));
#5688=CARTESIAN_POINT('Ctrl Pts',(-66.1164896787673,-5.69584038207514,-0.763262397998065));
#5689=CARTESIAN_POINT('Ctrl Pts',(-66.0437622133281,-5.69001969927295,-0.809464806425142));
#5690=CARTESIAN_POINT('Ctrl Pts',(-65.9467922592639,-5.6822587888584,-0.871068017753605));
#5691=CARTESIAN_POINT('Ctrl Pts',(-65.8179573871414,-5.67174973120752,-0.921438078967657));
#5692=CARTESIAN_POINT('Ctrl Pts',(-65.6799301107042,-5.6604444771081,-0.953671074509311));
#5693=CARTESIAN_POINT('Ctrl Pts',(-65.5419028351252,-5.64913922307898,-0.985904069850527));
#5694=CARTESIAN_POINT('Ctrl Pts',(-65.3946831566309,-5.63703775790951,-0.999999999757292));
#5695=CARTESIAN_POINT('Ctrl Pts',(-65.2604436882743,-5.62605158372119,-1.));
#5696=CARTESIAN_POINT('Ctrl Pts',(-66.2572830000001,-5.70573600000001,-0.5));
#5697=CARTESIAN_POINT('Ctrl Pts',(-66.2973066666667,-5.16315166666667,-0.5));
#5698=CARTESIAN_POINT('Ctrl Pts',(-66.3373303333334,-4.62056733333334,-0.5));
#5699=CARTESIAN_POINT('Ctrl Pts',(-66.377354,-4.077983,-0.5));
#5700=CARTESIAN_POINT('Ctrl Pts',(-3.44737045286398,-65.4117238933467,-1.));
#5701=CARTESIAN_POINT('Ctrl Pts',(-10.5941095337161,-65.0350718781228,-1.));
#5702=CARTESIAN_POINT('Ctrl Pts',(-17.6772058259177,-63.4768629009686,-1.));
#5703=CARTESIAN_POINT('Ctrl Pts',(-24.3222058048124,-60.819472920021,-1.));
#5704=CARTESIAN_POINT('Ctrl Pts',(-3.4544589760162,-65.546224236873,-1.));
#5705=CARTESIAN_POINT('Ctrl Pts',(-10.6157877231588,-65.1688033077224,-1.));
#5706=CARTESIAN_POINT('Ctrl Pts',(-17.7136520330874,-63.6073455172177,-1.));
#5707=CARTESIAN_POINT('Ctrl Pts',(-24.3722174060863,-60.9445306239307,-1.));
#5708=CARTESIAN_POINT('Ctrl Pts',(-3.47000701734806,-65.8412387067971,-0.97180886554045));
#5709=CARTESIAN_POINT('Ctrl Pts',(-10.6636724351456,-65.462113549742,-0.97180886554045));
#5710=CARTESIAN_POINT('Ctrl Pts',(-17.793281541644,-63.8936722276075,-0.97180886554045));
#5711=CARTESIAN_POINT('Ctrl Pts',(-24.4819133789967,-61.2188335086787,-0.97180886554045));
#5712=CARTESIAN_POINT('Ctrl Pts',(-3.48871542474585,-66.1962191685658,-0.833290517843779));
#5713=CARTESIAN_POINT('Ctrl Pts',(-10.7211316911743,-65.8150517394949,-0.833290517843779));
#5714=CARTESIAN_POINT('Ctrl Pts',(-17.8892444873236,-64.238139998155,-0.833290517843779));
#5715=CARTESIAN_POINT('Ctrl Pts',(-24.6139066575906,-61.548892453643,-0.833290517843779));
#5716=CARTESIAN_POINT('Ctrl Pts',(-3.49835855837858,-66.3791916662808,-0.658220004293485));
#5717=CARTESIAN_POINT('Ctrl Pts',(-10.7508008792076,-65.9969688112791,-0.658220004293485));
#5718=CARTESIAN_POINT('Ctrl Pts',(-17.938659492846,-64.4157131913861,-0.658220004293485));
#5719=CARTESIAN_POINT('Ctrl Pts',(-24.6819417819621,-61.7190193086603,-0.658220004293485));
#5720=CARTESIAN_POINT('Ctrl Pts',(-3.50000005215405,-66.4103379956298,-0.550507627227611));
#5721=CARTESIAN_POINT('Ctrl Pts',(-10.7558499140536,-66.0279355542186,-0.550507627227611));
#5722=CARTESIAN_POINT('Ctrl Pts',(-17.9470723973236,-64.4459399172989,-0.550507627227611));
#5723=CARTESIAN_POINT('Ctrl Pts',(-24.693523,-61.747979,-0.550507627227611));
#5724=CARTESIAN_POINT('Ctrl Pts',(-3.50000005215405,-66.4103379956298,-0.5));
#5725=CARTESIAN_POINT('Ctrl Pts',(-10.7558454832017,-66.0279357877362,-0.5));
#5726=CARTESIAN_POINT('Ctrl Pts',(-17.9470765171062,-64.4459382697641,-0.5));
#5727=CARTESIAN_POINT('Ctrl Pts',(-24.693523,-61.747979,-0.5));
#5728=CARTESIAN_POINT('',(-3.50000005215405,-66.4103379956298,-0.5));
#5729=CARTESIAN_POINT('',(-24.693523,-61.747979,-0.5));
#5730=CARTESIAN_POINT('Ctrl Pts',(-3.50000005215405,-66.4103379956298,-0.5));
#5731=CARTESIAN_POINT('Ctrl Pts',(-10.7558454832017,-66.0279357877362,-0.5));
#5732=CARTESIAN_POINT('Ctrl Pts',(-17.9470765171062,-64.4459382697641,-0.5));
#5733=CARTESIAN_POINT('Ctrl Pts',(-24.693523,-61.747979,-0.5));
#5734=CARTESIAN_POINT('',(-24.3165087906806,-60.8217508932056,-1.));
#5735=CARTESIAN_POINT('Ctrl Pts',(-24.693523,-61.747979,-0.5));
#5736=CARTESIAN_POINT('Ctrl Pts',(-24.6931098657284,-61.7481442157829,-0.550507627238128));
#5737=CARTESIAN_POINT('Ctrl Pts',(-24.6869060810107,-61.7338295975974,-0.604363815774194));
#5738=CARTESIAN_POINT('Ctrl Pts',(-24.6733933265774,-61.7012354714993,-0.65755248705956));
#5739=CARTESIAN_POINT('Ctrl Pts',(-24.6598805721358,-61.6686413453813,-0.71074115837736));
#5740=CARTESIAN_POINT('Ctrl Pts',(-24.6390588844955,-61.6177676967237,-0.763262312442213));
#5741=CARTESIAN_POINT('Ctrl Pts',(-24.6115588256168,-61.5501883615127,-0.809464856685141));
#5742=CARTESIAN_POINT('Ctrl Pts',(-24.5748920804054,-61.4600825811334,-0.871068249076023));
#5743=CARTESIAN_POINT('Ctrl Pts',(-24.5263528402032,-61.3402777364064,-0.921438557311987));
#5744=CARTESIAN_POINT('Ctrl Pts',(-24.474392631673,-61.2119061812649,-0.95367149502867));
#5745=CARTESIAN_POINT('Ctrl Pts',(-24.4224324233809,-61.0835346267113,-0.985904432597717));
#5746=CARTESIAN_POINT('Ctrl Pts',(-24.3670512604877,-60.9465963563604,-0.999999999822526));
#5747=CARTESIAN_POINT('Ctrl Pts',(-24.3165087906806,-60.8217508932056,-1.));
#5748=CARTESIAN_POINT('',(-4.50000005215405,-65.3477465956101,-1.));
#5749=CARTESIAN_POINT('Ctrl Pts',(-24.3165087900475,-60.8217508907192,-1.));
#5750=CARTESIAN_POINT('Ctrl Pts',(-17.9995679982649,-63.3472549337557,-1.));
#5751=CARTESIAN_POINT('Ctrl Pts',(-11.286846677368,-64.8794841361382,-1.));
#5752=CARTESIAN_POINT('Ctrl Pts',(-4.49999538040998,-65.3476786551938,-1.));
#5753=CARTESIAN_POINT('Ctrl Pts',(-4.50000005215418,-65.3477465956101,-1.));
#5754=CARTESIAN_POINT('Ctrl Pts',(-4.49789015477127,-65.3500067821847,-0.999999999999998));
#5755=CARTESIAN_POINT('Ctrl Pts',(-4.49578018549892,-65.3522669285063,-0.999996661249756));
#5756=CARTESIAN_POINT('Ctrl Pts',(-4.27010746027963,-65.5939893695811,-0.999282406746934));
#5757=CARTESIAN_POINT('Ctrl Pts',(-4.05310998457923,-65.8249909036585,-0.9611105494259));
#5758=CARTESIAN_POINT('Ctrl Pts',(-3.77757982483687,-66.1171816666468,-0.851594093755487));
#5759=CARTESIAN_POINT('Ctrl Pts',(-3.69373925611279,-66.2058379309524,-0.802591436068048));
#5760=CARTESIAN_POINT('Ctrl Pts',(-3.59903282309263,-66.3058747288379,-0.719288075927196));
#5761=CARTESIAN_POINT('Ctrl Pts',(-3.56730656714577,-66.3393578873672,-0.685174615528345));
#5762=CARTESIAN_POINT('Ctrl Pts',(-3.5291613877645,-66.3795937805291,-0.622196071024421));
#5763=CARTESIAN_POINT('Ctrl Pts',(-3.51722863373123,-66.3921755342458,-0.596659388184453));
#5764=CARTESIAN_POINT('Ctrl Pts',(-3.50336553506913,-66.406790687609,-0.546608863573021));
#5765=CARTESIAN_POINT('Ctrl Pts',(-3.50000005215405,-66.4103379956298,-0.523688124156525));
#5766=CARTESIAN_POINT('Ctrl Pts',(-3.50000005215405,-66.4103379956298,-0.5));
#5767=CARTESIAN_POINT('Ctrl Pts',(-24.3089217318018,-60.8248938601926,-1.));
#5768=CARTESIAN_POINT('Ctrl Pts',(-24.8122058015364,-60.6164270110729,-1.));
#5769=CARTESIAN_POINT('Ctrl Pts',(-25.315489871271,-60.4079601619533,-1.));
#5770=CARTESIAN_POINT('Ctrl Pts',(-25.8187739410055,-60.1994933128336,-1.));
#5771=CARTESIAN_POINT('Ctrl Pts',(-24.3604641672419,-60.9493284491061,-1.));
#5772=CARTESIAN_POINT('Ctrl Pts',(-24.8637482369764,-60.7408615999864,-1.));
#5773=CARTESIAN_POINT('Ctrl Pts',(-25.367032306711,-60.5323947508668,-1.));
#5774=CARTESIAN_POINT('Ctrl Pts',(-25.8703163764456,-60.3239279017471,-1.));
#5775=CARTESIAN_POINT('Ctrl Pts',(-24.4735181863907,-61.2222653073997,-0.971808774043564));
#5776=CARTESIAN_POINT('Ctrl Pts',(-24.9768022561253,-61.01379845828,-0.971808774043564));
#5777=CARTESIAN_POINT('Ctrl Pts',(-25.4800863258598,-60.8053316091604,-0.971808774043564));
#5778=CARTESIAN_POINT('Ctrl Pts',(-25.9833703955944,-60.5968647600407,-0.971808774043564));
#5779=CARTESIAN_POINT('Ctrl Pts',(-24.6095515218559,-61.5506792062118,-0.833290512091122));
#5780=CARTESIAN_POINT('Ctrl Pts',(-25.1128355915904,-61.3422123570922,-0.833290512091122));
#5781=CARTESIAN_POINT('Ctrl Pts',(-25.616119661325,-61.1337455079725,-0.833290512091122));
#5782=CARTESIAN_POINT('Ctrl Pts',(-26.1194037310596,-60.9252786588529,-0.833290512091122));
#5783=CARTESIAN_POINT('Ctrl Pts',(-24.6796692040078,-61.7199584589219,-0.65822004024251));
#5784=CARTESIAN_POINT('Ctrl Pts',(-25.1829532737424,-61.5114916098022,-0.65822004024251));
#5785=CARTESIAN_POINT('Ctrl Pts',(-25.686237343477,-61.3030247606826,-0.65822004024251));
#5786=CARTESIAN_POINT('Ctrl Pts',(-26.1895214132115,-61.094557911563,-0.65822004024251));
#5787=CARTESIAN_POINT('Ctrl Pts',(-24.6916047907963,-61.7487735473589,-0.550507627227611));
#5788=CARTESIAN_POINT('Ctrl Pts',(-25.1948888605309,-61.5403066982393,-0.550507627227611));
#5789=CARTESIAN_POINT('Ctrl Pts',(-25.6981729302654,-61.3318398491197,-0.550507627227611));
#5790=CARTESIAN_POINT('Ctrl Pts',(-26.201457,-61.123373,-0.550507627227611));
#5791=CARTESIAN_POINT('Ctrl Pts',(-24.6916047907963,-61.7487735473589,-0.5));
#5792=CARTESIAN_POINT('Ctrl Pts',(-25.1948888605309,-61.5403066982393,-0.5));
#5793=CARTESIAN_POINT('Ctrl Pts',(-25.6981729302654,-61.3318398491197,-0.5));
#5794=CARTESIAN_POINT('Ctrl Pts',(-26.201457,-61.123373,-0.5));
#5795=CARTESIAN_POINT('',(-26.201457,-61.123373,-0.5));
#5796=CARTESIAN_POINT('Ctrl Pts',(-24.6935229999998,-61.7479789999996,-0.5));
#5797=CARTESIAN_POINT('Ctrl Pts',(-25.1961676666666,-61.5397769999997,-0.5));
#5798=CARTESIAN_POINT('Ctrl Pts',(-25.6988123333333,-61.3315749999999,-0.5));
#5799=CARTESIAN_POINT('Ctrl Pts',(-26.201457,-61.123373,-0.5));
#5800=CARTESIAN_POINT('',(-25.813105035786,-60.2018414475753,-1.));
#5801=CARTESIAN_POINT('Ctrl Pts',(-26.201457,-61.123373,-0.5));
#5802=CARTESIAN_POINT('Ctrl Pts',(-26.2010520781986,-61.1235407239101,-0.550507627227611));
#5803=CARTESIAN_POINT('Ctrl Pts',(-26.194679363003,-61.1093009036017,-0.60436383373506));
#5804=CARTESIAN_POINT('Ctrl Pts',(-26.1807728921817,-61.0768729674961,-0.657552507766077));
#5805=CARTESIAN_POINT('Ctrl Pts',(-26.1668664213604,-61.0444450313904,-0.710741181797093));
#5806=CARTESIAN_POINT('Ctrl Pts',(-26.1454261949134,-60.9938289794875,-0.763262323351677));
#5807=CARTESIAN_POINT('Ctrl Pts',(-26.1171010987796,-60.9265913628121,-0.809464850442244));
#5808=CARTESIAN_POINT('Ctrl Pts',(-26.0793343039346,-60.836941207245,-0.871068219896333));
#5809=CARTESIAN_POINT('Ctrl Pts',(-26.0293277407575,-60.7177416031935,-0.921438496969949));
#5810=CARTESIAN_POINT('Ctrl Pts',(-25.9757910065142,-60.5900194025344,-0.953671441995865));
#5811=CARTESIAN_POINT('Ctrl Pts',(-25.9222542722709,-60.4622972018753,-0.985904387021782));
#5812=CARTESIAN_POINT('Ctrl Pts',(-25.8651873669612,-60.3260524046086,-1.));
#5813=CARTESIAN_POINT('Ctrl Pts',(-25.813105035786,-60.2018414475753,-1.));
#5814=CARTESIAN_POINT('Ctrl Pts',(-25.813105035786,-60.2018414475753,-1.));
#5815=CARTESIAN_POINT('Ctrl Pts',(-25.3142396570364,-60.4084780170532,-1.));
#5816=CARTESIAN_POINT('Ctrl Pts',(-24.8153742782868,-60.615114586531,-1.));
#5817=CARTESIAN_POINT('Ctrl Pts',(-24.3165088995371,-60.8217511560089,-1.));
#5818=CARTESIAN_POINT('Ctrl Pts',(-48.6907326641666,-43.8154146319597,-1.));
#5819=CARTESIAN_POINT('Ctrl Pts',(-52.7395355140489,-39.3161035090448,-1.));
#5820=CARTESIAN_POINT('Ctrl Pts',(-60.7251661192147,-27.5008636255187,-1.));
#5821=CARTESIAN_POINT('Ctrl Pts',(-64.5685497184325,-13.6606038367508,-1.));
#5822=CARTESIAN_POINT('Ctrl Pts',(-65.2609703876747,-5.61993868931106,-1.));
#5823=CARTESIAN_POINT('Ctrl Pts',(-48.7908511130046,-43.9055083929616,-1.));
#5824=CARTESIAN_POINT('Ctrl Pts',(-52.8479193662398,-39.3970121793864,-1.));
#5825=CARTESIAN_POINT('Ctrl Pts',(-60.8499788223677,-27.5574488561149,-1.));
#5826=CARTESIAN_POINT('Ctrl Pts',(-64.7013265433059,-13.6885741854154,-1.));
#5827=CARTESIAN_POINT('Ctrl Pts',(-65.3951607504093,-5.63149447220549,-1.));
#5828=CARTESIAN_POINT('Ctrl Pts',(-49.0104565834969,-44.1031251459464,-0.971808140171053));
#5829=CARTESIAN_POINT('Ctrl Pts',(-53.0858443528014,-39.574271012889,-0.971808140171053));
#5830=CARTESIAN_POINT('Ctrl Pts',(-61.1239121594818,-27.6814466828529,-0.971808140171053));
#5831=CARTESIAN_POINT('Ctrl Pts',(-64.992534299239,-13.7503026881136,-0.971808140171053));
#5832=CARTESIAN_POINT('Ctrl Pts',(-65.6895014846689,-5.65684158024494,-0.971808140171053));
#5833=CARTESIAN_POINT('Ctrl Pts',(-49.2746914033946,-44.3409025884512,-0.833290471766671));
#5834=CARTESIAN_POINT('Ctrl Pts',(-53.3720324777185,-39.7876524170782,-0.833290471766671));
#5835=CARTESIAN_POINT('Ctrl Pts',(-61.4534394229281,-27.830700130985,-0.83329047176667));
#5836=CARTESIAN_POINT('Ctrl Pts',(-65.3429380424058,-13.8243988339535,-0.83329047176667));
#5837=CARTESIAN_POINT('Ctrl Pts',(-66.0436596517277,-5.6873398575088,-0.83329047176667));
#5838=CARTESIAN_POINT('Ctrl Pts',(-49.4108917079678,-44.4634653911216,-0.658220287281607));
#5839=CARTESIAN_POINT('Ctrl Pts',(-53.5195780326827,-39.897607589007,-0.658220287281608));
#5840=CARTESIAN_POINT('Ctrl Pts',(-61.623319935805,-27.9076145900479,-0.658220287281608));
#5841=CARTESIAN_POINT('Ctrl Pts',(-65.5235492460375,-13.8626501710865,-0.658220287281607));
#5842=CARTESIAN_POINT('Ctrl Pts',(-66.2262111044058,-5.7030602483865,-0.658220287281607));
#5843=CARTESIAN_POINT('Ctrl Pts',(-49.4340742221659,-44.4843266801031,-0.550507627227611));
#5844=CARTESIAN_POINT('Ctrl Pts',(-53.544691002371,-39.9163236216791,-0.550507627227611));
#5845=CARTESIAN_POINT('Ctrl Pts',(-61.6522346042924,-27.9207065039547,-0.550507627227611));
#5846=CARTESIAN_POINT('Ctrl Pts',(-65.554290997801,-13.8691596846178,-0.550507627227611));
#5847=CARTESIAN_POINT('Ctrl Pts',(-66.257283,-5.70573600000001,-0.550507627227611));
#5848=CARTESIAN_POINT('Ctrl Pts',(-49.4340742221659,-44.4843266801031,-0.5));
#5849=CARTESIAN_POINT('Ctrl Pts',(-53.5446884921848,-39.9163264111724,-0.5));
#5850=CARTESIAN_POINT('Ctrl Pts',(-61.6522324595701,-27.9207080840582,-0.5));
#5851=CARTESIAN_POINT('Ctrl Pts',(-65.5542914270896,-13.8691546995475,-0.5));
#5852=CARTESIAN_POINT('Ctrl Pts',(-66.257283,-5.70573600000001,-0.5));
#5853=CARTESIAN_POINT('',(-49.4340742221659,-44.4843266801031,-0.5));
#5854=CARTESIAN_POINT('Ctrl Pts',(-49.4340742221659,-44.4843266801031,-0.5));
#5855=CARTESIAN_POINT('Ctrl Pts',(-53.5446884921848,-39.9163264111724,-0.5));
#5856=CARTESIAN_POINT('Ctrl Pts',(-61.6522324595701,-27.9207080840582,-0.5));
#5857=CARTESIAN_POINT('Ctrl Pts',(-65.5542914270896,-13.8691546995475,-0.5));
#5858=CARTESIAN_POINT('Ctrl Pts',(-66.257283,-5.70573600000001,-0.5));
#5859=CARTESIAN_POINT('',(-49.3898154098953,-43.0258543054594,-1.));
#5860=CARTESIAN_POINT('Ctrl Pts',(-65.2604436848488,-5.62605158295517,-1.));
#5861=CARTESIAN_POINT('Ctrl Pts',(-64.5674365138545,-13.6646121993715,-1.));
#5862=CARTESIAN_POINT('Ctrl Pts',(-60.8196860392683,-27.1580993725841,-1.));
#5863=CARTESIAN_POINT('Ctrl Pts',(-53.1344922630545,-38.7266890082747,-1.));
#5864=CARTESIAN_POINT('Ctrl Pts',(-49.3897878779639,-43.025830315832,-1.));
#5865=CARTESIAN_POINT('Ctrl Pts',(-49.3898154098954,-43.0258543054593,-1.));
#5866=CARTESIAN_POINT('Ctrl Pts',(-49.3899217056134,-43.0289451540275,-0.999999999999998));
#5867=CARTESIAN_POINT('Ctrl Pts',(-49.3900279219974,-43.0320360249741,-0.999996659666598));
#5868=CARTESIAN_POINT('Ctrl Pts',(-49.401376198903,-43.36251731287,-0.999282272581267));
#5869=CARTESIAN_POINT('Ctrl Pts',(-49.4112781167631,-43.6792842359298,-0.961114347071423));
#5870=CARTESIAN_POINT('Ctrl Pts',(-49.423059241418,-44.0807307493064,-0.851603572089035));
#5871=CARTESIAN_POINT('Ctrl Pts',(-49.4264647900076,-44.202716192697,-0.802598264087695));
#5872=CARTESIAN_POINT('Ctrl Pts',(-49.4302341863341,-44.3404297513824,-0.719290650915074));
#5873=CARTESIAN_POINT('Ctrl Pts',(-49.4314765522903,-44.3865415289529,-0.685176391806649));
#5874=CARTESIAN_POINT('Ctrl Pts',(-49.4329549476259,-44.4419667016331,-0.622196591149328));
#5875=CARTESIAN_POINT('Ctrl Pts',(-49.4334138654449,-44.4593012887471,-0.596659712260394));
#5876=CARTESIAN_POINT('Ctrl Pts',(-49.4339456520299,-44.4794385857536,-0.54660892373641));
#5877=CARTESIAN_POINT('Ctrl Pts',(-49.4340742221659,-44.4843266801031,-0.523688155610498));
#5878=CARTESIAN_POINT('Ctrl Pts',(-49.4340742221659,-44.4843266801031,-0.5));
#5879=CARTESIAN_POINT('Ctrl Pts',(-48.4368152330433,-42.0728541286074,-1.));
#5880=CARTESIAN_POINT('Ctrl Pts',(-49.0049371564797,-42.6409760520438,-1.));
#5881=CARTESIAN_POINT('Ctrl Pts',(-49.573059079916,-43.2090979754801,-1.));
#5882=CARTESIAN_POINT('Ctrl Pts',(-50.1411810033524,-43.7772198989165,-1.));
#5883=CARTESIAN_POINT('Ctrl Pts',(-48.3415771378052,-42.1680922238455,-1.));
#5884=CARTESIAN_POINT('Ctrl Pts',(-48.9096990612416,-42.7362141472818,-1.));
#5885=CARTESIAN_POINT('Ctrl Pts',(-49.4778209846779,-43.3043360707182,-1.));
#5886=CARTESIAN_POINT('Ctrl Pts',(-50.0459429081143,-43.8724579941546,-1.));
#5887=CARTESIAN_POINT('Ctrl Pts',(-48.1326762851549,-42.3769930764958,-0.971808102952494));
#5888=CARTESIAN_POINT('Ctrl Pts',(-48.7007982085913,-42.9451149999321,-0.971808102952494));
#5889=CARTESIAN_POINT('Ctrl Pts',(-49.2689201320277,-43.5132369233685,-0.971808102952494));
#5890=CARTESIAN_POINT('Ctrl Pts',(-49.837042055464,-44.0813588468049,-0.971808102952494));
#5891=CARTESIAN_POINT('Ctrl Pts',(-47.8813219545466,-42.6283474071041,-0.833290469373126));
#5892=CARTESIAN_POINT('Ctrl Pts',(-48.449443877983,-43.1964693305405,-0.833290469373126));
#5893=CARTESIAN_POINT('Ctrl Pts',(-49.0175658014194,-43.7645912539768,-0.833290469373126));
#5894=CARTESIAN_POINT('Ctrl Pts',(-49.5856877248557,-44.3327131774132,-0.833290469373126));
#5895=CARTESIAN_POINT('Ctrl Pts',(-47.7517608184881,-42.7579085431625,-0.658220301677477));
#5896=CARTESIAN_POINT('Ctrl Pts',(-48.3198827419245,-43.3260304665989,-0.658220301677477));
#5897=CARTESIAN_POINT('Ctrl Pts',(-48.8880046653609,-43.8941523900353,-0.658220301677477));
#5898=CARTESIAN_POINT('Ctrl Pts',(-49.4561265887973,-44.4622743134717,-0.658220301677477));
#5899=CARTESIAN_POINT('Ctrl Pts',(-47.7297084518567,-42.7799609097939,-0.550507627227611));
#5900=CARTESIAN_POINT('Ctrl Pts',(-48.2978303752931,-43.3480828332303,-0.550507627227611));
#5901=CARTESIAN_POINT('Ctrl Pts',(-48.8659522987295,-43.9162047566667,-0.550507627227611));
#5902=CARTESIAN_POINT('Ctrl Pts',(-49.4340742221659,-44.4843266801031,-0.550507627227611));
#5903=CARTESIAN_POINT('Ctrl Pts',(-47.7297084518567,-42.7799609097939,-0.5));
#5904=CARTESIAN_POINT('Ctrl Pts',(-48.2978303752931,-43.3480828332303,-0.5));
#5905=CARTESIAN_POINT('Ctrl Pts',(-48.8659522987295,-43.9162047566667,-0.5));
#5906=CARTESIAN_POINT('Ctrl Pts',(-49.4340742221659,-44.4843266801031,-0.5));
#5907=CARTESIAN_POINT('',(-48.4368152330433,-43.4870676909805,-0.5));
#5908=CARTESIAN_POINT('Ctrl Pts',(-48.4368152330433,-43.4870676909805,-0.5));
#5909=CARTESIAN_POINT('Ctrl Pts',(-48.7692348960841,-43.8194873540213,-0.5));
#5910=CARTESIAN_POINT('Ctrl Pts',(-49.101654559125,-44.1519070170622,-0.5));
#5911=CARTESIAN_POINT('Ctrl Pts',(-49.4340742221659,-44.4843266801031,-0.5));
#5912=CARTESIAN_POINT('',(-48.4368152330433,-42.0728541286074,-1.));
#5913=CARTESIAN_POINT('Ctrl Pts',(-49.3898154098953,-43.0258543054594,-1.));
#5914=CARTESIAN_POINT('Ctrl Pts',(-49.072148684278,-42.7081875798421,-1.));
#5915=CARTESIAN_POINT('Ctrl Pts',(-48.7544819586606,-42.3905208542247,-1.));
#5916=CARTESIAN_POINT('Ctrl Pts',(-48.4368152330433,-42.0728541286074,-1.));
#5917=CARTESIAN_POINT('Ctrl Pts',(-48.4368152330433,-42.0728541286074,-1.));
#5918=CARTESIAN_POINT('Ctrl Pts',(-48.4368152330433,-42.0758373826612,-1.));
#5919=CARTESIAN_POINT('Ctrl Pts',(-48.4368152330432,-42.0788206553852,-0.999996662573217));
#5920=CARTESIAN_POINT('Ctrl Pts',(-48.4368152330448,-42.3891672991447,-0.999302265636561));
#5921=CARTESIAN_POINT('Ctrl Pts',(-48.4368152330433,-42.6858436501631,-0.963482075023119));
#5922=CARTESIAN_POINT('Ctrl Pts',(-48.4368152330433,-43.0764450635857,-0.858238518539561));
#5923=CARTESIAN_POINT('Ctrl Pts',(-48.4368152330445,-43.1996051054209,-0.80908416225686));
#5924=CARTESIAN_POINT('Ctrl Pts',(-48.4368152330443,-43.3396803388847,-0.724661461890447));
#5925=CARTESIAN_POINT('Ctrl Pts',(-48.4368152330995,-43.3867603692688,-0.68988998893164));
#5926=CARTESIAN_POINT('Ctrl Pts',(-48.4368152330926,-43.4435346408405,-0.625500267873973));
#5927=CARTESIAN_POINT('Ctrl Pts',(-48.4368152330901,-43.4613340724679,-0.599305982615545));
#5928=CARTESIAN_POINT('Ctrl Pts',(-48.4368152330876,-43.4820387709353,-0.547912925897912));
#5929=CARTESIAN_POINT('Ctrl Pts',(-48.4368152330433,-43.4870676909805,-0.524349936740757));
#5930=CARTESIAN_POINT('Ctrl Pts',(-48.4368152330433,-43.4870676909805,-0.5));
#5931=CARTESIAN_POINT('Ctrl Pts',(-42.0728541286074,-48.4368152330433,-1.));
#5932=CARTESIAN_POINT('Ctrl Pts',(-44.1941744967527,-46.315494864898,-1.));
#5933=CARTESIAN_POINT('Ctrl Pts',(-46.315494864898,-44.1941744967527,-1.));
#5934=CARTESIAN_POINT('Ctrl Pts',(-48.4368152330433,-42.0728541286074,-1.));
#5935=CARTESIAN_POINT('Ctrl Pts',(-42.1680922238455,-48.5320533282814,-1.));
#5936=CARTESIAN_POINT('Ctrl Pts',(-44.2894125919908,-46.4107329601361,-1.));
#5937=CARTESIAN_POINT('Ctrl Pts',(-46.4107329601361,-44.2894125919908,-1.));
#5938=CARTESIAN_POINT('Ctrl Pts',(-48.5320533282814,-42.1680922238455,-1.));
#5939=CARTESIAN_POINT('Ctrl Pts',(-42.3769917390583,-48.7409528434942,-0.971808323524366));
#5940=CARTESIAN_POINT('Ctrl Pts',(-44.4983121072036,-46.6196324753489,-0.971808323524366));
#5941=CARTESIAN_POINT('Ctrl Pts',(-46.6196324753489,-44.4983121072036,-0.971808323524366));
#5942=CARTESIAN_POINT('Ctrl Pts',(-48.7409528434942,-42.3769917390583,-0.971808323524366));
#5943=CARTESIAN_POINT('Ctrl Pts',(-42.6283469722212,-48.9923080766571,-0.833290483516123));
#5944=CARTESIAN_POINT('Ctrl Pts',(-44.7496673403665,-46.8709877085118,-0.833290483516123));
#5945=CARTESIAN_POINT('Ctrl Pts',(-46.8709877085118,-44.7496673403665,-0.833290483516123));
#5946=CARTESIAN_POINT('Ctrl Pts',(-48.9923080766571,-42.6283469722212,-0.833290483516123));
#5947=CARTESIAN_POINT('Ctrl Pts',(-42.757907967004,-49.12186907144,-0.658220216184674));
#5948=CARTESIAN_POINT('Ctrl Pts',(-44.8792283351493,-47.0005487032947,-0.658220216184674));
#5949=CARTESIAN_POINT('Ctrl Pts',(-47.0005487032947,-44.8792283351493,-0.658220216184674));
#5950=CARTESIAN_POINT('Ctrl Pts',(-49.12186907144,-42.757907967004,-0.658220216184674));
#5951=CARTESIAN_POINT('Ctrl Pts',(-42.7799609097939,-49.1439220142298,-0.550507627227611));
#5952=CARTESIAN_POINT('Ctrl Pts',(-44.9012812779392,-47.0226016460845,-0.550507627227611));
#5953=CARTESIAN_POINT('Ctrl Pts',(-47.0226016460845,-44.9012812779392,-0.550507627227611));
#5954=CARTESIAN_POINT('Ctrl Pts',(-49.1439220142298,-42.7799609097939,-0.550507627227611));
#5955=CARTESIAN_POINT('Ctrl Pts',(-42.7799609097939,-49.1439220142298,-0.5));
#5956=CARTESIAN_POINT('Ctrl Pts',(-44.9012812779392,-47.0226016460845,-0.5));
#5957=CARTESIAN_POINT('Ctrl Pts',(-47.0226016460845,-44.9012812779392,-0.5));
#5958=CARTESIAN_POINT('Ctrl Pts',(-49.1439220142298,-42.7799609097939,-0.5));
#5959=CARTESIAN_POINT('',(-43.4870676909805,-48.4368152330433,-0.5));
#5960=CARTESIAN_POINT('Ctrl Pts',(-43.4870676909805,-48.4368152330433,-0.5));
#5961=CARTESIAN_POINT('Ctrl Pts',(-45.1369835383347,-46.786899385689,-0.5));
#5962=CARTESIAN_POINT('Ctrl Pts',(-46.786899385689,-45.1369835383347,-0.5));
#5963=CARTESIAN_POINT('Ctrl Pts',(-48.4368152330433,-43.4870676909805,-0.5));
#5964=CARTESIAN_POINT('',(-42.0728541286074,-48.4368152330433,-1.));
#5965=CARTESIAN_POINT('Ctrl Pts',(-48.4368152330433,-42.0728541286074,-1.));
#5966=CARTESIAN_POINT('Ctrl Pts',(-46.315494864898,-44.1941744967527,-1.));
#5967=CARTESIAN_POINT('Ctrl Pts',(-44.1941744967527,-46.315494864898,-1.));
#5968=CARTESIAN_POINT('Ctrl Pts',(-42.0728541286074,-48.4368152330433,-1.));
#5969=CARTESIAN_POINT('Ctrl Pts',(-42.0728541286074,-48.4368152330433,-1.));
#5970=CARTESIAN_POINT('Ctrl Pts',(-42.0758379308262,-48.4368152330433,-1.));
#5971=CARTESIAN_POINT('Ctrl Pts',(-42.0788217517255,-48.4368152330434,-0.999996661346618));
#5972=CARTESIAN_POINT('Ctrl Pts',(-42.3891543535702,-48.4368152330412,-0.999302168235334));
#5973=CARTESIAN_POINT('Ctrl Pts',(-42.6858176005556,-48.4368152330433,-0.963485176950656));
#5974=CARTESIAN_POINT('Ctrl Pts',(-43.0764243828486,-48.4368152330433,-0.858246438360277));
#5975=CARTESIAN_POINT('Ctrl Pts',(-43.1995941881289,-48.4368152330421,-0.809089942184305));
#5976=CARTESIAN_POINT('Ctrl Pts',(-43.3396772674534,-48.4368152330423,-0.724663716986097));
#5977=CARTESIAN_POINT('Ctrl Pts',(-43.3867588330912,-48.436815232987,-0.689891550896844));
#5978=CARTESIAN_POINT('Ctrl Pts',(-43.4435343219814,-48.4368152329939,-0.62550073176181));
#5979=CARTESIAN_POINT('Ctrl Pts',(-43.4613339429209,-48.4368152329965,-0.599306272092679));
#5980=CARTESIAN_POINT('Ctrl Pts',(-43.4820387592449,-48.436815232999,-0.54791298008534));
#5981=CARTESIAN_POINT('Ctrl Pts',(-43.4870676909805,-48.4368152330433,-0.524349965064276));
#5982=CARTESIAN_POINT('Ctrl Pts',(-43.4870676909805,-48.4368152330433,-0.5));
#5983=CARTESIAN_POINT('Ctrl Pts',(-43.7772199674948,-50.1411810719307,-1.));
#5984=CARTESIAN_POINT('Ctrl Pts',(-43.209098021199,-49.5730591256349,-1.));
#5985=CARTESIAN_POINT('Ctrl Pts',(-42.6409760749032,-49.0049371793391,-1.));
#5986=CARTESIAN_POINT('Ctrl Pts',(-42.0728541286074,-48.4368152330433,-1.));
#5987=CARTESIAN_POINT('Ctrl Pts',(-43.8724580627329,-50.0459429766926,-1.));
#5988=CARTESIAN_POINT('Ctrl Pts',(-43.3043361164371,-49.4778210303968,-1.));
#5989=CARTESIAN_POINT('Ctrl Pts',(-42.7362141701413,-48.909699084101,-1.));
#5990=CARTESIAN_POINT('Ctrl Pts',(-42.1680922238455,-48.3415771378052,-1.));
#5991=CARTESIAN_POINT('Ctrl Pts',(-44.0813589153832,-49.8370421240423,-0.971808102952481));
#5992=CARTESIAN_POINT('Ctrl Pts',(-43.5132369690874,-49.2689201777464,-0.971808102952481));
#5993=CARTESIAN_POINT('Ctrl Pts',(-42.9451150227916,-48.7007982314506,-0.971808102952481));
#5994=CARTESIAN_POINT('Ctrl Pts',(-42.3769930764958,-48.1326762851548,-0.971808102952481));
#5995=CARTESIAN_POINT('Ctrl Pts',(-44.3327132459915,-49.585687793434,-0.833290469373125));
#5996=CARTESIAN_POINT('Ctrl Pts',(-43.7645912996957,-49.0175658471382,-0.833290469373125));
#5997=CARTESIAN_POINT('Ctrl Pts',(-43.1964693533999,-48.4494439008424,-0.833290469373125));
#5998=CARTESIAN_POINT('Ctrl Pts',(-42.6283474071041,-47.8813219545466,-0.833290469373125));
#5999=CARTESIAN_POINT('Ctrl Pts',(-44.46227438205,-49.4561266573755,-0.658220301677482));
#6000=CARTESIAN_POINT('Ctrl Pts',(-43.8941524357542,-48.8880047110797,-0.658220301677482));
#6001=CARTESIAN_POINT('Ctrl Pts',(-43.3260304894584,-48.3198827647839,-0.658220301677482));
#6002=CARTESIAN_POINT('Ctrl Pts',(-42.7579085431626,-47.7517608184881,-0.658220301677482));
#6003=CARTESIAN_POINT('Ctrl Pts',(-44.4843267486813,-49.4340742907442,-0.550507627227611));
#6004=CARTESIAN_POINT('Ctrl Pts',(-43.9162048023855,-48.8659523444484,-0.550507627227611));
#6005=CARTESIAN_POINT('Ctrl Pts',(-43.3480828560897,-48.2978303981525,-0.550507627227611));
#6006=CARTESIAN_POINT('Ctrl Pts',(-42.7799609097939,-47.7297084518567,-0.550507627227611));
#6007=CARTESIAN_POINT('Ctrl Pts',(-44.4843267486813,-49.4340742907442,-0.5));
#6008=CARTESIAN_POINT('Ctrl Pts',(-43.9162048023855,-48.8659523444484,-0.5));
#6009=CARTESIAN_POINT('Ctrl Pts',(-43.3480828560897,-48.2978303981525,-0.5));
#6010=CARTESIAN_POINT('Ctrl Pts',(-42.7799609097939,-47.7297084518567,-0.5));
#6011=CARTESIAN_POINT('',(-44.4843267486813,-49.4340742907442,-0.5));
#6012=CARTESIAN_POINT('Ctrl Pts',(-44.4843267486813,-49.4340742907442,-0.5));
#6013=CARTESIAN_POINT('Ctrl Pts',(-44.151907062781,-49.1016546048439,-0.5));
#6014=CARTESIAN_POINT('Ctrl Pts',(-43.8194873768807,-48.7692349189436,-0.5));
#6015=CARTESIAN_POINT('Ctrl Pts',(-43.4870676909805,-48.4368152330433,-0.5));
#6016=CARTESIAN_POINT('',(-43.0258543950639,-49.3898154994999,-1.));
#6017=CARTESIAN_POINT('Ctrl Pts',(-42.0728541286074,-48.4368152330433,-1.));
#6018=CARTESIAN_POINT('Ctrl Pts',(-42.3905208840929,-48.7544819885288,-1.));
#6019=CARTESIAN_POINT('Ctrl Pts',(-42.7081876395784,-49.0721487440143,-1.));
#6020=CARTESIAN_POINT('Ctrl Pts',(-43.0258543950639,-49.3898154994998,-1.));
#6021=CARTESIAN_POINT('Ctrl Pts',(-43.0258543950652,-49.3898154995013,-1.));
#6022=CARTESIAN_POINT('Ctrl Pts',(-43.0289446656535,-49.3899217752988,-0.999999999999998));
#6023=CARTESIAN_POINT('Ctrl Pts',(-43.0320349586162,-49.3900279717917,-0.999996660915638));
#6024=CARTESIAN_POINT('Ctrl Pts',(-43.3625296541673,-49.4013767076485,-0.99928237843643));
#6025=CARTESIAN_POINT('Ctrl Pts',(-43.6793093631129,-49.4112789748368,-0.961111351897512));
#6026=CARTESIAN_POINT('Ctrl Pts',(-44.0807501935415,-49.4230598596965,-0.851596096810408));
#6027=CARTESIAN_POINT('Ctrl Pts',(-44.2027263572427,-49.4264651408441,-0.802592879658115));
#6028=CARTESIAN_POINT('Ctrl Pts',(-44.3404325802318,-49.4302343314526,-0.719288621412133));
#6029=CARTESIAN_POINT('Ctrl Pts',(-44.3865429709558,-49.4314766589488,-0.685174992174951));
#6030=CARTESIAN_POINT('Ctrl Pts',(-44.441967051685,-49.4329550242489,-0.622196181996385));
#6031=CARTESIAN_POINT('Ctrl Pts',(-44.4593014713695,-49.4334139373835,-0.596659457536025));
#6032=CARTESIAN_POINT('Ctrl Pts',(-44.4794386645385,-49.4339457209442,-0.546608876734946));
#6033=CARTESIAN_POINT('Ctrl Pts',(-44.4843267486813,-49.4340742907442,-0.523688131030606));
#6034=CARTESIAN_POINT('Ctrl Pts',(-44.4843267486813,-49.4340742907442,-0.5));
#6035=CARTESIAN_POINT('Ctrl Pts',(-25.8056134556286,-60.2050527899361,-1.));
#6036=CARTESIAN_POINT('Ctrl Pts',(-32.3841004872946,-57.385324304822,-1.));
#6037=CARTESIAN_POINT('Ctrl Pts',(-38.4950746218211,-53.4783565900479,-1.));
#6038=CARTESIAN_POINT('Ctrl Pts',(-43.8154146799401,-48.6907327512804,-1.));
#6039=CARTESIAN_POINT('Ctrl Pts',(-25.8586752584364,-60.3288471139253,-1.));
#6040=CARTESIAN_POINT('Ctrl Pts',(-32.4505919014678,-57.5033623116628,-1.));
#6041=CARTESIAN_POINT('Ctrl Pts',(-38.5743072105324,-53.588248701247,-1.));
#6042=CARTESIAN_POINT('Ctrl Pts',(-43.9055084437162,-48.7908511976218,-1.));
#6043=CARTESIAN_POINT('Ctrl Pts',(-25.9750640190099,-60.6003845885815,-0.971808140171041));
#6044=CARTESIAN_POINT('Ctrl Pts',(-32.5967461762827,-57.762141432008,-0.971808140171041));
#6045=CARTESIAN_POINT('Ctrl Pts',(-38.7478511612187,-53.8295166070146,-0.971808140171041));
#6046=CARTESIAN_POINT('Ctrl Pts',(-44.1031252027864,-49.0104566626383,-0.971808140171041));
#6047=CARTESIAN_POINT('Ctrl Pts',(-26.1151059001128,-60.9271053007313,-0.83329047176667));
#6048=CARTESIAN_POINT('Ctrl Pts',(-32.7724577448774,-58.0735730916155,-0.83329047176667));
#6049=CARTESIAN_POINT('Ctrl Pts',(-38.9567808127127,-54.1197107397439,-0.83329047176667));
#6050=CARTESIAN_POINT('Ctrl Pts',(-44.340902652613,-49.2746914759473,-0.83329047176667));
#6051=CARTESIAN_POINT('Ctrl Pts',(-26.1872907350508,-61.0955140688201,-0.658220287281612));
#6052=CARTESIAN_POINT('Ctrl Pts',(-32.8630763206856,-58.2340806289246,-0.658220287281612));
#6053=CARTESIAN_POINT('Ctrl Pts',(-39.064435362973,-54.2693265598392,-0.658220287281612));
#6054=CARTESIAN_POINT('Ctrl Pts',(-44.4634654590575,-49.4108917771242,-0.658220287281612));
#6055=CARTESIAN_POINT('Ctrl Pts',(-26.199577241796,-61.1241787525705,-0.550507627227611));
#6056=CARTESIAN_POINT('Ctrl Pts',(-32.8784994277737,-58.2614008756805,-0.550507627227611));
#6057=CARTESIAN_POINT('Ctrl Pts',(-39.082759932471,-54.2947917962953,-0.550507627227611));
#6058=CARTESIAN_POINT('Ctrl Pts',(-44.4843267486813,-49.4340742907442,-0.550507627227611));
#6059=CARTESIAN_POINT('Ctrl Pts',(-26.199577241796,-61.1241787525705,-0.5));
#6060=CARTESIAN_POINT('Ctrl Pts',(-32.878495349228,-58.2614026238623,-0.5));
#6061=CARTESIAN_POINT('Ctrl Pts',(-39.0827632309878,-54.2947888280532,-0.5));
#6062=CARTESIAN_POINT('Ctrl Pts',(-44.4843267486813,-49.4340742907442,-0.5));
#6063=CARTESIAN_POINT('Ctrl Pts',(-26.2014569998565,-61.1233729997585,-0.5));
#6064=CARTESIAN_POINT('Ctrl Pts',(-32.8796594628716,-58.2606583513431,-0.5));
#6065=CARTESIAN_POINT('Ctrl Pts',(-39.0832699847312,-54.2943328146638,-0.5));
#6066=CARTESIAN_POINT('Ctrl Pts',(-44.4843267486813,-49.4340742907442,-0.5));
#6067=CARTESIAN_POINT('Ctrl Pts',(-43.0258096486128,-49.3897641449154,-1.));
#6068=CARTESIAN_POINT('Ctrl Pts',(-37.8957176168233,-53.8577290723279,-1.));
#6069=CARTESIAN_POINT('Ctrl Pts',(-32.0656565027954,-57.5208888013317,-1.));
#6070=CARTESIAN_POINT('Ctrl Pts',(-25.8131049190827,-60.2018411768985,-1.));
#6071=CARTESIAN_POINT('Ctrl Pts',(-4.50000005215405,-64.0000009685755,-1.));
#6072=CARTESIAN_POINT('Ctrl Pts',(-4.50000005215405,-64.8034466442602,-1.));
#6073=CARTESIAN_POINT('Ctrl Pts',(-4.50000005215405,-65.606892319945,-1.));
#6074=CARTESIAN_POINT('Ctrl Pts',(-4.50000005215405,-66.4103379956298,-1.));
#6075=CARTESIAN_POINT('Ctrl Pts',(-4.36531304621376,-64.0000009685755,-1.));
#6076=CARTESIAN_POINT('Ctrl Pts',(-4.36531304621376,-64.8034466442602,-1.));
#6077=CARTESIAN_POINT('Ctrl Pts',(-4.36531304621376,-65.606892319945,-1.));
#6078=CARTESIAN_POINT('Ctrl Pts',(-4.36531304621376,-66.4103379956298,-1.));
#6079=CARTESIAN_POINT('Ctrl Pts',(-4.06990496769023,-64.0000009685755,-0.971810739309274));
#6080=CARTESIAN_POINT('Ctrl Pts',(-4.06990496769023,-64.8034466442602,-0.971810739309274));
#6081=CARTESIAN_POINT('Ctrl Pts',(-4.06990496769023,-65.606892319945,-0.971810739309274));
#6082=CARTESIAN_POINT('Ctrl Pts',(-4.06990496769023,-66.4103379956298,-0.971810739309274));
#6083=CARTESIAN_POINT('Ctrl Pts',(-3.71442108575178,-64.0000009685754,-0.833290632007565));
#6084=CARTESIAN_POINT('Ctrl Pts',(-3.71442108575178,-64.8034466442602,-0.833290632007565));
#6085=CARTESIAN_POINT('Ctrl Pts',(-3.71442108575178,-65.606892319945,-0.833290632007565));
#6086=CARTESIAN_POINT('Ctrl Pts',(-3.71442108575178,-66.4103379956298,-0.833290632007565));
#6087=CARTESIAN_POINT('Ctrl Pts',(-3.53119626987822,-64.0000009685755,-0.658219252103128));
#6088=CARTESIAN_POINT('Ctrl Pts',(-3.53119626987822,-64.8034466442602,-0.658219252103128));
#6089=CARTESIAN_POINT('Ctrl Pts',(-3.53119626987822,-65.606892319945,-0.658219252103128));
#6090=CARTESIAN_POINT('Ctrl Pts',(-3.53119626987822,-66.4103379956298,-0.658219252103128));
#6091=CARTESIAN_POINT('Ctrl Pts',(-3.50000005215405,-64.0000009685755,-0.550507627227611));
#6092=CARTESIAN_POINT('Ctrl Pts',(-3.50000005215405,-64.8034466442602,-0.550507627227611));
#6093=CARTESIAN_POINT('Ctrl Pts',(-3.50000005215405,-65.606892319945,-0.550507627227611));
#6094=CARTESIAN_POINT('Ctrl Pts',(-3.50000005215405,-66.4103379956298,-0.550507627227611));
#6095=CARTESIAN_POINT('Ctrl Pts',(-3.50000005215405,-64.0000009685755,-0.5));
#6096=CARTESIAN_POINT('Ctrl Pts',(-3.50000005215405,-64.8034466442602,-0.5));
#6097=CARTESIAN_POINT('Ctrl Pts',(-3.50000005215405,-65.606892319945,-0.5));
#6098=CARTESIAN_POINT('Ctrl Pts',(-3.50000005215405,-66.4103379956298,-0.5));
#6099=CARTESIAN_POINT('',(-3.50000005215405,-65.0000009685755,-0.5));
#6100=CARTESIAN_POINT('Ctrl Pts',(-3.50000005215405,-65.0000009685755,-0.5));
#6101=CARTESIAN_POINT('Ctrl Pts',(-3.50000005215405,-65.4701133109269,-0.5));
#6102=CARTESIAN_POINT('Ctrl Pts',(-3.50000005215405,-65.9402256532784,-0.5));
#6103=CARTESIAN_POINT('Ctrl Pts',(-3.50000005215405,-66.4103379956298,-0.5));
#6104=CARTESIAN_POINT('',(-4.50000005215405,-64.0000009685755,-1.));
#6105=CARTESIAN_POINT('Ctrl Pts',(-4.50000005215405,-65.3477465956101,-1.));
#6106=CARTESIAN_POINT('Ctrl Pts',(-4.50000005215405,-64.8984980532652,-1.));
#6107=CARTESIAN_POINT('Ctrl Pts',(-4.50000005215405,-64.4492495109203,-1.));
#6108=CARTESIAN_POINT('Ctrl Pts',(-4.50000005215405,-64.0000009685755,-1.));
#6109=CARTESIAN_POINT('Ctrl Pts',(-4.50000005215405,-64.0000009685755,-1.));
#6110=CARTESIAN_POINT('Ctrl Pts',(-4.49789654111264,-64.0021044796169,-1.));
#6111=CARTESIAN_POINT('Ctrl Pts',(-4.49579301698153,-64.0042080037479,-0.999996681430974));
#6112=CARTESIAN_POINT('Ctrl Pts',(-4.27619172736612,-64.2238092933659,-0.999303766165384));
#6113=CARTESIAN_POINT('Ctrl Pts',(-4.06626703996866,-64.4337339807609,-0.963434235965862));
#6114=CARTESIAN_POINT('Ctrl Pts',(-3.79012863398977,-64.7098723867398,-0.858116384675353));
#6115=CARTESIAN_POINT('Ctrl Pts',(-3.70314771095878,-64.7968533097722,-0.808994999330221));
#6116=CARTESIAN_POINT('Ctrl Pts',(-3.60418510391101,-64.8958159168196,-0.724626628345908));
#6117=CARTESIAN_POINT('Ctrl Pts',(-3.57091125838977,-64.9290897624178,-0.689865858905035));
#6118=CARTESIAN_POINT('Ctrl Pts',(-3.5307790815127,-64.9692219392853,-0.625493096157954));
#6119=CARTESIAN_POINT('Ctrl Pts',(-3.51819505206709,-64.9818059687284,-0.599301507114394));
#6120=CARTESIAN_POINT('Ctrl Pts',(-3.50355590780777,-64.9964451129842,-0.547912087857799));
#6121=CARTESIAN_POINT('Ctrl Pts',(-3.50000005215405,-65.0000009685755,-0.524349498701502));
#6122=CARTESIAN_POINT('Ctrl Pts',(-3.50000005215405,-65.0000009685755,-0.5));
#6123=CARTESIAN_POINT('Ctrl Pts',(4.50000005215408,-64.0000009685755,-1.));
#6124=CARTESIAN_POINT('Ctrl Pts',(1.5000000173847,-64.0000009685755,-1.));
#6125=CARTESIAN_POINT('Ctrl Pts',(-1.50000001738467,-64.0000009685755,-1.));
#6126=CARTESIAN_POINT('Ctrl Pts',(-4.50000005215405,-64.0000009685755,-1.));
#6127=CARTESIAN_POINT('Ctrl Pts',(4.50000005215408,-64.1346879745158,-1.));
#6128=CARTESIAN_POINT('Ctrl Pts',(1.5000000173847,-64.1346879745158,-1.));
#6129=CARTESIAN_POINT('Ctrl Pts',(-1.50000001738467,-64.1346879745158,-1.));
#6130=CARTESIAN_POINT('Ctrl Pts',(-4.50000005215405,-64.1346879745158,-1.));
#6131=CARTESIAN_POINT('Ctrl Pts',(4.50000005215408,-64.4300938053579,-0.971811008356018));
#6132=CARTESIAN_POINT('Ctrl Pts',(1.5000000173847,-64.4300938053579,-0.971811008356018));
#6133=CARTESIAN_POINT('Ctrl Pts',(-1.50000001738467,-64.4300938053579,-0.971811008356018));
#6134=CARTESIAN_POINT('Ctrl Pts',(-4.50000005215405,-64.4300938053579,-0.971811008356018));
#6135=CARTESIAN_POINT('Ctrl Pts',(4.50000005215408,-64.7855792270353,-0.833290647846648));
#6136=CARTESIAN_POINT('Ctrl Pts',(1.5000000173847,-64.7855792270353,-0.833290647846648));
#6137=CARTESIAN_POINT('Ctrl Pts',(-1.50000001738467,-64.7855792270353,-0.833290647846648));
#6138=CARTESIAN_POINT('Ctrl Pts',(-4.50000005215405,-64.7855792270353,-0.833290647846648));
#6139=CARTESIAN_POINT('Ctrl Pts',(4.50000005215408,-64.9688038188229,-0.658219141609209));
#6140=CARTESIAN_POINT('Ctrl Pts',(1.5000000173847,-64.9688038188229,-0.658219141609209));
#6141=CARTESIAN_POINT('Ctrl Pts',(-1.50000001738467,-64.9688038188229,-0.658219141609209));
#6142=CARTESIAN_POINT('Ctrl Pts',(-4.50000005215405,-64.9688038188229,-0.658219141609209));
#6143=CARTESIAN_POINT('Ctrl Pts',(4.50000005215408,-65.0000009685755,-0.550507627227611));
#6144=CARTESIAN_POINT('Ctrl Pts',(1.5000000173847,-65.0000009685755,-0.550507627227611));
#6145=CARTESIAN_POINT('Ctrl Pts',(-1.50000001738467,-65.0000009685755,-0.550507627227611));
#6146=CARTESIAN_POINT('Ctrl Pts',(-4.50000005215405,-65.0000009685755,-0.550507627227611));
#6147=CARTESIAN_POINT('Ctrl Pts',(4.50000005215408,-65.0000009685755,-0.5));
#6148=CARTESIAN_POINT('Ctrl Pts',(1.5000000173847,-65.0000009685755,-0.5));
#6149=CARTESIAN_POINT('Ctrl Pts',(-1.50000001738467,-65.0000009685755,-0.5));
#6150=CARTESIAN_POINT('Ctrl Pts',(-4.50000005215405,-65.0000009685755,-0.5));
#6151=CARTESIAN_POINT('',(3.50000005215408,-65.0000009685755,-0.5));
#6152=CARTESIAN_POINT('Ctrl Pts',(3.50000005215408,-65.0000009685755,-0.5));
#6153=CARTESIAN_POINT('Ctrl Pts',(1.16666668405137,-65.0000009685755,-0.5));
#6154=CARTESIAN_POINT('Ctrl Pts',(-1.16666668405134,-65.0000009685755,-0.5));
#6155=CARTESIAN_POINT('Ctrl Pts',(-3.50000005215405,-65.0000009685755,-0.5));
#6156=CARTESIAN_POINT('',(4.50000005215408,-64.0000009685755,-1.));
#6157=CARTESIAN_POINT('Ctrl Pts',(-4.50000005215405,-64.0000009685755,-1.));
#6158=CARTESIAN_POINT('Ctrl Pts',(-1.50000001738467,-64.0000009685755,-1.));
#6159=CARTESIAN_POINT('Ctrl Pts',(1.5000000173847,-64.0000009685755,-1.));
#6160=CARTESIAN_POINT('Ctrl Pts',(4.50000005215408,-64.0000009685755,-1.));
#6161=CARTESIAN_POINT('Ctrl Pts',(4.50000005215408,-64.0000009685755,-1.));
#6162=CARTESIAN_POINT('Ctrl Pts',(4.49789102099746,-64.0021099997321,-1.));
#6163=CARTESIAN_POINT('Ctrl Pts',(4.49578197664761,-64.004219044082,-0.999996663990684));
#6164=CARTESIAN_POINT('Ctrl Pts',(4.27632228198599,-64.2236787387433,-0.999302378224502));
#6165=CARTESIAN_POINT('Ctrl Pts',(4.06652971088901,-64.4334713098406,-0.963478488936108));
#6166=CARTESIAN_POINT('Ctrl Pts',(3.79033719116947,-64.7096638295601,-0.858229362648443));
#6167=CARTESIAN_POINT('Ctrl Pts',(3.70325787084639,-64.7967431498814,-0.809077479953079));
#6168=CARTESIAN_POINT('Ctrl Pts',(3.60421613697598,-64.8957848837522,-0.724658854273513));
#6169=CARTESIAN_POINT('Ctrl Pts',(3.57092678343017,-64.92907423722,-0.689888182767465));
#6170=CARTESIAN_POINT('Ctrl Pts',(3.5307823063373,-64.9692187143226,-0.625499731409268));
#6171=CARTESIAN_POINT('Ctrl Pts',(3.51819636233955,-64.9818046583238,-0.599305647846919));
#6172=CARTESIAN_POINT('Ctrl Pts',(3.50355602602855,-64.9964449946384,-0.547912863229475));
#6173=CARTESIAN_POINT('Ctrl Pts',(3.50000005215408,-65.0000009685755,-0.524349903984273));
#6174=CARTESIAN_POINT('Ctrl Pts',(3.50000005215408,-65.0000009685755,-0.5));
#6175=CARTESIAN_POINT('Ctrl Pts',(4.50000005215408,-66.4103380015924,-1.));
#6176=CARTESIAN_POINT('Ctrl Pts',(4.50000005215408,-65.6068923239201,-1.));
#6177=CARTESIAN_POINT('Ctrl Pts',(4.50000005215408,-64.8034466462478,-1.));
#6178=CARTESIAN_POINT('Ctrl Pts',(4.50000005215408,-64.0000009685755,-1.));
#6179=CARTESIAN_POINT('Ctrl Pts',(4.36531304621378,-66.4103380015924,-1.));
#6180=CARTESIAN_POINT('Ctrl Pts',(4.36531304621378,-65.6068923239201,-1.));
#6181=CARTESIAN_POINT('Ctrl Pts',(4.36531304621378,-64.8034466462478,-1.));
#6182=CARTESIAN_POINT('Ctrl Pts',(4.36531304621378,-64.0000009685755,-1.));
#6183=CARTESIAN_POINT('Ctrl Pts',(4.06990496769025,-66.4103380015924,-0.971810739309274));
#6184=CARTESIAN_POINT('Ctrl Pts',(4.06990496769025,-65.6068923239201,-0.971810739309274));
#6185=CARTESIAN_POINT('Ctrl Pts',(4.06990496769025,-64.8034466462478,-0.971810739309274));
#6186=CARTESIAN_POINT('Ctrl Pts',(4.06990496769025,-64.0000009685755,-0.971810739309274));
#6187=CARTESIAN_POINT('Ctrl Pts',(3.71442108575181,-66.4103380015924,-0.833290632007565));
#6188=CARTESIAN_POINT('Ctrl Pts',(3.71442108575181,-65.6068923239201,-0.833290632007565));
#6189=CARTESIAN_POINT('Ctrl Pts',(3.71442108575181,-64.8034466462478,-0.833290632007565));
#6190=CARTESIAN_POINT('Ctrl Pts',(3.71442108575181,-64.0000009685755,-0.833290632007565));
#6191=CARTESIAN_POINT('Ctrl Pts',(3.53119626987825,-66.4103380015924,-0.658219252103129));
#6192=CARTESIAN_POINT('Ctrl Pts',(3.53119626987825,-65.6068923239201,-0.658219252103129));
#6193=CARTESIAN_POINT('Ctrl Pts',(3.53119626987825,-64.8034466462478,-0.658219252103129));
#6194=CARTESIAN_POINT('Ctrl Pts',(3.53119626987825,-64.0000009685755,-0.658219252103129));
#6195=CARTESIAN_POINT('Ctrl Pts',(3.50000005215408,-66.4103380015924,-0.550507627227611));
#6196=CARTESIAN_POINT('Ctrl Pts',(3.50000005215408,-65.6068923239201,-0.550507627227611));
#6197=CARTESIAN_POINT('Ctrl Pts',(3.50000005215408,-64.8034466462478,-0.550507627227611));
#6198=CARTESIAN_POINT('Ctrl Pts',(3.50000005215408,-64.0000009685755,-0.550507627227611));
#6199=CARTESIAN_POINT('Ctrl Pts',(3.50000005215408,-66.4103380015924,-0.5));
#6200=CARTESIAN_POINT('Ctrl Pts',(3.50000005215408,-65.6068923239201,-0.5));
#6201=CARTESIAN_POINT('Ctrl Pts',(3.50000005215408,-64.8034466462478,-0.5));
#6202=CARTESIAN_POINT('Ctrl Pts',(3.50000005215408,-64.0000009685755,-0.5));
#6203=CARTESIAN_POINT('',(3.50000005215408,-66.4103380015924,-0.5));
#6204=CARTESIAN_POINT('Ctrl Pts',(3.50000005215408,-66.4103380015924,-0.5));
#6205=CARTESIAN_POINT('Ctrl Pts',(3.50000005215408,-65.9402256572534,-0.5));
#6206=CARTESIAN_POINT('Ctrl Pts',(3.50000005215408,-65.4701133129145,-0.5));
#6207=CARTESIAN_POINT('Ctrl Pts',(3.50000005215408,-65.0000009685755,-0.5));
#6208=CARTESIAN_POINT('',(4.50000005215432,-65.347746603399,-1.));
#6209=CARTESIAN_POINT('Ctrl Pts',(4.50000005215408,-64.0000009685755,-1.));
#6210=CARTESIAN_POINT('Ctrl Pts',(4.50000005215408,-64.4492495135166,-1.));
#6211=CARTESIAN_POINT('Ctrl Pts',(4.50000005215408,-64.8984980584578,-1.));
#6212=CARTESIAN_POINT('Ctrl Pts',(4.50000005215408,-65.347746603399,-1.));
#6213=CARTESIAN_POINT('Ctrl Pts',(4.5000000521583,-65.3477466034568,-1.));
#6214=CARTESIAN_POINT('Ctrl Pts',(4.49788962607539,-65.3500073563871,-0.999999999999939));
#6215=CARTESIAN_POINT('Ctrl Pts',(4.49577912758304,-65.3522680695024,-0.999996659575286));
#6216=CARTESIAN_POINT('Ctrl Pts',(4.27011867935558,-65.5939773537462,-0.999282264893978));
#6217=CARTESIAN_POINT('Ctrl Pts',(4.05313299423186,-65.8249664257953,-0.961114565530513));
#6218=CARTESIAN_POINT('Ctrl Pts',(3.77759767535071,-66.1171627910859,-0.851604117363401));
#6219=CARTESIAN_POINT('Ctrl Pts',(3.69374856349946,-66.2058281021065,-0.802598657348056));
#6220=CARTESIAN_POINT('Ctrl Pts',(3.59903537030347,-66.3058720463684,-0.719290800007714));
#6221=CARTESIAN_POINT('Ctrl Pts',(3.5673078353341,-66.3393565555789,-0.685176494930766));
#6222=CARTESIAN_POINT('Ctrl Pts',(3.5291616480927,-66.3795935120462,-0.622196621871416));
#6223=CARTESIAN_POINT('Ctrl Pts',(3.51722873934169,-66.3921754288965,-0.596659731563831));
#6224=CARTESIAN_POINT('Ctrl Pts',(3.50336554456415,-66.4067906835701,-0.546608927542623));
#6225=CARTESIAN_POINT('Ctrl Pts',(3.50000005215408,-66.4103380015924,-0.523688157594915));
#6226=CARTESIAN_POINT('Ctrl Pts',(3.50000005215408,-66.4103380015924,-0.5));
#6227=CARTESIAN_POINT('Ctrl Pts',(43.8154144993698,-48.6907325517912,-1.));
#6228=CARTESIAN_POINT('Ctrl Pts',(39.0848294223712,-52.9476524156279,-1.));
#6229=CARTESIAN_POINT('Ctrl Pts',(26.5901725554472,-61.2640860820671,-1.));
#6230=CARTESIAN_POINT('Ctrl Pts',(11.920871373716,-64.9651480472626,-1.));
#6231=CARTESIAN_POINT('Ctrl Pts',(3.44737045456525,-65.4117238992197,-1.));
#6232=CARTESIAN_POINT('Ctrl Pts',(43.9055082618047,-48.7908509993395,-1.));
#6233=CARTESIAN_POINT('Ctrl Pts',(39.1652659611617,-53.0564611259012,-1.));
#6234=CARTESIAN_POINT('Ctrl Pts',(26.6448867649157,-61.3900065577107,-1.));
#6235=CARTESIAN_POINT('Ctrl Pts',(11.9452580726777,-65.0987367312903,-1.));
#6236=CARTESIAN_POINT('Ctrl Pts',(3.45445897748833,-65.546224242758,-1.));
#6237=CARTESIAN_POINT('Ctrl Pts',(44.1031250179328,-49.0104564670031,-0.971808140171075));
#6238=CARTESIAN_POINT('Ctrl Pts',(39.3414783579155,-53.2953277718566,-0.971808140171075));
#6239=CARTESIAN_POINT('Ctrl Pts',(26.7647756655527,-61.666370889384,-0.971808140171076));
#6240=CARTESIAN_POINT('Ctrl Pts',(11.9991462765243,-65.3917367844528,-0.971808140171075));
#6241=CARTESIAN_POINT('Ctrl Pts',(3.47000734474418,-65.8412449064513,-0.971808140171075));
#6242=CARTESIAN_POINT('Ctrl Pts',(44.3409024642198,-49.2746912834975,-0.833290471766672));
#6243=CARTESIAN_POINT('Ctrl Pts',(39.5536057581913,-53.5826443400998,-0.833290471766672));
#6244=CARTESIAN_POINT('Ctrl Pts',(26.9090874649635,-61.9988226488332,-0.833290471766672));
#6245=CARTESIAN_POINT('Ctrl Pts',(12.0637992422135,-65.7442916486041,-0.833290471766672));
#6246=CARTESIAN_POINT('Ctrl Pts',(3.48871553089432,-66.196221181689,-0.833290471766672));
#6247=CARTESIAN_POINT('Ctrl Pts',(44.4634652688397,-49.4108915863163,-0.658220287281599));
#6248=CARTESIAN_POINT('Ctrl Pts',(39.6629128733245,-53.7307730633922,-0.658220287281599));
#6249=CARTESIAN_POINT('Ctrl Pts',(26.9834539801257,-62.1702107754628,-0.658220287281599));
#6250=CARTESIAN_POINT('Ctrl Pts',(12.0971862163783,-65.9260134353439,-0.658220287281599));
#6251=CARTESIAN_POINT('Ctrl Pts',(3.49835869848534,-66.3791943296726,-0.658220287281599));
#6252=CARTESIAN_POINT('Ctrl Pts',(44.484326558153,-49.4340741002159,-0.550507627227611));
#6253=CARTESIAN_POINT('Ctrl Pts',(39.6815186356408,-53.755985262314,-0.550507627227611));
#6254=CARTESIAN_POINT('Ctrl Pts',(26.9961122268878,-62.1993820496763,-0.550507627227611));
#6255=CARTESIAN_POINT('Ctrl Pts',(12.1028677066838,-65.9569441814049,-0.550507627227611));
#6256=CARTESIAN_POINT('Ctrl Pts',(3.50000005215408,-66.4103380015924,-0.550507627227611));
#6257=CARTESIAN_POINT('Ctrl Pts',(44.484326558153,-49.4340741002159,-0.5));
#6258=CARTESIAN_POINT('Ctrl Pts',(39.6815215685199,-53.7559826230989,-0.5));
#6259=CARTESIAN_POINT('Ctrl Pts',(26.9961138721234,-62.1993798898211,-0.5));
#6260=CARTESIAN_POINT('Ctrl Pts',(12.1028624532629,-65.9569444582741,-0.5));
#6261=CARTESIAN_POINT('Ctrl Pts',(3.50000005215408,-66.4103380015924,-0.5));
#6262=CARTESIAN_POINT('',(44.484326558153,-49.4340741002159,-0.5));
#6263=CARTESIAN_POINT('Ctrl Pts',(44.484326558153,-49.4340741002159,-0.5));
#6264=CARTESIAN_POINT('Ctrl Pts',(39.6815215685199,-53.7559826230989,-0.5));
#6265=CARTESIAN_POINT('Ctrl Pts',(26.9961138721234,-62.1993798898211,-0.5));
#6266=CARTESIAN_POINT('Ctrl Pts',(12.1028624532629,-65.9569444582741,-0.5));
#6267=CARTESIAN_POINT('Ctrl Pts',(3.50000005215408,-66.4103380015924,-0.5));
#6268=CARTESIAN_POINT('',(43.0258541942398,-49.3898152986757,-1.));
#6269=CARTESIAN_POINT('Ctrl Pts',(4.4999928760863,-65.34764223083,-1.));
#6270=CARTESIAN_POINT('Ctrl Pts',(12.6141992039714,-64.7873274679284,-1.));
#6271=CARTESIAN_POINT('Ctrl Pts',(26.5399164896645,-61.15740910541,-1.));
#6272=CARTESIAN_POINT('Ctrl Pts',(38.4920381484598,-53.3388161426088,-1.));
#6273=CARTESIAN_POINT('Ctrl Pts',(43.0258275060007,-49.3897846696754,-1.));
#6274=CARTESIAN_POINT('Ctrl Pts',(43.0258541942396,-49.3898152986758,-1.));
#6275=CARTESIAN_POINT('Ctrl Pts',(43.0289450847923,-49.3899215958157,-0.999999999999998));
#6276=CARTESIAN_POINT('Ctrl Pts',(43.0320359977338,-49.3900278136193,-0.999996659575787));
#6277=CARTESIAN_POINT('Ctrl Pts',(43.3625163049567,-49.4013760542724,-0.999282264894018));
#6278=CARTESIAN_POINT('Ctrl Pts',(43.6792822932707,-49.4112779440004,-0.961114565541901));
#6279=CARTESIAN_POINT('Ctrl Pts',(44.0807292168244,-49.4230590827421,-0.851604117456218));
#6280=CARTESIAN_POINT('Ctrl Pts',(44.2027153351064,-49.4264646497893,-0.802598657438751));
#6281=CARTESIAN_POINT('Ctrl Pts',(44.3404294277199,-49.4302340599664,-0.719290800084164));
#6282=CARTESIAN_POINT('Ctrl Pts',(44.3865413063886,-49.4314764283499,-0.685176494997999));
#6283=CARTESIAN_POINT('Ctrl Pts',(44.4419665588553,-49.4329548254274,-0.622196621918685));
#6284=CARTESIAN_POINT('Ctrl Pts',(44.4593011582844,-49.4334137434491,-0.596659731601697));
#6285=CARTESIAN_POINT('Ctrl Pts',(44.4794384630172,-49.4339455300942,-0.546608927561326));
#6286=CARTESIAN_POINT('Ctrl Pts',(44.484326558153,-49.4340741002159,-0.523688157604402));
#6287=CARTESIAN_POINT('Ctrl Pts',(44.484326558153,-49.4340741002159,-0.5));
#6288=CARTESIAN_POINT('Ctrl Pts',(42.0728541286074,-48.4368152330433,-1.));
#6289=CARTESIAN_POINT('Ctrl Pts',(42.6409760113937,-49.0049371158297,-1.));
#6290=CARTESIAN_POINT('Ctrl Pts',(43.2090978941801,-49.573058998616,-1.));
#6291=CARTESIAN_POINT('Ctrl Pts',(43.7772197769665,-50.1411808814024,-1.));
#6292=CARTESIAN_POINT('Ctrl Pts',(42.1680922238455,-48.3415771378052,-1.));
#6293=CARTESIAN_POINT('Ctrl Pts',(42.7362141066318,-48.9096990205916,-1.));
#6294=CARTESIAN_POINT('Ctrl Pts',(43.3043359894182,-49.4778209033779,-1.));
#6295=CARTESIAN_POINT('Ctrl Pts',(43.8724578722046,-50.0459427861643,-1.));
#6296=CARTESIAN_POINT('Ctrl Pts',(42.3769930764956,-48.132676285155,-0.971808102952516));
#6297=CARTESIAN_POINT('Ctrl Pts',(42.945114959282,-48.7007981679414,-0.971808102952516));
#6298=CARTESIAN_POINT('Ctrl Pts',(43.5132368420684,-49.2689200507278,-0.971808102952516));
#6299=CARTESIAN_POINT('Ctrl Pts',(44.0813587248547,-49.8370419335141,-0.971808102952516));
#6300=CARTESIAN_POINT('Ctrl Pts',(42.628347407104,-47.8813219545466,-0.833290469373127));
#6301=CARTESIAN_POINT('Ctrl Pts',(43.1964692898904,-48.449443837333,-0.833290469373127));
#6302=CARTESIAN_POINT('Ctrl Pts',(43.7645911726768,-49.0175657201194,-0.833290469373127));
#6303=CARTESIAN_POINT('Ctrl Pts',(44.3327130554631,-49.5856876029057,-0.833290469373127));
#6304=CARTESIAN_POINT('Ctrl Pts',(42.7579085431625,-47.7517608184882,-0.658220301677469));
#6305=CARTESIAN_POINT('Ctrl Pts',(43.3260304259488,-48.3198827012746,-0.658220301677469));
#6306=CARTESIAN_POINT('Ctrl Pts',(43.8941523087352,-48.8880045840609,-0.658220301677469));
#6307=CARTESIAN_POINT('Ctrl Pts',(44.4622741915216,-49.4561264668473,-0.658220301677469));
#6308=CARTESIAN_POINT('Ctrl Pts',(42.7799609097939,-47.7297084518567,-0.550507627227611));
#6309=CARTESIAN_POINT('Ctrl Pts',(43.3480827925803,-48.2978303346431,-0.550507627227611));
#6310=CARTESIAN_POINT('Ctrl Pts',(43.9162046753667,-48.8659522174295,-0.550507627227611));
#6311=CARTESIAN_POINT('Ctrl Pts',(44.484326558153,-49.4340741002159,-0.550507627227611));
#6312=CARTESIAN_POINT('Ctrl Pts',(42.7799609097939,-47.7297084518567,-0.5));
#6313=CARTESIAN_POINT('Ctrl Pts',(43.3480827925803,-48.2978303346431,-0.5));
#6314=CARTESIAN_POINT('Ctrl Pts',(43.9162046753667,-48.8659522174295,-0.5));
#6315=CARTESIAN_POINT('Ctrl Pts',(44.484326558153,-49.4340741002159,-0.5));
#6316=CARTESIAN_POINT('',(43.4870676909805,-48.4368152330433,-0.5));
#6317=CARTESIAN_POINT('Ctrl Pts',(43.4870676909805,-48.4368152330433,-0.5));
#6318=CARTESIAN_POINT('Ctrl Pts',(43.8194873133713,-48.7692348554341,-0.5));
#6319=CARTESIAN_POINT('Ctrl Pts',(44.1519069357622,-49.101654477825,-0.5));
#6320=CARTESIAN_POINT('Ctrl Pts',(44.484326558153,-49.4340741002159,-0.5));
#6321=CARTESIAN_POINT('',(42.0728541286074,-48.4368152330433,-1.));
#6322=CARTESIAN_POINT('Ctrl Pts',(43.0258541942398,-49.3898152986757,-1.));
#6323=CARTESIAN_POINT('Ctrl Pts',(42.7081875056956,-49.0721486101315,-1.));
#6324=CARTESIAN_POINT('Ctrl Pts',(42.3905208171515,-48.7544819215874,-1.));
#6325=CARTESIAN_POINT('Ctrl Pts',(42.0728541286074,-48.4368152330433,-1.));
#6326=CARTESIAN_POINT('Ctrl Pts',(42.0728541286074,-48.4368152330433,-1.));
#6327=CARTESIAN_POINT('Ctrl Pts',(42.0758373826613,-48.4368152330433,-1.));
#6328=CARTESIAN_POINT('Ctrl Pts',(42.0788206553849,-48.4368152330433,-0.999996662573218));
#6329=CARTESIAN_POINT('Ctrl Pts',(42.3891672991468,-48.4368152330431,-0.999302265636572));
#6330=CARTESIAN_POINT('Ctrl Pts',(42.6858436501651,-48.4368152330433,-0.963482075022724));
#6331=CARTESIAN_POINT('Ctrl Pts',(43.0764450635878,-48.4368152330433,-0.858238518538927));
#6332=CARTESIAN_POINT('Ctrl Pts',(43.1996051054222,-48.4368152330445,-0.809084162256134));
#6333=CARTESIAN_POINT('Ctrl Pts',(43.3396803388847,-48.4368152330442,-0.724661461890411));
#6334=CARTESIAN_POINT('Ctrl Pts',(43.3867603692688,-48.4368152330995,-0.689889988931604));
#6335=CARTESIAN_POINT('Ctrl Pts',(43.4435346408406,-48.4368152330926,-0.625500267873936));
#6336=CARTESIAN_POINT('Ctrl Pts',(43.4613340724679,-48.4368152330901,-0.599305982615525));
#6337=CARTESIAN_POINT('Ctrl Pts',(43.4820387709353,-48.4368152330876,-0.547912925897827));
#6338=CARTESIAN_POINT('Ctrl Pts',(43.4870676909805,-48.4368152330433,-0.524349936740719));
#6339=CARTESIAN_POINT('Ctrl Pts',(43.4870676909805,-48.4368152330433,-0.5));
#6340=CARTESIAN_POINT('Ctrl Pts',(48.4368152330433,-42.0728541286074,-1.));
#6341=CARTESIAN_POINT('Ctrl Pts',(46.315494864898,-44.1941744967527,-1.));
#6342=CARTESIAN_POINT('Ctrl Pts',(44.1941744967527,-46.315494864898,-1.));
#6343=CARTESIAN_POINT('Ctrl Pts',(42.0728541286074,-48.4368152330433,-1.));
#6344=CARTESIAN_POINT('Ctrl Pts',(48.5320533282814,-42.1680922238455,-1.));
#6345=CARTESIAN_POINT('Ctrl Pts',(46.4107329601361,-44.2894125919908,-1.));
#6346=CARTESIAN_POINT('Ctrl Pts',(44.2894125919908,-46.4107329601361,-1.));
#6347=CARTESIAN_POINT('Ctrl Pts',(42.1680922238455,-48.5320533282814,-1.));
#6348=CARTESIAN_POINT('Ctrl Pts',(48.7409528434942,-42.3769917390583,-0.971808323524366));
#6349=CARTESIAN_POINT('Ctrl Pts',(46.6196324753489,-44.4983121072036,-0.971808323524366));
#6350=CARTESIAN_POINT('Ctrl Pts',(44.4983121072036,-46.6196324753489,-0.971808323524366));
#6351=CARTESIAN_POINT('Ctrl Pts',(42.3769917390583,-48.7409528434942,-0.971808323524366));
#6352=CARTESIAN_POINT('Ctrl Pts',(48.9923080766571,-42.6283469722212,-0.833290483516123));
#6353=CARTESIAN_POINT('Ctrl Pts',(46.8709877085118,-44.7496673403665,-0.833290483516123));
#6354=CARTESIAN_POINT('Ctrl Pts',(44.7496673403665,-46.8709877085118,-0.833290483516123));
#6355=CARTESIAN_POINT('Ctrl Pts',(42.6283469722212,-48.9923080766571,-0.833290483516123));
#6356=CARTESIAN_POINT('Ctrl Pts',(49.12186907144,-42.757907967004,-0.658220216184674));
#6357=CARTESIAN_POINT('Ctrl Pts',(47.0005487032947,-44.8792283351493,-0.658220216184674));
#6358=CARTESIAN_POINT('Ctrl Pts',(44.8792283351493,-47.0005487032947,-0.658220216184674));
#6359=CARTESIAN_POINT('Ctrl Pts',(42.757907967004,-49.12186907144,-0.658220216184674));
#6360=CARTESIAN_POINT('Ctrl Pts',(49.1439220142298,-42.7799609097939,-0.550507627227611));
#6361=CARTESIAN_POINT('Ctrl Pts',(47.0226016460845,-44.9012812779392,-0.550507627227611));
#6362=CARTESIAN_POINT('Ctrl Pts',(44.9012812779392,-47.0226016460845,-0.550507627227611));
#6363=CARTESIAN_POINT('Ctrl Pts',(42.7799609097939,-49.1439220142298,-0.550507627227611));
#6364=CARTESIAN_POINT('Ctrl Pts',(49.1439220142298,-42.7799609097939,-0.5));
#6365=CARTESIAN_POINT('Ctrl Pts',(47.0226016460845,-44.9012812779392,-0.5));
#6366=CARTESIAN_POINT('Ctrl Pts',(44.9012812779392,-47.0226016460845,-0.5));
#6367=CARTESIAN_POINT('Ctrl Pts',(42.7799609097939,-49.1439220142298,-0.5));
#6368=CARTESIAN_POINT('',(48.4368152330433,-43.4870676909805,-0.5));
#6369=CARTESIAN_POINT('Ctrl Pts',(48.4368152330433,-43.4870676909805,-0.5));
#6370=CARTESIAN_POINT('Ctrl Pts',(46.786899385689,-45.1369835383347,-0.5));
#6371=CARTESIAN_POINT('Ctrl Pts',(45.1369835383347,-46.786899385689,-0.5));
#6372=CARTESIAN_POINT('Ctrl Pts',(43.4870676909805,-48.4368152330433,-0.5));
#6373=CARTESIAN_POINT('',(48.4368152330433,-42.0728541286074,-1.));
#6374=CARTESIAN_POINT('Ctrl Pts',(42.0728541286074,-48.4368152330433,-1.));
#6375=CARTESIAN_POINT('Ctrl Pts',(44.1941744967527,-46.315494864898,-1.));
#6376=CARTESIAN_POINT('Ctrl Pts',(46.315494864898,-44.1941744967527,-1.));
#6377=CARTESIAN_POINT('Ctrl Pts',(48.4368152330433,-42.0728541286074,-1.));
#6378=CARTESIAN_POINT('Ctrl Pts',(48.4368152330433,-42.0728541286074,-1.));
#6379=CARTESIAN_POINT('Ctrl Pts',(48.4368152330433,-42.0758379308262,-1.));
#6380=CARTESIAN_POINT('Ctrl Pts',(48.4368152330434,-42.0788217517254,-0.999996661346618));
#6381=CARTESIAN_POINT('Ctrl Pts',(48.4368152330405,-42.3891543535787,-0.999302168235322));
#6382=CARTESIAN_POINT('Ctrl Pts',(48.4368152330433,-42.6858176005614,-0.963485176949091));
#6383=CARTESIAN_POINT('Ctrl Pts',(48.4368152330433,-43.0764243828464,-0.858246438360872));
#6384=CARTESIAN_POINT('Ctrl Pts',(48.436815233042,-43.1995941881275,-0.809089942185163));
#6385=CARTESIAN_POINT('Ctrl Pts',(48.4368152330423,-43.3396772674533,-0.724663716986131));
#6386=CARTESIAN_POINT('Ctrl Pts',(48.436815232987,-43.3867588330912,-0.689891550896859));
#6387=CARTESIAN_POINT('Ctrl Pts',(48.4368152329939,-43.4435343219816,-0.625500731761667));
#6388=CARTESIAN_POINT('Ctrl Pts',(48.4368152329964,-43.4613339429209,-0.599306272092618));
#6389=CARTESIAN_POINT('Ctrl Pts',(48.436815232999,-43.4820387592448,-0.547912980085424));
#6390=CARTESIAN_POINT('Ctrl Pts',(48.4368152330433,-43.4870676909805,-0.524349965064315));
#6391=CARTESIAN_POINT('Ctrl Pts',(48.4368152330433,-43.4870676909805,-0.5));
#6392=CARTESIAN_POINT('Ctrl Pts',(50.141180873503,-43.7772197690671,-1.));
#6393=CARTESIAN_POINT('Ctrl Pts',(49.5730589933498,-43.2090978889139,-1.));
#6394=CARTESIAN_POINT('Ctrl Pts',(49.0049371131965,-42.6409760087606,-1.));
#6395=CARTESIAN_POINT('Ctrl Pts',(48.4368152330433,-42.0728541286073,-1.));
#6396=CARTESIAN_POINT('Ctrl Pts',(50.0459427782649,-43.8724578643052,-1.));
#6397=CARTESIAN_POINT('Ctrl Pts',(49.4778208981117,-43.3043359841519,-1.));
#6398=CARTESIAN_POINT('Ctrl Pts',(48.9096990179584,-42.7362141039987,-1.));
#6399=CARTESIAN_POINT('Ctrl Pts',(48.3415771378052,-42.1680922238454,-1.));
#6400=CARTESIAN_POINT('Ctrl Pts',(49.8370419256148,-44.0813587169553,-0.971808102952516));
#6401=CARTESIAN_POINT('Ctrl Pts',(49.2689200454615,-43.5132368368021,-0.971808102952516));
#6402=CARTESIAN_POINT('Ctrl Pts',(48.7007981653082,-42.9451149566488,-0.971808102952516));
#6403=CARTESIAN_POINT('Ctrl Pts',(48.132676285155,-42.3769930764956,-0.971808102952516));
#6404=CARTESIAN_POINT('Ctrl Pts',(49.5856875950064,-44.3327130475638,-0.833290469373127));
#6405=CARTESIAN_POINT('Ctrl Pts',(49.0175657148531,-43.7645911674105,-0.833290469373127));
#6406=CARTESIAN_POINT('Ctrl Pts',(48.4494438346999,-43.1964692872573,-0.833290469373127));
#6407=CARTESIAN_POINT('Ctrl Pts',(47.8813219545466,-42.628347407104,-0.833290469373127));
#6408=CARTESIAN_POINT('Ctrl Pts',(49.4561264589479,-44.4622741836222,-0.658220301677468));
#6409=CARTESIAN_POINT('Ctrl Pts',(48.8880045787947,-43.8941523034689,-0.658220301677468));
#6410=CARTESIAN_POINT('Ctrl Pts',(48.3198826986414,-43.3260304233157,-0.658220301677468));
#6411=CARTESIAN_POINT('Ctrl Pts',(47.7517608184881,-42.7579085431624,-0.658220301677468));
#6412=CARTESIAN_POINT('Ctrl Pts',(49.4340740923165,-44.4843265502537,-0.550507627227611));
#6413=CARTESIAN_POINT('Ctrl Pts',(48.8659522121632,-43.9162046701004,-0.550507627227611));
#6414=CARTESIAN_POINT('Ctrl Pts',(48.29783033201,-43.3480827899471,-0.550507627227611));
#6415=CARTESIAN_POINT('Ctrl Pts',(47.7297084518567,-42.7799609097939,-0.550507627227611));
#6416=CARTESIAN_POINT('Ctrl Pts',(49.4340740923165,-44.4843265502537,-0.5));
#6417=CARTESIAN_POINT('Ctrl Pts',(48.8659522121632,-43.9162046701004,-0.5));
#6418=CARTESIAN_POINT('Ctrl Pts',(48.29783033201,-43.3480827899471,-0.5));
#6419=CARTESIAN_POINT('Ctrl Pts',(47.7297084518567,-42.7799609097939,-0.5));
#6420=CARTESIAN_POINT('',(49.4340740923165,-44.4843265502537,-0.5));
#6421=CARTESIAN_POINT('Ctrl Pts',(49.4340740923165,-44.4843265502537,-0.5));
#6422=CARTESIAN_POINT('Ctrl Pts',(49.1016544725587,-44.1519069304959,-0.5));
#6423=CARTESIAN_POINT('Ctrl Pts',(48.769234852801,-43.8194873107382,-0.5));
#6424=CARTESIAN_POINT('Ctrl Pts',(48.4368152330433,-43.4870676909805,-0.5));
#6425=CARTESIAN_POINT('',(49.3898152883527,-43.0258541839164,-1.));
#6426=CARTESIAN_POINT('Ctrl Pts',(48.4368152330433,-42.0728541286073,-1.));
#6427=CARTESIAN_POINT('Ctrl Pts',(48.7544819181463,-42.3905208137104,-1.));
#6428=CARTESIAN_POINT('Ctrl Pts',(49.0721486032494,-42.7081874988135,-1.));
#6429=CARTESIAN_POINT('Ctrl Pts',(49.3898152883525,-43.0258541839166,-1.));
#6430=CARTESIAN_POINT('Ctrl Pts',(49.3898152883964,-43.0258541839545,-1.));
#6431=CARTESIAN_POINT('Ctrl Pts',(49.3899215855335,-43.0289450742804,-0.999999999999939));
#6432=CARTESIAN_POINT('Ctrl Pts',(49.3900278033161,-43.0320359876544,-0.999996659575286));
#6433=CARTESIAN_POINT('Ctrl Pts',(49.4013760445349,-43.3625162956621,-0.999282264893048));
#6434=CARTESIAN_POINT('Ctrl Pts',(49.4112779348055,-43.6792822850982,-0.961114565428924));
#6435=CARTESIAN_POINT('Ctrl Pts',(49.42305907421,-44.0807292093614,-0.851604117056148));
#6436=CARTESIAN_POINT('Ctrl Pts',(49.4264646414499,-44.2027153275686,-0.802598657047));
#6437=CARTESIAN_POINT('Ctrl Pts',(49.430234051843,-44.3404294200376,-0.719290799756319));
#6438=CARTESIAN_POINT('Ctrl Pts',(49.4314764202986,-44.3865412986461,-0.685176494709632));
#6439=CARTESIAN_POINT('Ctrl Pts',(49.4329548174623,-44.4419665510289,-0.622196621716109));
#6440=CARTESIAN_POINT('Ctrl Pts',(49.433413735511,-44.459301150429,-0.596659731439349));
#6441=CARTESIAN_POINT('Ctrl Pts',(49.4339455221873,-44.4794384551266,-0.546608927481269));
#6442=CARTESIAN_POINT('Ctrl Pts',(49.4340740923165,-44.4843265502537,-0.523688157563783));
#6443=CARTESIAN_POINT('Ctrl Pts',(49.4340740923165,-44.4843265502537,-0.5));
#6444=CARTESIAN_POINT('Ctrl Pts',(65.4117237571146,-3.44737045681907,-1.));
#6445=CARTESIAN_POINT('Ctrl Pts',(65.0767918829505,-9.80249613820217,-1.));
#6446=CARTESIAN_POINT('Ctrl Pts',(62.1223419539203,-24.518159362622,-1.));
#6447=CARTESIAN_POINT('Ctrl Pts',(54.3666256656046,-37.5079677150655,-1.));
#6448=CARTESIAN_POINT('Ctrl Pts',(48.6907325417567,-43.8154144938431,-1.));
#6449=CARTESIAN_POINT('Ctrl Pts',(65.546224100669,-3.45445897943859,-1.));
#6450=CARTESIAN_POINT('Ctrl Pts',(65.210608481902,-9.82255829283435,-1.));
#6451=CARTESIAN_POINT('Ctrl Pts',(62.2500699647723,-24.5685097960449,-1.));
#6452=CARTESIAN_POINT('Ctrl Pts',(54.47833113035,-37.5851851789689,-1.));
#6453=CARTESIAN_POINT('Ctrl Pts',(48.7908509895927,-43.9055082559584,-1.));
#6454=CARTESIAN_POINT('Ctrl Pts',(65.8412447643973,-3.47000734602859,-0.971808140171077));
#6455=CARTESIAN_POINT('Ctrl Pts',(65.5041136877993,-9.8668615368314,-0.971808140171077));
#6456=CARTESIAN_POINT('Ctrl Pts',(62.5302633126073,-24.6791546338659,-0.971808140171076));
#6457=CARTESIAN_POINT('Ctrl Pts',(54.7236181695737,-37.754262788521,-0.971808140171077));
#6458=CARTESIAN_POINT('Ctrl Pts',(49.010456457887,-44.1031250113855,-0.971808140171077));
#6459=CARTESIAN_POINT('Ctrl Pts',(66.1962210396772,-3.48871553137756,-0.833290471766672));
#6460=CARTESIAN_POINT('Ctrl Pts',(65.8572739048447,-9.92002830679129,-0.833290471766672));
#6461=CARTESIAN_POINT('Ctrl Pts',(62.8673860583421,-24.8121896747548,-0.833290471766672));
#6462=CARTESIAN_POINT('Ctrl Pts',(55.018628655674,-37.9578401725651,-0.833290471766672));
#6463=CARTESIAN_POINT('Ctrl Pts',(49.2746912751404,-44.3409024568292,-0.833290471766672));
#6464=CARTESIAN_POINT('Ctrl Pts',(66.3791941876825,-3.49835869855562,-0.658220287281598));
#6465=CARTESIAN_POINT('Ctrl Pts',(66.0393085319587,-9.9474793288774,-0.658220287281598));
#6466=CARTESIAN_POINT('Ctrl Pts',(63.041160832186,-24.8807943138017,-0.658220287281598));
#6467=CARTESIAN_POINT('Ctrl Pts',(55.1707335194372,-38.0627287240749,-0.658220287281598));
#6468=CARTESIAN_POINT('Ctrl Pts',(49.4108915783503,-44.4634652610143,-0.658220287281598));
#6469=CARTESIAN_POINT('Ctrl Pts',(66.4103378596061,-3.50000005215406,-0.550507627227611));
#6470=CARTESIAN_POINT('Ctrl Pts',(66.0702925094952,-9.95215078494957,-0.550507627227611));
#6471=CARTESIAN_POINT('Ctrl Pts',(63.0707387701429,-24.8924707874319,-0.550507627227611));
#6472=CARTESIAN_POINT('Ctrl Pts',(55.1966222800864,-38.0805826439803,-0.550507627227611));
#6473=CARTESIAN_POINT('Ctrl Pts',(49.4340740923165,-44.4843265502537,-0.550507627227611));
#6474=CARTESIAN_POINT('Ctrl Pts',(66.4103378596061,-3.50000005215406,-0.5));
#6475=CARTESIAN_POINT('Ctrl Pts',(66.0702927171471,-9.95214684488393,-0.5));
#6476=CARTESIAN_POINT('Ctrl Pts',(63.0707384062519,-24.8924680968264,-0.5));
#6477=CARTESIAN_POINT('Ctrl Pts',(55.1966187611329,-38.0805865544858,-0.5));
#6478=CARTESIAN_POINT('Ctrl Pts',(49.4340740923165,-44.4843265502537,-0.5));
#6479=CARTESIAN_POINT('',(66.4103378596061,-3.50000005215406,-0.5));
#6480=CARTESIAN_POINT('Ctrl Pts',(66.4103378596061,-3.50000005215406,-0.5));
#6481=CARTESIAN_POINT('Ctrl Pts',(66.0702927171471,-9.95214684488393,-0.5));
#6482=CARTESIAN_POINT('Ctrl Pts',(63.0707384062519,-24.8924680968264,-0.5));
#6483=CARTESIAN_POINT('Ctrl Pts',(55.1966187611329,-38.0805865544858,-0.5));
#6484=CARTESIAN_POINT('Ctrl Pts',(49.4340740923165,-44.4843265502537,-0.5));
#6485=CARTESIAN_POINT('',(65.3477464638371,-4.50000005215406,-1.));
#6486=CARTESIAN_POINT('Ctrl Pts',(49.3897364115547,-43.0257854556116,-1.));
#6487=CARTESIAN_POINT('Ctrl Pts',(54.7311443380151,-36.8919727649354,-1.));
#6488=CARTESIAN_POINT('Ctrl Pts',(62.0113735359578,-24.4782637528819,-1.));
#6489=CARTESIAN_POINT('Ctrl Pts',(64.9342196786591,-10.4982573908779,-1.));
#6490=CARTESIAN_POINT('Ctrl Pts',(65.3477059344288,-4.49999726561517,-1.));
#6491=CARTESIAN_POINT('Ctrl Pts',(65.3477464638371,-4.50000005215423,-1.));
#6492=CARTESIAN_POINT('Ctrl Pts',(65.3500072169316,-4.49788962591318,-0.999999999999997));
#6493=CARTESIAN_POINT('Ctrl Pts',(65.3522679297586,-4.49577912774107,-0.999996659575787));
#6494=CARTESIAN_POINT('Ctrl Pts',(65.5939772133336,-4.27011867961853,-0.999282264894792));
#6495=CARTESIAN_POINT('Ctrl Pts',(65.8249662845623,-4.05313299477245,-0.961114565622065));
#6496=CARTESIAN_POINT('Ctrl Pts',(66.1171626491968,-3.7775976758862,-0.85160411764664));
#6497=CARTESIAN_POINT('Ctrl Pts',(66.2058279601588,-3.69374856390082,-0.802598657625569));
#6498=CARTESIAN_POINT('Ctrl Pts',(66.3058719043855,-3.59903537052401,-0.719290800239548));
#6499=CARTESIAN_POINT('Ctrl Pts',(66.3393564135902,-3.5673078354885,-0.685176495134678));
#6500=CARTESIAN_POINT('Ctrl Pts',(66.3795933700563,-3.529161648162,-0.622196622014646));
#6501=CARTESIAN_POINT('Ctrl Pts',(66.3921752869076,-3.51722873938307,-0.596659731678624));
#6502=CARTESIAN_POINT('Ctrl Pts',(66.4067905415833,-3.50336554457227,-0.546608927599136));
#6503=CARTESIAN_POINT('Ctrl Pts',(66.4103378596061,-3.50000005215406,-0.523688157623592));
#6504=CARTESIAN_POINT('Ctrl Pts',(66.4103378596061,-3.50000005215406,-0.5));
#6505=CARTESIAN_POINT('Ctrl Pts',(64.0000009685755,-4.50000005215406,-1.));
#6506=CARTESIAN_POINT('Ctrl Pts',(64.803446598919,-4.50000005215406,-1.));
#6507=CARTESIAN_POINT('Ctrl Pts',(65.6068922292626,-4.50000005215406,-1.));
#6508=CARTESIAN_POINT('Ctrl Pts',(66.4103378596061,-4.50000005215406,-1.));
#6509=CARTESIAN_POINT('Ctrl Pts',(64.0000009685755,-4.36531304621377,-1.));
#6510=CARTESIAN_POINT('Ctrl Pts',(64.803446598919,-4.36531304621377,-1.));
#6511=CARTESIAN_POINT('Ctrl Pts',(65.6068922292626,-4.36531304621377,-1.));
#6512=CARTESIAN_POINT('Ctrl Pts',(66.4103378596061,-4.36531304621377,-1.));
#6513=CARTESIAN_POINT('Ctrl Pts',(64.0000009685755,-4.06990496769041,-0.971810739309294));
#6514=CARTESIAN_POINT('Ctrl Pts',(64.803446598919,-4.06990496769041,-0.971810739309294));
#6515=CARTESIAN_POINT('Ctrl Pts',(65.6068922292626,-4.06990496769041,-0.971810739309294));
#6516=CARTESIAN_POINT('Ctrl Pts',(66.4103378596061,-4.06990496769041,-0.971810739309294));
#6517=CARTESIAN_POINT('Ctrl Pts',(64.0000009685755,-3.71442108575185,-0.833290632007567));
#6518=CARTESIAN_POINT('Ctrl Pts',(64.8034465989191,-3.71442108575185,-0.833290632007567));
#6519=CARTESIAN_POINT('Ctrl Pts',(65.6068922292626,-3.71442108575185,-0.833290632007567));
#6520=CARTESIAN_POINT('Ctrl Pts',(66.4103378596061,-3.71442108575185,-0.833290632007567));
#6521=CARTESIAN_POINT('Ctrl Pts',(64.0000009685755,-3.53119626987831,-0.65821925210312));
#6522=CARTESIAN_POINT('Ctrl Pts',(64.803446598919,-3.53119626987831,-0.65821925210312));
#6523=CARTESIAN_POINT('Ctrl Pts',(65.6068922292626,-3.53119626987831,-0.65821925210312));
#6524=CARTESIAN_POINT('Ctrl Pts',(66.4103378596061,-3.53119626987831,-0.65821925210312));
#6525=CARTESIAN_POINT('Ctrl Pts',(64.0000009685755,-3.50000005215406,-0.550507627227611));
#6526=CARTESIAN_POINT('Ctrl Pts',(64.803446598919,-3.50000005215406,-0.550507627227611));
#6527=CARTESIAN_POINT('Ctrl Pts',(65.6068922292626,-3.50000005215406,-0.550507627227611));
#6528=CARTESIAN_POINT('Ctrl Pts',(66.4103378596061,-3.50000005215406,-0.550507627227611));
#6529=CARTESIAN_POINT('Ctrl Pts',(64.0000009685755,-3.50000005215406,-0.5));
#6530=CARTESIAN_POINT('Ctrl Pts',(64.803446598919,-3.50000005215406,-0.5));
#6531=CARTESIAN_POINT('Ctrl Pts',(65.6068922292626,-3.50000005215406,-0.5));
#6532=CARTESIAN_POINT('Ctrl Pts',(66.4103378596061,-3.50000005215406,-0.5));
#6533=CARTESIAN_POINT('',(65.0000009685755,-3.50000005215406,-0.5));
#6534=CARTESIAN_POINT('Ctrl Pts',(65.0000009685755,-3.50000005215406,-0.5));
#6535=CARTESIAN_POINT('Ctrl Pts',(65.4701132655857,-3.50000005215406,-0.5));
#6536=CARTESIAN_POINT('Ctrl Pts',(65.9402255625959,-3.50000005215406,-0.5));
#6537=CARTESIAN_POINT('Ctrl Pts',(66.4103378596061,-3.50000005215406,-0.5));
#6538=CARTESIAN_POINT('',(64.0000009685755,-4.50000005215406,-1.));
#6539=CARTESIAN_POINT('Ctrl Pts',(65.3477464638371,-4.50000005215406,-1.));
#6540=CARTESIAN_POINT('Ctrl Pts',(64.8984979654166,-4.50000005215406,-1.));
#6541=CARTESIAN_POINT('Ctrl Pts',(64.449249466996,-4.50000005215406,-1.));
#6542=CARTESIAN_POINT('Ctrl Pts',(64.0000009685755,-4.50000005215406,-1.));
#6543=CARTESIAN_POINT('Ctrl Pts',(64.0000009685755,-4.50000005215406,-1.));
#6544=CARTESIAN_POINT('Ctrl Pts',(64.0021044796168,-4.4978965411128,-1.));
#6545=CARTESIAN_POINT('Ctrl Pts',(64.0042080037478,-4.49579301698171,-0.999996681430974));
#6546=CARTESIAN_POINT('Ctrl Pts',(64.2238092933688,-4.27619172736104,-0.999303766165401));
#6547=CARTESIAN_POINT('Ctrl Pts',(64.4337339807673,-4.06626703996226,-0.963434235964604));
#6548=CARTESIAN_POINT('Ctrl Pts',(64.7098723867443,-3.79012863398527,-0.858116384672922));
#6549=CARTESIAN_POINT('Ctrl Pts',(64.7968533097746,-3.70314771095641,-0.808994999328428));
#6550=CARTESIAN_POINT('Ctrl Pts',(64.8958159168202,-3.60418510391044,-0.724626628345283));
#6551=CARTESIAN_POINT('Ctrl Pts',(64.9290897624181,-3.57091125838947,-0.689865858904584));
#6552=CARTESIAN_POINT('Ctrl Pts',(64.9692219392855,-3.53077908151254,-0.625493096157648));
#6553=CARTESIAN_POINT('Ctrl Pts',(64.9818059687284,-3.51819505206706,-0.599301507114235));
#6554=CARTESIAN_POINT('Ctrl Pts',(64.9964451129841,-3.50355590780782,-0.547912087857933));
#6555=CARTESIAN_POINT('Ctrl Pts',(65.0000009685755,-3.50000005215406,-0.524349498701563));
#6556=CARTESIAN_POINT('Ctrl Pts',(65.0000009685755,-3.50000005215406,-0.5));
#6557=CARTESIAN_POINT('Ctrl Pts',(64.0000009685755,4.50000005215407,-1.));
#6558=CARTESIAN_POINT('Ctrl Pts',(64.0000009685755,1.50000001738469,-1.));
#6559=CARTESIAN_POINT('Ctrl Pts',(64.0000009685755,-1.50000001738469,-1.));
#6560=CARTESIAN_POINT('Ctrl Pts',(64.0000009685755,-4.50000005215407,-1.));
#6561=CARTESIAN_POINT('Ctrl Pts',(64.1346879745158,4.50000005215407,-1.));
#6562=CARTESIAN_POINT('Ctrl Pts',(64.1346879745158,1.50000001738469,-1.));
#6563=CARTESIAN_POINT('Ctrl Pts',(64.1346879745158,-1.50000001738469,-1.));
#6564=CARTESIAN_POINT('Ctrl Pts',(64.1346879745158,-4.50000005215407,-1.));
#6565=CARTESIAN_POINT('Ctrl Pts',(64.4300938053579,4.50000005215407,-0.971811008356019));
#6566=CARTESIAN_POINT('Ctrl Pts',(64.4300938053579,1.50000001738469,-0.971811008356019));
#6567=CARTESIAN_POINT('Ctrl Pts',(64.4300938053579,-1.50000001738469,-0.971811008356019));
#6568=CARTESIAN_POINT('Ctrl Pts',(64.4300938053579,-4.50000005215407,-0.971811008356019));
#6569=CARTESIAN_POINT('Ctrl Pts',(64.7855792270353,4.50000005215407,-0.833290647846648));
#6570=CARTESIAN_POINT('Ctrl Pts',(64.7855792270353,1.50000001738469,-0.833290647846648));
#6571=CARTESIAN_POINT('Ctrl Pts',(64.7855792270353,-1.50000001738469,-0.833290647846648));
#6572=CARTESIAN_POINT('Ctrl Pts',(64.7855792270353,-4.50000005215407,-0.833290647846648));
#6573=CARTESIAN_POINT('Ctrl Pts',(64.9688038188229,4.50000005215407,-0.658219141609209));
#6574=CARTESIAN_POINT('Ctrl Pts',(64.9688038188229,1.50000001738469,-0.658219141609209));
#6575=CARTESIAN_POINT('Ctrl Pts',(64.9688038188229,-1.50000001738469,-0.658219141609209));
#6576=CARTESIAN_POINT('Ctrl Pts',(64.9688038188229,-4.50000005215407,-0.658219141609209));
#6577=CARTESIAN_POINT('Ctrl Pts',(65.0000009685755,4.50000005215407,-0.550507627227611));
#6578=CARTESIAN_POINT('Ctrl Pts',(65.0000009685755,1.50000001738469,-0.550507627227611));
#6579=CARTESIAN_POINT('Ctrl Pts',(65.0000009685755,-1.50000001738469,-0.550507627227611));
#6580=CARTESIAN_POINT('Ctrl Pts',(65.0000009685755,-4.50000005215407,-0.550507627227611));
#6581=CARTESIAN_POINT('Ctrl Pts',(65.0000009685755,4.50000005215407,-0.5));
#6582=CARTESIAN_POINT('Ctrl Pts',(65.0000009685755,1.50000001738469,-0.5));
#6583=CARTESIAN_POINT('Ctrl Pts',(65.0000009685755,-1.50000001738469,-0.5));
#6584=CARTESIAN_POINT('Ctrl Pts',(65.0000009685755,-4.50000005215407,-0.5));
#6585=CARTESIAN_POINT('',(65.0000009685755,3.50000005215406,-0.5));
#6586=CARTESIAN_POINT('Ctrl Pts',(65.0000009685755,3.50000005215406,-0.5));
#6587=CARTESIAN_POINT('Ctrl Pts',(65.0000009685755,1.16666668405135,-0.5));
#6588=CARTESIAN_POINT('Ctrl Pts',(65.0000009685755,-1.16666668405136,-0.5));
#6589=CARTESIAN_POINT('Ctrl Pts',(65.0000009685755,-3.50000005215407,-0.5));
#6590=CARTESIAN_POINT('',(64.0000009685755,4.50000005215406,-1.));
#6591=CARTESIAN_POINT('Ctrl Pts',(64.0000009685755,-4.50000005215407,-1.));
#6592=CARTESIAN_POINT('Ctrl Pts',(64.0000009685755,-1.50000001738469,-1.));
#6593=CARTESIAN_POINT('Ctrl Pts',(64.0000009685755,1.50000001738469,-1.));
#6594=CARTESIAN_POINT('Ctrl Pts',(64.0000009685755,4.50000005215407,-1.));
#6595=CARTESIAN_POINT('Ctrl Pts',(64.0000009685755,4.50000005215407,-1.));
#6596=CARTESIAN_POINT('Ctrl Pts',(64.0021099997321,4.49789102099745,-1.));
#6597=CARTESIAN_POINT('Ctrl Pts',(64.004219044082,4.49578197664754,-0.999996663990684));
#6598=CARTESIAN_POINT('Ctrl Pts',(64.2236787387435,4.27632228198578,-0.999302378224502));
#6599=CARTESIAN_POINT('Ctrl Pts',(64.4334713098407,4.06652971088888,-0.96347848893606));
#6600=CARTESIAN_POINT('Ctrl Pts',(64.7096638295602,3.79033719116937,-0.858229362648412));
#6601=CARTESIAN_POINT('Ctrl Pts',(64.7967431498815,3.70325787084632,-0.809077479953031));
#6602=CARTESIAN_POINT('Ctrl Pts',(64.8957848837522,3.60421613697602,-0.724658854273558));
#6603=CARTESIAN_POINT('Ctrl Pts',(64.92907423722,3.57092678343016,-0.689888182767484));
#6604=CARTESIAN_POINT('Ctrl Pts',(64.9692187143227,3.53078230633726,-0.625499731409228));
#6605=CARTESIAN_POINT('Ctrl Pts',(64.9818046583238,3.51819636233954,-0.599305647846903));
#6606=CARTESIAN_POINT('Ctrl Pts',(64.9964449946384,3.50355602602853,-0.547912863229442));
#6607=CARTESIAN_POINT('Ctrl Pts',(65.0000009685755,3.50000005215406,-0.524349903984259));
#6608=CARTESIAN_POINT('Ctrl Pts',(65.0000009685755,3.50000005215406,-0.5));
#6609=CARTESIAN_POINT('Ctrl Pts',(66.4103378443086,4.50000005215406,-1.));
#6610=CARTESIAN_POINT('Ctrl Pts',(65.6068922190642,4.50000005215406,-1.));
#6611=CARTESIAN_POINT('Ctrl Pts',(64.8034465938198,4.50000005215406,-1.));
#6612=CARTESIAN_POINT('Ctrl Pts',(64.0000009685755,4.50000005215406,-1.));
#6613=CARTESIAN_POINT('Ctrl Pts',(66.4103378443086,4.36531304621377,-1.));
#6614=CARTESIAN_POINT('Ctrl Pts',(65.6068922190642,4.36531304621377,-1.));
#6615=CARTESIAN_POINT('Ctrl Pts',(64.8034465938198,4.36531304621377,-1.));
#6616=CARTESIAN_POINT('Ctrl Pts',(64.0000009685755,4.36531304621377,-1.));
#6617=CARTESIAN_POINT('Ctrl Pts',(66.4103378443086,4.06990496769043,-0.971810739309297));
#6618=CARTESIAN_POINT('Ctrl Pts',(65.6068922190642,4.06990496769043,-0.971810739309297));
#6619=CARTESIAN_POINT('Ctrl Pts',(64.8034465938199,4.06990496769043,-0.971810739309297));
#6620=CARTESIAN_POINT('Ctrl Pts',(64.0000009685755,4.06990496769043,-0.971810739309297));
#6621=CARTESIAN_POINT('Ctrl Pts',(66.4103378443086,3.71442108575185,-0.833290632007566));
#6622=CARTESIAN_POINT('Ctrl Pts',(65.6068922190642,3.71442108575185,-0.833290632007566));
#6623=CARTESIAN_POINT('Ctrl Pts',(64.8034465938198,3.71442108575185,-0.833290632007566));
#6624=CARTESIAN_POINT('Ctrl Pts',(64.0000009685755,3.71442108575185,-0.833290632007566));
#6625=CARTESIAN_POINT('Ctrl Pts',(66.4103378443086,3.53119626987831,-0.658219252103119));
#6626=CARTESIAN_POINT('Ctrl Pts',(65.6068922190642,3.53119626987831,-0.658219252103119));
#6627=CARTESIAN_POINT('Ctrl Pts',(64.8034465938199,3.53119626987831,-0.658219252103119));
#6628=CARTESIAN_POINT('Ctrl Pts',(64.0000009685755,3.53119626987831,-0.658219252103119));
#6629=CARTESIAN_POINT('Ctrl Pts',(66.4103378443086,3.50000005215406,-0.550507627227611));
#6630=CARTESIAN_POINT('Ctrl Pts',(65.6068922190642,3.50000005215406,-0.550507627227611));
#6631=CARTESIAN_POINT('Ctrl Pts',(64.8034465938198,3.50000005215406,-0.550507627227611));
#6632=CARTESIAN_POINT('Ctrl Pts',(64.0000009685755,3.50000005215406,-0.550507627227611));
#6633=CARTESIAN_POINT('Ctrl Pts',(66.4103378443086,3.50000005215406,-0.5));
#6634=CARTESIAN_POINT('Ctrl Pts',(65.6068922190642,3.50000005215406,-0.5));
#6635=CARTESIAN_POINT('Ctrl Pts',(64.8034465938198,3.50000005215406,-0.5));
#6636=CARTESIAN_POINT('Ctrl Pts',(64.0000009685755,3.50000005215406,-0.5));
#6637=CARTESIAN_POINT('',(66.4103378443086,3.50000005215406,-0.5));
#6638=CARTESIAN_POINT('Ctrl Pts',(66.4103378443086,3.50000005215406,-0.5));
#6639=CARTESIAN_POINT('Ctrl Pts',(65.9402255523975,3.50000005215406,-0.5));
#6640=CARTESIAN_POINT('Ctrl Pts',(65.4701132604865,3.50000005215406,-0.5));
#6641=CARTESIAN_POINT('Ctrl Pts',(65.0000009685755,3.50000005215406,-0.5));
#6642=CARTESIAN_POINT('',(65.3477464426116,4.50000005215431,-1.));
#6643=CARTESIAN_POINT('Ctrl Pts',(64.0000009685755,4.50000005215406,-1.));
#6644=CARTESIAN_POINT('Ctrl Pts',(64.4492494599208,4.50000005215406,-1.));
#6645=CARTESIAN_POINT('Ctrl Pts',(64.8984979512662,4.50000005215406,-1.));
#6646=CARTESIAN_POINT('Ctrl Pts',(65.3477464426116,4.50000005215406,-1.));
#6647=CARTESIAN_POINT('Ctrl Pts',(65.3477464426694,4.50000005215829,-1.));
#6648=CARTESIAN_POINT('Ctrl Pts',(65.3500071956076,4.49788962607492,-0.999999999999939));
#6649=CARTESIAN_POINT('Ctrl Pts',(65.3522679087294,4.49577912758353,-0.999996659575288));
#6650=CARTESIAN_POINT('Ctrl Pts',(65.5939771943374,4.27011867881838,-0.999282264892274));
#6651=CARTESIAN_POINT('Ctrl Pts',(65.8249662675314,4.05313299333261,-0.961114565353451));
#6652=CARTESIAN_POINT('Ctrl Pts',(66.1171626336607,3.77759767456616,-0.851604116948616));
#6653=CARTESIAN_POINT('Ctrl Pts',(66.2058279447667,3.6937485629109,-0.802598656941174));
#6654=CARTESIAN_POINT('Ctrl Pts',(66.3058718890795,3.59903536997992,-0.719290799667654));
#6655=CARTESIAN_POINT('Ctrl Pts',(66.3393563982986,3.56730783510748,-0.685176494631528));
#6656=CARTESIAN_POINT('Ctrl Pts',(66.3795933547676,3.52916164799098,-0.622196621661203));
#6657=CARTESIAN_POINT('Ctrl Pts',(66.3921752716165,3.51722873928089,-0.5966597313953));
#6658=CARTESIAN_POINT('Ctrl Pts',(66.4067905262871,3.50336554455218,-0.546608927459545));
#6659=CARTESIAN_POINT('Ctrl Pts',(66.4103378443086,3.50000005215407,-0.52368815755276));
#6660=CARTESIAN_POINT('Ctrl Pts',(66.4103378443086,3.50000005215407,-0.5));
#6661=CARTESIAN_POINT('Ctrl Pts',(48.6907324340043,43.8154143858873,-1.));
#6662=CARTESIAN_POINT('Ctrl Pts',(52.9476522704933,39.0848293102826,-1.));
#6663=CARTESIAN_POINT('Ctrl Pts',(61.2640858888534,26.5901724697738,-1.));
#6664=CARTESIAN_POINT('Ctrl Pts',(64.9651478634217,11.9208713431887,-1.));
#6665=CARTESIAN_POINT('Ctrl Pts',(65.4117237421103,3.44737045125502,-1.));
#6666=CARTESIAN_POINT('Ctrl Pts',(48.7908508818273,43.9055081480171,-1.));
#6667=CARTESIAN_POINT('Ctrl Pts',(53.0564609809304,39.1652658488317,-1.));
#6668=CARTESIAN_POINT('Ctrl Pts',(61.3900063644536,26.6448866792181,-1.));
#6669=CARTESIAN_POINT('Ctrl Pts',(65.098736547377,11.9452580424314,-1.));
#6670=CARTESIAN_POINT('Ctrl Pts',(65.5462240856252,3.45445897462395,-1.));
#6671=CARTESIAN_POINT('Ctrl Pts',(49.0104563500931,44.1031249034757,-0.971808140171096));
#6672=CARTESIAN_POINT('Ctrl Pts',(53.2953276272426,39.3414782450577,-0.971808140171096));
#6673=CARTESIAN_POINT('Ctrl Pts',(61.6663706960301,26.764775579802,-0.971808140171096));
#6674=CARTESIAN_POINT('Ctrl Pts',(65.3917366003796,11.9991462468906,-0.971808140171097));
#6675=CARTESIAN_POINT('Ctrl Pts',(65.8412447492667,3.47000734285772,-0.971808140171096));
#6676=CARTESIAN_POINT('Ctrl Pts',(49.2746911673123,44.3409023489575,-0.833290471766673));
#6677=CARTESIAN_POINT('Ctrl Pts',(53.5826441959164,39.5536056446978,-0.833290471766673));
#6678=CARTESIAN_POINT('Ctrl Pts',(61.9988224553638,26.909087379149,-0.833290471766673));
#6679=CARTESIAN_POINT('Ctrl Pts',(65.7442914643395,12.0637992133185,-0.833290471766674));
#6680=CARTESIAN_POINT('Ctrl Pts',(66.1962210244425,3.48871553018454,-0.833290471766674));
#6681=CARTESIAN_POINT('Ctrl Pts',(49.4108914705046,44.4634651531622,-0.658220287281591));
#6682=CARTESIAN_POINT('Ctrl Pts',(53.7307729194304,39.6629127595035,-0.658220287281591));
#6683=CARTESIAN_POINT('Ctrl Pts',(62.1702105819337,26.9834538942783,-0.658220287281591));
#6684=CARTESIAN_POINT('Ctrl Pts',(65.9260132509803,12.0971861878636,-0.658220287281591));
#6685=CARTESIAN_POINT('Ctrl Pts',(66.3791941723941,3.49835869838209,-0.658220287281591));
#6686=CARTESIAN_POINT('Ctrl Pts',(49.4340739844678,44.4843264424049,-0.550507627227611));
#6687=CARTESIAN_POINT('Ctrl Pts',(53.7559851183899,39.6815185217641,-0.550507627227611));
#6688=CARTESIAN_POINT('Ctrl Pts',(62.1993818561371,26.9961121410349,-0.550507627227611));
#6689=CARTESIAN_POINT('Ctrl Pts',(65.9569439970245,12.1028676782339,-0.550507627227611));
#6690=CARTESIAN_POINT('Ctrl Pts',(66.4103378443086,3.50000005215407,-0.550507627227611));
#6691=CARTESIAN_POINT('Ctrl Pts',(49.4340739844678,44.4843264424049,-0.5));
#6692=CARTESIAN_POINT('Ctrl Pts',(53.7559824791749,39.6815214546432,-0.5));
#6693=CARTESIAN_POINT('Ctrl Pts',(62.1993796962819,26.9961137862705,-0.5));
#6694=CARTESIAN_POINT('Ctrl Pts',(65.9569442738937,12.102862424813,-0.5));
#6695=CARTESIAN_POINT('Ctrl Pts',(66.4103378443086,3.50000005215407,-0.5));
#6696=CARTESIAN_POINT('',(49.4340739844678,44.484326442405,-0.5));
#6697=CARTESIAN_POINT('Ctrl Pts',(49.4340739844678,44.4843264424049,-0.5));
#6698=CARTESIAN_POINT('Ctrl Pts',(53.7559824791749,39.6815214546432,-0.5));
#6699=CARTESIAN_POINT('Ctrl Pts',(62.1993796962819,26.9961137862705,-0.5));
#6700=CARTESIAN_POINT('Ctrl Pts',(65.9569442738937,12.102862424813,-0.5));
#6701=CARTESIAN_POINT('Ctrl Pts',(66.4103378443086,3.50000005215407,-0.5));
#6702=CARTESIAN_POINT('',(49.3898151806527,43.0258540762168,-1.));
#6703=CARTESIAN_POINT('Ctrl Pts',(65.3476420700446,4.4999928760861,-1.));
#6704=CARTESIAN_POINT('Ctrl Pts',(64.7873272825246,12.614199175266,-1.));
#6705=CARTESIAN_POINT('Ctrl Pts',(61.1574089128357,26.5399164044353,-1.));
#6706=CARTESIAN_POINT('Ctrl Pts',(53.3388159976052,38.492038034007,-1.));
#6707=CARTESIAN_POINT('Ctrl Pts',(49.389784551653,43.0258273879784,-1.));
#6708=CARTESIAN_POINT('Ctrl Pts',(49.3898151806529,43.0258540762167,-1.));
#6709=CARTESIAN_POINT('Ctrl Pts',(49.3899214777976,43.0289449667733,-0.999999999999997));
#6710=CARTESIAN_POINT('Ctrl Pts',(49.3900276956059,43.0320358797212,-0.999996659575786));
#6711=CARTESIAN_POINT('Ctrl Pts',(49.4013759367886,43.3625161878511,-0.999282264893175));
#6712=CARTESIAN_POINT('Ctrl Pts',(49.4112778270244,43.6792821772366,-0.96111456544294));
#6713=CARTESIAN_POINT('Ctrl Pts',(49.4230589663922,44.0807291014935,-0.851604117075186));
#6714=CARTESIAN_POINT('Ctrl Pts',(49.4264645336222,44.2027152197039,-0.802598657065051));
#6715=CARTESIAN_POINT('Ctrl Pts',(49.4302339440047,44.3404293121789,-0.719290799771539));
#6716=CARTESIAN_POINT('Ctrl Pts',(49.4314763124569,44.3865411907902,-0.685176494722885));
#6717=CARTESIAN_POINT('Ctrl Pts',(49.4329547096166,44.4419664431768,-0.622196621725375));
#6718=CARTESIAN_POINT('Ctrl Pts',(49.433413627664,44.4593010425783,-0.596659731446728));
#6719=CARTESIAN_POINT('Ctrl Pts',(49.4339454143389,44.4794383472775,-0.546608927484788));
#6720=CARTESIAN_POINT('Ctrl Pts',(49.4340739844678,44.484326442405,-0.523688157565572));
#6721=CARTESIAN_POINT('Ctrl Pts',(49.4340739844678,44.484326442405,-0.5));
#6722=CARTESIAN_POINT('Ctrl Pts',(48.4368152330433,42.0728541286074,-1.));
#6723=CARTESIAN_POINT('Ctrl Pts',(49.004937077247,42.640975972811,-1.));
#6724=CARTESIAN_POINT('Ctrl Pts',(49.5730589214506,43.2090978170147,-1.));
#6725=CARTESIAN_POINT('Ctrl Pts',(50.1411807656543,43.7772196612184,-1.));
#6726=CARTESIAN_POINT('Ctrl Pts',(48.3415771378052,42.1680922238455,-1.));
#6727=CARTESIAN_POINT('Ctrl Pts',(48.9096989820089,42.7362140680491,-1.));
#6728=CARTESIAN_POINT('Ctrl Pts',(49.4778208262125,43.3043359122528,-1.));
#6729=CARTESIAN_POINT('Ctrl Pts',(50.0459426704162,43.8724577564565,-1.));
#6730=CARTESIAN_POINT('Ctrl Pts',(48.1326762851551,42.3769930764955,-0.971808102952536));
#6731=CARTESIAN_POINT('Ctrl Pts',(48.7007981293588,42.9451149206992,-0.971808102952536));
#6732=CARTESIAN_POINT('Ctrl Pts',(49.2689199735625,43.5132367649029,-0.971808102952536));
#6733=CARTESIAN_POINT('Ctrl Pts',(49.8370418177662,44.0813586091066,-0.971808102952536));
#6734=CARTESIAN_POINT('Ctrl Pts',(47.8813219545466,42.628347407104,-0.833290469373128));
#6735=CARTESIAN_POINT('Ctrl Pts',(48.4494437987503,43.1964692513077,-0.833290469373128));
#6736=CARTESIAN_POINT('Ctrl Pts',(49.017565642954,43.7645910955113,-0.833290469373128));
#6737=CARTESIAN_POINT('Ctrl Pts',(49.5856874871577,44.332712939715,-0.833290469373128));
#6738=CARTESIAN_POINT('Ctrl Pts',(47.7517608184882,42.7579085431624,-0.658220301677461));
#6739=CARTESIAN_POINT('Ctrl Pts',(48.3198826626919,43.3260303873661,-0.658220301677461));
#6740=CARTESIAN_POINT('Ctrl Pts',(48.8880045068956,43.8941522315698,-0.658220301677461));
#6741=CARTESIAN_POINT('Ctrl Pts',(49.4561263510993,44.4622740757735,-0.658220301677461));
#6742=CARTESIAN_POINT('Ctrl Pts',(47.7297084518567,42.7799609097939,-0.550507627227611));
#6743=CARTESIAN_POINT('Ctrl Pts',(48.2978302960604,43.3480827539976,-0.550507627227611));
#6744=CARTESIAN_POINT('Ctrl Pts',(48.8659521402641,43.9162045982013,-0.550507627227611));
#6745=CARTESIAN_POINT('Ctrl Pts',(49.4340739844678,44.484326442405,-0.550507627227611));
#6746=CARTESIAN_POINT('Ctrl Pts',(47.7297084518567,42.7799609097939,-0.5));
#6747=CARTESIAN_POINT('Ctrl Pts',(48.2978302960604,43.3480827539976,-0.5));
#6748=CARTESIAN_POINT('Ctrl Pts',(48.8659521402641,43.9162045982013,-0.5));
#6749=CARTESIAN_POINT('Ctrl Pts',(49.4340739844678,44.484326442405,-0.5));
#6750=CARTESIAN_POINT('',(48.4368152330433,43.4870676909805,-0.5));
#6751=CARTESIAN_POINT('Ctrl Pts',(48.4368152330433,43.4870676909805,-0.5));
#6752=CARTESIAN_POINT('Ctrl Pts',(48.7692348168515,43.8194872747886,-0.5));
#6753=CARTESIAN_POINT('Ctrl Pts',(49.1016544006596,44.1519068585968,-0.5));
#6754=CARTESIAN_POINT('Ctrl Pts',(49.4340739844678,44.484326442405,-0.5));
#6755=CARTESIAN_POINT('',(48.4368152330433,42.0728541286074,-1.));
#6756=CARTESIAN_POINT('Ctrl Pts',(49.3898151806527,43.0258540762168,-1.));
#6757=CARTESIAN_POINT('Ctrl Pts',(49.0721485314496,42.7081874270137,-1.));
#6758=CARTESIAN_POINT('Ctrl Pts',(48.7544818822464,42.3905207778105,-1.));
#6759=CARTESIAN_POINT('Ctrl Pts',(48.4368152330433,42.0728541286074,-1.));
#6760=CARTESIAN_POINT('Ctrl Pts',(48.4368152330433,42.0728541286074,-1.));
#6761=CARTESIAN_POINT('Ctrl Pts',(48.4368152330433,42.0758373826612,-1.));
#6762=CARTESIAN_POINT('Ctrl Pts',(48.4368152330432,42.0788206553851,-0.999996662573218));
#6763=CARTESIAN_POINT('Ctrl Pts',(48.4368152330458,42.389167299141,-0.99930226563658));
#6764=CARTESIAN_POINT('Ctrl Pts',(48.4368152330433,42.6858436501616,-0.963482075023769));
#6765=CARTESIAN_POINT('Ctrl Pts',(48.4368152330433,43.0764450635879,-0.858238518538832));
#6766=CARTESIAN_POINT('Ctrl Pts',(48.4368152330445,43.1996051054222,-0.809084162256169));
#6767=CARTESIAN_POINT('Ctrl Pts',(48.4368152330443,43.3396803388849,-0.724661461890309));
#6768=CARTESIAN_POINT('Ctrl Pts',(48.4368152330995,43.3867603692689,-0.689889988931543));
#6769=CARTESIAN_POINT('Ctrl Pts',(48.4368152330926,43.4435346408406,-0.625500267873947));
#6770=CARTESIAN_POINT('Ctrl Pts',(48.4368152330901,43.4613340724679,-0.599305982615529));
#6771=CARTESIAN_POINT('Ctrl Pts',(48.4368152330876,43.4820387709353,-0.547912925897828));
#6772=CARTESIAN_POINT('Ctrl Pts',(48.4368152330433,43.4870676909805,-0.524349936740719));
#6773=CARTESIAN_POINT('Ctrl Pts',(48.4368152330433,43.4870676909805,-0.5));
#6774=CARTESIAN_POINT('Ctrl Pts',(42.0728541286074,48.4368152330433,-1.));
#6775=CARTESIAN_POINT('Ctrl Pts',(44.1941744967527,46.315494864898,-1.));
#6776=CARTESIAN_POINT('Ctrl Pts',(46.315494864898,44.1941744967527,-1.));
#6777=CARTESIAN_POINT('Ctrl Pts',(48.4368152330433,42.0728541286074,-1.));
#6778=CARTESIAN_POINT('Ctrl Pts',(42.1680922238455,48.5320533282814,-1.));
#6779=CARTESIAN_POINT('Ctrl Pts',(44.2894125919908,46.4107329601361,-1.));
#6780=CARTESIAN_POINT('Ctrl Pts',(46.4107329601361,44.2894125919908,-1.));
#6781=CARTESIAN_POINT('Ctrl Pts',(48.5320533282814,42.1680922238455,-1.));
#6782=CARTESIAN_POINT('Ctrl Pts',(42.3769917390583,48.7409528434942,-0.971808323524366));
#6783=CARTESIAN_POINT('Ctrl Pts',(44.4983121072036,46.6196324753489,-0.971808323524366));
#6784=CARTESIAN_POINT('Ctrl Pts',(46.6196324753489,44.4983121072036,-0.971808323524366));
#6785=CARTESIAN_POINT('Ctrl Pts',(48.7409528434942,42.3769917390583,-0.971808323524366));
#6786=CARTESIAN_POINT('Ctrl Pts',(42.6283469722212,48.9923080766571,-0.833290483516123));
#6787=CARTESIAN_POINT('Ctrl Pts',(44.7496673403665,46.8709877085118,-0.833290483516123));
#6788=CARTESIAN_POINT('Ctrl Pts',(46.8709877085118,44.7496673403665,-0.833290483516123));
#6789=CARTESIAN_POINT('Ctrl Pts',(48.9923080766571,42.6283469722212,-0.833290483516123));
#6790=CARTESIAN_POINT('Ctrl Pts',(42.757907967004,49.12186907144,-0.658220216184674));
#6791=CARTESIAN_POINT('Ctrl Pts',(44.8792283351493,47.0005487032947,-0.658220216184674));
#6792=CARTESIAN_POINT('Ctrl Pts',(47.0005487032947,44.8792283351493,-0.658220216184674));
#6793=CARTESIAN_POINT('Ctrl Pts',(49.12186907144,42.757907967004,-0.658220216184674));
#6794=CARTESIAN_POINT('Ctrl Pts',(42.7799609097939,49.1439220142298,-0.550507627227611));
#6795=CARTESIAN_POINT('Ctrl Pts',(44.9012812779392,47.0226016460845,-0.550507627227611));
#6796=CARTESIAN_POINT('Ctrl Pts',(47.0226016460845,44.9012812779392,-0.550507627227611));
#6797=CARTESIAN_POINT('Ctrl Pts',(49.1439220142298,42.7799609097939,-0.550507627227611));
#6798=CARTESIAN_POINT('Ctrl Pts',(42.7799609097939,49.1439220142298,-0.5));
#6799=CARTESIAN_POINT('Ctrl Pts',(44.9012812779392,47.0226016460845,-0.5));
#6800=CARTESIAN_POINT('Ctrl Pts',(47.0226016460845,44.9012812779392,-0.5));
#6801=CARTESIAN_POINT('Ctrl Pts',(49.1439220142298,42.7799609097939,-0.5));
#6802=CARTESIAN_POINT('',(43.4870676909805,48.4368152330433,-0.5));
#6803=CARTESIAN_POINT('Ctrl Pts',(43.4870676909805,48.4368152330433,-0.5));
#6804=CARTESIAN_POINT('Ctrl Pts',(45.1369835383347,46.786899385689,-0.5));
#6805=CARTESIAN_POINT('Ctrl Pts',(46.786899385689,45.1369835383348,-0.5));
#6806=CARTESIAN_POINT('Ctrl Pts',(48.4368152330433,43.4870676909805,-0.5));
#6807=CARTESIAN_POINT('',(42.0728541286074,48.4368152330433,-1.));
#6808=CARTESIAN_POINT('Ctrl Pts',(48.4368152330433,42.0728541286074,-1.));
#6809=CARTESIAN_POINT('Ctrl Pts',(46.315494864898,44.1941744967527,-1.));
#6810=CARTESIAN_POINT('Ctrl Pts',(44.1941744967527,46.315494864898,-1.));
#6811=CARTESIAN_POINT('Ctrl Pts',(42.0728541286074,48.4368152330433,-1.));
#6812=CARTESIAN_POINT('Ctrl Pts',(42.0728541286074,48.4368152330433,-1.));
#6813=CARTESIAN_POINT('Ctrl Pts',(42.0758379308263,48.4368152330433,-1.));
#6814=CARTESIAN_POINT('Ctrl Pts',(42.0788217517255,48.4368152330433,-0.999996661346618));
#6815=CARTESIAN_POINT('Ctrl Pts',(42.3891543535756,48.4368152330446,-0.999302168235315));
#6816=CARTESIAN_POINT('Ctrl Pts',(42.6858176005592,48.4368152330433,-0.96348517694968));
#6817=CARTESIAN_POINT('Ctrl Pts',(43.0764243828466,48.4368152330433,-0.858246438360825));
#6818=CARTESIAN_POINT('Ctrl Pts',(43.1995941881276,48.436815233042,-0.809089942185087));
#6819=CARTESIAN_POINT('Ctrl Pts',(43.3396772674534,48.4368152330423,-0.724663716986113));
#6820=CARTESIAN_POINT('Ctrl Pts',(43.3867588330912,48.436815232987,-0.689891550896852));
#6821=CARTESIAN_POINT('Ctrl Pts',(43.4435343219815,48.4368152329939,-0.625500731761715));
#6822=CARTESIAN_POINT('Ctrl Pts',(43.4613339429209,48.4368152329965,-0.59930627209264));
#6823=CARTESIAN_POINT('Ctrl Pts',(43.4820387592448,48.436815232999,-0.547912980085371));
#6824=CARTESIAN_POINT('Ctrl Pts',(43.4870676909805,48.4368152330433,-0.524349965064291));
#6825=CARTESIAN_POINT('Ctrl Pts',(43.4870676909805,48.4368152330433,-0.5));
#6826=CARTESIAN_POINT('Ctrl Pts',(43.7772196700286,50.1411807744645,-1.));
#6827=CARTESIAN_POINT('Ctrl Pts',(43.2090978228882,49.5730589273241,-1.));
#6828=CARTESIAN_POINT('Ctrl Pts',(42.6409759757478,49.0049370801837,-1.));
#6829=CARTESIAN_POINT('Ctrl Pts',(42.0728541286074,48.4368152330433,-1.));
#6830=CARTESIAN_POINT('Ctrl Pts',(43.8724577652667,50.0459426792264,-1.));
#6831=CARTESIAN_POINT('Ctrl Pts',(43.3043359181263,49.477820832086,-1.));
#6832=CARTESIAN_POINT('Ctrl Pts',(42.7362140709859,48.9096989849456,-1.));
#6833=CARTESIAN_POINT('Ctrl Pts',(42.1680922238455,48.3415771378052,-1.));
#6834=CARTESIAN_POINT('Ctrl Pts',(44.0813586179167,49.8370418265764,-0.971808102952535));
#6835=CARTESIAN_POINT('Ctrl Pts',(43.5132367707763,49.268919979436,-0.971808102952535));
#6836=CARTESIAN_POINT('Ctrl Pts',(42.9451149236359,48.7007981322956,-0.971808102952535));
#6837=CARTESIAN_POINT('Ctrl Pts',(42.3769930764955,48.1326762851552,-0.971808102952535));
#6838=CARTESIAN_POINT('Ctrl Pts',(44.3327129485252,49.5856874959679,-0.833290469373129));
#6839=CARTESIAN_POINT('Ctrl Pts',(43.7645911013848,49.0175656488275,-0.833290469373129));
#6840=CARTESIAN_POINT('Ctrl Pts',(43.1964692542444,48.4494438016871,-0.833290469373129));
#6841=CARTESIAN_POINT('Ctrl Pts',(42.628347407104,47.8813219545467,-0.833290469373129));
#6842=CARTESIAN_POINT('Ctrl Pts',(44.4622740845837,49.4561263599095,-0.658220301677462));
#6843=CARTESIAN_POINT('Ctrl Pts',(43.8941522374433,48.8880045127691,-0.658220301677462));
#6844=CARTESIAN_POINT('Ctrl Pts',(43.3260303903029,48.3198826656287,-0.658220301677462));
#6845=CARTESIAN_POINT('Ctrl Pts',(42.7579085431624,47.7517608184883,-0.658220301677462));
#6846=CARTESIAN_POINT('Ctrl Pts',(44.4843264512151,49.434073993278,-0.550507627227611));
#6847=CARTESIAN_POINT('Ctrl Pts',(43.9162046040747,48.8659521461376,-0.550507627227611));
#6848=CARTESIAN_POINT('Ctrl Pts',(43.3480827569343,48.2978302989972,-0.550507627227611));
#6849=CARTESIAN_POINT('Ctrl Pts',(42.7799609097939,47.7297084518567,-0.550507627227611));
#6850=CARTESIAN_POINT('Ctrl Pts',(44.4843264512151,49.434073993278,-0.5));
#6851=CARTESIAN_POINT('Ctrl Pts',(43.9162046040747,48.8659521461376,-0.5));
#6852=CARTESIAN_POINT('Ctrl Pts',(43.3480827569343,48.2978302989972,-0.5));
#6853=CARTESIAN_POINT('Ctrl Pts',(42.7799609097939,47.7297084518567,-0.5));
#6854=CARTESIAN_POINT('',(44.4843264512151,49.434073993278,-0.5));
#6855=CARTESIAN_POINT('Ctrl Pts',(44.4843264512151,49.434073993278,-0.5));
#6856=CARTESIAN_POINT('Ctrl Pts',(44.1519068644702,49.1016544065331,-0.5));
#6857=CARTESIAN_POINT('Ctrl Pts',(43.8194872777254,48.7692348197882,-0.5));
#6858=CARTESIAN_POINT('Ctrl Pts',(43.4870676909805,48.4368152330433,-0.5));
#6859=CARTESIAN_POINT('',(43.0258540877266,49.3898151921629,-1.));
#6860=CARTESIAN_POINT('Ctrl Pts',(42.0728541286074,48.4368152330433,-1.));
#6861=CARTESIAN_POINT('Ctrl Pts',(42.3905207816472,48.7544818860831,-1.));
#6862=CARTESIAN_POINT('Ctrl Pts',(42.708187434687,49.0721485391229,-1.));
#6863=CARTESIAN_POINT('Ctrl Pts',(43.0258540877268,49.3898151921627,-1.));
#6864=CARTESIAN_POINT('Ctrl Pts',(43.0258540877646,49.3898151922065,-1.));
#6865=CARTESIAN_POINT('Ctrl Pts',(43.0289449780857,49.3899214893375,-0.999999999999939));
#6866=CARTESIAN_POINT('Ctrl Pts',(43.0320358914507,49.390027707114,-0.999996659575289));
#6867=CARTESIAN_POINT('Ctrl Pts',(43.3625161983784,49.4013759476518,-0.999282264893954));
#6868=CARTESIAN_POINT('Ctrl Pts',(43.6792821864667,49.411277837283,-0.961114565537475));
#6869=CARTESIAN_POINT('Ctrl Pts',(44.0807291098102,49.423058975908,-0.851604117523208));
#6870=CARTESIAN_POINT('Ctrl Pts',(44.2027152281066,49.4264645429231,-0.802598657504553));
#6871=CARTESIAN_POINT('Ctrl Pts',(44.340429320747,49.4302339530648,-0.719290800137171));
#6872=CARTESIAN_POINT('Ctrl Pts',(44.3865411994255,49.4314763214366,-0.685176495044494));
#6873=CARTESIAN_POINT('Ctrl Pts',(44.4419664519058,49.4329547185001,-0.622196621951193));
#6874=CARTESIAN_POINT('Ctrl Pts',(44.4593010513395,49.4334136365175,-0.596659731627746));
#6875=CARTESIAN_POINT('Ctrl Pts',(44.4794383560779,49.4339454231576,-0.546608927574115));
#6876=CARTESIAN_POINT('Ctrl Pts',(44.4843264512152,49.434073993278,-0.523688157610894));
#6877=CARTESIAN_POINT('Ctrl Pts',(44.4843264512152,49.434073993278,-0.5));
#6878=CARTESIAN_POINT('Ctrl Pts',(3.44737044874129,65.4117239006009,-1.));
#6879=CARTESIAN_POINT('Ctrl Pts',(9.80249612659162,65.0767919750737,-1.));
#6880=CARTESIAN_POINT('Ctrl Pts',(24.5181593259137,62.1223419415633,-1.));
#6881=CARTESIAN_POINT('Ctrl Pts',(37.5079676351136,54.3666255916698,-1.));
#6882=CARTESIAN_POINT('Ctrl Pts',(43.8154143920514,48.6907324451958,-1.));
#6883=CARTESIAN_POINT('Ctrl Pts',(3.45445897244878,65.5462242440979,-1.));
#6884=CARTESIAN_POINT('Ctrl Pts',(9.8225582822226,65.2106085738674,-1.));
#6885=CARTESIAN_POINT('Ctrl Pts',(24.5685097600922,62.2500699520808,-1.));
#6886=CARTESIAN_POINT('Ctrl Pts',(37.5851850995139,54.4783310560545,-1.));
#6887=CARTESIAN_POINT('Ctrl Pts',(43.9055081545375,48.790850892698,-1.));
#6888=CARTESIAN_POINT('Ctrl Pts',(3.47000734142518,65.8412449077003,-0.971808140171094));
#6889=CARTESIAN_POINT('Ctrl Pts',(9.86686152840838,65.5041137794159,-0.971808140171094));
#6890=CARTESIAN_POINT('Ctrl Pts',(24.6791545995697,62.5302632991802,-0.971808140171094));
#6891=CARTESIAN_POINT('Ctrl Pts',(37.7542627101583,54.7236180944863,-0.971808140171094));
#6892=CARTESIAN_POINT('Ctrl Pts',(44.1031249107779,49.0104563602603,-0.971808140171094));
#6893=CARTESIAN_POINT('Ctrl Pts',(3.48871552964555,66.1962211828289,-0.833290471766673));
#6894=CARTESIAN_POINT('Ctrl Pts',(9.9200283010028,65.8572739960431,-0.833290471766673));
#6895=CARTESIAN_POINT('Ctrl Pts',(24.8121896424523,62.867386044031,-0.833290471766673));
#6896=CARTESIAN_POINT('Ctrl Pts',(37.9578400955157,55.0186285796343,-0.833290471766673));
#6897=CARTESIAN_POINT('Ctrl Pts',(44.3409023572003,49.2746911766331,-0.833290471766673));
#6898=CARTESIAN_POINT('Ctrl Pts',(3.49835869830367,66.3791943307563,-0.658220287281591));
#6899=CARTESIAN_POINT('Ctrl Pts',(9.94747932444654,66.0393086229411,-0.658220287281591));
#6900=CARTESIAN_POINT('Ctrl Pts',(24.8807942825266,63.0411608174189,-0.658220287281591));
#6901=CARTESIAN_POINT('Ctrl Pts',(38.0627286477027,55.1707334429064,-0.658220287281591));
#6902=CARTESIAN_POINT('Ctrl Pts',(44.4634651618899,49.4108914793891,-0.658220287281591));
#6903=CARTESIAN_POINT('Ctrl Pts',(3.50000005215404,66.4103380026666,-0.550507627227611));
#6904=CARTESIAN_POINT('Ctrl Pts',(9.95215078074982,66.0702926004409,-0.550507627227611));
#6905=CARTESIAN_POINT('Ctrl Pts',(24.8924707563318,63.0707387552983,-0.550507627227611));
#6906=CARTESIAN_POINT('Ctrl Pts',(38.0805825677235,55.196622203472,-0.550507627227611));
#6907=CARTESIAN_POINT('Ctrl Pts',(44.4843264512152,49.434073993278,-0.550507627227611));
#6908=CARTESIAN_POINT('Ctrl Pts',(3.50000005215404,66.4103380026666,-0.5));
#6909=CARTESIAN_POINT('Ctrl Pts',(9.9521468406842,66.0702928080928,-0.5));
#6910=CARTESIAN_POINT('Ctrl Pts',(24.8924680657263,63.0707383914073,-0.5));
#6911=CARTESIAN_POINT('Ctrl Pts',(38.080586478229,55.1966186845186,-0.5));
#6912=CARTESIAN_POINT('Ctrl Pts',(44.4843264512152,49.434073993278,-0.5));
#6913=CARTESIAN_POINT('',(3.50000005215405,66.4103380026666,-0.5));
#6914=CARTESIAN_POINT('Ctrl Pts',(3.50000005215404,66.4103380026666,-0.5));
#6915=CARTESIAN_POINT('Ctrl Pts',(9.9521468406842,66.0702928080928,-0.5));
#6916=CARTESIAN_POINT('Ctrl Pts',(24.8924680657263,63.0707383914073,-0.5));
#6917=CARTESIAN_POINT('Ctrl Pts',(38.080586478229,55.1966186845186,-0.5));
#6918=CARTESIAN_POINT('Ctrl Pts',(44.4843264512152,49.434073993278,-0.5));
#6919=CARTESIAN_POINT('',(4.50000005215405,65.3477465982706,-1.));
#6920=CARTESIAN_POINT('Ctrl Pts',(43.0257853594232,49.3897363153672,-1.));
#6921=CARTESIAN_POINT('Ctrl Pts',(36.8919726892511,54.731144265712,-1.));
#6922=CARTESIAN_POINT('Ctrl Pts',(24.4782637195691,62.011373522829,-1.));
#6923=CARTESIAN_POINT('Ctrl Pts',(10.498257383833,64.9342197646545,-1.));
#6924=CARTESIAN_POINT('Ctrl Pts',(4.49999726561481,65.3477060688624,-1.));
#6925=CARTESIAN_POINT('Ctrl Pts',(4.50000005215421,65.3477465982706,-1.));
#6926=CARTESIAN_POINT('Ctrl Pts',(4.49788962591252,65.3500073513842,-0.999999999999997));
#6927=CARTESIAN_POINT('Ctrl Pts',(4.49577912774183,65.3522680642282,-0.999996659575789));
#6928=CARTESIAN_POINT('Ctrl Pts',(4.2701186784196,65.5939773510504,-0.999282264891009));
#6929=CARTESIAN_POINT('Ctrl Pts',(4.05313299265478,65.8249664251287,-0.961114565221579));
#6930=CARTESIAN_POINT('Ctrl Pts',(3.77759767396784,66.1171627919115,-0.851604116632292));
#6931=CARTESIAN_POINT('Ctrl Pts',(3.69374856246256,66.2058281030824,-0.802598656631069));
#6932=CARTESIAN_POINT('Ctrl Pts',(3.59903536973405,66.3058720474335,-0.719290799409194));
#6933=CARTESIAN_POINT('Ctrl Pts',(3.56730783493528,66.3393565566593,-0.685176494404152));
#6934=CARTESIAN_POINT('Ctrl Pts',(3.5291616479137,66.3795935131296,-0.622196621501499));
#6935=CARTESIAN_POINT('Ctrl Pts',(3.5172287392347,66.3921754299774,-0.596659731267288));
#6936=CARTESIAN_POINT('Ctrl Pts',(3.50336554454304,66.4067906846458,-0.546608927396363));
#6937=CARTESIAN_POINT('Ctrl Pts',(3.50000005215405,66.4103380026666,-0.523688157520705));
#6938=CARTESIAN_POINT('Ctrl Pts',(3.50000005215405,66.4103380026666,-0.5));
#6939=CARTESIAN_POINT('Ctrl Pts',(4.50000005215405,64.0000009685755,-1.));
#6940=CARTESIAN_POINT('Ctrl Pts',(4.50000005215405,64.8034466466059,-1.));
#6941=CARTESIAN_POINT('Ctrl Pts',(4.50000005215405,65.6068923246362,-1.));
#6942=CARTESIAN_POINT('Ctrl Pts',(4.50000005215405,66.4103380026666,-1.));
#6943=CARTESIAN_POINT('Ctrl Pts',(4.36531304621376,64.0000009685755,-1.));
#6944=CARTESIAN_POINT('Ctrl Pts',(4.36531304621376,64.8034466466059,-1.));
#6945=CARTESIAN_POINT('Ctrl Pts',(4.36531304621376,65.6068923246362,-1.));
#6946=CARTESIAN_POINT('Ctrl Pts',(4.36531304621376,66.4103380026666,-1.));
#6947=CARTESIAN_POINT('Ctrl Pts',(4.06990496769022,64.0000009685755,-0.971810739309273));
#6948=CARTESIAN_POINT('Ctrl Pts',(4.06990496769022,64.8034466466059,-0.971810739309273));
#6949=CARTESIAN_POINT('Ctrl Pts',(4.06990496769022,65.6068923246362,-0.971810739309273));
#6950=CARTESIAN_POINT('Ctrl Pts',(4.06990496769022,66.4103380026666,-0.971810739309273));
#6951=CARTESIAN_POINT('Ctrl Pts',(3.71442108575178,64.0000009685755,-0.833290632007565));
#6952=CARTESIAN_POINT('Ctrl Pts',(3.71442108575178,64.8034466466059,-0.833290632007565));
#6953=CARTESIAN_POINT('Ctrl Pts',(3.71442108575178,65.6068923246362,-0.833290632007565));
#6954=CARTESIAN_POINT('Ctrl Pts',(3.71442108575178,66.4103380026666,-0.833290632007565));
#6955=CARTESIAN_POINT('Ctrl Pts',(3.53119626987822,64.0000009685755,-0.658219252103129));
#6956=CARTESIAN_POINT('Ctrl Pts',(3.53119626987822,64.8034466466059,-0.658219252103129));
#6957=CARTESIAN_POINT('Ctrl Pts',(3.53119626987822,65.6068923246362,-0.658219252103129));
#6958=CARTESIAN_POINT('Ctrl Pts',(3.53119626987822,66.4103380026666,-0.658219252103129));
#6959=CARTESIAN_POINT('Ctrl Pts',(3.50000005215405,64.0000009685755,-0.550507627227611));
#6960=CARTESIAN_POINT('Ctrl Pts',(3.50000005215405,64.8034466466059,-0.550507627227611));
#6961=CARTESIAN_POINT('Ctrl Pts',(3.50000005215405,65.6068923246362,-0.550507627227611));
#6962=CARTESIAN_POINT('Ctrl Pts',(3.50000005215405,66.4103380026666,-0.550507627227611));
#6963=CARTESIAN_POINT('Ctrl Pts',(3.50000005215405,64.0000009685755,-0.5));
#6964=CARTESIAN_POINT('Ctrl Pts',(3.50000005215405,64.8034466466059,-0.5));
#6965=CARTESIAN_POINT('Ctrl Pts',(3.50000005215405,65.6068923246362,-0.5));
#6966=CARTESIAN_POINT('Ctrl Pts',(3.50000005215405,66.4103380026666,-0.5));
#6967=CARTESIAN_POINT('',(3.50000005215405,65.0000009685755,-0.5));
#6968=CARTESIAN_POINT('Ctrl Pts',(3.50000005215405,65.0000009685755,-0.5));
#6969=CARTESIAN_POINT('Ctrl Pts',(3.50000005215405,65.4701133132725,-0.5));
#6970=CARTESIAN_POINT('Ctrl Pts',(3.50000005215405,65.9402256579696,-0.5));
#6971=CARTESIAN_POINT('Ctrl Pts',(3.50000005215405,66.4103380026666,-0.5));
#6972=CARTESIAN_POINT('',(4.50000005215405,64.0000009685755,-1.));
#6973=CARTESIAN_POINT('Ctrl Pts',(4.50000005215405,65.3477465982706,-1.));
#6974=CARTESIAN_POINT('Ctrl Pts',(4.50000005215405,64.8984980550389,-1.));
#6975=CARTESIAN_POINT('Ctrl Pts',(4.50000005215405,64.4492495118072,-1.));
#6976=CARTESIAN_POINT('Ctrl Pts',(4.50000005215405,64.0000009685755,-1.));
#6977=CARTESIAN_POINT('Ctrl Pts',(4.50000005215405,64.0000009685755,-1.));
#6978=CARTESIAN_POINT('Ctrl Pts',(4.49789654111265,64.0021044796169,-1.));
#6979=CARTESIAN_POINT('Ctrl Pts',(4.49579301698151,64.0042080037479,-0.999996681430973));
#6980=CARTESIAN_POINT('Ctrl Pts',(4.27619172736751,64.2238092933642,-0.999303766165386));
#6981=CARTESIAN_POINT('Ctrl Pts',(4.06626703996988,64.4337339807596,-0.963434235966267));
#6982=CARTESIAN_POINT('Ctrl Pts',(3.79012863399063,64.7098723867389,-0.858116384675717));
#6983=CARTESIAN_POINT('Ctrl Pts',(3.70314771095931,64.7968533097717,-0.808994999330661));
#6984=CARTESIAN_POINT('Ctrl Pts',(3.60418510391105,64.8958159168196,-0.724626628345943));
#6985=CARTESIAN_POINT('Ctrl Pts',(3.57091125838979,64.9290897624178,-0.689865858905059));
#6986=CARTESIAN_POINT('Ctrl Pts',(3.5307790815126,64.9692219392854,-0.625493096157798));
#6987=CARTESIAN_POINT('Ctrl Pts',(3.51819505206707,64.9818059687284,-0.599301507114328));
#6988=CARTESIAN_POINT('Ctrl Pts',(3.50355590780781,64.9964451129841,-0.547912087857947));
#6989=CARTESIAN_POINT('Ctrl Pts',(3.50000005215405,65.0000009685755,-0.524349498701572));
#6990=CARTESIAN_POINT('Ctrl Pts',(3.50000005215405,65.0000009685755,-0.5));
#6991=CARTESIAN_POINT('Ctrl Pts',(-4.50000005215408,64.0000009685755,-1.));
#6992=CARTESIAN_POINT('Ctrl Pts',(-1.5000000173847,64.0000009685755,-1.));
#6993=CARTESIAN_POINT('Ctrl Pts',(1.50000001738467,64.0000009685755,-1.));
#6994=CARTESIAN_POINT('Ctrl Pts',(4.50000005215405,64.0000009685755,-1.));
#6995=CARTESIAN_POINT('Ctrl Pts',(-4.50000005215408,64.1346879745158,-1.));
#6996=CARTESIAN_POINT('Ctrl Pts',(-1.5000000173847,64.1346879745158,-1.));
#6997=CARTESIAN_POINT('Ctrl Pts',(1.50000001738467,64.1346879745158,-1.));
#6998=CARTESIAN_POINT('Ctrl Pts',(4.50000005215405,64.1346879745158,-1.));
#6999=CARTESIAN_POINT('Ctrl Pts',(-4.50000005215408,64.4300938053579,-0.971811008356018));
#7000=CARTESIAN_POINT('Ctrl Pts',(-1.5000000173847,64.4300938053579,-0.971811008356018));
#7001=CARTESIAN_POINT('Ctrl Pts',(1.50000001738467,64.4300938053579,-0.971811008356018));
#7002=CARTESIAN_POINT('Ctrl Pts',(4.50000005215405,64.4300938053579,-0.971811008356018));
#7003=CARTESIAN_POINT('Ctrl Pts',(-4.50000005215408,64.7855792270353,-0.833290647846648));
#7004=CARTESIAN_POINT('Ctrl Pts',(-1.5000000173847,64.7855792270353,-0.833290647846648));
#7005=CARTESIAN_POINT('Ctrl Pts',(1.50000001738467,64.7855792270353,-0.833290647846648));
#7006=CARTESIAN_POINT('Ctrl Pts',(4.50000005215405,64.7855792270353,-0.833290647846648));
#7007=CARTESIAN_POINT('Ctrl Pts',(-4.50000005215408,64.9688038188229,-0.658219141609209));
#7008=CARTESIAN_POINT('Ctrl Pts',(-1.5000000173847,64.9688038188229,-0.658219141609209));
#7009=CARTESIAN_POINT('Ctrl Pts',(1.50000001738467,64.9688038188229,-0.658219141609209));
#7010=CARTESIAN_POINT('Ctrl Pts',(4.50000005215405,64.9688038188229,-0.658219141609209));
#7011=CARTESIAN_POINT('Ctrl Pts',(-4.50000005215408,65.0000009685755,-0.550507627227611));
#7012=CARTESIAN_POINT('Ctrl Pts',(-1.5000000173847,65.0000009685755,-0.550507627227611));
#7013=CARTESIAN_POINT('Ctrl Pts',(1.50000001738467,65.0000009685755,-0.550507627227611));
#7014=CARTESIAN_POINT('Ctrl Pts',(4.50000005215405,65.0000009685755,-0.550507627227611));
#7015=CARTESIAN_POINT('Ctrl Pts',(-4.50000005215408,65.0000009685755,-0.5));
#7016=CARTESIAN_POINT('Ctrl Pts',(-1.5000000173847,65.0000009685755,-0.5));
#7017=CARTESIAN_POINT('Ctrl Pts',(1.50000001738467,65.0000009685755,-0.5));
#7018=CARTESIAN_POINT('Ctrl Pts',(4.50000005215405,65.0000009685755,-0.5));
#7019=CARTESIAN_POINT('',(-3.50000005215408,65.0000009685755,-0.5));
#7020=CARTESIAN_POINT('Ctrl Pts',(-3.50000005215408,65.0000009685755,-0.5));
#7021=CARTESIAN_POINT('Ctrl Pts',(-1.16666668405137,65.0000009685755,-0.5));
#7022=CARTESIAN_POINT('Ctrl Pts',(1.16666668405134,65.0000009685755,-0.5));
#7023=CARTESIAN_POINT('Ctrl Pts',(3.50000005215405,65.0000009685755,-0.5));
#7024=CARTESIAN_POINT('',(-4.50000005215408,64.0000009685755,-1.));
#7025=CARTESIAN_POINT('Ctrl Pts',(4.50000005215405,64.0000009685755,-1.));
#7026=CARTESIAN_POINT('Ctrl Pts',(1.50000001738467,64.0000009685755,-1.));
#7027=CARTESIAN_POINT('Ctrl Pts',(-1.5000000173847,64.0000009685755,-1.));
#7028=CARTESIAN_POINT('Ctrl Pts',(-4.50000005215408,64.0000009685755,-1.));
#7029=CARTESIAN_POINT('Ctrl Pts',(-4.50000005215408,64.0000009685755,-1.));
#7030=CARTESIAN_POINT('Ctrl Pts',(-4.49789102099746,64.0021099997321,-1.));
#7031=CARTESIAN_POINT('Ctrl Pts',(-4.49578197664761,64.004219044082,-0.999996663990684));
#7032=CARTESIAN_POINT('Ctrl Pts',(-4.27632228198599,64.2236787387433,-0.999302378224502));
#7033=CARTESIAN_POINT('Ctrl Pts',(-4.06652971088901,64.4334713098406,-0.963478488936108));
#7034=CARTESIAN_POINT('Ctrl Pts',(-3.79033719116947,64.7096638295601,-0.858229362648443));
#7035=CARTESIAN_POINT('Ctrl Pts',(-3.70325787084639,64.7967431498814,-0.809077479953079));
#7036=CARTESIAN_POINT('Ctrl Pts',(-3.60421613697598,64.8957848837522,-0.724658854273513));
#7037=CARTESIAN_POINT('Ctrl Pts',(-3.57092678343017,64.92907423722,-0.689888182767465));
#7038=CARTESIAN_POINT('Ctrl Pts',(-3.5307823063373,64.9692187143226,-0.625499731409268));
#7039=CARTESIAN_POINT('Ctrl Pts',(-3.51819636233955,64.9818046583238,-0.599305647846919));
#7040=CARTESIAN_POINT('Ctrl Pts',(-3.50355602602855,64.9964449946384,-0.547912863229475));
#7041=CARTESIAN_POINT('Ctrl Pts',(-3.50000005215408,65.0000009685755,-0.524349903984273));
#7042=CARTESIAN_POINT('Ctrl Pts',(-3.50000005215408,65.0000009685755,-0.5));
#7043=CARTESIAN_POINT('Ctrl Pts',(-4.50000005215408,66.4103380398239,-1.));
#7044=CARTESIAN_POINT('Ctrl Pts',(-4.50000005215408,65.6068923494078,-1.));
#7045=CARTESIAN_POINT('Ctrl Pts',(-4.50000005215408,64.8034466589916,-1.));
#7046=CARTESIAN_POINT('Ctrl Pts',(-4.50000005215408,64.0000009685755,-1.));
#7047=CARTESIAN_POINT('Ctrl Pts',(-4.36531304621378,66.4103380398239,-1.));
#7048=CARTESIAN_POINT('Ctrl Pts',(-4.36531304621378,65.6068923494078,-1.));
#7049=CARTESIAN_POINT('Ctrl Pts',(-4.36531304621378,64.8034466589916,-1.));
#7050=CARTESIAN_POINT('Ctrl Pts',(-4.36531304621378,64.0000009685755,-1.));
#7051=CARTESIAN_POINT('Ctrl Pts',(-4.0699049676902,66.4103380398239,-0.971810739309267));
#7052=CARTESIAN_POINT('Ctrl Pts',(-4.0699049676902,65.6068923494077,-0.971810739309267));
#7053=CARTESIAN_POINT('Ctrl Pts',(-4.0699049676902,64.8034466589916,-0.971810739309267));
#7054=CARTESIAN_POINT('Ctrl Pts',(-4.0699049676902,64.0000009685755,-0.971810739309267));
#7055=CARTESIAN_POINT('Ctrl Pts',(-3.71442108575179,66.4103380398239,-0.833290632007564));
#7056=CARTESIAN_POINT('Ctrl Pts',(-3.71442108575179,65.6068923494078,-0.833290632007564));
#7057=CARTESIAN_POINT('Ctrl Pts',(-3.71442108575179,64.8034466589916,-0.833290632007564));
#7058=CARTESIAN_POINT('Ctrl Pts',(-3.71442108575179,64.0000009685755,-0.833290632007564));
#7059=CARTESIAN_POINT('Ctrl Pts',(-3.53119626987823,66.4103380398239,-0.658219252103131));
#7060=CARTESIAN_POINT('Ctrl Pts',(-3.53119626987823,65.6068923494078,-0.658219252103131));
#7061=CARTESIAN_POINT('Ctrl Pts',(-3.53119626987823,64.8034466589916,-0.658219252103131));
#7062=CARTESIAN_POINT('Ctrl Pts',(-3.53119626987823,64.0000009685754,-0.658219252103131));
#7063=CARTESIAN_POINT('Ctrl Pts',(-3.50000005215408,66.4103380398239,-0.550507627227611));
#7064=CARTESIAN_POINT('Ctrl Pts',(-3.50000005215408,65.6068923494078,-0.550507627227611));
#7065=CARTESIAN_POINT('Ctrl Pts',(-3.50000005215408,64.8034466589916,-0.550507627227611));
#7066=CARTESIAN_POINT('Ctrl Pts',(-3.50000005215408,64.0000009685755,-0.550507627227611));
#7067=CARTESIAN_POINT('Ctrl Pts',(-3.50000005215408,66.4103380398239,-0.5));
#7068=CARTESIAN_POINT('Ctrl Pts',(-3.50000005215408,65.6068923494078,-0.5));
#7069=CARTESIAN_POINT('Ctrl Pts',(-3.50000005215408,64.8034466589916,-0.5));
#7070=CARTESIAN_POINT('Ctrl Pts',(-3.50000005215408,64.0000009685755,-0.5));
#7071=CARTESIAN_POINT('',(-3.50000005215408,66.4103380398239,-0.5));
#7072=CARTESIAN_POINT('Ctrl Pts',(-3.50000005215408,66.4103380398239,-0.5));
#7073=CARTESIAN_POINT('Ctrl Pts',(-3.50000005215408,65.9402256827411,-0.5));
#7074=CARTESIAN_POINT('Ctrl Pts',(-3.50000005215408,65.4701133256583,-0.5));
#7075=CARTESIAN_POINT('Ctrl Pts',(-3.50000005215408,65.0000009685755,-0.5));
#7076=CARTESIAN_POINT('',(-4.50000005215431,65.3477466468187,-1.));
#7077=CARTESIAN_POINT('Ctrl Pts',(-4.50000005215408,64.0000009685755,-1.));
#7078=CARTESIAN_POINT('Ctrl Pts',(-4.50000005215408,64.4492495279899,-1.));
#7079=CARTESIAN_POINT('Ctrl Pts',(-4.50000005215408,64.8984980874043,-1.));
#7080=CARTESIAN_POINT('Ctrl Pts',(-4.50000005215408,65.3477466468187,-1.));
#7081=CARTESIAN_POINT('Ctrl Pts',(-4.50000005215829,65.3477466468765,-1.));
#7082=CARTESIAN_POINT('Ctrl Pts',(-4.49788962607494,65.350007399796,-0.999999999999939));
#7083=CARTESIAN_POINT('Ctrl Pts',(-4.49577912758347,65.3522681128993,-0.999996659575287));
#7084=CARTESIAN_POINT('Ctrl Pts',(-4.27011867988553,65.5939773953705,-0.999282264895648));
#7085=CARTESIAN_POINT('Ctrl Pts',(-4.05313299536065,65.8249664656563,-0.961114565716939));
#7086=CARTESIAN_POINT('Ctrl Pts',(-3.77759767648932,66.1171628295233,-0.851604117965662));
#7087=CARTESIAN_POINT('Ctrl Pts',(-3.69374856435225,66.2058281404195,-0.802598657937852));
#7088=CARTESIAN_POINT('Ctrl Pts',(-3.59903537077136,66.3058720846073,-0.719290800499551));
#7089=CARTESIAN_POINT('Ctrl Pts',(-3.5673078356616,66.3393565938053,-0.685176495363256));
#7090=CARTESIAN_POINT('Ctrl Pts',(-3.52916164823958,66.3795935502702,-0.622196622174967));
#7091=CARTESIAN_POINT('Ctrl Pts',(-3.51722873942943,66.3921754671225,-0.596659731807143));
#7092=CARTESIAN_POINT('Ctrl Pts',(-3.50336554458146,66.4067907218004,-0.54660892766267));
#7093=CARTESIAN_POINT('Ctrl Pts',(-3.50000005215408,66.4103380398239,-0.523688157655823));
#7094=CARTESIAN_POINT('Ctrl Pts',(-3.50000005215408,66.4103380398239,-0.5));
#7095=CARTESIAN_POINT('Ctrl Pts',(-43.8154147315711,48.6907327741139,-1.));
#7096=CARTESIAN_POINT('Ctrl Pts',(-39.0848296102827,52.9476526179206,-1.));
#7097=CARTESIAN_POINT('Ctrl Pts',(-26.5901726516514,61.2640862277762,-1.));
#7098=CARTESIAN_POINT('Ctrl Pts',(-11.9208714066264,64.9651481244126,-1.));
#7099=CARTESIAN_POINT('Ctrl Pts',(-3.44737045934298,65.4117239371994,-1.));
#7100=CARTESIAN_POINT('Ctrl Pts',(-43.9055084933057,48.7908512222924,-1.));
#7101=CARTESIAN_POINT('Ctrl Pts',(-39.1652661483434,53.0564613287282,-1.));
#7102=CARTESIAN_POINT('Ctrl Pts',(-26.644886860364,61.3900067037295,-1.));
#7103=CARTESIAN_POINT('Ctrl Pts',(-11.9452581048927,65.0987368085599,-1.));
#7104=CARTESIAN_POINT('Ctrl Pts',(-3.45445898162256,65.5462242807717,-1.));
#7105=CARTESIAN_POINT('Ctrl Pts',(-44.1031252478979,49.0104566913386,-0.971808140171034));
#7106=CARTESIAN_POINT('Ctrl Pts',(-39.3414785434962,53.2953279758539,-0.971808140171034));
#7107=CARTESIAN_POINT('Ctrl Pts',(-26.7647757593422,61.6663710360812,-0.971808140171034));
#7108=CARTESIAN_POINT('Ctrl Pts',(-11.999146307213,65.3917368619871,-0.971808140171034));
#7109=CARTESIAN_POINT('Ctrl Pts',(-3.47000734746695,65.8412449445396,-0.971808140171034));
#7110=CARTESIAN_POINT('Ctrl Pts',(-44.3409026923365,49.2746915094961,-0.833290471766669));
#7111=CARTESIAN_POINT('Ctrl Pts',(-39.5536059418454,53.5826445455058,-0.833290471766669));
#7112=CARTESIAN_POINT('Ctrl Pts',(-26.9090875567574,61.9988227963467,-0.833290471766669));
#7113=CARTESIAN_POINT('Ctrl Pts',(-12.063799271066,65.7442917264554,-0.833290471766669));
#7114=CARTESIAN_POINT('Ctrl Pts',(-3.48871553191873,66.1962212198666,-0.833290471766669));
#7115=CARTESIAN_POINT('Ctrl Pts',(-44.4634654960036,49.4108918131722,-0.658220287281615));
#7116=CARTESIAN_POINT('Ctrl Pts',(-39.6629130559856,53.730773269524,-0.658220287281615));
#7117=CARTESIAN_POINT('Ctrl Pts',(-26.9834540708907,62.170210923397,-0.658220287281615));
#7118=CARTESIAN_POINT('Ctrl Pts',(-12.0971862442843,65.9260135133591,-0.658220287281615));
#7119=CARTESIAN_POINT('Ctrl Pts',(-3.49835869863435,66.3791943678964,-0.658220287281615));
#7120=CARTESIAN_POINT('Ctrl Pts',(-44.4843267851547,49.4340743272176,-0.550507627227611));
#7121=CARTESIAN_POINT('Ctrl Pts',(-39.6815188181328,53.7559854685692,-0.550507627227611));
#7122=CARTESIAN_POINT('Ctrl Pts',(-26.9961123174777,62.199382197682,-0.55050762722761));
#7123=CARTESIAN_POINT('Ctrl Pts',(-12.1028677344286,65.9569442594478,-0.550507627227611));
#7124=CARTESIAN_POINT('Ctrl Pts',(-3.50000005215407,66.4103380398239,-0.550507627227611));
#7125=CARTESIAN_POINT('Ctrl Pts',(-44.4843267851547,49.4340743272176,-0.5));
#7126=CARTESIAN_POINT('Ctrl Pts',(-39.6815217510119,53.7559828293541,-0.5));
#7127=CARTESIAN_POINT('Ctrl Pts',(-26.9961139627133,62.1993800378268,-0.5));
#7128=CARTESIAN_POINT('Ctrl Pts',(-12.1028624810078,65.9569445363169,-0.5));
#7129=CARTESIAN_POINT('Ctrl Pts',(-3.50000005215407,66.4103380398239,-0.5));
#7130=CARTESIAN_POINT('',(-44.4843267851547,49.4340743272176,-0.5));
#7131=CARTESIAN_POINT('Ctrl Pts',(-44.4843267851547,49.4340743272176,-0.5));
#7132=CARTESIAN_POINT('Ctrl Pts',(-39.6815217510119,53.7559828293541,-0.5));
#7133=CARTESIAN_POINT('Ctrl Pts',(-26.9961139627133,62.1993800378268,-0.5));
#7134=CARTESIAN_POINT('Ctrl Pts',(-12.1028624810078,65.9569445363169,-0.5));
#7135=CARTESIAN_POINT('Ctrl Pts',(-3.50000005215407,66.4103380398239,-0.5));
#7136=CARTESIAN_POINT('',(-43.0258544159714,49.3898155204073,-1.));
#7137=CARTESIAN_POINT('Ctrl Pts',(-4.49999287608697,65.347642274252,-1.));
#7138=CARTESIAN_POINT('Ctrl Pts',(-12.6141992344244,64.7873275497435,-1.));
#7139=CARTESIAN_POINT('Ctrl Pts',(-26.539916582796,61.1574092527382,-1.));
#7140=CARTESIAN_POINT('Ctrl Pts',(-38.492038329673,53.3388163437676,-1.));
#7141=CARTESIAN_POINT('Ctrl Pts',(-43.0258277277326,49.3897848914068,-1.));
#7142=CARTESIAN_POINT('Ctrl Pts',(-43.0258544159713,49.3898155204074,-1.));
#7143=CARTESIAN_POINT('Ctrl Pts',(-43.0289453065343,49.3899218175586,-0.999999999999998));
#7144=CARTESIAN_POINT('Ctrl Pts',(-43.0320362194888,49.3900280353733,-0.999996659575785));
#7145=CARTESIAN_POINT('Ctrl Pts',(-43.3625165290647,49.4013762772691,-0.999282264891524));
#7146=CARTESIAN_POINT('Ctrl Pts',(-43.6792825197838,49.411278168176,-0.961114565266303));
#7147=CARTESIAN_POINT('Ctrl Pts',(-44.0807294447841,49.4230593083595,-0.851604116580191));
#7148=CARTESIAN_POINT('Ctrl Pts',(-44.2027155629016,49.426464875828,-0.802598656580162));
#7149=CARTESIAN_POINT('Ctrl Pts',(-44.3404296551971,49.4302342864775,-0.719290799366101));
#7150=CARTESIAN_POINT('Ctrl Pts',(-44.3865415337339,49.4314766550187,-0.685176494366288));
#7151=CARTESIAN_POINT('Ctrl Pts',(-44.4419667860166,49.4329550522851,-0.622196621474981));
#7152=CARTESIAN_POINT('Ctrl Pts',(-44.4593013853825,49.4334139703658,-0.596659731246014));
#7153=CARTESIAN_POINT('Ctrl Pts',(-44.4794386900381,49.4339457570793,-0.546608927385875));
#7154=CARTESIAN_POINT('Ctrl Pts',(-44.4843267851547,49.4340743272176,-0.523688157515383));
#7155=CARTESIAN_POINT('Ctrl Pts',(-44.4843267851547,49.4340743272176,-0.5));
#7156=CARTESIAN_POINT('Ctrl Pts',(-42.0728541286074,48.4368152330433,-1.));
#7157=CARTESIAN_POINT('Ctrl Pts',(-42.640976087061,49.0049371914969,-1.));
#7158=CARTESIAN_POINT('Ctrl Pts',(-43.2090980455146,49.5730591499505,-1.));
#7159=CARTESIAN_POINT('Ctrl Pts',(-43.7772200039682,50.1411811084041,-1.));
#7160=CARTESIAN_POINT('Ctrl Pts',(-42.1680922238454,48.3415771378052,-1.));
#7161=CARTESIAN_POINT('Ctrl Pts',(-42.7362141822991,48.9096990962588,-1.));
#7162=CARTESIAN_POINT('Ctrl Pts',(-43.3043361407527,49.4778210547124,-1.));
#7163=CARTESIAN_POINT('Ctrl Pts',(-43.8724580992063,50.045943013166,-1.));
#7164=CARTESIAN_POINT('Ctrl Pts',(-42.3769930764959,48.1326762851548,-0.971808102952475));
#7165=CARTESIAN_POINT('Ctrl Pts',(-42.9451150349495,48.7007982436084,-0.971808102952475));
#7166=CARTESIAN_POINT('Ctrl Pts',(-43.5132369934031,49.268920202062,-0.971808102952475));
#7167=CARTESIAN_POINT('Ctrl Pts',(-44.0813589518567,49.8370421605156,-0.971808102952475));
#7168=CARTESIAN_POINT('Ctrl Pts',(-42.6283474071041,47.8813219545465,-0.833290469373124));
#7169=CARTESIAN_POINT('Ctrl Pts',(-43.1964693655577,48.4494439130001,-0.833290469373124));
#7170=CARTESIAN_POINT('Ctrl Pts',(-43.7645913240113,49.0175658714537,-0.833290469373124));
#7171=CARTESIAN_POINT('Ctrl Pts',(-44.3327132824649,49.5856878299074,-0.833290469373124));
#7172=CARTESIAN_POINT('Ctrl Pts',(-42.7579085431626,47.7517608184881,-0.658220301677485));
#7173=CARTESIAN_POINT('Ctrl Pts',(-43.3260305016162,48.3198827769417,-0.658220301677485));
#7174=CARTESIAN_POINT('Ctrl Pts',(-43.8941524600698,48.8880047353953,-0.658220301677485));
#7175=CARTESIAN_POINT('Ctrl Pts',(-44.4622744185234,49.4561266938489,-0.658220301677485));
#7176=CARTESIAN_POINT('Ctrl Pts',(-42.7799609097939,47.7297084518567,-0.550507627227611));
#7177=CARTESIAN_POINT('Ctrl Pts',(-43.3480828682475,48.2978304103103,-0.550507627227611));
#7178=CARTESIAN_POINT('Ctrl Pts',(-43.9162048267011,48.8659523687639,-0.550507627227611));
#7179=CARTESIAN_POINT('Ctrl Pts',(-44.4843267851547,49.4340743272176,-0.550507627227611));
#7180=CARTESIAN_POINT('Ctrl Pts',(-42.7799609097939,47.7297084518567,-0.5));
#7181=CARTESIAN_POINT('Ctrl Pts',(-43.3480828682475,48.2978304103103,-0.5));
#7182=CARTESIAN_POINT('Ctrl Pts',(-43.9162048267011,48.865952368764,-0.5));
#7183=CARTESIAN_POINT('Ctrl Pts',(-44.4843267851547,49.4340743272176,-0.5));
#7184=CARTESIAN_POINT('',(-43.4870676909805,48.4368152330433,-0.5));
#7185=CARTESIAN_POINT('Ctrl Pts',(-43.4870676909805,48.4368152330433,-0.5));
#7186=CARTESIAN_POINT('Ctrl Pts',(-43.8194873890386,48.7692349311014,-0.5));
#7187=CARTESIAN_POINT('Ctrl Pts',(-44.1519070870967,49.1016546291595,-0.5));
#7188=CARTESIAN_POINT('Ctrl Pts',(-44.4843267851547,49.4340743272176,-0.5));
#7189=CARTESIAN_POINT('',(-42.0728541286074,48.4368152330433,-1.));
#7190=CARTESIAN_POINT('Ctrl Pts',(-43.0258544159714,49.3898155204073,-1.));
#7191=CARTESIAN_POINT('Ctrl Pts',(-42.7081876535167,49.0721487579526,-1.));
#7192=CARTESIAN_POINT('Ctrl Pts',(-42.390520891062,48.754481995498,-1.));
#7193=CARTESIAN_POINT('Ctrl Pts',(-42.0728541286074,48.4368152330433,-1.));
#7194=CARTESIAN_POINT('Ctrl Pts',(-42.0728541286073,48.4368152330433,-1.));
#7195=CARTESIAN_POINT('Ctrl Pts',(-42.0758373826613,48.4368152330433,-1.));
#7196=CARTESIAN_POINT('Ctrl Pts',(-42.0788206553851,48.4368152330432,-0.999996662573218));
#7197=CARTESIAN_POINT('Ctrl Pts',(-42.3891672991337,48.4368152330429,-0.999302265636584));
#7198=CARTESIAN_POINT('Ctrl Pts',(-42.6858436501551,48.4368152330433,-0.963482075025164));
#7199=CARTESIAN_POINT('Ctrl Pts',(-43.0764450635856,48.4368152330433,-0.858238518539666));
#7200=CARTESIAN_POINT('Ctrl Pts',(-43.1996051054209,48.4368152330445,-0.809084162256851));
#7201=CARTESIAN_POINT('Ctrl Pts',(-43.3396803388846,48.4368152330442,-0.724661461890501));
#7202=CARTESIAN_POINT('Ctrl Pts',(-43.3867603692687,48.4368152330995,-0.689889988931679));
#7203=CARTESIAN_POINT('Ctrl Pts',(-43.4435346408405,48.4368152330926,-0.62550026787406));
#7204=CARTESIAN_POINT('Ctrl Pts',(-43.4613340724679,48.4368152330901,-0.599305982615585));
#7205=CARTESIAN_POINT('Ctrl Pts',(-43.4820387709354,48.4368152330876,-0.547912925897784));
#7206=CARTESIAN_POINT('Ctrl Pts',(-43.4870676909805,48.4368152330433,-0.524349936740698));
#7207=CARTESIAN_POINT('Ctrl Pts',(-43.4870676909805,48.4368152330433,-0.5));
#7208=CARTESIAN_POINT('Ctrl Pts',(-48.4368152330433,42.0728541286074,-1.));
#7209=CARTESIAN_POINT('Ctrl Pts',(-46.315494864898,44.1941744967527,-1.));
#7210=CARTESIAN_POINT('Ctrl Pts',(-44.1941744967527,46.315494864898,-1.));
#7211=CARTESIAN_POINT('Ctrl Pts',(-42.0728541286074,48.4368152330433,-1.));
#7212=CARTESIAN_POINT('Ctrl Pts',(-48.5320533282814,42.1680922238455,-1.));
#7213=CARTESIAN_POINT('Ctrl Pts',(-46.4107329601361,44.2894125919908,-1.));
#7214=CARTESIAN_POINT('Ctrl Pts',(-44.2894125919908,46.4107329601361,-1.));
#7215=CARTESIAN_POINT('Ctrl Pts',(-42.1680922238455,48.5320533282814,-1.));
#7216=CARTESIAN_POINT('Ctrl Pts',(-48.7409528434942,42.3769917390583,-0.971808323524366));
#7217=CARTESIAN_POINT('Ctrl Pts',(-46.6196324753489,44.4983121072036,-0.971808323524366));
#7218=CARTESIAN_POINT('Ctrl Pts',(-44.4983121072036,46.6196324753489,-0.971808323524366));
#7219=CARTESIAN_POINT('Ctrl Pts',(-42.3769917390583,48.7409528434942,-0.971808323524366));
#7220=CARTESIAN_POINT('Ctrl Pts',(-48.9923080766571,42.6283469722212,-0.833290483516123));
#7221=CARTESIAN_POINT('Ctrl Pts',(-46.8709877085118,44.7496673403665,-0.833290483516123));
#7222=CARTESIAN_POINT('Ctrl Pts',(-44.7496673403665,46.8709877085118,-0.833290483516123));
#7223=CARTESIAN_POINT('Ctrl Pts',(-42.6283469722212,48.9923080766571,-0.833290483516123));
#7224=CARTESIAN_POINT('Ctrl Pts',(-49.12186907144,42.757907967004,-0.658220216184674));
#7225=CARTESIAN_POINT('Ctrl Pts',(-47.0005487032947,44.8792283351493,-0.658220216184674));
#7226=CARTESIAN_POINT('Ctrl Pts',(-44.8792283351493,47.0005487032947,-0.658220216184674));
#7227=CARTESIAN_POINT('Ctrl Pts',(-42.757907967004,49.12186907144,-0.658220216184674));
#7228=CARTESIAN_POINT('Ctrl Pts',(-49.1439220142298,42.7799609097939,-0.550507627227611));
#7229=CARTESIAN_POINT('Ctrl Pts',(-47.0226016460845,44.9012812779392,-0.550507627227611));
#7230=CARTESIAN_POINT('Ctrl Pts',(-44.9012812779392,47.0226016460845,-0.550507627227611));
#7231=CARTESIAN_POINT('Ctrl Pts',(-42.7799609097939,49.1439220142298,-0.550507627227611));
#7232=CARTESIAN_POINT('Ctrl Pts',(-49.1439220142298,42.7799609097939,-0.5));
#7233=CARTESIAN_POINT('Ctrl Pts',(-47.0226016460845,44.9012812779392,-0.5));
#7234=CARTESIAN_POINT('Ctrl Pts',(-44.9012812779392,47.0226016460845,-0.5));
#7235=CARTESIAN_POINT('Ctrl Pts',(-42.7799609097939,49.1439220142298,-0.5));
#7236=CARTESIAN_POINT('',(-48.4368152330433,43.4870676909805,-0.5));
#7237=CARTESIAN_POINT('Ctrl Pts',(-48.4368152330433,43.4870676909805,-0.5));
#7238=CARTESIAN_POINT('Ctrl Pts',(-46.786899385689,45.1369835383347,-0.5));
#7239=CARTESIAN_POINT('Ctrl Pts',(-45.1369835383347,46.786899385689,-0.5));
#7240=CARTESIAN_POINT('Ctrl Pts',(-43.4870676909805,48.4368152330433,-0.5));
#7241=CARTESIAN_POINT('',(-48.4368152330433,42.0728541286074,-1.));
#7242=CARTESIAN_POINT('Ctrl Pts',(-42.0728541286074,48.4368152330433,-1.));
#7243=CARTESIAN_POINT('Ctrl Pts',(-44.1941744967527,46.315494864898,-1.));
#7244=CARTESIAN_POINT('Ctrl Pts',(-46.315494864898,44.1941744967527,-1.));
#7245=CARTESIAN_POINT('Ctrl Pts',(-48.4368152330433,42.0728541286074,-1.));
#7246=CARTESIAN_POINT('Ctrl Pts',(-48.4368152330433,42.0728541286074,-1.));
#7247=CARTESIAN_POINT('Ctrl Pts',(-48.4368152330433,42.0758379308263,-1.));
#7248=CARTESIAN_POINT('Ctrl Pts',(-48.4368152330433,42.0788217517253,-0.999996661346618));
#7249=CARTESIAN_POINT('Ctrl Pts',(-48.4368152330438,42.3891543535691,-0.99930216823534));
#7250=CARTESIAN_POINT('Ctrl Pts',(-48.4368152330433,42.6858176005549,-0.963485176950861));
#7251=CARTESIAN_POINT('Ctrl Pts',(-48.4368152330433,43.0764243828472,-0.858246438360644));
#7252=CARTESIAN_POINT('Ctrl Pts',(-48.436815233042,43.199594188128,-0.809089942184839));
#7253=CARTESIAN_POINT('Ctrl Pts',(-48.4368152330423,43.3396772674533,-0.724663716986127));
#7254=CARTESIAN_POINT('Ctrl Pts',(-48.436815232987,43.3867588330912,-0.689891550896854));
#7255=CARTESIAN_POINT('Ctrl Pts',(-48.4368152329939,43.4435343219815,-0.625500731761714));
#7256=CARTESIAN_POINT('Ctrl Pts',(-48.4368152329964,43.4613339429209,-0.599306272092639));
#7257=CARTESIAN_POINT('Ctrl Pts',(-48.436815232999,43.4820387592448,-0.54791298008539));
#7258=CARTESIAN_POINT('Ctrl Pts',(-48.4368152330433,43.4870676909805,-0.524349965064298));
#7259=CARTESIAN_POINT('Ctrl Pts',(-48.4368152330433,43.4870676909805,-0.5));
#7260=CARTESIAN_POINT('Ctrl Pts',(-50.1411811367512,43.7772200323153,-1.));
#7261=CARTESIAN_POINT('Ctrl Pts',(-49.5730591688486,43.2090980644126,-1.));
#7262=CARTESIAN_POINT('Ctrl Pts',(-49.0049372009459,42.64097609651,-1.));
#7263=CARTESIAN_POINT('Ctrl Pts',(-48.4368152330433,42.0728541286074,-1.));
#7264=CARTESIAN_POINT('Ctrl Pts',(-50.0459430415131,43.8724581275534,-1.));
#7265=CARTESIAN_POINT('Ctrl Pts',(-49.4778210736105,43.3043361596507,-1.));
#7266=CARTESIAN_POINT('Ctrl Pts',(-48.9096991057078,42.7362141917481,-1.));
#7267=CARTESIAN_POINT('Ctrl Pts',(-48.3415771378052,42.1680922238455,-1.));
#7268=CARTESIAN_POINT('Ctrl Pts',(-49.8370421888626,44.0813589802038,-0.97180810295247));
#7269=CARTESIAN_POINT('Ctrl Pts',(-49.26892022096,43.5132370123012,-0.97180810295247));
#7270=CARTESIAN_POINT('Ctrl Pts',(-48.7007982530574,42.9451150443985,-0.97180810295247));
#7271=CARTESIAN_POINT('Ctrl Pts',(-48.1326762851548,42.3769930764959,-0.97180810295247));
#7272=CARTESIAN_POINT('Ctrl Pts',(-49.5856878582544,44.332713310812,-0.833290469373124));
#7273=CARTESIAN_POINT('Ctrl Pts',(-49.0175658903518,43.7645913429094,-0.833290469373124));
#7274=CARTESIAN_POINT('Ctrl Pts',(-48.4494439224492,43.1964693750067,-0.833290469373124));
#7275=CARTESIAN_POINT('Ctrl Pts',(-47.8813219545466,42.6283474071041,-0.833290469373124));
#7276=CARTESIAN_POINT('Ctrl Pts',(-49.456126722196,44.4622744468705,-0.658220301677487));
#7277=CARTESIAN_POINT('Ctrl Pts',(-48.8880047542933,43.8941524789679,-0.658220301677487));
#7278=CARTESIAN_POINT('Ctrl Pts',(-48.3198827863907,43.3260305110652,-0.658220301677487));
#7279=CARTESIAN_POINT('Ctrl Pts',(-47.7517608184881,42.7579085431626,-0.658220301677487));
#7280=CARTESIAN_POINT('Ctrl Pts',(-49.4340743555646,44.4843268135018,-0.550507627227611));
#7281=CARTESIAN_POINT('Ctrl Pts',(-48.865952387662,43.9162048455992,-0.550507627227611));
#7282=CARTESIAN_POINT('Ctrl Pts',(-48.2978304197594,43.3480828776965,-0.550507627227611));
#7283=CARTESIAN_POINT('Ctrl Pts',(-47.7297084518567,42.7799609097939,-0.550507627227611));
#7284=CARTESIAN_POINT('Ctrl Pts',(-49.4340743555646,44.4843268135018,-0.5));
#7285=CARTESIAN_POINT('Ctrl Pts',(-48.865952387662,43.9162048455992,-0.5));
#7286=CARTESIAN_POINT('Ctrl Pts',(-48.2978304197594,43.3480828776965,-0.5));
#7287=CARTESIAN_POINT('Ctrl Pts',(-47.7297084518567,42.7799609097939,-0.5));
#7288=CARTESIAN_POINT('',(-49.4340743555646,44.4843268135018,-0.5));
#7289=CARTESIAN_POINT('Ctrl Pts',(-49.4340743555646,44.4843268135018,-0.5));
#7290=CARTESIAN_POINT('Ctrl Pts',(-49.1016546480575,44.1519071059947,-0.5));
#7291=CARTESIAN_POINT('Ctrl Pts',(-48.7692349405504,43.8194873984876,-0.5));
#7292=CARTESIAN_POINT('Ctrl Pts',(-48.4368152330433,43.4870676909805,-0.5));
#7293=CARTESIAN_POINT('',(-49.3898155574447,43.0258544530085,-1.));
#7294=CARTESIAN_POINT('Ctrl Pts',(-48.4368152330433,42.0728541286074,-1.));
#7295=CARTESIAN_POINT('Ctrl Pts',(-48.7544820078437,42.3905209034078,-1.));
#7296=CARTESIAN_POINT('Ctrl Pts',(-49.0721487826441,42.7081876782082,-1.));
#7297=CARTESIAN_POINT('Ctrl Pts',(-49.3898155574446,43.0258544530086,-1.));
#7298=CARTESIAN_POINT('Ctrl Pts',(-49.3898155574884,43.0258544530465,-1.));
#7299=CARTESIAN_POINT('Ctrl Pts',(-49.3899218546129,43.0289453433607,-0.999999999999939));
#7300=CARTESIAN_POINT('Ctrl Pts',(-49.3900280723829,43.0320362567204,-0.999996659575288));
#7301=CARTESIAN_POINT('Ctrl Pts',(-49.401376312206,43.362516562108,-0.999282264895785));
#7302=CARTESIAN_POINT('Ctrl Pts',(-49.4112782011659,43.6792825488886,-0.961114565732372));
#7303=CARTESIAN_POINT('Ctrl Pts',(-49.4230593389771,44.0807294715564,-0.851604118018192));
#7304=CARTESIAN_POINT('Ctrl Pts',(-49.4264649057539,44.2027155899456,-0.802598657989283));
#7305=CARTESIAN_POINT('Ctrl Pts',(-49.4302343156285,44.3404296827653,-0.719290800542554));
#7306=CARTESIAN_POINT('Ctrl Pts',(-49.4314766839112,44.3865415615183,-0.685176495401091));
#7307=CARTESIAN_POINT('Ctrl Pts',(-49.432955080868,44.4419668141024,-0.622196622201559));
#7308=CARTESIAN_POINT('Ctrl Pts',(-49.4334139988521,44.4593014135717,-0.596659731828449));
#7309=CARTESIAN_POINT('Ctrl Pts',(-49.4339457854536,44.4794387183537,-0.546608927673216));
#7310=CARTESIAN_POINT('Ctrl Pts',(-49.4340743555646,44.4843268135018,-0.523688157661173));
#7311=CARTESIAN_POINT('Ctrl Pts',(-49.4340743555646,44.4843268135018,-0.5));
#7312=CARTESIAN_POINT('Ctrl Pts',(-65.4117244471468,3.44737045125502,-1.));
#7313=CARTESIAN_POINT('Ctrl Pts',(-64.9651485635288,11.9208714367201,-1.));
#7314=CARTESIAN_POINT('Ctrl Pts',(-61.2640865150605,26.5901727232481,-1.));
#7315=CARTESIAN_POINT('Ctrl Pts',(-52.947652729112,39.0848296555389,-1.));
#7316=CARTESIAN_POINT('Ctrl Pts',(-48.6907328101226,43.815414751404,-1.));
#7317=CARTESIAN_POINT('Ctrl Pts',(-65.5462247906616,3.45445897462395,-1.));
#7318=CARTESIAN_POINT('Ctrl Pts',(-65.0987372474741,11.9452581361537,-1.));
#7319=CARTESIAN_POINT('Ctrl Pts',(-61.390006990498,26.6448869332134,-1.));
#7320=CARTESIAN_POINT('Ctrl Pts',(-53.0564614390411,39.1652661947982,-1.));
#7321=CARTESIAN_POINT('Ctrl Pts',(-48.7908512572693,43.9055085142853,-1.));
#7322=CARTESIAN_POINT('Ctrl Pts',(-65.8412454543037,3.47000734285776,-0.971808140171029));
#7323=CARTESIAN_POINT('Ctrl Pts',(-65.3917373004549,11.9991463410361,-0.971808140171029));
#7324=CARTESIAN_POINT('Ctrl Pts',(-61.66637132172,26.7647758349409,-0.971808140171029));
#7325=CARTESIAN_POINT('Ctrl Pts',(-53.2953280842435,39.3414785925814,-0.971808140171029));
#7326=CARTESIAN_POINT('Ctrl Pts',(-49.010456724052,44.1031252713929,-0.971808140171029));
#7327=CARTESIAN_POINT('Ctrl Pts',(-66.1962217294791,3.48871553018455,-0.833290471766669));
#7328=CARTESIAN_POINT('Ctrl Pts',(-65.7442921643876,12.0637993079712,-0.833290471766669));
#7329=CARTESIAN_POINT('Ctrl Pts',(-61.9988230806254,26.9090876356633,-0.833290471766669));
#7330=CARTESIAN_POINT('Ctrl Pts',(-53.5826446515795,39.5536059940951,-0.833290471766669));
#7331=CARTESIAN_POINT('Ctrl Pts',(-49.2746915394859,44.340902718858,-0.833290471766669));
#7332=CARTESIAN_POINT('Ctrl Pts',(-66.3791948774308,3.4983586983821,-0.658220287281617));
#7333=CARTESIAN_POINT('Ctrl Pts',(-65.9260139510147,12.0971862827783,-0.658220287281617));
#7334=CARTESIAN_POINT('Ctrl Pts',(-62.170211206975,26.9834541515017,-0.658220287281617));
#7335=CARTESIAN_POINT('Ctrl Pts',(-53.7307733744046,39.6629131098665,-0.658220287281617));
#7336=CARTESIAN_POINT('Ctrl Pts',(-49.4108918417582,44.4634655240852,-0.658220287281617));
#7337=CARTESIAN_POINT('Ctrl Pts',(-66.410338549345,3.50000005215406,-0.550507627227611));
#7338=CARTESIAN_POINT('Ctrl Pts',(-65.9569446970564,12.1028677731932,-0.550507627227611));
#7339=CARTESIAN_POINT('Ctrl Pts',(-62.1993824811407,26.9961123983788,-0.550507627227611));
#7340=CARTESIAN_POINT('Ctrl Pts',(-53.7559855732467,39.6815188722913,-0.550507627227611));
#7341=CARTESIAN_POINT('Ctrl Pts',(-49.4340743555646,44.4843268135018,-0.550507627227611));
#7342=CARTESIAN_POINT('Ctrl Pts',(-66.410338549345,3.50000005215406,-0.5));
#7343=CARTESIAN_POINT('Ctrl Pts',(-65.9569449739255,12.1028625197723,-0.5));
#7344=CARTESIAN_POINT('Ctrl Pts',(-62.1993803212855,26.9961140436145,-0.5));
#7345=CARTESIAN_POINT('Ctrl Pts',(-53.7559829340316,39.6815218051704,-0.5));
#7346=CARTESIAN_POINT('Ctrl Pts',(-49.4340743555646,44.4843268135018,-0.5));
#7347=CARTESIAN_POINT('',(-66.410338549345,3.50000005215406,-0.5));
#7348=CARTESIAN_POINT('Ctrl Pts',(-66.410338549345,3.50000005215406,-0.5));
#7349=CARTESIAN_POINT('Ctrl Pts',(-65.9569449739255,12.1028625197723,-0.5));
#7350=CARTESIAN_POINT('Ctrl Pts',(-62.1993803212855,26.9961140436145,-0.5));
#7351=CARTESIAN_POINT('Ctrl Pts',(-53.7559829340316,39.6815218051704,-0.5));
#7352=CARTESIAN_POINT('Ctrl Pts',(-49.4340743555646,44.4843268135018,-0.5));
#7353=CARTESIAN_POINT('',(-65.3477471476504,4.50000005215406,-1.));
#7354=CARTESIAN_POINT('Ctrl Pts',(-49.3897849284466,43.0258277647711,-1.));
#7355=CARTESIAN_POINT('Ctrl Pts',(-53.3388164568708,38.4920383859398,-1.));
#7356=CARTESIAN_POINT('Ctrl Pts',(-61.1574095373423,26.5399166594991,-1.));
#7357=CARTESIAN_POINT('Ctrl Pts',(-64.7873279810716,12.6141992686924,-1.));
#7358=CARTESIAN_POINT('Ctrl Pts',(-65.3476427750787,4.49999287608551,-1.));
#7359=CARTESIAN_POINT('Ctrl Pts',(-65.3477471476504,4.50000005215422,-1.));
#7360=CARTESIAN_POINT('Ctrl Pts',(-65.3500079007577,4.49788962591305,-0.999999999999997));
#7361=CARTESIAN_POINT('Ctrl Pts',(-65.352268613597,4.49577912774123,-0.999996659575787));
#7362=CARTESIAN_POINT('Ctrl Pts',(-65.5939778993033,4.27011867888654,-0.99928226489247));
#7363=CARTESIAN_POINT('Ctrl Pts',(-65.8249669725165,4.05313299338099,-0.961114565372621));
#7364=CARTESIAN_POINT('Ctrl Pts',(-66.1171633386971,3.77759767456622,-0.851604116948671));
#7365=CARTESIAN_POINT('Ctrl Pts',(-66.2058286498031,3.69374856291093,-0.802598656941181));
#7366=CARTESIAN_POINT('Ctrl Pts',(-66.3058725941159,3.59903536997999,-0.719290799667714));
#7367=CARTESIAN_POINT('Ctrl Pts',(-66.3393571033351,3.56730783510749,-0.685176494631558));
#7368=CARTESIAN_POINT('Ctrl Pts',(-66.3795940598041,3.52916164799098,-0.622196621661205));
#7369=CARTESIAN_POINT('Ctrl Pts',(-66.392175976653,3.51722873928088,-0.596659731395303));
#7370=CARTESIAN_POINT('Ctrl Pts',(-66.4067912313236,3.50336554455216,-0.54660892745954));
#7371=CARTESIAN_POINT('Ctrl Pts',(-66.410338549345,3.50000005215406,-0.523688157552757));
#7372=CARTESIAN_POINT('Ctrl Pts',(-66.410338549345,3.50000005215406,-0.5));
#7373=CARTESIAN_POINT('Ctrl Pts',(-64.0000009685755,4.50000005215406,-1.));
#7374=CARTESIAN_POINT('Ctrl Pts',(-64.803446828832,4.50000005215406,-1.));
#7375=CARTESIAN_POINT('Ctrl Pts',(-65.6068926890885,4.50000005215406,-1.));
#7376=CARTESIAN_POINT('Ctrl Pts',(-66.410338549345,4.50000005215406,-1.));
#7377=CARTESIAN_POINT('Ctrl Pts',(-64.0000009685755,4.36531304621376,-1.));
#7378=CARTESIAN_POINT('Ctrl Pts',(-64.803446828832,4.36531304621376,-1.));
#7379=CARTESIAN_POINT('Ctrl Pts',(-65.6068926890885,4.36531304621376,-1.));
#7380=CARTESIAN_POINT('Ctrl Pts',(-66.410338549345,4.36531304621376,-1.));
#7381=CARTESIAN_POINT('Ctrl Pts',(-64.0000009685755,4.06990496768955,-0.971810739309192));
#7382=CARTESIAN_POINT('Ctrl Pts',(-64.803446828832,4.06990496768955,-0.971810739309192));
#7383=CARTESIAN_POINT('Ctrl Pts',(-65.6068926890885,4.06990496768955,-0.971810739309192));
#7384=CARTESIAN_POINT('Ctrl Pts',(-66.410338549345,4.06990496768955,-0.971810739309192));
#7385=CARTESIAN_POINT('Ctrl Pts',(-64.0000009685755,3.71442108575157,-0.83329063200756));
#7386=CARTESIAN_POINT('Ctrl Pts',(-64.803446828832,3.71442108575157,-0.83329063200756));
#7387=CARTESIAN_POINT('Ctrl Pts',(-65.6068926890885,3.71442108575157,-0.83329063200756));
#7388=CARTESIAN_POINT('Ctrl Pts',(-66.410338549345,3.71442108575157,-0.83329063200756));
#7389=CARTESIAN_POINT('Ctrl Pts',(-64.0000009685755,3.53119626987795,-0.658219252103162));
#7390=CARTESIAN_POINT('Ctrl Pts',(-64.803446828832,3.53119626987795,-0.658219252103162));
#7391=CARTESIAN_POINT('Ctrl Pts',(-65.6068926890885,3.53119626987795,-0.658219252103162));
#7392=CARTESIAN_POINT('Ctrl Pts',(-66.410338549345,3.53119626987795,-0.658219252103162));
#7393=CARTESIAN_POINT('Ctrl Pts',(-64.0000009685755,3.50000005215406,-0.550507627227611));
#7394=CARTESIAN_POINT('Ctrl Pts',(-64.803446828832,3.50000005215406,-0.550507627227611));
#7395=CARTESIAN_POINT('Ctrl Pts',(-65.6068926890885,3.50000005215406,-0.550507627227611));
#7396=CARTESIAN_POINT('Ctrl Pts',(-66.410338549345,3.50000005215406,-0.550507627227611));
#7397=CARTESIAN_POINT('Ctrl Pts',(-64.0000009685755,3.50000005215406,-0.5));
#7398=CARTESIAN_POINT('Ctrl Pts',(-64.803446828832,3.50000005215406,-0.5));
#7399=CARTESIAN_POINT('Ctrl Pts',(-65.6068926890885,3.50000005215406,-0.5));
#7400=CARTESIAN_POINT('Ctrl Pts',(-66.410338549345,3.50000005215406,-0.5));
#7401=CARTESIAN_POINT('',(-65.0000009685755,3.50000005215406,-0.5));
#7402=CARTESIAN_POINT('Ctrl Pts',(-65.0000009685755,3.50000005215406,-0.5));
#7403=CARTESIAN_POINT('Ctrl Pts',(-65.4701134954987,3.50000005215406,-0.5));
#7404=CARTESIAN_POINT('Ctrl Pts',(-65.9402260224219,3.50000005215406,-0.5));
#7405=CARTESIAN_POINT('Ctrl Pts',(-66.410338549345,3.50000005215406,-0.5));
#7406=CARTESIAN_POINT('',(-64.0000009685755,4.50000005215406,-1.));
#7407=CARTESIAN_POINT('Ctrl Pts',(-65.3477471476504,4.50000005215406,-1.));
#7408=CARTESIAN_POINT('Ctrl Pts',(-64.8984984212921,4.50000005215406,-1.));
#7409=CARTESIAN_POINT('Ctrl Pts',(-64.4492496949338,4.50000005215406,-1.));
#7410=CARTESIAN_POINT('Ctrl Pts',(-64.0000009685755,4.50000005215406,-1.));
#7411=CARTESIAN_POINT('Ctrl Pts',(-64.0000009685755,4.50000005215405,-1.));
#7412=CARTESIAN_POINT('Ctrl Pts',(-64.0021044796174,4.49789654111216,-1.));
#7413=CARTESIAN_POINT('Ctrl Pts',(-64.0042080037489,4.49579301698061,-0.999996681430972));
#7414=CARTESIAN_POINT('Ctrl Pts',(-64.2238092933523,4.27619172737727,-0.999303766165264));
#7415=CARTESIAN_POINT('Ctrl Pts',(-64.4337339807375,4.06626703999205,-0.96343423596997));
#7416=CARTESIAN_POINT('Ctrl Pts',(-64.7098723867226,3.790128634007,-0.8581163846848));
#7417=CARTESIAN_POINT('Ctrl Pts',(-64.7968533097631,3.70314771096781,-0.808994999336927));
#7418=CARTESIAN_POINT('Ctrl Pts',(-64.8958159168169,3.60418510391373,-0.724626628348719));
#7419=CARTESIAN_POINT('Ctrl Pts',(-64.9290897624164,3.57091125839112,-0.689865858906973));
#7420=CARTESIAN_POINT('Ctrl Pts',(-64.969221939285,3.53077908151293,-0.625493096158447));
#7421=CARTESIAN_POINT('Ctrl Pts',(-64.9818059687283,3.5181950520672,-0.599301507114717));
#7422=CARTESIAN_POINT('Ctrl Pts',(-64.9964451129841,3.50355590780781,-0.547912087857963));
#7423=CARTESIAN_POINT('Ctrl Pts',(-65.0000009685755,3.50000005215406,-0.524349498701582));
#7424=CARTESIAN_POINT('Ctrl Pts',(-65.0000009685755,3.50000005215406,-0.5));
#7425=CARTESIAN_POINT('Ctrl Pts',(-64.0000009685755,-4.50000005215407,-1.));
#7426=CARTESIAN_POINT('Ctrl Pts',(-64.0000009685755,-1.5000000173847,-1.));
#7427=CARTESIAN_POINT('Ctrl Pts',(-64.0000009685755,1.50000001738468,-1.));
#7428=CARTESIAN_POINT('Ctrl Pts',(-64.0000009685755,4.50000005215406,-1.));
#7429=CARTESIAN_POINT('Ctrl Pts',(-64.1346879745158,-4.50000005215407,-1.));
#7430=CARTESIAN_POINT('Ctrl Pts',(-64.1346879745158,-1.5000000173847,-1.));
#7431=CARTESIAN_POINT('Ctrl Pts',(-64.1346879745158,1.50000001738468,-1.));
#7432=CARTESIAN_POINT('Ctrl Pts',(-64.1346879745158,4.50000005215406,-1.));
#7433=CARTESIAN_POINT('Ctrl Pts',(-64.4300938053579,-4.50000005215407,-0.971811008356019));
#7434=CARTESIAN_POINT('Ctrl Pts',(-64.4300938053579,-1.50000001738469,-0.971811008356019));
#7435=CARTESIAN_POINT('Ctrl Pts',(-64.4300938053579,1.50000001738468,-0.971811008356019));
#7436=CARTESIAN_POINT('Ctrl Pts',(-64.4300938053579,4.50000005215406,-0.971811008356019));
#7437=CARTESIAN_POINT('Ctrl Pts',(-64.7855792270353,-4.50000005215407,-0.833290647846648));
#7438=CARTESIAN_POINT('Ctrl Pts',(-64.7855792270353,-1.5000000173847,-0.833290647846648));
#7439=CARTESIAN_POINT('Ctrl Pts',(-64.7855792270353,1.50000001738468,-0.833290647846648));
#7440=CARTESIAN_POINT('Ctrl Pts',(-64.7855792270353,4.50000005215406,-0.833290647846648));
#7441=CARTESIAN_POINT('Ctrl Pts',(-64.9688038188229,-4.50000005215407,-0.658219141609209));
#7442=CARTESIAN_POINT('Ctrl Pts',(-64.9688038188229,-1.5000000173847,-0.658219141609209));
#7443=CARTESIAN_POINT('Ctrl Pts',(-64.9688038188229,1.50000001738468,-0.658219141609209));
#7444=CARTESIAN_POINT('Ctrl Pts',(-64.9688038188229,4.50000005215406,-0.658219141609209));
#7445=CARTESIAN_POINT('Ctrl Pts',(-65.0000009685755,-4.50000005215407,-0.550507627227611));
#7446=CARTESIAN_POINT('Ctrl Pts',(-65.0000009685755,-1.5000000173847,-0.550507627227611));
#7447=CARTESIAN_POINT('Ctrl Pts',(-65.0000009685755,1.50000001738468,-0.550507627227611));
#7448=CARTESIAN_POINT('Ctrl Pts',(-65.0000009685755,4.50000005215406,-0.550507627227611));
#7449=CARTESIAN_POINT('Ctrl Pts',(-65.0000009685755,-4.50000005215407,-0.5));
#7450=CARTESIAN_POINT('Ctrl Pts',(-65.0000009685755,-1.5000000173847,-0.5));
#7451=CARTESIAN_POINT('Ctrl Pts',(-65.0000009685755,1.50000001738468,-0.5));
#7452=CARTESIAN_POINT('Ctrl Pts',(-65.0000009685755,4.50000005215406,-0.5));
#7453=CARTESIAN_POINT('',(-64.0000009685755,-3.50000005215407,-1.));
#7454=CARTESIAN_POINT('Ctrl Pts',(-64.0000009685755,4.50000005215406,-1.));
#7455=CARTESIAN_POINT('Ctrl Pts',(-64.0000009685755,1.83333335071801,-1.));
#7456=CARTESIAN_POINT('Ctrl Pts',(-64.0000009685755,-0.83333335071803,-1.));
#7457=CARTESIAN_POINT('Ctrl Pts',(-64.0000009685755,-3.50000005215407,-1.));
#7458=CARTESIAN_POINT('Ctrl Pts',(-64.0000009685755,-4.50000005215407,-1.));
#7459=CARTESIAN_POINT('Ctrl Pts',(-64.0000009685755,-4.16666671882074,-1.));
#7460=CARTESIAN_POINT('Ctrl Pts',(-64.0000009685755,-3.8333333854874,-1.));
#7461=CARTESIAN_POINT('Ctrl Pts',(-64.0000009685755,-3.50000005215407,-1.));
#7462=CARTESIAN_POINT('Ctrl Pts',(-65.0000009685755,-3.50000005215407,-0.5));
#7463=CARTESIAN_POINT('Ctrl Pts',(-65.0000009685755,-1.16666668405136,-0.5));
#7464=CARTESIAN_POINT('Ctrl Pts',(-65.0000009685755,1.16666668405135,-0.5));
#7465=CARTESIAN_POINT('Ctrl Pts',(-65.0000009685755,3.50000005215405,-0.5));
#7466=CARTESIAN_POINT('Origin',(-3.525182260729E-7,-1.853499725156E-7,0.));
#7467=CARTESIAN_POINT('',(-66.377354,-4.077983,0.));
#7468=CARTESIAN_POINT('',(-66.377354,-4.077983,0.));
#7469=CARTESIAN_POINT('Origin',(-3.525182260729E-7,-1.853499725156E-7,0.));
#7470=CARTESIAN_POINT('Origin',(-66.257283,-5.70573600000001,0.));
#7471=CARTESIAN_POINT('',(-66.257283,-5.70573600000001,0.));
#7472=CARTESIAN_POINT('',(-66.257283,-5.70573600000001,0.));
#7473=CARTESIAN_POINT('',(-66.257283,-5.70573600000001,0.));
#7474=CARTESIAN_POINT('Origin',(1.375034588121E-6,7.380411601598E-8,0.));
#7475=CARTESIAN_POINT('',(-49.4340742221659,-44.4843266801031,-1.73472347597681E-17));
#7476=CARTESIAN_POINT('',(-49.4340742221659,-44.4843266801031,-1.73472347597681E-17));
#7477=CARTESIAN_POINT('Origin',(1.375034588121E-6,7.380411601598E-8,0.));
#7478=CARTESIAN_POINT('Origin',(-48.4368152330433,-43.4870676909805,0.));
#7479=CARTESIAN_POINT('',(-48.4368152330433,-43.4870676909805,0.));
#7480=CARTESIAN_POINT('',(-48.4368152330433,-43.4870676909805,0.));
#7481=CARTESIAN_POINT('',(-48.4368152330433,-43.4870676909805,0.));
#7482=CARTESIAN_POINT('Origin',(-43.4870676909805,-48.4368152330433,0.));
#7483=CARTESIAN_POINT('',(-43.4870676909805,-48.4368152330433,0.));
#7484=CARTESIAN_POINT('',(-43.4870676909805,-48.4368152330433,0.));
#7485=CARTESIAN_POINT('',(-43.4870676909805,-48.4368152330433,0.));
#7486=CARTESIAN_POINT('Origin',(-44.4843267486813,-49.4340742907442,-1.68155193061932E-17));
#7487=CARTESIAN_POINT('',(-44.4843267486813,-49.4340742907442,-1.73472347597681E-17));
#7488=CARTESIAN_POINT('',(-44.4843267486813,-49.4340742907442,-1.73472347597681E-17));
#7489=CARTESIAN_POINT('',(-43.4870676909805,-48.4368152330433,0.));
#7490=CARTESIAN_POINT('Origin',(1.375034588121E-6,7.380411601598E-8,0.));
#7491=CARTESIAN_POINT('',(-26.201457,-61.123373,0.));
#7492=CARTESIAN_POINT('',(-26.201457,-61.123373,0.));
#7493=CARTESIAN_POINT('Origin',(1.375034588121E-6,7.380411601598E-8,0.));
#7494=CARTESIAN_POINT('Origin',(-24.6935229999998,-61.7479789999996,0.));
#7495=CARTESIAN_POINT('',(-24.6935229999998,-61.7479789999996,0.));
#7496=CARTESIAN_POINT('',(-24.6935229999998,-61.7479789999996,0.));
#7497=CARTESIAN_POINT('',(-24.6935229999998,-61.7479789999996,0.));
#7498=CARTESIAN_POINT('Origin',(5.656851064772E-8,-2.064542063659E-7,0.));
#7499=CARTESIAN_POINT('',(-3.50000005215405,-66.4103379956298,-1.73472347597681E-17));
#7500=CARTESIAN_POINT('',(-3.50000005215405,-66.4103379956298,-1.73472347597681E-17));
#7501=CARTESIAN_POINT('Origin',(5.656851064772E-8,-2.064542063659E-7,0.));
#7502=CARTESIAN_POINT('Origin',(-3.50000005215405,-65.0000009685755,0.));
#7503=CARTESIAN_POINT('',(-3.50000005215405,-65.0000009685755,0.));
#7504=CARTESIAN_POINT('',(-3.50000005215405,-65.0000009685755,0.));
#7505=CARTESIAN_POINT('',(-3.50000005215405,-65.0000009685755,0.));
#7506=CARTESIAN_POINT('Origin',(3.50000005215408,-65.0000009685755,0.));
#7507=CARTESIAN_POINT('',(3.50000005215408,-65.0000009685755,0.));
#7508=CARTESIAN_POINT('',(3.50000005215408,-65.0000009685755,0.));
#7509=CARTESIAN_POINT('',(3.50000005215408,-65.0000009685755,0.));
#7510=CARTESIAN_POINT('Origin',(3.50000005215408,-66.4103380015924,-1.68155163065565E-17));
#7511=CARTESIAN_POINT('',(3.50000005215408,-66.4103380015924,-1.73472347597681E-17));
#7512=CARTESIAN_POINT('',(3.50000005215408,-66.4103380015924,-1.73472347597681E-17));
#7513=CARTESIAN_POINT('',(3.50000005215408,-65.0000009685755,0.));
#7514=CARTESIAN_POINT('Origin',(5.656851064772E-8,-2.064542063659E-7,0.));
#7515=CARTESIAN_POINT('',(44.484326558153,-49.4340741002159,-1.73472347597681E-17));
#7516=CARTESIAN_POINT('',(44.484326558153,-49.4340741002159,-1.73472347597681E-17));
#7517=CARTESIAN_POINT('Origin',(5.656851064772E-8,-2.064542063659E-7,0.));
#7518=CARTESIAN_POINT('Origin',(43.4870676909805,-48.4368152330433,0.));
#7519=CARTESIAN_POINT('',(43.4870676909805,-48.4368152330433,0.));
#7520=CARTESIAN_POINT('',(43.4870676909805,-48.4368152330433,0.));
#7521=CARTESIAN_POINT('',(43.4870676909805,-48.4368152330433,0.));
#7522=CARTESIAN_POINT('Origin',(48.4368152330433,-43.4870676909805,0.));
#7523=CARTESIAN_POINT('',(48.4368152330433,-43.4870676909805,0.));
#7524=CARTESIAN_POINT('',(48.4368152330433,-43.4870676909805,0.));
#7525=CARTESIAN_POINT('',(48.4368152330433,-43.4870676909805,0.));
#7526=CARTESIAN_POINT('Origin',(49.4340740923165,-44.4843265502537,-1.68155159603581E-17));
#7527=CARTESIAN_POINT('',(49.4340740923165,-44.4843265502537,-1.73472347597681E-17));
#7528=CARTESIAN_POINT('',(49.4340740923165,-44.4843265502537,-1.73472347597681E-17));
#7529=CARTESIAN_POINT('',(48.4368152330433,-43.4870676909805,0.));
#7530=CARTESIAN_POINT('Origin',(5.656851064772E-8,-2.064542063659E-7,0.));
#7531=CARTESIAN_POINT('',(66.4103378596061,-3.50000005215406,-1.73472347597681E-17));
#7532=CARTESIAN_POINT('',(66.4103378596061,-3.50000005215406,-1.73472347597681E-17));
#7533=CARTESIAN_POINT('Origin',(5.656851064772E-8,-2.064542063659E-7,0.));
#7534=CARTESIAN_POINT('Origin',(65.0000009685755,-3.50000005215406,0.));
#7535=CARTESIAN_POINT('',(65.0000009685755,-3.50000005215406,0.));
#7536=CARTESIAN_POINT('',(65.0000009685755,-3.50000005215406,0.));
#7537=CARTESIAN_POINT('',(65.0000009685755,-3.50000005215406,0.));
#7538=CARTESIAN_POINT('Origin',(65.0000009685755,3.50000005215406,0.));
#7539=CARTESIAN_POINT('',(65.0000009685755,3.50000005215406,0.));
#7540=CARTESIAN_POINT('',(65.0000009685755,3.50000005215406,0.));
#7541=CARTESIAN_POINT('',(65.0000009685755,3.50000005215406,0.));
#7542=CARTESIAN_POINT('Origin',(66.4103378443086,3.50000005215406,-1.68155144312539E-17));
#7543=CARTESIAN_POINT('',(66.4103378443086,3.50000005215406,-1.73472347597681E-17));
#7544=CARTESIAN_POINT('',(66.4103378443086,3.50000005215406,-1.73472347597681E-17));
#7545=CARTESIAN_POINT('',(65.0000009685755,3.50000005215406,0.));
#7546=CARTESIAN_POINT('Origin',(-3.525182260729E-7,-1.853499725156E-7,0.));
#7547=CARTESIAN_POINT('',(49.4340739844678,44.484326442405,-1.73472347597681E-17));
#7548=CARTESIAN_POINT('',(49.4340739844678,44.484326442405,-1.73472347597681E-17));
#7549=CARTESIAN_POINT('Origin',(-3.525182260729E-7,-1.853499725156E-7,0.));
#7550=CARTESIAN_POINT('Origin',(48.4368152330433,43.4870676909805,0.));
#7551=CARTESIAN_POINT('',(48.4368152330433,43.4870676909805,0.));
#7552=CARTESIAN_POINT('',(48.4368152330433,43.4870676909805,0.));
#7553=CARTESIAN_POINT('',(48.4368152330433,43.4870676909805,0.));
#7554=CARTESIAN_POINT('Origin',(43.4870676909805,48.4368152330433,0.));
#7555=CARTESIAN_POINT('',(43.4870676909805,48.4368152330433,0.));
#7556=CARTESIAN_POINT('',(43.4870676909805,48.4368152330433,0.));
#7557=CARTESIAN_POINT('',(43.4870676909805,48.4368152330433,0.));
#7558=CARTESIAN_POINT('Origin',(44.4843264512151,49.434073993278,-1.6815514290397E-17));
#7559=CARTESIAN_POINT('',(44.4843264512151,49.434073993278,-1.73472347597681E-17));
#7560=CARTESIAN_POINT('',(44.4843264512151,49.434073993278,-1.73472347597681E-17));
#7561=CARTESIAN_POINT('',(43.4870676909805,48.4368152330433,0.));
#7562=CARTESIAN_POINT('Origin',(-3.525182260729E-7,-1.853499725156E-7,0.));
#7563=CARTESIAN_POINT('',(3.50000005215405,66.4103380026666,-1.73472347597681E-17));
#7564=CARTESIAN_POINT('',(3.50000005215405,66.4103380026666,-1.73472347597681E-17));
#7565=CARTESIAN_POINT('Origin',(-3.525182260729E-7,-1.853499725156E-7,0.));
#7566=CARTESIAN_POINT('Origin',(3.50000005215405,65.0000009685755,0.));
#7567=CARTESIAN_POINT('',(3.50000005215405,65.0000009685755,0.));
#7568=CARTESIAN_POINT('',(3.50000005215405,65.0000009685755,0.));
#7569=CARTESIAN_POINT('',(3.50000005215405,65.0000009685755,0.));
#7570=CARTESIAN_POINT('Origin',(-3.50000005215408,65.0000009685755,0.));
#7571=CARTESIAN_POINT('',(-3.50000005215408,65.0000009685755,0.));
#7572=CARTESIAN_POINT('',(-3.50000005215408,65.0000009685755,0.));
#7573=CARTESIAN_POINT('',(-3.50000005215408,65.0000009685755,0.));
#7574=CARTESIAN_POINT('Origin',(-3.50000005215408,66.4103380398239,-1.68155167623925E-17));
#7575=CARTESIAN_POINT('',(-3.50000005215408,66.4103380398239,-1.73472347597681E-17));
#7576=CARTESIAN_POINT('',(-3.50000005215408,66.4103380398239,-1.73472347597681E-17));
#7577=CARTESIAN_POINT('',(-3.50000005215408,65.0000009685755,0.));
#7578=CARTESIAN_POINT('Origin',(-3.525182260729E-7,-1.853499725156E-7,0.));
#7579=CARTESIAN_POINT('',(-44.4843267851547,49.4340743272176,-1.73472347597681E-17));
#7580=CARTESIAN_POINT('',(-44.4843267851547,49.4340743272176,-1.73472347597681E-17));
#7581=CARTESIAN_POINT('Origin',(-3.525182260729E-7,-1.853499725156E-7,0.));
#7582=CARTESIAN_POINT('Origin',(-43.4870676909805,48.4368152330433,0.));
#7583=CARTESIAN_POINT('',(-43.4870676909805,48.4368152330433,0.));
#7584=CARTESIAN_POINT('',(-43.4870676909805,48.4368152330433,0.));
#7585=CARTESIAN_POINT('',(-43.4870676909805,48.4368152330433,0.));
#7586=CARTESIAN_POINT('Origin',(-48.4368152330433,43.4870676909805,0.));
#7587=CARTESIAN_POINT('',(-48.4368152330433,43.4870676909805,0.));
#7588=CARTESIAN_POINT('',(-48.4368152330433,43.4870676909805,0.));
#7589=CARTESIAN_POINT('',(-48.4368152330433,43.4870676909805,0.));
#7590=CARTESIAN_POINT('Origin',(-49.4340743555646,44.4843268135018,-1.68155203991791E-17));
#7591=CARTESIAN_POINT('',(-49.4340743555646,44.4843268135018,-1.73472347597681E-17));
#7592=CARTESIAN_POINT('',(-49.4340743555646,44.4843268135018,-1.73472347597681E-17));
#7593=CARTESIAN_POINT('',(-48.4368152330433,43.4870676909805,0.));
#7594=CARTESIAN_POINT('Origin',(-3.525182260729E-7,-1.853499725156E-7,0.));
#7595=CARTESIAN_POINT('',(-66.410338549345,3.50000005215406,-1.73472347597681E-17));
#7596=CARTESIAN_POINT('',(-66.410338549345,3.50000005215406,-1.73472347597681E-17));
#7597=CARTESIAN_POINT('Origin',(-3.525182260729E-7,-1.853499725156E-7,0.));
#7598=CARTESIAN_POINT('Origin',(-65.0000009685755,3.50000005215406,0.));
#7599=CARTESIAN_POINT('',(-65.0000009685755,3.50000005215406,0.));
#7600=CARTESIAN_POINT('',(-65.0000009685755,3.50000005215406,0.));
#7601=CARTESIAN_POINT('',(-65.0000009685755,3.50000005215406,0.));
#7602=CARTESIAN_POINT('Origin',(-65.0000009685755,-3.50000005215407,0.));
#7603=CARTESIAN_POINT('',(-65.0000009685755,-3.50000005215407,0.));
#7604=CARTESIAN_POINT('Origin',(-3.54637901267552E-7,1.91157489837224E-8,
-1.));
#7605=CARTESIAN_POINT('Origin',(-3.54637901267552E-7,1.91157489837224E-8,
0.));
#7606=UNCERTAINTY_MEASURE_WITH_UNIT(LENGTH_MEASURE(0.01),#7610,
'DISTANCE_ACCURACY_VALUE',
'Maximum model space distance between geometric entities at asserted c
onnectivities');
#7607=UNCERTAINTY_MEASURE_WITH_UNIT(LENGTH_MEASURE(0.01),#7610,
'DISTANCE_ACCURACY_VALUE',
'Maximum model space distance between geometric entities at asserted c
onnectivities');
#7608=(
GEOMETRIC_REPRESENTATION_CONTEXT(3)
GLOBAL_UNCERTAINTY_ASSIGNED_CONTEXT((#7606))
GLOBAL_UNIT_ASSIGNED_CONTEXT((#7610,#7612,#7613))
REPRESENTATION_CONTEXT('','3D')
);
#7609=(
GEOMETRIC_REPRESENTATION_CONTEXT(3)
GLOBAL_UNCERTAINTY_ASSIGNED_CONTEXT((#7607))
GLOBAL_UNIT_ASSIGNED_CONTEXT((#7610,#7612,#7613))
REPRESENTATION_CONTEXT('','3D')
);
#7610=(
LENGTH_UNIT()
NAMED_UNIT(*)
SI_UNIT(.MILLI.,.METRE.)
);
#7611=(
LENGTH_UNIT()
NAMED_UNIT(*)
SI_UNIT($,.METRE.)
);
#7612=(
NAMED_UNIT(*)
PLANE_ANGLE_UNIT()
SI_UNIT($,.RADIAN.)
);
#7613=(
NAMED_UNIT(*)
SI_UNIT($,.STERADIAN.)
SOLID_ANGLE_UNIT()
);
#7614=SHAPE_DEFINITION_REPRESENTATION(#7615,#7616);
#7615=PRODUCT_DEFINITION_SHAPE('',$,#7618);
#7616=SHAPE_REPRESENTATION('',(#3098),#7608);
#7617=PRODUCT_DEFINITION_CONTEXT('part definition',#7622,'design');
#7618=PRODUCT_DEFINITION('2026-05-17-11-35-21-648','Back',#7619,#7617);
#7619=PRODUCT_DEFINITION_FORMATION('',$,#7624);
#7620=PRODUCT_RELATED_PRODUCT_CATEGORY('Back','Back',(#7624));
#7621=APPLICATION_PROTOCOL_DEFINITION('international standard',
'automotive_design',2009,#7622);
#7622=APPLICATION_CONTEXT(
'Core Data for Automotive Mechanical Design Process');
#7623=PRODUCT_CONTEXT('part definition',#7622,'mechanical');
#7624=PRODUCT('2026-05-17-11-35-21-648','Back',$,(#7623));
#7625=PRESENTATION_STYLE_ASSIGNMENT((#7627));
#7626=PRESENTATION_STYLE_ASSIGNMENT((#7628));
#7627=SURFACE_STYLE_USAGE(.BOTH.,#7629);
#7628=SURFACE_STYLE_USAGE(.BOTH.,#7630);
#7629=SURFACE_SIDE_STYLE('',(#7631));
#7630=SURFACE_SIDE_STYLE('',(#7632));
#7631=SURFACE_STYLE_FILL_AREA(#7633);
#7632=SURFACE_STYLE_FILL_AREA(#7634);
#7633=FILL_AREA_STYLE('Steel - Satin',(#7635));
#7634=FILL_AREA_STYLE('Opaque(198,193,188)',(#7636));
#7635=FILL_AREA_STYLE_COLOUR('Steel - Satin',#7637);
#7636=FILL_AREA_STYLE_COLOUR('Opaque(198,193,188)',#7638);
#7637=COLOUR_RGB('Steel - Satin',0.627450980392157,0.627450980392157,0.627450980392157);
#7638=COLOUR_RGB('Opaque(198,193,188)',0.776470588235294,0.756862745098039,
0.737254901960784);
ENDSEC;
END-ISO-10303-21;
