ISO-10303-21;
HEADER;
/* Generated by software containing ST-Developer
 * from STEP Tools, Inc. (www.steptools.com) 
 */

FILE_DESCRIPTION(
/* description */ (''),
/* implementation_level */ '2;1');

FILE_NAME(
/* name */ 'enclosure-back.step',
/* time_stamp */ '2026-05-19T21:11:05+02:00',
/* author */ (''),
/* organization */ (''),
/* preprocessor_version */ 'ST-DEVELOPER v20.1',
/* originating_system */ 'Autodesk Translation Framework v15.8.0.0',
/* authorisation */ '');

FILE_SCHEMA (('AUTOMOTIVE_DESIGN { 1 0 10303 214 3 1 1 }'));
ENDSEC;

DATA;
#10=MECHANICAL_DESIGN_GEOMETRIC_PRESENTATION_REPRESENTATION('',(#13),#12272);
#11=SHAPE_REPRESENTATION_RELATIONSHIP('SRR','None',#12279,#12);
#12=ADVANCED_BREP_SHAPE_REPRESENTATION('',(#14),#12271);
#13=STYLED_ITEM('',(#12289),#14);
#14=MANIFOLD_SOLID_BREP('Body1',#4487);
#15=SPHERICAL_SURFACE('',#4798,1.5);
#16=B_SPLINE_SURFACE_WITH_KNOTS('',3,3,((#10017,#10018,#10019,#10020,#10021,
#10022,#10023,#10024,#10025),(#10026,#10027,#10028,#10029,#10030,#10031,
#10032,#10033,#10034),(#10035,#10036,#10037,#10038,#10039,#10040,#10041,
#10042,#10043),(#10044,#10045,#10046,#10047,#10048,#10049,#10050,#10051,
#10052)),.UNSPECIFIED.,.F.,.F.,.F.,(4,4),(4,1,1,1,1,1,4),(0.,1.),(-1.06725373854368,
-1.0281592224398,-0.989064706335916,-0.949970190232036,-0.930422932180096,
-0.871781158024276,-0.793592125816516),.UNSPECIFIED.);
#17=B_SPLINE_SURFACE_WITH_KNOTS('',3,3,((#10091,#10092,#10093,#10094,#10095,
#10096),(#10097,#10098,#10099,#10100,#10101,#10102),(#10103,#10104,#10105,
#10106,#10107,#10108),(#10109,#10110,#10111,#10112,#10113,#10114)),
 .UNSPECIFIED.,.F.,.F.,.F.,(4,4),(4,1,1,4),(0.,1.),(0.,0.0937863398343785,
0.140679509751568,0.164126094710162),.UNSPECIFIED.);
#18=B_SPLINE_SURFACE_WITH_KNOTS('',3,3,((#10191,#10192,#10193,#10194),(#10195,
#10196,#10197,#10198),(#10199,#10200,#10201,#10202),(#10203,#10204,#10205,
#10206),(#10207,#10208,#10209,#10210),(#10211,#10212,#10213,#10214),(#10215,
#10216,#10217,#10218)),.UNSPECIFIED.,.F.,.F.,.F.,(4,1,1,1,4),(4,4),(0.,
0.285714285714286,0.571428571428571,0.785714285714286,1.),(-0.141033760030643,
0.100000000000002),.UNSPECIFIED.);
#19=B_SPLINE_SURFACE_WITH_KNOTS('',3,3,((#10270,#10271,#10272,#10273),(#10274,
#10275,#10276,#10277),(#10278,#10279,#10280,#10281),(#10282,#10283,#10284,
#10285),(#10286,#10287,#10288,#10289),(#10290,#10291,#10292,#10293)),
 .UNSPECIFIED.,.F.,.F.,.F.,(4,1,1,4),(4,4),(0.311383073089148,0.606504613193799,
0.8032523065969,1.),(-2.11771806179875E-5,0.00870531432011559),
 .UNSPECIFIED.);
#20=B_SPLINE_SURFACE_WITH_KNOTS('',3,3,((#10312,#10313,#10314,#10315),(#10316,
#10317,#10318,#10319),(#10320,#10321,#10322,#10323),(#10324,#10325,#10326,
#10327),(#10328,#10329,#10330,#10331),(#10332,#10333,#10334,#10335),(#10336,
#10337,#10338,#10339)),.UNSPECIFIED.,.F.,.F.,.F.,(4,1,1,1,4),(4,4),(0.,
0.285714285714286,0.571428571428571,0.785714285714286,1.),(-0.000207624767287231,
0.163217550344625),.UNSPECIFIED.);
#21=B_SPLINE_SURFACE_WITH_KNOTS('',3,3,((#10363,#10364,#10365,#10366),(#10367,
#10368,#10369,#10370),(#10371,#10372,#10373,#10374),(#10375,#10376,#10377,
#10378),(#10379,#10380,#10381,#10382),(#10383,#10384,#10385,#10386),(#10387,
#10388,#10389,#10390)),.UNSPECIFIED.,.F.,.F.,.F.,(4,1,1,1,4),(4,4),(0.,
0.285714285714286,0.571428571428571,0.785714285714286,1.),(1.61117840971293,
1.93895172058278),.UNSPECIFIED.);
#22=B_SPLINE_SURFACE_WITH_KNOTS('',3,3,((#10430,#10431,#10432,#10433),(#10434,
#10435,#10436,#10437),(#10438,#10439,#10440,#10441),(#10442,#10443,#10444,
#10445),(#10446,#10447,#10448,#10449),(#10450,#10451,#10452,#10453),(#10454,
#10455,#10456,#10457)),.UNSPECIFIED.,.F.,.F.,.F.,(4,1,1,1,4),(4,4),(0.,
0.285714285714286,0.571428571428571,0.785714285714286,1.),(-0.000207625433287099,
0.163217572693384),.UNSPECIFIED.);
#23=B_SPLINE_SURFACE_WITH_KNOTS('',3,3,((#10481,#10482,#10483,#10484,#10485),
(#10486,#10487,#10488,#10489,#10490),(#10491,#10492,#10493,#10494,#10495),
(#10496,#10497,#10498,#10499,#10500),(#10501,#10502,#10503,#10504,#10505),
(#10506,#10507,#10508,#10509,#10510),(#10511,#10512,#10513,#10514,#10515)),
 .UNSPECIFIED.,.F.,.F.,.F.,(4,1,1,1,4),(4,1,4),(0.,0.285714285714286,0.571428571428571,
0.785714285714286,1.),(0.433081159972677,0.710298861350471,1.07992246318753),
 .UNSPECIFIED.);
#24=B_SPLINE_SURFACE_WITH_KNOTS('',3,3,((#10542,#10543,#10544,#10545),(#10546,
#10547,#10548,#10549),(#10550,#10551,#10552,#10553),(#10554,#10555,#10556,
#10557),(#10558,#10559,#10560,#10561),(#10562,#10563,#10564,#10565),(#10566,
#10567,#10568,#10569)),.UNSPECIFIED.,.F.,.F.,.F.,(4,1,1,1,4),(4,4),(0.,
0.285714285714286,0.571428571428571,0.785714285714286,1.),(-0.100000000000001,
0.141033718761565),.UNSPECIFIED.);
#25=B_SPLINE_SURFACE_WITH_KNOTS('',3,3,((#10594,#10595,#10596,#10597),(#10598,
#10599,#10600,#10601),(#10602,#10603,#10604,#10605),(#10606,#10607,#10608,
#10609),(#10610,#10611,#10612,#10613),(#10614,#10615,#10616,#10617),(#10618,
#10619,#10620,#10621)),.UNSPECIFIED.,.F.,.F.,.F.,(4,1,1,1,4),(4,4),(0.,
0.285714285714286,0.571428571428571,0.785714285714286,1.),(-0.1,0.800000010430814),
 .UNSPECIFIED.);
#26=B_SPLINE_SURFACE_WITH_KNOTS('',3,3,((#10646,#10647,#10648,#10649),(#10650,
#10651,#10652,#10653),(#10654,#10655,#10656,#10657),(#10658,#10659,#10660,
#10661),(#10662,#10663,#10664,#10665),(#10666,#10667,#10668,#10669),(#10670,
#10671,#10672,#10673)),.UNSPECIFIED.,.F.,.F.,.F.,(4,1,1,1,4),(4,4),(0.,
0.285714285714286,0.571428571428571,0.785714285714286,1.),(-0.141033728459997,
0.100000000000001),.UNSPECIFIED.);
#27=B_SPLINE_SURFACE_WITH_KNOTS('',3,3,((#10698,#10699,#10700,#10701),(#10702,
#10703,#10704,#10705),(#10706,#10707,#10708,#10709),(#10710,#10711,#10712,
#10713),(#10714,#10715,#10716,#10717),(#10718,#10719,#10720,#10721),(#10722,
#10723,#10724,#10725)),.UNSPECIFIED.,.F.,.F.,.F.,(4,1,1,1,4),(4,4),(0.,
0.285714285714286,0.571428571428571,0.785714285714286,1.),(-3.07533062970238E-5,
0.327773312237245),.UNSPECIFIED.);
#28=B_SPLINE_SURFACE_WITH_KNOTS('',3,3,((#10734,#10735,#10736,#10737),(#10738,
#10739,#10740,#10741),(#10742,#10743,#10744,#10745),(#10746,#10747,#10748,
#10749),(#10750,#10751,#10752,#10753),(#10754,#10755,#10756,#10757),(#10758,
#10759,#10760,#10761)),.UNSPECIFIED.,.F.,.F.,.F.,(4,1,1,1,4),(4,4),(0.,
0.285714285714286,0.571428571428571,0.785714285714286,1.),(-0.100000000000001,
0.141033702705432),.UNSPECIFIED.);
#29=B_SPLINE_SURFACE_WITH_KNOTS('',3,3,((#10786,#10787,#10788,#10789),(#10790,
#10791,#10792,#10793),(#10794,#10795,#10796,#10797),(#10798,#10799,#10800,
#10801),(#10802,#10803,#10804,#10805),(#10806,#10807,#10808,#10809),(#10810,
#10811,#10812,#10813)),.UNSPECIFIED.,.F.,.F.,.F.,(4,1,1,1,4),(4,4),(0.,
0.285714285714286,0.571428571428571,0.785714285714286,1.),(-0.1,0.800000010430813),
 .UNSPECIFIED.);
#30=B_SPLINE_SURFACE_WITH_KNOTS('',3,3,((#10838,#10839,#10840,#10841),(#10842,
#10843,#10844,#10845),(#10846,#10847,#10848,#10849),(#10850,#10851,#10852,
#10853),(#10854,#10855,#10856,#10857),(#10858,#10859,#10860,#10861),(#10862,
#10863,#10864,#10865)),.UNSPECIFIED.,.F.,.F.,.F.,(4,1,1,1,4),(4,4),(0.,
0.285714285714286,0.571428571428571,0.785714285714286,1.),(-0.141033703301694,
0.100000000000002),.UNSPECIFIED.);
#31=B_SPLINE_SURFACE_WITH_KNOTS('',3,3,((#10890,#10891,#10892,#10893,#10894),
(#10895,#10896,#10897,#10898,#10899),(#10900,#10901,#10902,#10903,#10904),
(#10905,#10906,#10907,#10908,#10909),(#10910,#10911,#10912,#10913,#10914),
(#10915,#10916,#10917,#10918,#10919),(#10920,#10921,#10922,#10923,#10924)),
 .UNSPECIFIED.,.F.,.F.,.F.,(4,1,1,1,4),(4,1,4),(0.,0.285714285714286,0.571428571428571,
0.785714285714286,1.),(0.825780243867766,1.11724752208288,1.50587055970302),
 .UNSPECIFIED.);
#32=B_SPLINE_SURFACE_WITH_KNOTS('',3,3,((#10951,#10952,#10953,#10954),(#10955,
#10956,#10957,#10958),(#10959,#10960,#10961,#10962),(#10963,#10964,#10965,
#10966),(#10967,#10968,#10969,#10970),(#10971,#10972,#10973,#10974),(#10975,
#10976,#10977,#10978)),.UNSPECIFIED.,.F.,.F.,.F.,(4,1,1,1,4),(4,4),(0.,
0.285714285714286,0.571428571428571,0.785714285714286,1.),(-0.0999999999999998,
0.141033701515227),.UNSPECIFIED.);
#33=B_SPLINE_SURFACE_WITH_KNOTS('',3,3,((#11003,#11004,#11005,#11006),(#11007,
#11008,#11009,#11010),(#11011,#11012,#11013,#11014),(#11015,#11016,#11017,
#11018),(#11019,#11020,#11021,#11022),(#11023,#11024,#11025,#11026),(#11027,
#11028,#11029,#11030)),.UNSPECIFIED.,.F.,.F.,.F.,(4,1,1,1,4),(4,4),(0.,
0.285714285714286,0.571428571428571,0.785714285714286,1.),(-0.1,0.800000010430815),
 .UNSPECIFIED.);
#34=B_SPLINE_SURFACE_WITH_KNOTS('',3,3,((#11055,#11056,#11057,#11058),(#11059,
#11060,#11061,#11062),(#11063,#11064,#11065,#11066),(#11067,#11068,#11069,
#11070),(#11071,#11072,#11073,#11074),(#11075,#11076,#11077,#11078),(#11079,
#11080,#11081,#11082)),.UNSPECIFIED.,.F.,.F.,.F.,(4,1,1,1,4),(4,4),(0.,
0.285714285714286,0.571428571428571,0.785714285714286,1.),(-0.141033700398087,
0.100000000000003),.UNSPECIFIED.);
#35=B_SPLINE_SURFACE_WITH_KNOTS('',3,3,((#11107,#11108,#11109,#11110,#11111),
(#11112,#11113,#11114,#11115,#11116),(#11117,#11118,#11119,#11120,#11121),
(#11122,#11123,#11124,#11125,#11126),(#11127,#11128,#11129,#11130,#11131),
(#11132,#11133,#11134,#11135,#11136),(#11137,#11138,#11139,#11140,#11141)),
 .UNSPECIFIED.,.F.,.F.,.F.,(4,1,1,1,4),(4,1,4),(0.,0.285714285714286,0.571428571428571,
0.785714285714286,1.),(0.040382078957466,0.331849356771919,0.720472393857855),
 .UNSPECIFIED.);
#36=B_SPLINE_SURFACE_WITH_KNOTS('',3,3,((#11168,#11169,#11170,#11171),(#11172,
#11173,#11174,#11175),(#11176,#11177,#11178,#11179),(#11180,#11181,#11182,
#11183),(#11184,#11185,#11186,#11187),(#11188,#11189,#11190,#11191),(#11192,
#11193,#11194,#11195)),.UNSPECIFIED.,.F.,.F.,.F.,(4,1,1,1,4),(4,4),(0.,
0.285714285714286,0.571428571428571,0.785714285714286,1.),(-0.0999999999999993,
0.141033689103062),.UNSPECIFIED.);
#37=B_SPLINE_SURFACE_WITH_KNOTS('',3,3,((#11220,#11221,#11222,#11223),(#11224,
#11225,#11226,#11227),(#11228,#11229,#11230,#11231),(#11232,#11233,#11234,
#11235),(#11236,#11237,#11238,#11239),(#11240,#11241,#11242,#11243),(#11244,
#11245,#11246,#11247)),.UNSPECIFIED.,.F.,.F.,.F.,(4,1,1,1,4),(4,4),(0.,
0.285714285714286,0.571428571428571,0.785714285714286,1.),(-0.1,0.800000010430813),
 .UNSPECIFIED.);
#38=B_SPLINE_SURFACE_WITH_KNOTS('',3,3,((#11272,#11273,#11274,#11275),(#11276,
#11277,#11278,#11279),(#11280,#11281,#11282,#11283),(#11284,#11285,#11286,
#11287),(#11288,#11289,#11290,#11291),(#11292,#11293,#11294,#11295),(#11296,
#11297,#11298,#11299)),.UNSPECIFIED.,.F.,.F.,.F.,(4,1,1,1,4),(4,4),(0.,
0.285714285714286,0.571428571428571,0.785714285714286,1.),(-0.141033687573311,
0.100000000000002),.UNSPECIFIED.);
#39=B_SPLINE_SURFACE_WITH_KNOTS('',3,3,((#11324,#11325,#11326,#11327,#11328),
(#11329,#11330,#11331,#11332,#11333),(#11334,#11335,#11336,#11337,#11338),
(#11339,#11340,#11341,#11342,#11343),(#11344,#11345,#11346,#11347,#11348),
(#11349,#11350,#11351,#11352,#11353),(#11354,#11355,#11356,#11357,#11358)),
 .UNSPECIFIED.,.F.,.F.,.F.,(4,1,1,1,4),(4,1,4),(0.,0.285714285714286,0.571428571428571,
0.785714285714286,1.),(2.47020765285535,2.76167492834361,3.15029796232795),
 .UNSPECIFIED.);
#40=B_SPLINE_SURFACE_WITH_KNOTS('',3,3,((#11385,#11386,#11387,#11388),(#11389,
#11390,#11391,#11392),(#11393,#11394,#11395,#11396),(#11397,#11398,#11399,
#11400),(#11401,#11402,#11403,#11404),(#11405,#11406,#11407,#11408),(#11409,
#11410,#11411,#11412)),.UNSPECIFIED.,.F.,.F.,.F.,(4,1,1,1,4),(4,4),(0.,
0.285714285714286,0.571428571428571,0.785714285714286,1.),(-0.100000000000002,
0.141033685145977),.UNSPECIFIED.);
#41=B_SPLINE_SURFACE_WITH_KNOTS('',3,3,((#11437,#11438,#11439,#11440),(#11441,
#11442,#11443,#11444),(#11445,#11446,#11447,#11448),(#11449,#11450,#11451,
#11452),(#11453,#11454,#11455,#11456),(#11457,#11458,#11459,#11460),(#11461,
#11462,#11463,#11464)),.UNSPECIFIED.,.F.,.F.,.F.,(4,1,1,1,4),(4,4),(0.,
0.285714285714286,0.571428571428571,0.785714285714286,1.),(-0.1,0.800000010430814),
 .UNSPECIFIED.);
#42=B_SPLINE_SURFACE_WITH_KNOTS('',3,3,((#11489,#11490,#11491,#11492),(#11493,
#11494,#11495,#11496),(#11497,#11498,#11499,#11500),(#11501,#11502,#11503,
#11504),(#11505,#11506,#11507,#11508),(#11509,#11510,#11511,#11512),(#11513,
#11514,#11515,#11516)),.UNSPECIFIED.,.F.,.F.,.F.,(4,1,1,1,4),(4,4),(0.,
0.285714285714286,0.571428571428571,0.785714285714286,1.),(-0.141033686391928,
0.100000000000001),.UNSPECIFIED.);
#43=B_SPLINE_SURFACE_WITH_KNOTS('',3,3,((#11541,#11542,#11543,#11544,#11545),
(#11546,#11547,#11548,#11549,#11550),(#11551,#11552,#11553,#11554,#11555),
(#11556,#11557,#11558,#11559,#11560),(#11561,#11562,#11563,#11564,#11565),
(#11566,#11567,#11568,#11569,#11570),(#11571,#11572,#11573,#11574,#11575)),
 .UNSPECIFIED.,.F.,.F.,.F.,(4,1,1,1,4),(4,1,4),(0.,0.285714285714286,0.571428571428571,
0.785714285714286,1.),(1.68480949298616,1.97627676892127,2.36489980350141),
 .UNSPECIFIED.);
#44=B_SPLINE_SURFACE_WITH_KNOTS('',3,3,((#11602,#11603,#11604,#11605),(#11606,
#11607,#11608,#11609),(#11610,#11611,#11612,#11613),(#11614,#11615,#11616,
#11617),(#11618,#11619,#11620,#11621),(#11622,#11623,#11624,#11625),(#11626,
#11627,#11628,#11629)),.UNSPECIFIED.,.F.,.F.,.F.,(4,1,1,1,4),(4,4),(0.,
0.285714285714286,0.571428571428571,0.785714285714286,1.),(-0.1,0.141033703409115),
 .UNSPECIFIED.);
#45=B_SPLINE_SURFACE_WITH_KNOTS('',3,3,((#11654,#11655,#11656,#11657),(#11658,
#11659,#11660,#11661),(#11662,#11663,#11664,#11665),(#11666,#11667,#11668,
#11669),(#11670,#11671,#11672,#11673),(#11674,#11675,#11676,#11677),(#11678,
#11679,#11680,#11681)),.UNSPECIFIED.,.F.,.F.,.F.,(4,1,1,1,4),(4,4),(0.,
0.285714285714286,0.571428571428571,0.785714285714286,1.),(-0.1,0.800000010430813),
 .UNSPECIFIED.);
#46=B_SPLINE_SURFACE_WITH_KNOTS('',3,3,((#11706,#11707,#11708,#11709),(#11710,
#11711,#11712,#11713),(#11714,#11715,#11716,#11717),(#11718,#11719,#11720,
#11721),(#11722,#11723,#11724,#11725),(#11726,#11727,#11728,#11729),(#11730,
#11731,#11732,#11733)),.UNSPECIFIED.,.F.,.F.,.F.,(4,1,1,1,4),(4,4),(0.,
0.285714285714286,0.571428571428571,0.785714285714286,1.),(-0.141033707124843,
0.100000000000002),.UNSPECIFIED.);
#47=B_SPLINE_SURFACE_WITH_KNOTS('',3,3,((#11758,#11759,#11760,#11761,#11762),
(#11763,#11764,#11765,#11766,#11767),(#11768,#11769,#11770,#11771,#11772),
(#11773,#11774,#11775,#11776,#11777),(#11778,#11779,#11780,#11781,#11782),
(#11783,#11784,#11785,#11786,#11787),(#11788,#11789,#11790,#11791,#11792)),
 .UNSPECIFIED.,.F.,.F.,.F.,(4,1,1,1,4),(4,1,4),(0.,0.285714285714286,0.571428571428571,
0.785714285714286,1.),(0.899411330007501,1.19087860727524,1.57950164363221),
 .UNSPECIFIED.);
#48=B_SPLINE_SURFACE_WITH_KNOTS('',3,3,((#11819,#11820,#11821,#11822),(#11823,
#11824,#11825,#11826),(#11827,#11828,#11829,#11830),(#11831,#11832,#11833,
#11834),(#11835,#11836,#11837,#11838),(#11839,#11840,#11841,#11842),(#11843,
#11844,#11845,#11846)),.UNSPECIFIED.,.F.,.F.,.F.,(4,1,1,1,4),(4,4),(0.,
0.285714285714286,0.571428571428571,0.785714285714286,1.),(-0.100000000000003,
0.141033733618117),.UNSPECIFIED.);
#49=B_SPLINE_SURFACE_WITH_KNOTS('',3,3,((#11871,#11872,#11873,#11874),(#11875,
#11876,#11877,#11878),(#11879,#11880,#11881,#11882),(#11883,#11884,#11885,
#11886),(#11887,#11888,#11889,#11890),(#11891,#11892,#11893,#11894),(#11895,
#11896,#11897,#11898)),.UNSPECIFIED.,.F.,.F.,.F.,(4,1,1,1,4),(4,4),(0.,
0.285714285714286,0.571428571428571,0.785714285714286,1.),(-0.100000000000001,
0.800000010430813),.UNSPECIFIED.);
#50=B_SPLINE_SURFACE_WITH_KNOTS('',3,3,((#11923,#11924,#11925,#11926),(#11927,
#11928,#11929,#11930),(#11931,#11932,#11933,#11934),(#11935,#11936,#11937,
#11938),(#11939,#11940,#11941,#11942),(#11943,#11944,#11945,#11946),(#11947,
#11948,#11949,#11950)),.UNSPECIFIED.,.F.,.F.,.F.,(4,1,1,1,4),(4,4),(0.,
0.285714285714286,0.571428571428571,0.785714285714286,1.),(-0.141033737626998,
0.1),.UNSPECIFIED.);
#51=B_SPLINE_SURFACE_WITH_KNOTS('',3,3,((#11975,#11976,#11977,#11978,#11979),
(#11980,#11981,#11982,#11983,#11984),(#11985,#11986,#11987,#11988,#11989),
(#11990,#11991,#11992,#11993,#11994),(#11995,#11996,#11997,#11998,#11999),
(#12000,#12001,#12002,#12003,#12004),(#12005,#12006,#12007,#12008,#12009)),
 .UNSPECIFIED.,.F.,.F.,.F.,(4,1,1,1,4),(4,1,4),(0.,0.285714285714286,0.571428571428571,
0.785714285714286,1.),(0.11401316367406,0.502636201948058,0.794103480653557),
 .UNSPECIFIED.);
#52=B_SPLINE_SURFACE_WITH_KNOTS('',3,3,((#12036,#12037,#12038,#12039),(#12040,
#12041,#12042,#12043),(#12044,#12045,#12046,#12047),(#12048,#12049,#12050,
#12051),(#12052,#12053,#12054,#12055),(#12056,#12057,#12058,#12059),(#12060,
#12061,#12062,#12063)),.UNSPECIFIED.,.F.,.F.,.F.,(4,1,1,1,4),(4,4),(0.,
0.285714285714286,0.571428571428571,0.785714285714286,1.),(-0.0999999999999993,
0.141033758076957),.UNSPECIFIED.);
#53=B_SPLINE_SURFACE_WITH_KNOTS('',3,3,((#12088,#12089,#12090,#12091),(#12092,
#12093,#12094,#12095),(#12096,#12097,#12098,#12099),(#12100,#12101,#12102,
#12103),(#12104,#12105,#12106,#12107),(#12108,#12109,#12110,#12111),(#12112,
#12113,#12114,#12115)),.UNSPECIFIED.,.F.,.F.,.F.,(4,1,1,1,4),(4,4),(0.,
0.285714285714286,0.571428571428571,0.785714285714286,1.),(-0.1,0.800000010430813),
 .UNSPECIFIED.);
#54=TOROIDAL_SURFACE('',#4785,19.5999995753169,0.6);
#55=ELLIPSE('',#4610,1.09574382511818,1.);
#56=ELLIPSE('',#4613,1.09574382511818,1.);
#57=ELLIPSE('',#4616,1.09574382511818,1.);
#58=ELLIPSE('',#4619,1.09574382511818,1.);
#59=PLANE('',#4555);
#60=PLANE('',#4569);
#61=PLANE('',#4608);
#62=PLANE('',#4611);
#63=PLANE('',#4614);
#64=PLANE('',#4617);
#65=PLANE('',#4620);
#66=PLANE('',#4621);
#67=PLANE('',#4641);
#68=PLANE('',#4643);
#69=PLANE('',#4645);
#70=PLANE('',#4647);
#71=PLANE('',#4651);
#72=PLANE('',#4653);
#73=PLANE('',#4658);
#74=PLANE('',#4660);
#75=PLANE('',#4664);
#76=PLANE('',#4668);
#77=PLANE('',#4671);
#78=PLANE('',#4679);
#79=PLANE('',#4682);
#80=PLANE('',#4683);
#81=PLANE('',#4686);
#82=PLANE('',#4688);
#83=PLANE('',#4690);
#84=PLANE('',#4692);
#85=PLANE('',#4694);
#86=PLANE('',#4695);
#87=PLANE('',#4697);
#88=PLANE('',#4699);
#89=PLANE('',#4701);
#90=PLANE('',#4714);
#91=PLANE('',#4718);
#92=PLANE('',#4721);
#93=PLANE('',#4725);
#94=PLANE('',#4738);
#95=PLANE('',#4747);
#96=PLANE('',#4757);
#97=PLANE('',#4759);
#98=PLANE('',#4770);
#99=PLANE('',#4771);
#100=PLANE('',#4773);
#101=PLANE('',#4777);
#102=PLANE('',#4779);
#103=PLANE('',#4781);
#104=PLANE('',#4783);
#105=PLANE('',#4792);
#106=PLANE('',#4804);
#107=PLANE('',#4805);
#108=PLANE('',#4806);
#109=PLANE('',#4807);
#110=PLANE('',#4808);
#111=PLANE('',#4809);
#112=PLANE('',#4811);
#113=PLANE('',#4813);
#114=PLANE('',#4814);
#115=PLANE('',#4817);
#116=PLANE('',#4820);
#117=PLANE('',#4821);
#118=PLANE('',#4822);
#119=PLANE('',#4825);
#120=PLANE('',#4828);
#121=PLANE('',#4829);
#122=PLANE('',#4830);
#123=PLANE('',#4833);
#124=PLANE('',#4834);
#125=PLANE('',#4835);
#126=PLANE('',#4838);
#127=PLANE('',#4839);
#128=PLANE('',#4840);
#129=PLANE('',#4843);
#130=PLANE('',#4844);
#131=PLANE('',#4845);
#132=PLANE('',#4848);
#133=PLANE('',#4849);
#134=PLANE('',#4850);
#135=PLANE('',#4853);
#136=PLANE('',#4854);
#137=PLANE('',#4855);
#138=PLANE('',#4858);
#139=PLANE('',#4859);
#140=PLANE('',#4860);
#141=PLANE('',#4861);
#142=FACE_BOUND('',#693,.T.);
#143=FACE_BOUND('',#694,.T.);
#144=FACE_BOUND('',#695,.T.);
#145=FACE_BOUND('',#696,.T.);
#146=FACE_BOUND('',#697,.T.);
#147=FACE_BOUND('',#698,.T.);
#148=FACE_BOUND('',#699,.T.);
#149=FACE_BOUND('',#700,.T.);
#150=FACE_BOUND('',#701,.T.);
#151=FACE_BOUND('',#702,.T.);
#152=FACE_BOUND('',#704,.T.);
#153=FACE_BOUND('',#706,.T.);
#154=FACE_BOUND('',#707,.T.);
#155=FACE_BOUND('',#708,.T.);
#156=FACE_BOUND('',#709,.T.);
#157=FACE_BOUND('',#710,.T.);
#158=FACE_BOUND('',#711,.T.);
#159=FACE_BOUND('',#739,.T.);
#160=FACE_BOUND('',#740,.T.);
#161=FACE_BOUND('',#741,.T.);
#162=FACE_BOUND('',#742,.T.);
#163=FACE_BOUND('',#743,.T.);
#164=FACE_BOUND('',#744,.T.);
#165=FACE_BOUND('',#745,.T.);
#166=FACE_BOUND('',#746,.T.);
#167=FACE_BOUND('',#747,.T.);
#168=FACE_BOUND('',#748,.T.);
#169=FACE_BOUND('',#749,.T.);
#170=FACE_BOUND('',#750,.T.);
#171=FACE_BOUND('',#751,.T.);
#172=FACE_BOUND('',#752,.T.);
#173=FACE_BOUND('',#753,.T.);
#174=FACE_BOUND('',#760,.T.);
#175=FACE_BOUND('',#764,.T.);
#176=FACE_BOUND('',#768,.T.);
#177=FACE_BOUND('',#772,.T.);
#178=FACE_BOUND('',#798,.T.);
#179=FACE_BOUND('',#800,.T.);
#180=FACE_BOUND('',#801,.T.);
#181=FACE_BOUND('',#802,.T.);
#182=FACE_BOUND('',#803,.T.);
#183=FACE_BOUND('',#804,.T.);
#184=FACE_BOUND('',#805,.T.);
#185=FACE_BOUND('',#806,.T.);
#186=FACE_BOUND('',#807,.T.);
#187=FACE_BOUND('',#808,.T.);
#188=FACE_BOUND('',#809,.T.);
#189=FACE_BOUND('',#810,.T.);
#190=FACE_BOUND('',#811,.T.);
#191=FACE_BOUND('',#812,.T.);
#192=FACE_BOUND('',#813,.T.);
#193=FACE_BOUND('',#814,.T.);
#194=FACE_BOUND('',#815,.T.);
#195=FACE_BOUND('',#816,.T.);
#196=FACE_BOUND('',#817,.T.);
#197=FACE_BOUND('',#818,.T.);
#198=FACE_BOUND('',#819,.T.);
#199=FACE_BOUND('',#820,.T.);
#200=FACE_BOUND('',#821,.T.);
#201=FACE_BOUND('',#826,.T.);
#202=FACE_BOUND('',#827,.T.);
#203=FACE_BOUND('',#828,.T.);
#204=FACE_BOUND('',#829,.T.);
#205=FACE_BOUND('',#830,.T.);
#206=FACE_BOUND('',#831,.T.);
#207=FACE_BOUND('',#832,.T.);
#208=FACE_BOUND('',#833,.T.);
#209=FACE_BOUND('',#834,.T.);
#210=FACE_BOUND('',#835,.T.);
#211=FACE_BOUND('',#836,.T.);
#212=FACE_BOUND('',#837,.T.);
#213=FACE_BOUND('',#838,.T.);
#214=FACE_BOUND('',#839,.T.);
#215=FACE_BOUND('',#840,.T.);
#216=FACE_BOUND('',#841,.T.);
#217=FACE_BOUND('',#842,.T.);
#218=FACE_BOUND('',#843,.T.);
#219=FACE_BOUND('',#844,.T.);
#220=FACE_BOUND('',#845,.T.);
#221=FACE_BOUND('',#846,.T.);
#222=FACE_BOUND('',#847,.T.);
#223=FACE_BOUND('',#848,.T.);
#224=FACE_BOUND('',#849,.T.);
#225=FACE_BOUND('',#854,.T.);
#226=FACE_BOUND('',#861,.T.);
#227=FACE_BOUND('',#869,.T.);
#228=FACE_BOUND('',#878,.T.);
#229=FACE_BOUND('',#892,.T.);
#230=FACE_BOUND('',#898,.T.);
#231=FACE_BOUND('',#911,.T.);
#232=FACE_BOUND('',#985,.T.);
#233=FACE_BOUND('',#987,.T.);
#234=(
BOUNDED_CURVE()
B_SPLINE_CURVE(2,(#7460,#7461,#7462),.UNSPECIFIED.,.F.,.F.)
B_SPLINE_CURVE_WITH_KNOTS((3,3),(0.0563716710024903,0.700804884624377),
 .UNSPECIFIED.)
CURVE()
GEOMETRIC_REPRESENTATION_ITEM()
RATIONAL_B_SPLINE_CURVE((1.00062453218006,1.00390716742132,1.00062453218006))
REPRESENTATION_ITEM('')
);
#235=(
BOUNDED_CURVE()
B_SPLINE_CURVE(2,(#8846,#8847,#8848),.UNSPECIFIED.,.F.,.F.)
B_SPLINE_CURVE_WITH_KNOTS((3,3),(0.325844623113708,0.53005268959907),
 .UNSPECIFIED.)
CURVE()
GEOMETRIC_REPRESENTATION_ITEM()
RATIONAL_B_SPLINE_CURVE((1.00252354479101,1.00297452159981,1.00299961461837))
REPRESENTATION_ITEM('')
);
#236=(
BOUNDED_CURVE()
B_SPLINE_CURVE(2,(#8873,#8874,#8875),.UNSPECIFIED.,.F.,.F.)
B_SPLINE_CURVE_WITH_KNOTS((3,3),(1.06632345839234,3.93970759210447),
 .UNSPECIFIED.)
CURVE()
GEOMETRIC_REPRESENTATION_ITEM()
RATIONAL_B_SPLINE_CURVE((1.02327024700422,1.04613704858408,1.02327024700422))
REPRESENTATION_ITEM('')
);
#237=(
BOUNDED_CURVE()
B_SPLINE_CURVE(2,(#8898,#8899,#8900),.UNSPECIFIED.,.F.,.F.)
B_SPLINE_CURVE_WITH_KNOTS((3,3),(0.554116516020192,0.758324582505596),
 .UNSPECIFIED.)
CURVE()
GEOMETRIC_REPRESENTATION_ITEM()
RATIONAL_B_SPLINE_CURVE((1.00299961461865,1.00297452160009,1.00252354479125))
REPRESENTATION_ITEM('')
);
#238=(
BOUNDED_CURVE()
B_SPLINE_CURVE(2,(#8923,#8924,#8925),.UNSPECIFIED.,.F.,.F.)
B_SPLINE_CURVE_WITH_KNOTS((3,3),(0.995133098820399,3.87564548741618),
 .UNSPECIFIED.)
CURVE()
GEOMETRIC_REPRESENTATION_ITEM()
RATIONAL_B_SPLINE_CURVE((1.025448477702,1.05282297116258,1.025448477702))
REPRESENTATION_ITEM('')
);
#239=(
BOUNDED_CURVE()
B_SPLINE_CURVE(2,(#8978,#8979,#8980),.UNSPECIFIED.,.F.,.F.)
B_SPLINE_CURVE_WITH_KNOTS((3,3),(0.000191421733504912,0.644208637993379),
 .UNSPECIFIED.)
CURVE()
GEOMETRIC_REPRESENTATION_ITEM()
RATIONAL_B_SPLINE_CURVE((1.00000195076591,1.00328254357504,1.00000195076593))
REPRESENTATION_ITEM('')
);
#240=(
BOUNDED_CURVE()
B_SPLINE_CURVE(2,(#9023,#9024,#9025),.UNSPECIFIED.,.F.,.F.)
B_SPLINE_CURVE_WITH_KNOTS((3,3),(0.,1.07117740322698),.UNSPECIFIED.)
CURVE()
GEOMETRIC_REPRESENTATION_ITEM()
RATIONAL_B_SPLINE_CURVE((1.,1.04372647986301,1.05254345720475))
REPRESENTATION_ITEM('')
);
#241=(
BOUNDED_CURVE()
B_SPLINE_CURVE(2,(#9038,#9039,#9040),.UNSPECIFIED.,.F.,.F.)
B_SPLINE_CURVE_WITH_KNOTS((3,3),(1.6122648557039,2.68344225893088),
 .UNSPECIFIED.)
CURVE()
GEOMETRIC_REPRESENTATION_ITEM()
RATIONAL_B_SPLINE_CURVE((1.05254345720475,1.04372647986301,1.))
REPRESENTATION_ITEM('')
);
#242=(
BOUNDED_CURVE()
B_SPLINE_CURVE(2,(#9048,#9049,#9050),.UNSPECIFIED.,.F.,.F.)
B_SPLINE_CURVE_WITH_KNOTS((3,3),(0.,1.07117740322698),.UNSPECIFIED.)
CURVE()
GEOMETRIC_REPRESENTATION_ITEM()
RATIONAL_B_SPLINE_CURVE((1.,1.04372647986301,1.05254345720475))
REPRESENTATION_ITEM('')
);
#243=(
BOUNDED_CURVE()
B_SPLINE_CURVE(2,(#9063,#9064,#9065),.UNSPECIFIED.,.F.,.F.)
B_SPLINE_CURVE_WITH_KNOTS((3,3),(1.6122648557039,2.68344225893088),
 .UNSPECIFIED.)
CURVE()
GEOMETRIC_REPRESENTATION_ITEM()
RATIONAL_B_SPLINE_CURVE((1.05254345720474,1.04372647986301,1.))
REPRESENTATION_ITEM('')
);
#244=(
BOUNDED_CURVE()
B_SPLINE_CURVE(2,(#9073,#9074,#9075),.UNSPECIFIED.,.F.,.F.)
B_SPLINE_CURVE_WITH_KNOTS((3,3),(0.,1.07117740322698),.UNSPECIFIED.)
CURVE()
GEOMETRIC_REPRESENTATION_ITEM()
RATIONAL_B_SPLINE_CURVE((1.,1.043726479863,1.05254345720474))
REPRESENTATION_ITEM('')
);
#245=(
BOUNDED_CURVE()
B_SPLINE_CURVE(2,(#9088,#9089,#9090),.UNSPECIFIED.,.F.,.F.)
B_SPLINE_CURVE_WITH_KNOTS((3,3),(1.6122648557039,2.68344225893088),
 .UNSPECIFIED.)
CURVE()
GEOMETRIC_REPRESENTATION_ITEM()
RATIONAL_B_SPLINE_CURVE((1.05254345720474,1.04372647986301,1.))
REPRESENTATION_ITEM('')
);
#246=(
BOUNDED_CURVE()
B_SPLINE_CURVE(2,(#9098,#9099,#9100),.UNSPECIFIED.,.F.,.F.)
B_SPLINE_CURVE_WITH_KNOTS((3,3),(0.,1.07117740322698),.UNSPECIFIED.)
CURVE()
GEOMETRIC_REPRESENTATION_ITEM()
RATIONAL_B_SPLINE_CURVE((1.,1.043726479863,1.05254345720474))
REPRESENTATION_ITEM('')
);
#247=(
BOUNDED_CURVE()
B_SPLINE_CURVE(2,(#9113,#9114,#9115),.UNSPECIFIED.,.F.,.F.)
B_SPLINE_CURVE_WITH_KNOTS((3,3),(1.6122648557039,2.68344225893088),
 .UNSPECIFIED.)
CURVE()
GEOMETRIC_REPRESENTATION_ITEM()
RATIONAL_B_SPLINE_CURVE((1.05254345720475,1.04372647986301,1.))
REPRESENTATION_ITEM('')
);
#248=(
BOUNDED_CURVE()
B_SPLINE_CURVE(2,(#9415,#9416,#9417),.UNSPECIFIED.,.F.,.F.)
B_SPLINE_CURVE_WITH_KNOTS((3,3),(4.21276528783236,5.00796559959994),
 .UNSPECIFIED.)
CURVE()
GEOMETRIC_REPRESENTATION_ITEM()
RATIONAL_B_SPLINE_CURVE((1.22612447991841,1.22951324972053,1.22612447991841))
REPRESENTATION_ITEM('')
);
#249=(
BOUNDED_CURVE()
B_SPLINE_CURVE(2,(#9476,#9477,#9478),.UNSPECIFIED.,.F.,.F.)
B_SPLINE_CURVE_WITH_KNOTS((3,3),(1.11473054710743,2.51887194502174),
 .UNSPECIFIED.)
CURVE()
GEOMETRIC_REPRESENTATION_ITEM()
RATIONAL_B_SPLINE_CURVE((1.01881632576859,1.0240828866326,1.01276224625211))
REPRESENTATION_ITEM('')
);
#250=(
BOUNDED_CURVE()
B_SPLINE_CURVE(2,(#9493,#9494,#9495),.UNSPECIFIED.,.F.,.F.)
B_SPLINE_CURVE_WITH_KNOTS((3,3),(0.525216561825419,1.47192512104606),
 .UNSPECIFIED.)
CURVE()
GEOMETRIC_REPRESENTATION_ITEM()
RATIONAL_B_SPLINE_CURVE((1.0061806539917,1.00978101873583,1.00627955108221))
REPRESENTATION_ITEM('')
);
#251=(
BOUNDED_CURVE()
B_SPLINE_CURVE(2,(#9631,#9632,#9633),.UNSPECIFIED.,.F.,.F.)
B_SPLINE_CURVE_WITH_KNOTS((3,3),(0.000687666934269532,0.644725561397811),
 .UNSPECIFIED.)
CURVE()
GEOMETRIC_REPRESENTATION_ITEM()
RATIONAL_B_SPLINE_CURVE((1.00000590840497,1.00276973041483,1.00000590840497))
REPRESENTATION_ITEM('')
);
#252=(
BOUNDED_CURVE()
B_SPLINE_CURVE(2,(#9652,#9653,#9654),.UNSPECIFIED.,.F.,.F.)
B_SPLINE_CURVE_WITH_KNOTS((3,3),(0.382439228903232,2.56700583614959),
 .UNSPECIFIED.)
CURVE()
GEOMETRIC_REPRESENTATION_ITEM()
RATIONAL_B_SPLINE_CURVE((1.0073892573959,1.02479906012058,1.))
REPRESENTATION_ITEM('')
);
#253=(
BOUNDED_CURVE()
B_SPLINE_CURVE(2,(#9656,#9657,#9658),.UNSPECIFIED.,.F.,.F.)
B_SPLINE_CURVE_WITH_KNOTS((3,3),(5.78345387562311,7.91263923768258),
 .UNSPECIFIED.)
CURVE()
GEOMETRIC_REPRESENTATION_ITEM()
RATIONAL_B_SPLINE_CURVE((1.14471927494766,1.11118767209973,1.03335210205034))
REPRESENTATION_ITEM('')
);
#254=(
BOUNDED_CURVE()
B_SPLINE_CURVE(2,(#9659,#9660,#9661),.UNSPECIFIED.,.F.,.F.)
B_SPLINE_CURVE_WITH_KNOTS((3,3),(0.,0.534021487758441),.UNSPECIFIED.)
CURVE()
GEOMETRIC_REPRESENTATION_ITEM()
RATIONAL_B_SPLINE_CURVE((1.,1.00436834899992,1.00633500792994))
REPRESENTATION_ITEM('')
);
#255=CONICAL_SURFACE('',#4548,30.4499993193895,1.36730328153733);
#256=CONICAL_SURFACE('',#4623,30.4499993193895,1.39864622357926);
#257=CONICAL_SURFACE('',#4712,45.0499992836267,1.30162898549053);
#258=CONICAL_SURFACE('',#4715,53.0499999877065,1.3011458520608);
#259=CONICAL_SURFACE('',#4727,51.9825213429684,1.30113896716826);
#260=CONICAL_SURFACE('',#4737,45.0499992836267,1.30162898549053);
#261=CONICAL_SURFACE('',#4739,53.0499999877065,1.3011458520608);
#262=CONICAL_SURFACE('',#4740,51.9825213429684,1.30113896716826);
#263=CONICAL_SURFACE('',#4741,51.9825213429684,1.30113896716826);
#264=CONICAL_SURFACE('',#4748,30.4499993193895,1.39864622357926);
#265=CONICAL_SURFACE('',#4755,45.0499992836267,1.30162898549053);
#266=CONICAL_SURFACE('',#4758,53.0499999877065,1.3011458520608);
#267=CONICAL_SURFACE('',#4760,51.9825213429684,1.30113896716826);
#268=CONICAL_SURFACE('',#4768,45.0499992836267,1.30162898549053);
#269=CONICAL_SURFACE('',#4775,51.9825213429684,1.30113896716826);
#270=CONICAL_SURFACE('',#4776,30.4499993193895,1.39864622357926);
#271=CONICAL_SURFACE('',#4795,53.0499999877065,1.3011458520608);
#272=CIRCLE('',#4503,0.500000007450581);
#273=CIRCLE('',#4506,0.500000007450581);
#274=CIRCLE('',#4510,0.500000007450581);
#275=CIRCLE('',#4511,0.500000007450581);
#276=CIRCLE('',#4514,0.500000007450581);
#277=CIRCLE('',#4515,0.500000007450581);
#278=CIRCLE('',#4518,0.500000007450581);
#279=CIRCLE('',#4519,0.500000007450581);
#280=CIRCLE('',#4522,0.500000007450581);
#281=CIRCLE('',#4526,0.500000007450581);
#282=CIRCLE('',#4527,0.500000007450581);
#283=CIRCLE('',#4531,0.500000007450581);
#284=CIRCLE('',#4532,0.500000007450581);
#285=CIRCLE('',#4533,0.500000007450581);
#286=CIRCLE('',#4537,0.500000007450581);
#287=CIRCLE('',#4538,0.500000007450581);
#288=CIRCLE('',#4539,0.500000007450581);
#289=CIRCLE('',#4540,0.500000007450581);
#290=CIRCLE('',#4542,0.500000007450581);
#291=CIRCLE('',#4543,0.500000007450581);
#292=CIRCLE('',#4546,0.500000007450581);
#293=CIRCLE('',#4547,0.500000007450581);
#294=CIRCLE('',#4549,39.8999991081655);
#295=CIRCLE('',#4550,20.9999995306134);
#296=CIRCLE('',#4551,39.8999991081655);
#297=CIRCLE('',#4552,39.8999991081655);
#298=CIRCLE('',#4553,39.8999991081655);
#299=CIRCLE('',#4554,39.8999991081655);
#300=CIRCLE('',#4556,39.8999991081655);
#301=CIRCLE('',#4557,3.1);
#302=CIRCLE('',#4558,41.4650440829207);
#303=CIRCLE('',#4559,3.1);
#304=CIRCLE('',#4560,41.4650440829207);
#305=CIRCLE('',#4561,41.4650440829207);
#306=CIRCLE('',#4562,41.4650440829207);
#307=CIRCLE('',#4563,41.4650440829207);
#308=CIRCLE('',#4564,41.4650440829207);
#309=CIRCLE('',#4565,1.45);
#310=CIRCLE('',#4566,39.8999991081655);
#311=CIRCLE('',#4567,39.8999991081655);
#312=CIRCLE('',#4568,39.8999991081655);
#313=CIRCLE('',#4570,43.0999990366399);
#314=CIRCLE('',#4571,43.0999990366399);
#315=CIRCLE('',#4572,43.0999990366399);
#316=CIRCLE('',#4573,43.0999990366399);
#317=CIRCLE('',#4574,43.0999990366399);
#318=CIRCLE('',#4575,43.0999990366399);
#319=CIRCLE('',#4576,43.0999990366399);
#320=CIRCLE('',#4577,43.0999990366399);
#321=CIRCLE('',#4578,43.0999990366399);
#322=CIRCLE('',#4579,43.0999990366399);
#323=CIRCLE('',#4580,43.0999990366399);
#324=CIRCLE('',#4581,43.0999990366399);
#325=CIRCLE('',#4582,43.0999990366399);
#326=CIRCLE('',#4583,43.0999990366399);
#327=CIRCLE('',#4584,43.0999990366399);
#328=CIRCLE('',#4585,43.0999990366399);
#329=CIRCLE('',#4586,43.0999990366399);
#330=CIRCLE('',#4587,1.45);
#331=CIRCLE('',#4588,1.45);
#332=CIRCLE('',#4589,1.45);
#333=CIRCLE('',#4590,1.45);
#334=CIRCLE('',#4591,43.0999990366399);
#335=CIRCLE('',#4622,1.15);
#336=CIRCLE('',#4624,20.9999995306134);
#337=CIRCLE('',#4625,39.8999991081655);
#338=CIRCLE('',#4626,39.8999991081655);
#339=CIRCLE('',#4627,39.8999991081655);
#340=CIRCLE('',#4628,39.8999991081655);
#341=CIRCLE('',#4629,21.5751370661365);
#342=CIRCLE('',#4630,21.5751370661365);
#343=CIRCLE('',#4631,21.5751370661365);
#344=CIRCLE('',#4632,21.5751370661365);
#345=CIRCLE('',#4633,21.5751370661365);
#346=CIRCLE('',#4634,21.5751370661365);
#347=CIRCLE('',#4635,21.5751370661365);
#348=CIRCLE('',#4636,21.5751370661365);
#349=CIRCLE('',#4637,21.5751370661365);
#350=CIRCLE('',#4638,21.5751370661365);
#351=CIRCLE('',#4639,21.5751370661365);
#352=CIRCLE('',#4640,21.5751370661365);
#353=CIRCLE('',#4642,1.15);
#354=CIRCLE('',#4644,1.15);
#355=CIRCLE('',#4646,1.15);
#356=CIRCLE('',#4648,1.6);
#357=CIRCLE('',#4650,1.15);
#358=CIRCLE('',#4652,1.6);
#359=CIRCLE('',#4654,1.6);
#360=CIRCLE('',#4655,1.6);
#361=CIRCLE('',#4657,1.15);
#362=CIRCLE('',#4659,1.6);
#363=CIRCLE('',#4661,1.6);
#364=CIRCLE('',#4663,1.15);
#365=CIRCLE('',#4665,1.6);
#366=CIRCLE('',#4667,1.15);
#367=CIRCLE('',#4669,1.6);
#368=CIRCLE('',#4670,1.6);
#369=CIRCLE('',#4672,1.6);
#370=CIRCLE('',#4674,1.6);
#371=CIRCLE('',#4675,1.6);
#372=CIRCLE('',#4677,1.6);
#373=CIRCLE('',#4678,1.6);
#374=CIRCLE('',#4681,1.6);
#375=CIRCLE('',#4685,1.6);
#376=CIRCLE('',#4687,3.49999999999999);
#377=CIRCLE('',#4689,3.5);
#378=CIRCLE('',#4691,3.5);
#379=CIRCLE('',#4693,3.49999999999999);
#380=CIRCLE('',#4704,1.4);
#381=CIRCLE('',#4705,1.4);
#382=CIRCLE('',#4706,1.4);
#383=CIRCLE('',#4708,3.1);
#384=CIRCLE('',#4709,3.1);
#385=CIRCLE('',#4710,3.1);
#386=CIRCLE('',#4711,3.1);
#387=CIRCLE('',#4716,63.);
#388=CIRCLE('',#4717,46.1754534399607);
#389=CIRCLE('',#4719,3.1);
#390=CIRCLE('',#4720,41.4650440829207);
#391=CIRCLE('',#4722,41.4650440829207);
#392=CIRCLE('',#4723,41.4650440829207);
#393=CIRCLE('',#4724,3.1);
#394=CIRCLE('',#4726,41.4650440829207);
#395=CIRCLE('',#4728,62.4999986030161);
#396=CIRCLE('',#4729,41.4650440829207);
#397=CIRCLE('',#4730,44.2286680646241);
#398=CIRCLE('',#4732,1.4);
#399=CIRCLE('',#4733,1.4);
#400=CIRCLE('',#4734,1.4);
#401=CIRCLE('',#4736,3.1);
#402=CIRCLE('',#4742,41.4650440829207);
#403=CIRCLE('',#4744,1.4);
#404=CIRCLE('',#4746,3.1);
#405=CIRCLE('',#4749,39.8999991081655);
#406=CIRCLE('',#4751,1.4);
#407=CIRCLE('',#4753,3.1);
#408=CIRCLE('',#4762,1.4);
#409=CIRCLE('',#4763,1.4);
#410=CIRCLE('',#4765,3.1);
#411=CIRCLE('',#4766,3.1);
#412=CIRCLE('',#4767,3.1);
#413=CIRCLE('',#4772,1.45);
#414=CIRCLE('',#4774,41.4650440829207);
#415=CIRCLE('',#4778,1.19999999999999);
#416=CIRCLE('',#4780,1.2);
#417=CIRCLE('',#4786,19.5999995753169);
#418=CIRCLE('',#4787,0.6);
#419=CIRCLE('',#4788,18.9999995753169);
#420=CIRCLE('',#4789,18.9999995753169);
#421=CIRCLE('',#4791,18.9999995753169);
#422=CIRCLE('',#4793,1.45);
#423=CIRCLE('',#4794,1.5);
#424=CIRCLE('',#4797,1.5);
#425=CIRCLE('',#4799,1.5);
#426=CIRCLE('',#4800,1.5);
#427=CIRCLE('',#4801,1.2);
#428=CIRCLE('',#4816,66.5025038707524);
#429=CIRCLE('',#4819,66.502504891907);
#430=CIRCLE('',#4824,66.502504891907);
#431=CIRCLE('',#4827,66.5025034568885);
#432=CIRCLE('',#4832,66.5025034568885);
#433=CIRCLE('',#4837,66.5025034568885);
#434=CIRCLE('',#4842,66.5025038707524);
#435=CIRCLE('',#4847,66.5025038707524);
#436=CIRCLE('',#4852,66.5025038707524);
#437=CIRCLE('',#4857,66.5025038707524);
#438=FACE_OUTER_BOUND('',#667,.T.);
#439=FACE_OUTER_BOUND('',#668,.T.);
#440=FACE_OUTER_BOUND('',#669,.T.);
#441=FACE_OUTER_BOUND('',#670,.T.);
#442=FACE_OUTER_BOUND('',#671,.T.);
#443=FACE_OUTER_BOUND('',#672,.T.);
#444=FACE_OUTER_BOUND('',#673,.T.);
#445=FACE_OUTER_BOUND('',#674,.T.);
#446=FACE_OUTER_BOUND('',#675,.T.);
#447=FACE_OUTER_BOUND('',#676,.T.);
#448=FACE_OUTER_BOUND('',#677,.T.);
#449=FACE_OUTER_BOUND('',#678,.T.);
#450=FACE_OUTER_BOUND('',#679,.T.);
#451=FACE_OUTER_BOUND('',#680,.T.);
#452=FACE_OUTER_BOUND('',#681,.T.);
#453=FACE_OUTER_BOUND('',#682,.T.);
#454=FACE_OUTER_BOUND('',#683,.T.);
#455=FACE_OUTER_BOUND('',#684,.T.);
#456=FACE_OUTER_BOUND('',#685,.T.);
#457=FACE_OUTER_BOUND('',#686,.T.);
#458=FACE_OUTER_BOUND('',#687,.T.);
#459=FACE_OUTER_BOUND('',#688,.T.);
#460=FACE_OUTER_BOUND('',#689,.T.);
#461=FACE_OUTER_BOUND('',#690,.T.);
#462=FACE_OUTER_BOUND('',#691,.T.);
#463=FACE_OUTER_BOUND('',#692,.T.);
#464=FACE_OUTER_BOUND('',#703,.T.);
#465=FACE_OUTER_BOUND('',#705,.T.);
#466=FACE_OUTER_BOUND('',#712,.T.);
#467=FACE_OUTER_BOUND('',#713,.T.);
#468=FACE_OUTER_BOUND('',#714,.T.);
#469=FACE_OUTER_BOUND('',#715,.T.);
#470=FACE_OUTER_BOUND('',#716,.T.);
#471=FACE_OUTER_BOUND('',#717,.T.);
#472=FACE_OUTER_BOUND('',#718,.T.);
#473=FACE_OUTER_BOUND('',#719,.T.);
#474=FACE_OUTER_BOUND('',#720,.T.);
#475=FACE_OUTER_BOUND('',#721,.T.);
#476=FACE_OUTER_BOUND('',#722,.T.);
#477=FACE_OUTER_BOUND('',#723,.T.);
#478=FACE_OUTER_BOUND('',#724,.T.);
#479=FACE_OUTER_BOUND('',#725,.T.);
#480=FACE_OUTER_BOUND('',#726,.T.);
#481=FACE_OUTER_BOUND('',#727,.T.);
#482=FACE_OUTER_BOUND('',#728,.T.);
#483=FACE_OUTER_BOUND('',#729,.T.);
#484=FACE_OUTER_BOUND('',#730,.T.);
#485=FACE_OUTER_BOUND('',#731,.T.);
#486=FACE_OUTER_BOUND('',#732,.T.);
#487=FACE_OUTER_BOUND('',#733,.T.);
#488=FACE_OUTER_BOUND('',#734,.T.);
#489=FACE_OUTER_BOUND('',#735,.T.);
#490=FACE_OUTER_BOUND('',#736,.T.);
#491=FACE_OUTER_BOUND('',#737,.T.);
#492=FACE_OUTER_BOUND('',#738,.T.);
#493=FACE_OUTER_BOUND('',#754,.T.);
#494=FACE_OUTER_BOUND('',#755,.T.);
#495=FACE_OUTER_BOUND('',#756,.T.);
#496=FACE_OUTER_BOUND('',#757,.T.);
#497=FACE_OUTER_BOUND('',#758,.T.);
#498=FACE_OUTER_BOUND('',#759,.T.);
#499=FACE_OUTER_BOUND('',#761,.T.);
#500=FACE_OUTER_BOUND('',#762,.T.);
#501=FACE_OUTER_BOUND('',#763,.T.);
#502=FACE_OUTER_BOUND('',#765,.T.);
#503=FACE_OUTER_BOUND('',#766,.T.);
#504=FACE_OUTER_BOUND('',#767,.T.);
#505=FACE_OUTER_BOUND('',#769,.T.);
#506=FACE_OUTER_BOUND('',#770,.T.);
#507=FACE_OUTER_BOUND('',#771,.T.);
#508=FACE_OUTER_BOUND('',#773,.T.);
#509=FACE_OUTER_BOUND('',#774,.T.);
#510=FACE_OUTER_BOUND('',#775,.T.);
#511=FACE_OUTER_BOUND('',#776,.T.);
#512=FACE_OUTER_BOUND('',#777,.T.);
#513=FACE_OUTER_BOUND('',#778,.T.);
#514=FACE_OUTER_BOUND('',#779,.T.);
#515=FACE_OUTER_BOUND('',#780,.T.);
#516=FACE_OUTER_BOUND('',#781,.T.);
#517=FACE_OUTER_BOUND('',#782,.T.);
#518=FACE_OUTER_BOUND('',#783,.T.);
#519=FACE_OUTER_BOUND('',#784,.T.);
#520=FACE_OUTER_BOUND('',#785,.T.);
#521=FACE_OUTER_BOUND('',#786,.T.);
#522=FACE_OUTER_BOUND('',#787,.T.);
#523=FACE_OUTER_BOUND('',#788,.T.);
#524=FACE_OUTER_BOUND('',#789,.T.);
#525=FACE_OUTER_BOUND('',#790,.T.);
#526=FACE_OUTER_BOUND('',#791,.T.);
#527=FACE_OUTER_BOUND('',#792,.T.);
#528=FACE_OUTER_BOUND('',#793,.T.);
#529=FACE_OUTER_BOUND('',#794,.T.);
#530=FACE_OUTER_BOUND('',#795,.T.);
#531=FACE_OUTER_BOUND('',#796,.T.);
#532=FACE_OUTER_BOUND('',#797,.T.);
#533=FACE_OUTER_BOUND('',#799,.T.);
#534=FACE_OUTER_BOUND('',#822,.T.);
#535=FACE_OUTER_BOUND('',#823,.T.);
#536=FACE_OUTER_BOUND('',#824,.T.);
#537=FACE_OUTER_BOUND('',#825,.T.);
#538=FACE_OUTER_BOUND('',#850,.T.);
#539=FACE_OUTER_BOUND('',#851,.T.);
#540=FACE_OUTER_BOUND('',#852,.T.);
#541=FACE_OUTER_BOUND('',#853,.T.);
#542=FACE_OUTER_BOUND('',#855,.T.);
#543=FACE_OUTER_BOUND('',#856,.T.);
#544=FACE_OUTER_BOUND('',#857,.T.);
#545=FACE_OUTER_BOUND('',#858,.T.);
#546=FACE_OUTER_BOUND('',#859,.T.);
#547=FACE_OUTER_BOUND('',#860,.T.);
#548=FACE_OUTER_BOUND('',#862,.T.);
#549=FACE_OUTER_BOUND('',#863,.T.);
#550=FACE_OUTER_BOUND('',#864,.T.);
#551=FACE_OUTER_BOUND('',#865,.T.);
#552=FACE_OUTER_BOUND('',#866,.T.);
#553=FACE_OUTER_BOUND('',#867,.T.);
#554=FACE_OUTER_BOUND('',#868,.T.);
#555=FACE_OUTER_BOUND('',#870,.T.);
#556=FACE_OUTER_BOUND('',#871,.T.);
#557=FACE_OUTER_BOUND('',#872,.T.);
#558=FACE_OUTER_BOUND('',#873,.T.);
#559=FACE_OUTER_BOUND('',#874,.T.);
#560=FACE_OUTER_BOUND('',#875,.T.);
#561=FACE_OUTER_BOUND('',#876,.T.);
#562=FACE_OUTER_BOUND('',#877,.T.);
#563=FACE_OUTER_BOUND('',#879,.T.);
#564=FACE_OUTER_BOUND('',#880,.T.);
#565=FACE_OUTER_BOUND('',#881,.T.);
#566=FACE_OUTER_BOUND('',#882,.T.);
#567=FACE_OUTER_BOUND('',#883,.T.);
#568=FACE_OUTER_BOUND('',#884,.T.);
#569=FACE_OUTER_BOUND('',#885,.T.);
#570=FACE_OUTER_BOUND('',#886,.T.);
#571=FACE_OUTER_BOUND('',#887,.T.);
#572=FACE_OUTER_BOUND('',#888,.T.);
#573=FACE_OUTER_BOUND('',#889,.T.);
#574=FACE_OUTER_BOUND('',#890,.T.);
#575=FACE_OUTER_BOUND('',#891,.T.);
#576=FACE_OUTER_BOUND('',#893,.T.);
#577=FACE_OUTER_BOUND('',#894,.T.);
#578=FACE_OUTER_BOUND('',#895,.T.);
#579=FACE_OUTER_BOUND('',#896,.T.);
#580=FACE_OUTER_BOUND('',#897,.T.);
#581=FACE_OUTER_BOUND('',#899,.T.);
#582=FACE_OUTER_BOUND('',#900,.T.);
#583=FACE_OUTER_BOUND('',#901,.T.);
#584=FACE_OUTER_BOUND('',#902,.T.);
#585=FACE_OUTER_BOUND('',#903,.T.);
#586=FACE_OUTER_BOUND('',#904,.T.);
#587=FACE_OUTER_BOUND('',#905,.T.);
#588=FACE_OUTER_BOUND('',#906,.T.);
#589=FACE_OUTER_BOUND('',#907,.T.);
#590=FACE_OUTER_BOUND('',#908,.T.);
#591=FACE_OUTER_BOUND('',#909,.T.);
#592=FACE_OUTER_BOUND('',#910,.T.);
#593=FACE_OUTER_BOUND('',#912,.T.);
#594=FACE_OUTER_BOUND('',#913,.T.);
#595=FACE_OUTER_BOUND('',#914,.T.);
#596=FACE_OUTER_BOUND('',#915,.T.);
#597=FACE_OUTER_BOUND('',#916,.T.);
#598=FACE_OUTER_BOUND('',#917,.T.);
#599=FACE_OUTER_BOUND('',#918,.T.);
#600=FACE_OUTER_BOUND('',#919,.T.);
#601=FACE_OUTER_BOUND('',#920,.T.);
#602=FACE_OUTER_BOUND('',#921,.T.);
#603=FACE_OUTER_BOUND('',#922,.T.);
#604=FACE_OUTER_BOUND('',#923,.T.);
#605=FACE_OUTER_BOUND('',#924,.T.);
#606=FACE_OUTER_BOUND('',#925,.T.);
#607=FACE_OUTER_BOUND('',#926,.T.);
#608=FACE_OUTER_BOUND('',#927,.T.);
#609=FACE_OUTER_BOUND('',#928,.T.);
#610=FACE_OUTER_BOUND('',#929,.T.);
#611=FACE_OUTER_BOUND('',#930,.T.);
#612=FACE_OUTER_BOUND('',#931,.T.);
#613=FACE_OUTER_BOUND('',#932,.T.);
#614=FACE_OUTER_BOUND('',#933,.T.);
#615=FACE_OUTER_BOUND('',#934,.T.);
#616=FACE_OUTER_BOUND('',#935,.T.);
#617=FACE_OUTER_BOUND('',#936,.T.);
#618=FACE_OUTER_BOUND('',#937,.T.);
#619=FACE_OUTER_BOUND('',#938,.T.);
#620=FACE_OUTER_BOUND('',#939,.T.);
#621=FACE_OUTER_BOUND('',#940,.T.);
#622=FACE_OUTER_BOUND('',#941,.T.);
#623=FACE_OUTER_BOUND('',#942,.T.);
#624=FACE_OUTER_BOUND('',#943,.T.);
#625=FACE_OUTER_BOUND('',#944,.T.);
#626=FACE_OUTER_BOUND('',#945,.T.);
#627=FACE_OUTER_BOUND('',#946,.T.);
#628=FACE_OUTER_BOUND('',#947,.T.);
#629=FACE_OUTER_BOUND('',#948,.T.);
#630=FACE_OUTER_BOUND('',#949,.T.);
#631=FACE_OUTER_BOUND('',#950,.T.);
#632=FACE_OUTER_BOUND('',#951,.T.);
#633=FACE_OUTER_BOUND('',#952,.T.);
#634=FACE_OUTER_BOUND('',#953,.T.);
#635=FACE_OUTER_BOUND('',#954,.T.);
#636=FACE_OUTER_BOUND('',#955,.T.);
#637=FACE_OUTER_BOUND('',#956,.T.);
#638=FACE_OUTER_BOUND('',#957,.T.);
#639=FACE_OUTER_BOUND('',#958,.T.);
#640=FACE_OUTER_BOUND('',#959,.T.);
#641=FACE_OUTER_BOUND('',#960,.T.);
#642=FACE_OUTER_BOUND('',#961,.T.);
#643=FACE_OUTER_BOUND('',#962,.T.);
#644=FACE_OUTER_BOUND('',#963,.T.);
#645=FACE_OUTER_BOUND('',#964,.T.);
#646=FACE_OUTER_BOUND('',#965,.T.);
#647=FACE_OUTER_BOUND('',#966,.T.);
#648=FACE_OUTER_BOUND('',#967,.T.);
#649=FACE_OUTER_BOUND('',#968,.T.);
#650=FACE_OUTER_BOUND('',#969,.T.);
#651=FACE_OUTER_BOUND('',#970,.T.);
#652=FACE_OUTER_BOUND('',#971,.T.);
#653=FACE_OUTER_BOUND('',#972,.T.);
#654=FACE_OUTER_BOUND('',#973,.T.);
#655=FACE_OUTER_BOUND('',#974,.T.);
#656=FACE_OUTER_BOUND('',#975,.T.);
#657=FACE_OUTER_BOUND('',#976,.T.);
#658=FACE_OUTER_BOUND('',#977,.T.);
#659=FACE_OUTER_BOUND('',#978,.T.);
#660=FACE_OUTER_BOUND('',#979,.T.);
#661=FACE_OUTER_BOUND('',#980,.T.);
#662=FACE_OUTER_BOUND('',#981,.T.);
#663=FACE_OUTER_BOUND('',#982,.T.);
#664=FACE_OUTER_BOUND('',#983,.T.);
#665=FACE_OUTER_BOUND('',#984,.T.);
#666=FACE_OUTER_BOUND('',#986,.T.);
#667=EDGE_LOOP('',(#2803,#2804,#2805,#2806,#2807,#2808));
#668=EDGE_LOOP('',(#2809,#2810,#2811,#2812,#2813,#2814,#2815));
#669=EDGE_LOOP('',(#2816,#2817,#2818,#2819,#2820,#2821));
#670=EDGE_LOOP('',(#2822,#2823,#2824,#2825,#2826,#2827,#2828));
#671=EDGE_LOOP('',(#2829,#2830,#2831,#2832,#2833,#2834));
#672=EDGE_LOOP('',(#2835,#2836,#2837,#2838,#2839,#2840));
#673=EDGE_LOOP('',(#2841,#2842,#2843,#2844,#2845,#2846,#2847,#2848));
#674=EDGE_LOOP('',(#2849,#2850,#2851,#2852,#2853,#2854));
#675=EDGE_LOOP('',(#2855,#2856,#2857,#2858,#2859,#2860,#2861,#2862));
#676=EDGE_LOOP('',(#2863,#2864,#2865,#2866,#2867,#2868));
#677=EDGE_LOOP('',(#2869,#2870,#2871,#2872,#2873,#2874));
#678=EDGE_LOOP('',(#2875,#2876,#2877,#2878,#2879,#2880));
#679=EDGE_LOOP('',(#2881,#2882,#2883,#2884,#2885));
#680=EDGE_LOOP('',(#2886,#2887,#2888,#2889,#2890,#2891));
#681=EDGE_LOOP('',(#2892,#2893,#2894,#2895,#2896,#2897));
#682=EDGE_LOOP('',(#2898,#2899,#2900,#2901,#2902,#2903));
#683=EDGE_LOOP('',(#2904,#2905,#2906,#2907,#2908,#2909));
#684=EDGE_LOOP('',(#2910,#2911,#2912,#2913,#2914,#2915));
#685=EDGE_LOOP('',(#2916,#2917,#2918,#2919,#2920,#2921));
#686=EDGE_LOOP('',(#2922,#2923,#2924,#2925,#2926,#2927));
#687=EDGE_LOOP('',(#2928,#2929,#2930,#2931,#2932,#2933));
#688=EDGE_LOOP('',(#2934,#2935,#2936,#2937,#2938,#2939,#2940,#2941));
#689=EDGE_LOOP('',(#2942,#2943,#2944,#2945));
#690=EDGE_LOOP('',(#2946,#2947,#2948,#2949,#2950,#2951));
#691=EDGE_LOOP('',(#2952,#2953,#2954,#2955,#2956,#2957));
#692=EDGE_LOOP('',(#2958,#2959,#2960,#2961,#2962,#2963,#2964,#2965,#2966,
#2967,#2968,#2969,#2970,#2971,#2972,#2973));
#693=EDGE_LOOP('',(#2974,#2975));
#694=EDGE_LOOP('',(#2976,#2977));
#695=EDGE_LOOP('',(#2978,#2979));
#696=EDGE_LOOP('',(#2980,#2981));
#697=EDGE_LOOP('',(#2982,#2983));
#698=EDGE_LOOP('',(#2984,#2985));
#699=EDGE_LOOP('',(#2986,#2987));
#700=EDGE_LOOP('',(#2988,#2989));
#701=EDGE_LOOP('',(#2990,#2991));
#702=EDGE_LOOP('',(#2992,#2993));
#703=EDGE_LOOP('',(#2994,#2995,#2996,#2997,#2998,#2999,#3000,#3001,#3002,
#3003,#3004,#3005,#3006,#3007,#3008,#3009,#3010,#3011,#3012,#3013,#3014,
#3015,#3016));
#704=EDGE_LOOP('',(#3017));
#705=EDGE_LOOP('',(#3018,#3019,#3020,#3021,#3022,#3023,#3024,#3025,#3026,
#3027,#3028,#3029,#3030,#3031,#3032,#3033,#3034,#3035,#3036,#3037,#3038,
#3039,#3040,#3041,#3042,#3043,#3044,#3045,#3046,#3047,#3048,#3049,#3050,
#3051,#3052));
#706=EDGE_LOOP('',(#3053));
#707=EDGE_LOOP('',(#3054));
#708=EDGE_LOOP('',(#3055));
#709=EDGE_LOOP('',(#3056));
#710=EDGE_LOOP('',(#3057));
#711=EDGE_LOOP('',(#3058));
#712=EDGE_LOOP('',(#3059,#3060,#3061,#3062,#3063,#3064));
#713=EDGE_LOOP('',(#3065,#3066,#3067,#3068,#3069,#3070));
#714=EDGE_LOOP('',(#3071,#3072,#3073,#3074,#3075,#3076));
#715=EDGE_LOOP('',(#3077,#3078,#3079,#3080,#3081,#3082));
#716=EDGE_LOOP('',(#3083,#3084,#3085,#3086,#3087,#3088));
#717=EDGE_LOOP('',(#3089,#3090,#3091,#3092,#3093,#3094));
#718=EDGE_LOOP('',(#3095,#3096,#3097,#3098,#3099,#3100));
#719=EDGE_LOOP('',(#3101,#3102,#3103,#3104,#3105,#3106));
#720=EDGE_LOOP('',(#3107,#3108,#3109,#3110,#3111,#3112));
#721=EDGE_LOOP('',(#3113,#3114,#3115,#3116,#3117,#3118));
#722=EDGE_LOOP('',(#3119,#3120,#3121,#3122,#3123,#3124));
#723=EDGE_LOOP('',(#3125,#3126,#3127,#3128,#3129,#3130));
#724=EDGE_LOOP('',(#3131,#3132,#3133,#3134,#3135,#3136));
#725=EDGE_LOOP('',(#3137,#3138,#3139,#3140,#3141,#3142));
#726=EDGE_LOOP('',(#3143,#3144,#3145,#3146,#3147,#3148));
#727=EDGE_LOOP('',(#3149,#3150,#3151,#3152,#3153,#3154));
#728=EDGE_LOOP('',(#3155,#3156,#3157,#3158));
#729=EDGE_LOOP('',(#3159,#3160,#3161,#3162));
#730=EDGE_LOOP('',(#3163,#3164,#3165,#3166));
#731=EDGE_LOOP('',(#3167,#3168,#3169,#3170));
#732=EDGE_LOOP('',(#3171,#3172,#3173,#3174));
#733=EDGE_LOOP('',(#3175,#3176,#3177,#3178));
#734=EDGE_LOOP('',(#3179,#3180,#3181,#3182));
#735=EDGE_LOOP('',(#3183,#3184,#3185,#3186));
#736=EDGE_LOOP('',(#3187,#3188,#3189,#3190,#3191,#3192,#3193,#3194));
#737=EDGE_LOOP('',(#3195));
#738=EDGE_LOOP('',(#3196,#3197,#3198,#3199,#3200,#3201,#3202,#3203,#3204,
#3205,#3206,#3207,#3208,#3209,#3210,#3211,#3212,#3213,#3214,#3215,#3216,
#3217));
#739=EDGE_LOOP('',(#3218,#3219));
#740=EDGE_LOOP('',(#3220,#3221));
#741=EDGE_LOOP('',(#3222,#3223));
#742=EDGE_LOOP('',(#3224,#3225));
#743=EDGE_LOOP('',(#3226,#3227));
#744=EDGE_LOOP('',(#3228,#3229));
#745=EDGE_LOOP('',(#3230,#3231));
#746=EDGE_LOOP('',(#3232,#3233));
#747=EDGE_LOOP('',(#3234,#3235));
#748=EDGE_LOOP('',(#3236,#3237));
#749=EDGE_LOOP('',(#3238,#3239,#3240,#3241,#3242,#3243));
#750=EDGE_LOOP('',(#3244,#3245,#3246,#3247,#3248,#3249));
#751=EDGE_LOOP('',(#3250,#3251,#3252,#3253,#3254,#3255));
#752=EDGE_LOOP('',(#3256,#3257,#3258,#3259,#3260,#3261));
#753=EDGE_LOOP('',(#3262,#3263));
#754=EDGE_LOOP('',(#3264));
#755=EDGE_LOOP('',(#3265));
#756=EDGE_LOOP('',(#3266));
#757=EDGE_LOOP('',(#3267,#3268));
#758=EDGE_LOOP('',(#3269,#3270,#3271,#3272));
#759=EDGE_LOOP('',(#3273));
#760=EDGE_LOOP('',(#3274));
#761=EDGE_LOOP('',(#3275,#3276,#3277));
#762=EDGE_LOOP('',(#3278,#3279,#3280,#3281));
#763=EDGE_LOOP('',(#3282));
#764=EDGE_LOOP('',(#3283));
#765=EDGE_LOOP('',(#3284,#3285));
#766=EDGE_LOOP('',(#3286,#3287,#3288,#3289));
#767=EDGE_LOOP('',(#3290));
#768=EDGE_LOOP('',(#3291));
#769=EDGE_LOOP('',(#3292,#3293,#3294,#3295));
#770=EDGE_LOOP('',(#3296,#3297,#3298));
#771=EDGE_LOOP('',(#3299));
#772=EDGE_LOOP('',(#3300));
#773=EDGE_LOOP('',(#3301,#3302,#3303,#3304,#3305,#3306));
#774=EDGE_LOOP('',(#3307,#3308,#3309,#3310,#3311,#3312));
#775=EDGE_LOOP('',(#3313,#3314,#3315));
#776=EDGE_LOOP('',(#3316,#3317,#3318,#3319,#3320,#3321));
#777=EDGE_LOOP('',(#3322,#3323,#3324));
#778=EDGE_LOOP('',(#3325,#3326,#3327));
#779=EDGE_LOOP('',(#3328,#3329,#3330,#3331,#3332,#3333));
#780=EDGE_LOOP('',(#3334,#3335,#3336,#3337,#3338,#3339));
#781=EDGE_LOOP('',(#3340,#3341,#3342,#3343,#3344,#3345));
#782=EDGE_LOOP('',(#3346,#3347,#3348,#3349,#3350,#3351,#3352));
#783=EDGE_LOOP('',(#3353,#3354,#3355,#3356,#3357,#3358,#3359));
#784=EDGE_LOOP('',(#3360,#3361,#3362));
#785=EDGE_LOOP('',(#3363,#3364,#3365));
#786=EDGE_LOOP('',(#3366,#3367,#3368,#3369));
#787=EDGE_LOOP('',(#3370,#3371,#3372));
#788=EDGE_LOOP('',(#3373,#3374,#3375,#3376));
#789=EDGE_LOOP('',(#3377,#3378,#3379));
#790=EDGE_LOOP('',(#3380,#3381,#3382,#3383));
#791=EDGE_LOOP('',(#3384,#3385,#3386));
#792=EDGE_LOOP('',(#3387,#3388,#3389,#3390));
#793=EDGE_LOOP('',(#3391,#3392,#3393,#3394,#3395,#3396));
#794=EDGE_LOOP('',(#3397,#3398,#3399,#3400,#3401,#3402,#3403,#3404));
#795=EDGE_LOOP('',(#3405,#3406,#3407,#3408));
#796=EDGE_LOOP('',(#3409,#3410));
#797=EDGE_LOOP('',(#3411));
#798=EDGE_LOOP('',(#3412));
#799=EDGE_LOOP('',(#3413,#3414,#3415,#3416,#3417,#3418,#3419,#3420,#3421,
#3422,#3423,#3424,#3425,#3426,#3427,#3428,#3429,#3430,#3431,#3432,#3433,
#3434));
#800=EDGE_LOOP('',(#3435,#3436));
#801=EDGE_LOOP('',(#3437,#3438));
#802=EDGE_LOOP('',(#3439,#3440));
#803=EDGE_LOOP('',(#3441,#3442));
#804=EDGE_LOOP('',(#3443,#3444));
#805=EDGE_LOOP('',(#3445,#3446));
#806=EDGE_LOOP('',(#3447,#3448));
#807=EDGE_LOOP('',(#3449,#3450));
#808=EDGE_LOOP('',(#3451,#3452));
#809=EDGE_LOOP('',(#3453,#3454));
#810=EDGE_LOOP('',(#3455,#3456));
#811=EDGE_LOOP('',(#3457,#3458));
#812=EDGE_LOOP('',(#3459,#3460));
#813=EDGE_LOOP('',(#3461,#3462));
#814=EDGE_LOOP('',(#3463,#3464));
#815=EDGE_LOOP('',(#3465,#3466));
#816=EDGE_LOOP('',(#3467,#3468));
#817=EDGE_LOOP('',(#3469,#3470));
#818=EDGE_LOOP('',(#3471,#3472));
#819=EDGE_LOOP('',(#3473,#3474));
#820=EDGE_LOOP('',(#3475,#3476,#3477,#3478,#3479,#3480,#3481,#3482));
#821=EDGE_LOOP('',(#3483,#3484,#3485,#3486,#3487,#3488,#3489,#3490,#3491));
#822=EDGE_LOOP('',(#3492,#3493,#3494,#3495));
#823=EDGE_LOOP('',(#3496,#3497,#3498,#3499,#3500,#3501,#3502));
#824=EDGE_LOOP('',(#3503,#3504,#3505));
#825=EDGE_LOOP('',(#3506,#3507,#3508,#3509,#3510,#3511,#3512,#3513,#3514,
#3515,#3516,#3517,#3518,#3519,#3520,#3521,#3522,#3523,#3524,#3525,#3526,
#3527,#3528,#3529,#3530,#3531,#3532,#3533,#3534,#3535,#3536));
#826=EDGE_LOOP('',(#3537,#3538));
#827=EDGE_LOOP('',(#3539,#3540));
#828=EDGE_LOOP('',(#3541,#3542));
#829=EDGE_LOOP('',(#3543,#3544));
#830=EDGE_LOOP('',(#3545,#3546));
#831=EDGE_LOOP('',(#3547,#3548));
#832=EDGE_LOOP('',(#3549,#3550));
#833=EDGE_LOOP('',(#3551,#3552));
#834=EDGE_LOOP('',(#3553,#3554));
#835=EDGE_LOOP('',(#3555,#3556));
#836=EDGE_LOOP('',(#3557,#3558));
#837=EDGE_LOOP('',(#3559,#3560));
#838=EDGE_LOOP('',(#3561,#3562));
#839=EDGE_LOOP('',(#3563,#3564));
#840=EDGE_LOOP('',(#3565,#3566));
#841=EDGE_LOOP('',(#3567,#3568));
#842=EDGE_LOOP('',(#3569,#3570));
#843=EDGE_LOOP('',(#3571,#3572));
#844=EDGE_LOOP('',(#3573,#3574));
#845=EDGE_LOOP('',(#3575,#3576));
#846=EDGE_LOOP('',(#3577,#3578));
#847=EDGE_LOOP('',(#3579,#3580));
#848=EDGE_LOOP('',(#3581,#3582));
#849=EDGE_LOOP('',(#3583,#3584,#3585,#3586));
#850=EDGE_LOOP('',(#3587,#3588,#3589,#3590,#3591,#3592,#3593,#3594));
#851=EDGE_LOOP('',(#3595,#3596,#3597,#3598,#3599,#3600,#3601,#3602));
#852=EDGE_LOOP('',(#3603,#3604));
#853=EDGE_LOOP('',(#3605));
#854=EDGE_LOOP('',(#3606));
#855=EDGE_LOOP('',(#3607,#3608));
#856=EDGE_LOOP('',(#3609,#3610));
#857=EDGE_LOOP('',(#3611,#3612,#3613));
#858=EDGE_LOOP('',(#3614,#3615,#3616,#3617,#3618));
#859=EDGE_LOOP('',(#3619,#3620,#3621,#3622,#3623));
#860=EDGE_LOOP('',(#3624));
#861=EDGE_LOOP('',(#3625));
#862=EDGE_LOOP('',(#3626,#3627));
#863=EDGE_LOOP('',(#3628,#3629,#3630,#3631,#3632));
#864=EDGE_LOOP('',(#3633,#3634,#3635,#3636,#3637,#3638));
#865=EDGE_LOOP('',(#3639,#3640));
#866=EDGE_LOOP('',(#3641,#3642,#3643,#3644));
#867=EDGE_LOOP('',(#3645,#3646));
#868=EDGE_LOOP('',(#3647));
#869=EDGE_LOOP('',(#3648));
#870=EDGE_LOOP('',(#3649,#3650));
#871=EDGE_LOOP('',(#3651,#3652,#3653,#3654));
#872=EDGE_LOOP('',(#3655,#3656));
#873=EDGE_LOOP('',(#3657,#3658,#3659,#3660,#3661,#3662));
#874=EDGE_LOOP('',(#3663,#3664,#3665,#3666,#3667,#3668,#3669,#3670));
#875=EDGE_LOOP('',(#3671,#3672,#3673,#3674));
#876=EDGE_LOOP('',(#3675,#3676));
#877=EDGE_LOOP('',(#3677));
#878=EDGE_LOOP('',(#3678));
#879=EDGE_LOOP('',(#3679,#3680,#3681,#3682,#3683,#3684));
#880=EDGE_LOOP('',(#3685,#3686));
#881=EDGE_LOOP('',(#3687,#3688,#3689));
#882=EDGE_LOOP('',(#3690,#3691));
#883=EDGE_LOOP('',(#3692,#3693,#3694,#3695,#3696));
#884=EDGE_LOOP('',(#3697,#3698,#3699,#3700));
#885=EDGE_LOOP('',(#3701,#3702,#3703,#3704));
#886=EDGE_LOOP('',(#3705,#3706,#3707,#3708,#3709));
#887=EDGE_LOOP('',(#3710,#3711,#3712,#3713,#3714));
#888=EDGE_LOOP('',(#3715,#3716,#3717,#3718,#3719,#3720));
#889=EDGE_LOOP('',(#3721,#3722,#3723,#3724,#3725));
#890=EDGE_LOOP('',(#3726,#3727,#3728,#3729,#3730));
#891=EDGE_LOOP('',(#3731));
#892=EDGE_LOOP('',(#3732));
#893=EDGE_LOOP('',(#3733,#3734,#3735,#3736));
#894=EDGE_LOOP('',(#3737,#3738,#3739,#3740));
#895=EDGE_LOOP('',(#3741,#3742));
#896=EDGE_LOOP('',(#3743,#3744,#3745,#3746));
#897=EDGE_LOOP('',(#3747,#3748,#3749));
#898=EDGE_LOOP('',(#3750,#3751,#3752));
#899=EDGE_LOOP('',(#3753,#3754,#3755,#3756));
#900=EDGE_LOOP('',(#3757,#3758,#3759,#3760,#3761,#3762,#3763));
#901=EDGE_LOOP('',(#3764,#3765,#3766));
#902=EDGE_LOOP('',(#3767,#3768,#3769,#3770,#3771));
#903=EDGE_LOOP('',(#3772,#3773,#3774));
#904=EDGE_LOOP('',(#3775,#3776,#3777,#3778,#3779));
#905=EDGE_LOOP('',(#3780,#3781,#3782));
#906=EDGE_LOOP('',(#3783,#3784,#3785,#3786));
#907=EDGE_LOOP('',(#3787,#3788,#3789,#3790,#3791,#3792));
#908=EDGE_LOOP('',(#3793,#3794,#3795,#3796,#3797));
#909=EDGE_LOOP('',(#3798,#3799,#3800,#3801,#3802));
#910=EDGE_LOOP('',(#3803));
#911=EDGE_LOOP('',(#3804));
#912=EDGE_LOOP('',(#3805,#3806,#3807,#3808,#3809));
#913=EDGE_LOOP('',(#3810,#3811,#3812,#3813));
#914=EDGE_LOOP('',(#3814,#3815,#3816));
#915=EDGE_LOOP('',(#3817,#3818,#3819,#3820,#3821));
#916=EDGE_LOOP('',(#3822,#3823,#3824,#3825));
#917=EDGE_LOOP('',(#3826,#3827,#3828,#3829));
#918=EDGE_LOOP('',(#3830,#3831,#3832,#3833));
#919=EDGE_LOOP('',(#3834,#3835,#3836,#3837));
#920=EDGE_LOOP('',(#3838,#3839,#3840,#3841));
#921=EDGE_LOOP('',(#3842,#3843,#3844,#3845));
#922=EDGE_LOOP('',(#3846,#3847,#3848,#3849));
#923=EDGE_LOOP('',(#3850,#3851,#3852,#3853));
#924=EDGE_LOOP('',(#3854,#3855,#3856,#3857));
#925=EDGE_LOOP('',(#3858,#3859,#3860,#3861));
#926=EDGE_LOOP('',(#3862,#3863,#3864,#3865));
#927=EDGE_LOOP('',(#3866,#3867,#3868,#3869));
#928=EDGE_LOOP('',(#3870,#3871,#3872,#3873));
#929=EDGE_LOOP('',(#3874,#3875,#3876,#3877));
#930=EDGE_LOOP('',(#3878,#3879,#3880,#3881));
#931=EDGE_LOOP('',(#3882,#3883,#3884,#3885));
#932=EDGE_LOOP('',(#3886,#3887,#3888,#3889));
#933=EDGE_LOOP('',(#3890,#3891,#3892,#3893));
#934=EDGE_LOOP('',(#3894,#3895,#3896,#3897));
#935=EDGE_LOOP('',(#3898,#3899,#3900,#3901));
#936=EDGE_LOOP('',(#3902,#3903,#3904,#3905));
#937=EDGE_LOOP('',(#3906,#3907,#3908,#3909));
#938=EDGE_LOOP('',(#3910,#3911,#3912,#3913));
#939=EDGE_LOOP('',(#3914,#3915,#3916,#3917));
#940=EDGE_LOOP('',(#3918,#3919,#3920,#3921));
#941=EDGE_LOOP('',(#3922,#3923,#3924,#3925));
#942=EDGE_LOOP('',(#3926,#3927,#3928,#3929));
#943=EDGE_LOOP('',(#3930,#3931,#3932,#3933));
#944=EDGE_LOOP('',(#3934,#3935,#3936,#3937));
#945=EDGE_LOOP('',(#3938,#3939,#3940,#3941));
#946=EDGE_LOOP('',(#3942,#3943,#3944,#3945));
#947=EDGE_LOOP('',(#3946,#3947,#3948,#3949));
#948=EDGE_LOOP('',(#3950,#3951,#3952,#3953,#3954));
#949=EDGE_LOOP('',(#3955,#3956,#3957,#3958));
#950=EDGE_LOOP('',(#3959,#3960,#3961,#3962));
#951=EDGE_LOOP('',(#3963,#3964,#3965,#3966));
#952=EDGE_LOOP('',(#3967,#3968,#3969,#3970));
#953=EDGE_LOOP('',(#3971,#3972,#3973,#3974));
#954=EDGE_LOOP('',(#3975,#3976,#3977,#3978));
#955=EDGE_LOOP('',(#3979,#3980,#3981,#3982));
#956=EDGE_LOOP('',(#3983,#3984,#3985,#3986));
#957=EDGE_LOOP('',(#3987,#3988,#3989,#3990));
#958=EDGE_LOOP('',(#3991,#3992,#3993,#3994));
#959=EDGE_LOOP('',(#3995,#3996,#3997,#3998));
#960=EDGE_LOOP('',(#3999,#4000,#4001,#4002));
#961=EDGE_LOOP('',(#4003,#4004,#4005,#4006));
#962=EDGE_LOOP('',(#4007,#4008,#4009,#4010));
#963=EDGE_LOOP('',(#4011,#4012,#4013,#4014));
#964=EDGE_LOOP('',(#4015,#4016,#4017,#4018));
#965=EDGE_LOOP('',(#4019,#4020,#4021,#4022));
#966=EDGE_LOOP('',(#4023,#4024,#4025,#4026));
#967=EDGE_LOOP('',(#4027,#4028,#4029,#4030));
#968=EDGE_LOOP('',(#4031,#4032,#4033,#4034));
#969=EDGE_LOOP('',(#4035,#4036,#4037,#4038));
#970=EDGE_LOOP('',(#4039,#4040,#4041,#4042));
#971=EDGE_LOOP('',(#4043,#4044,#4045,#4046));
#972=EDGE_LOOP('',(#4047,#4048,#4049,#4050));
#973=EDGE_LOOP('',(#4051,#4052,#4053,#4054));
#974=EDGE_LOOP('',(#4055,#4056,#4057,#4058));
#975=EDGE_LOOP('',(#4059,#4060,#4061,#4062));
#976=EDGE_LOOP('',(#4063,#4064,#4065,#4066));
#977=EDGE_LOOP('',(#4067,#4068,#4069,#4070));
#978=EDGE_LOOP('',(#4071,#4072,#4073,#4074));
#979=EDGE_LOOP('',(#4075,#4076,#4077,#4078));
#980=EDGE_LOOP('',(#4079,#4080,#4081,#4082));
#981=EDGE_LOOP('',(#4083,#4084,#4085,#4086));
#982=EDGE_LOOP('',(#4087,#4088,#4089,#4090));
#983=EDGE_LOOP('',(#4091,#4092,#4093,#4094));
#984=EDGE_LOOP('',(#4095,#4096,#4097,#4098,#4099,#4100,#4101,#4102,#4103,
#4104,#4105,#4106,#4107,#4108,#4109,#4110,#4111,#4112,#4113,#4114,#4115,
#4116,#4117,#4118,#4119,#4120,#4121,#4122,#4123,#4124,#4125,#4126,#4127,
#4128,#4129,#4130));
#985=EDGE_LOOP('',(#4131));
#986=EDGE_LOOP('',(#4132,#4133,#4134,#4135,#4136,#4137,#4138,#4139,#4140,
#4141,#4142,#4143,#4144,#4145,#4146,#4147,#4148,#4149,#4150,#4151,#4152,
#4153,#4154,#4155,#4156,#4157,#4158,#4159,#4160,#4161,#4162,#4163,#4164,
#4165,#4166,#4167));
#987=EDGE_LOOP('',(#4168));
#988=LINE('',#5809,#1168);
#989=LINE('',#5891,#1169);
#990=LINE('',#5964,#1170);
#991=LINE('',#6046,#1171);
#992=LINE('',#6110,#1172);
#993=LINE('',#6192,#1173);
#994=LINE('',#6277,#1174);
#995=LINE('',#6362,#1175);
#996=LINE('',#6443,#1176);
#997=LINE('',#6524,#1177);
#998=LINE('',#6601,#1178);
#999=LINE('',#6645,#1179);
#1000=LINE('',#6727,#1180);
#1001=LINE('',#6771,#1181);
#1002=LINE('',#6853,#1182);
#1003=LINE('',#6921,#1183);
#1004=LINE('',#6965,#1184);
#1005=LINE('',#7047,#1185);
#1006=LINE('',#7103,#1186);
#1007=LINE('',#7148,#1187);
#1008=LINE('',#7230,#1188);
#1009=LINE('',#7299,#1189);
#1010=LINE('',#7332,#1190);
#1011=LINE('',#7376,#1191);
#1012=LINE('',#7444,#1192);
#1013=LINE('',#7450,#1193);
#1014=LINE('',#7487,#1194);
#1015=LINE('',#7530,#1195);
#1016=LINE('',#7535,#1196);
#1017=LINE('',#7581,#1197);
#1018=LINE('',#7661,#1198);
#1019=LINE('',#7741,#1199);
#1020=LINE('',#7823,#1200);
#1021=LINE('',#7905,#1201);
#1022=LINE('',#7987,#1202);
#1023=LINE('',#8069,#1203);
#1024=LINE('',#8151,#1204);
#1025=LINE('',#8233,#1205);
#1026=LINE('',#8315,#1206);
#1027=LINE('',#8397,#1207);
#1028=LINE('',#8479,#1208);
#1029=LINE('',#8559,#1209);
#1030=LINE('',#8639,#1210);
#1031=LINE('',#8721,#1211);
#1032=LINE('',#8803,#1212);
#1033=LINE('',#8850,#1213);
#1034=LINE('',#8852,#1214);
#1035=LINE('',#8853,#1215);
#1036=LINE('',#8869,#1216);
#1037=LINE('',#8877,#1217);
#1038=LINE('',#8878,#1218);
#1039=LINE('',#8894,#1219);
#1040=LINE('',#8902,#1220);
#1041=LINE('',#8903,#1221);
#1042=LINE('',#8919,#1222);
#1043=LINE('',#8927,#1223);
#1044=LINE('',#8928,#1224);
#1045=LINE('',#8951,#1225);
#1046=LINE('',#9171,#1226);
#1047=LINE('',#9182,#1227);
#1048=LINE('',#9191,#1228);
#1049=LINE('',#9198,#1229);
#1050=LINE('',#9209,#1230);
#1051=LINE('',#9214,#1231);
#1052=LINE('',#9218,#1232);
#1053=LINE('',#9219,#1233);
#1054=LINE('',#9222,#1234);
#1055=LINE('',#9225,#1235);
#1056=LINE('',#9226,#1236);
#1057=LINE('',#9229,#1237);
#1058=LINE('',#9230,#1238);
#1059=LINE('',#9233,#1239);
#1060=LINE('',#9237,#1240);
#1061=LINE('',#9240,#1241);
#1062=LINE('',#9244,#1242);
#1063=LINE('',#9248,#1243);
#1064=LINE('',#9251,#1244);
#1065=LINE('',#9253,#1245);
#1066=LINE('',#9255,#1246);
#1067=LINE('',#9257,#1247);
#1068=LINE('',#9260,#1248);
#1069=LINE('',#9263,#1249);
#1070=LINE('',#9295,#1250);
#1071=LINE('',#9327,#1251);
#1072=LINE('',#9371,#1252);
#1073=LINE('',#9587,#1253);
#1074=LINE('',#9616,#1254);
#1075=LINE('',#9647,#1255);
#1076=LINE('',#9689,#1256);
#1077=LINE('',#9707,#1257);
#1078=LINE('',#9757,#1258);
#1079=LINE('',#9761,#1259);
#1080=LINE('',#9808,#1260);
#1081=LINE('',#9812,#1261);
#1082=LINE('',#9931,#1262);
#1083=LINE('',#9937,#1263);
#1084=LINE('',#9978,#1264);
#1085=LINE('',#9985,#1265);
#1086=LINE('',#9989,#1266);
#1087=LINE('',#9990,#1267);
#1088=LINE('',#9993,#1268);
#1089=LINE('',#9996,#1269);
#1090=LINE('',#9997,#1270);
#1091=LINE('',#9999,#1271);
#1092=LINE('',#10001,#1272);
#1093=LINE('',#10003,#1273);
#1094=LINE('',#10015,#1274);
#1095=LINE('',#10158,#1275);
#1096=LINE('',#10162,#1276);
#1097=LINE('',#10165,#1277);
#1098=LINE('',#10172,#1278);
#1099=LINE('',#10173,#1279);
#1100=LINE('',#10175,#1280);
#1101=LINE('',#10176,#1281);
#1102=LINE('',#10179,#1282);
#1103=LINE('',#10184,#1283);
#1104=LINE('',#10186,#1284);
#1105=LINE('',#10188,#1285);
#1106=LINE('',#10266,#1286);
#1107=LINE('',#10268,#1287);
#1108=LINE('',#10269,#1288);
#1109=LINE('',#12131,#1289);
#1110=LINE('',#12135,#1290);
#1111=LINE('',#12136,#1291);
#1112=LINE('',#12139,#1292);
#1113=LINE('',#12143,#1293);
#1114=LINE('',#12144,#1294);
#1115=LINE('',#12147,#1295);
#1116=LINE('',#12148,#1296);
#1117=LINE('',#12151,#1297);
#1118=LINE('',#12152,#1298);
#1119=LINE('',#12155,#1299);
#1120=LINE('',#12159,#1300);
#1121=LINE('',#12160,#1301);
#1122=LINE('',#12163,#1302);
#1123=LINE('',#12167,#1303);
#1124=LINE('',#12168,#1304);
#1125=LINE('',#12171,#1305);
#1126=LINE('',#12172,#1306);
#1127=LINE('',#12175,#1307);
#1128=LINE('',#12176,#1308);
#1129=LINE('',#12179,#1309);
#1130=LINE('',#12183,#1310);
#1131=LINE('',#12184,#1311);
#1132=LINE('',#12187,#1312);
#1133=LINE('',#12188,#1313);
#1134=LINE('',#12191,#1314);
#1135=LINE('',#12192,#1315);
#1136=LINE('',#12195,#1316);
#1137=LINE('',#12199,#1317);
#1138=LINE('',#12200,#1318);
#1139=LINE('',#12203,#1319);
#1140=LINE('',#12204,#1320);
#1141=LINE('',#12207,#1321);
#1142=LINE('',#12208,#1322);
#1143=LINE('',#12211,#1323);
#1144=LINE('',#12215,#1324);
#1145=LINE('',#12216,#1325);
#1146=LINE('',#12219,#1326);
#1147=LINE('',#12220,#1327);
#1148=LINE('',#12223,#1328);
#1149=LINE('',#12224,#1329);
#1150=LINE('',#12227,#1330);
#1151=LINE('',#12231,#1331);
#1152=LINE('',#12232,#1332);
#1153=LINE('',#12235,#1333);
#1154=LINE('',#12236,#1334);
#1155=LINE('',#12239,#1335);
#1156=LINE('',#12240,#1336);
#1157=LINE('',#12243,#1337);
#1158=LINE('',#12247,#1338);
#1159=LINE('',#12248,#1339);
#1160=LINE('',#12251,#1340);
#1161=LINE('',#12252,#1341);
#1162=LINE('',#12255,#1342);
#1163=LINE('',#12256,#1343);
#1164=LINE('',#12259,#1344);
#1165=LINE('',#12263,#1345);
#1166=LINE('',#12264,#1346);
#1167=LINE('',#12266,#1347);
#1168=VECTOR('',#4866,0.500000007450581);
#1169=VECTOR('',#4869,0.500000007450581);
#1170=VECTOR('',#4874,0.500000007450581);
#1171=VECTOR('',#4877,0.500000007450581);
#1172=VECTOR('',#4882,0.500000007450581);
#1173=VECTOR('',#4885,0.500000007450581);
#1174=VECTOR('',#4890,0.500000007450581);
#1175=VECTOR('',#4895,0.500000007450581);
#1176=VECTOR('',#4900,0.500000007450581);
#1177=VECTOR('',#4905,0.500000007450581);
#1178=VECTOR('',#4910,0.500000007450581);
#1179=VECTOR('',#4915,0.500000007450581);
#1180=VECTOR('',#4918,0.500000007450581);
#1181=VECTOR('',#4923,0.500000007450581);
#1182=VECTOR('',#4926,0.500000007450581);
#1183=VECTOR('',#4931,0.500000007450581);
#1184=VECTOR('',#4936,0.500000007450581);
#1185=VECTOR('',#4939,0.500000007450581);
#1186=VECTOR('',#4944,0.500000007450581);
#1187=VECTOR('',#4951,0.500000007450581);
#1188=VECTOR('',#4954,0.500000007450581);
#1189=VECTOR('',#4959,0.500000007450581);
#1190=VECTOR('',#4970,0.500000007450581);
#1191=VECTOR('',#4975,0.500000007450581);
#1192=VECTOR('',#4980,0.500000007450581);
#1193=VECTOR('',#4987,30.4499993193895);
#1194=VECTOR('',#5018,10.);
#1195=VECTOR('',#5065,10.);
#1196=VECTOR('',#5070,10.);
#1197=VECTOR('',#5077,1.5);
#1198=VECTOR('',#5080,1.50000002235174);
#1199=VECTOR('',#5083,1.50000002235174);
#1200=VECTOR('',#5086,2.);
#1201=VECTOR('',#5089,1.50000002235174);
#1202=VECTOR('',#5092,1.50000002235174);
#1203=VECTOR('',#5095,1.50000002235174);
#1204=VECTOR('',#5098,1.5);
#1205=VECTOR('',#5101,1.50000002235174);
#1206=VECTOR('',#5104,1.50000002235174);
#1207=VECTOR('',#5107,1.50000002235174);
#1208=VECTOR('',#5110,2.);
#1209=VECTOR('',#5113,1.50000002235174);
#1210=VECTOR('',#5116,2.);
#1211=VECTOR('',#5119,1.50000002235174);
#1212=VECTOR('',#5122,1.5);
#1213=VECTOR('',#5125,10.);
#1214=VECTOR('',#5126,10.);
#1215=VECTOR('',#5127,10.);
#1216=VECTOR('',#5130,10.);
#1217=VECTOR('',#5135,10.);
#1218=VECTOR('',#5136,10.);
#1219=VECTOR('',#5139,10.);
#1220=VECTOR('',#5144,10.);
#1221=VECTOR('',#5145,10.);
#1222=VECTOR('',#5148,10.);
#1223=VECTOR('',#5153,10.);
#1224=VECTOR('',#5154,10.);
#1225=VECTOR('',#5169,30.4499993193895);
#1226=VECTOR('',#5222,1.15);
#1227=VECTOR('',#5237,1.15);
#1228=VECTOR('',#5250,1.15);
#1229=VECTOR('',#5259,1.15);
#1230=VECTOR('',#5274,1.6);
#1231=VECTOR('',#5281,1.6);
#1232=VECTOR('',#5286,10.);
#1233=VECTOR('',#5287,10.);
#1234=VECTOR('',#5292,1.6);
#1235=VECTOR('',#5295,10.);
#1236=VECTOR('',#5296,10.);
#1237=VECTOR('',#5299,10.);
#1238=VECTOR('',#5300,10.);
#1239=VECTOR('',#5305,1.6);
#1240=VECTOR('',#5310,10.);
#1241=VECTOR('',#5313,10.);
#1242=VECTOR('',#5318,10.);
#1243=VECTOR('',#5323,10.);
#1244=VECTOR('',#5326,10.);
#1245=VECTOR('',#5329,10.);
#1246=VECTOR('',#5332,10.);
#1247=VECTOR('',#5335,10.);
#1248=VECTOR('',#5340,10.);
#1249=VECTOR('',#5345,10.);
#1250=VECTOR('',#5354,1.4);
#1251=VECTOR('',#5363,3.1);
#1252=VECTOR('',#5380,53.0499999877065);
#1253=VECTOR('',#5403,51.9825213429684);
#1254=VECTOR('',#5408,10.);
#1255=VECTOR('',#5409,10.);
#1256=VECTOR('',#5416,1.4);
#1257=VECTOR('',#5423,3.1);
#1258=VECTOR('',#5440,1.4);
#1259=VECTOR('',#5445,3.1);
#1260=VECTOR('',#5456,1.4);
#1261=VECTOR('',#5461,3.1);
#1262=VECTOR('',#5482,1.4);
#1263=VECTOR('',#5489,3.1);
#1264=VECTOR('',#5504,10.);
#1265=VECTOR('',#5515,10.);
#1266=VECTOR('',#5518,10.);
#1267=VECTOR('',#5519,10.);
#1268=VECTOR('',#5522,10.);
#1269=VECTOR('',#5527,10.);
#1270=VECTOR('',#5528,10.);
#1271=VECTOR('',#5531,10.);
#1272=VECTOR('',#5534,10.);
#1273=VECTOR('',#5537,10.);
#1274=VECTOR('',#5552,18.9999995753169);
#1275=VECTOR('',#5559,10.);
#1276=VECTOR('',#5564,10.);
#1277=VECTOR('',#5567,10.);
#1278=VECTOR('',#5578,10.);
#1279=VECTOR('',#5579,10.);
#1280=VECTOR('',#5582,10.);
#1281=VECTOR('',#5583,10.);
#1282=VECTOR('',#5588,10.);
#1283=VECTOR('',#5597,10.);
#1284=VECTOR('',#5600,10.);
#1285=VECTOR('',#5603,10.);
#1286=VECTOR('',#5610,10.);
#1287=VECTOR('',#5611,10.);
#1288=VECTOR('',#5612,10.);
#1289=VECTOR('',#5615,10.);
#1290=VECTOR('',#5620,10.);
#1291=VECTOR('',#5621,10.);
#1292=VECTOR('',#5624,10.);
#1293=VECTOR('',#5629,10.);
#1294=VECTOR('',#5630,10.);
#1295=VECTOR('',#5633,10.);
#1296=VECTOR('',#5634,10.);
#1297=VECTOR('',#5637,10.);
#1298=VECTOR('',#5638,10.);
#1299=VECTOR('',#5641,10.);
#1300=VECTOR('',#5646,10.);
#1301=VECTOR('',#5647,10.);
#1302=VECTOR('',#5650,10.);
#1303=VECTOR('',#5655,10.);
#1304=VECTOR('',#5656,10.);
#1305=VECTOR('',#5659,10.);
#1306=VECTOR('',#5660,10.);
#1307=VECTOR('',#5663,10.);
#1308=VECTOR('',#5664,10.);
#1309=VECTOR('',#5667,10.);
#1310=VECTOR('',#5672,10.);
#1311=VECTOR('',#5673,10.);
#1312=VECTOR('',#5676,10.);
#1313=VECTOR('',#5677,10.);
#1314=VECTOR('',#5680,10.);
#1315=VECTOR('',#5681,10.);
#1316=VECTOR('',#5684,10.);
#1317=VECTOR('',#5689,10.);
#1318=VECTOR('',#5690,10.);
#1319=VECTOR('',#5693,10.);
#1320=VECTOR('',#5694,10.);
#1321=VECTOR('',#5697,10.);
#1322=VECTOR('',#5698,10.);
#1323=VECTOR('',#5701,10.);
#1324=VECTOR('',#5706,10.);
#1325=VECTOR('',#5707,10.);
#1326=VECTOR('',#5710,10.);
#1327=VECTOR('',#5711,10.);
#1328=VECTOR('',#5714,10.);
#1329=VECTOR('',#5715,10.);
#1330=VECTOR('',#5718,10.);
#1331=VECTOR('',#5723,10.);
#1332=VECTOR('',#5724,10.);
#1333=VECTOR('',#5727,10.);
#1334=VECTOR('',#5728,10.);
#1335=VECTOR('',#5731,10.);
#1336=VECTOR('',#5732,10.);
#1337=VECTOR('',#5735,10.);
#1338=VECTOR('',#5740,10.);
#1339=VECTOR('',#5741,10.);
#1340=VECTOR('',#5744,10.);
#1341=VECTOR('',#5745,10.);
#1342=VECTOR('',#5748,10.);
#1343=VECTOR('',#5749,10.);
#1344=VECTOR('',#5752,10.);
#1345=VECTOR('',#5757,10.);
#1346=VECTOR('',#5758,10.);
#1347=VECTOR('',#5761,10.);
#1348=B_SPLINE_CURVE_WITH_KNOTS('',3,(#5770,#5771,#5772,#5773,#5774,#5775,
#5776,#5777,#5778,#5779,#5780,#5781,#5782,#5783,#5784,#5785),
 .UNSPECIFIED.,.F.,.F.,(4,2,2,2,2,2,2,4),(0.,0.0195410998473623,0.0390821996947247,
0.0582098146949079,0.0773374296950912,0.0964650446952743,0.115592659695457,
0.125834343972488),.UNSPECIFIED.);
#1349=B_SPLINE_CURVE_WITH_KNOTS('',3,(#5786,#5787,#5788,#5789,#5790,#5791,
#5792,#5793,#5794,#5795,#5796,#5797,#5798,#5799,#5800,#5801,#5802,#5803,
#5804,#5805,#5806,#5807),.UNSPECIFIED.,.F.,.F.,(4,2,2,2,2,2,2,2,2,2,4),
(0.125834343972488,0.13513375954282,0.154674859390182,0.174108219975085,
0.193541580559987,0.212196586674433,0.23085159278888,0.249506598903325,
0.268161605017771,0.287594965602674,0.307028326187576),.UNSPECIFIED.);
#1350=B_SPLINE_CURVE_WITH_KNOTS('',3,(#5811,#5812,#5813,#5814,#5815,#5816,
#5817,#5818,#5819,#5820,#5821,#5822,#5823,#5824,#5825,#5826,#5827,#5828,
#5829,#5830,#5831,#5832),.UNSPECIFIED.,.F.,.F.,(4,2,2,2,2,2,2,2,2,2,4),
(0.,0.0194333214113139,0.0388666428226278,0.0575216507395917,0.0761766586565555,
0.09483166657352,0.113486674490484,0.132919995901798,0.152353317313112,
0.171894387405695,0.181193785264451),.UNSPECIFIED.);
#1351=B_SPLINE_CURVE_WITH_KNOTS('',3,(#5833,#5834,#5835,#5836,#5837,#5838,
#5839,#5840,#5841,#5842,#5843,#5844,#5845,#5846,#5847,#5848),
 .UNSPECIFIED.,.F.,.F.,(4,2,2,2,2,2,2,4),(0.181193785264451,0.191435457498278,
0.210563064511252,0.229690671524226,0.2488182785372,0.267945885550174,0.287486955642757,
0.30702802573534),.UNSPECIFIED.);
#1352=B_SPLINE_CURVE_WITH_KNOTS('',3,(#5852,#5853,#5854,#5855,#5856,#5857,
#5858,#5859,#5860,#5861,#5862,#5863,#5864,#5865,#5866,#5867),
 .UNSPECIFIED.,.F.,.F.,(4,2,2,2,2,2,2,4),(0.,0.0195430711956079,0.0390861423912158,
0.0582156900082302,0.0773452376252446,0.0964747852422589,0.115604332859273,
0.122103265101725),.UNSPECIFIED.);
#1353=B_SPLINE_CURVE_WITH_KNOTS('',3,(#5868,#5869,#5870,#5871,#5872,#5873,
#5874,#5875,#5876,#5877,#5878,#5879,#5880,#5881,#5882,#5883,#5884,#5885,
#5886,#5887,#5888,#5889),.UNSPECIFIED.,.F.,.F.,(4,2,2,2,2,2,2,2,2,2,4),
(0.122103265101725,0.135147404054881,0.154690475250489,0.174121875450683,
0.193553275650877,0.212206345910376,0.230859416169874,0.249512486429374,
0.268165556688873,0.287596956889067,0.307028357089261),.UNSPECIFIED.);
#1354=B_SPLINE_CURVE_WITH_KNOTS('',3,(#5893,#5894,#5895,#5896,#5897,#5898,
#5899,#5900),.UNSPECIFIED.,.F.,.F.,(4,2,2,4),(-0.162117538267015,-0.154690324273345,
-0.135147282834693,-0.122103166412372),.UNSPECIFIED.);
#1355=B_SPLINE_CURVE_WITH_KNOTS('',3,(#5903,#5904,#5905,#5906,#5907,#5908,
#5909,#5910,#5911,#5912,#5913,#5914,#5915,#5916,#5917,#5918,#5919,#5920,
#5921),.UNSPECIFIED.,.F.,.F.,(4,2,2,2,2,2,2,3,4),(-0.122103166412372,-0.11560424139604,
-0.0964747017663562,-0.0773451621366721,-0.0582156225069884,-0.0390860828773046,
-0.0195430414386523,0.,0.007427213995829),.UNSPECIFIED.);
#1356=B_SPLINE_CURVE_WITH_KNOTS('',3,(#5925,#5926,#5927,#5928,#5929,#5930,
#5931,#5932,#5933,#5934,#5935,#5936,#5937,#5938,#5939,#5940),
 .UNSPECIFIED.,.F.,.F.,(4,2,2,2,2,2,2,4),(0.,0.019228228628009,0.038456457256018,
0.0575190099702322,0.0765815626844464,0.0956441153986603,0.114706668112874,
0.126586024078335),.UNSPECIFIED.);
#1357=B_SPLINE_CURVE_WITH_KNOTS('',3,(#5941,#5942,#5943,#5944,#5945,#5946,
#5947,#5948,#5949,#5950,#5951,#5952,#5953,#5954,#5955,#5956,#5957,#5958,
#5959,#5960,#5961,#5962),.UNSPECIFIED.,.F.,.F.,(4,2,2,2,2,2,2,2,2,2,4),
(0.126586024078335,0.133934896740883,0.153163125368892,0.172125447297876,
0.19108776922686,0.209738708598741,0.228389647970621,0.247040587342502,
0.265691526714382,0.284653848643367,0.303616170572351),.UNSPECIFIED.);
#1358=B_SPLINE_CURVE_WITH_KNOTS('',3,(#5966,#5967,#5968,#5969,#5970,#5971,
#5972,#5973,#5974,#5975,#5976,#5977,#5978,#5979,#5980,#5981,#5982,#5983,
#5984,#5985,#5986,#5987),.UNSPECIFIED.,.F.,.F.,(4,2,2,2,2,2,2,2,2,2,4),
(0.,0.019082330981945,0.0381646619638899,0.0568097492642462,0.0754548365646025,
0.0940999238649584,0.112745011165314,0.131827342147259,0.150909673129204,
0.170229099301476,0.17762492210683),.UNSPECIFIED.);
#1359=B_SPLINE_CURVE_WITH_KNOTS('',3,(#5988,#5989,#5990,#5991,#5992,#5993,
#5994,#5995,#5996,#5997,#5998,#5999,#6000,#6001,#6002,#6003),
 .UNSPECIFIED.,.F.,.F.,(4,2,2,2,2,2,2,4),(0.17762492210683,0.189548525473748,
0.208635303463864,0.227722081453979,0.246808859444095,0.265895637434211,
0.285215063606483,0.304534489778755),.UNSPECIFIED.);
#1360=B_SPLINE_CURVE_WITH_KNOTS('',3,(#6007,#6008,#6009,#6010,#6011,#6012,
#6013,#6014,#6015,#6016,#6017,#6018,#6019,#6020,#6021,#6022),
 .UNSPECIFIED.,.F.,.F.,(4,2,2,2,2,2,2,4),(0.,0.019544195975997,0.039088391951994,
0.0582190422519978,0.0773496925520016,0.096480342852005,0.115610993152009,
0.118237956189164),.UNSPECIFIED.);
#1361=B_SPLINE_CURVE_WITH_KNOTS('',3,(#6023,#6024,#6025,#6026,#6027,#6028,
#6029,#6030,#6031,#6032,#6033,#6034,#6035,#6036,#6037,#6038,#6039,#6040,
#6041,#6042,#6043,#6044),.UNSPECIFIED.,.F.,.F.,(4,2,2,2,2,2,2,2,2,2,4),
(0.118237956189164,0.135155189128006,0.154699385104003,0.174129666802601,
0.193559948501199,0.212211914253148,0.230863880005098,0.249515845757048,
0.268167811508998,0.287598093207596,0.307028374906194),.UNSPECIFIED.);
#1362=B_SPLINE_CURVE_WITH_KNOTS('',3,(#6048,#6049,#6050,#6051),
 .UNSPECIFIED.,.F.,.F.,(4,4),(0.178323099825114,0.188790575714818),
 .UNSPECIFIED.);
#1363=B_SPLINE_CURVE_WITH_KNOTS('',3,(#6054,#6055,#6056,#6057,#6058,#6059,
#6060,#6061,#6062,#6063,#6064,#6065,#6066,#6067),.UNSPECIFIED.,.F.,.F.,
(4,2,2,2,2,2,4),(0.188790575714818,0.191417172768002,0.210547815080606,
0.22967845739321,0.248809099705813,0.267939742018417,0.281033814961306),
 .UNSPECIFIED.);
#1364=B_SPLINE_CURVE_WITH_KNOTS('',3,(#6071,#6072,#6073,#6074,#6075,#6076,
#6077,#6078,#6079,#6080,#6081,#6082,#6083,#6084,#6085,#6086),
 .UNSPECIFIED.,.F.,.F.,(4,2,2,2,2,2,2,4),(0.,0.0192380069065615,0.0384760138131231,
0.0575482674165339,0.0766205210199448,0.0956927746233556,0.114765028226766,
0.124970936492524),.UNSPECIFIED.);
#1365=B_SPLINE_CURVE_WITH_KNOTS('',3,(#6087,#6088,#6089,#6090,#6091,#6092,
#6093,#6094,#6095,#6096,#6097,#6098,#6099,#6100,#6101,#6102,#6103,#6104,
#6105,#6106,#6107,#6108),.UNSPECIFIED.,.F.,.F.,(4,2,2,2,2,2,2,2,2,2,4),
(0.124970936492524,0.134003035133328,0.15324104203989,0.172193624453623,
0.191146206867356,0.209787453749822,0.228428700632287,0.247069947514752,
0.265711194397218,0.284663776810951,0.303616359224684),.UNSPECIFIED.);
#1366=B_SPLINE_CURVE_WITH_KNOTS('',3,(#6112,#6113,#6114,#6115,#6116,#6117,
#6118,#6119,#6120,#6121,#6122,#6123,#6124,#6125,#6126,#6127,#6128,#6129,
#6130,#6131,#6132,#6133),.UNSPECIFIED.,.F.,.F.,(4,2,2,2,2,2,2,2,2,2,4),
(0.,0.0190725639455429,0.0381451278910858,0.0567805150233617,0.0754159021556376,
0.0940512892879139,0.11268667642019,0.131759240365733,0.150831804311276,
0.17016104201105,0.179247233935873),.UNSPECIFIED.);
#1367=B_SPLINE_CURVE_WITH_KNOTS('',3,(#6134,#6135,#6136,#6137,#6138,#6139,
#6140,#6141,#6142,#6143,#6144,#6145,#6146,#6147,#6148,#6149),
 .UNSPECIFIED.,.F.,.F.,(4,2,2,2,2,2,2,4),(0.179247233935873,0.189490279710823,
0.208586760411715,0.227683241112607,0.246779721813499,0.265876202514391,
0.285205440214165,0.304534677913939),.UNSPECIFIED.);
#1368=B_SPLINE_CURVE_WITH_KNOTS('',3,(#6153,#6154,#6155,#6156,#6157,#6158,
#6159,#6160,#6161,#6162,#6163,#6164,#6165,#6166,#6167,#6168),
 .UNSPECIFIED.,.F.,.F.,(4,2,2,2,2,2,2,4),(0.,0.019225817520736,0.0384516350414721,
0.0575117957356455,0.076571956429819,0.0956321171239924,0.114692277818166,
0.115418562423525),.UNSPECIFIED.);
#1369=B_SPLINE_CURVE_WITH_KNOTS('',3,(#6169,#6170,#6171,#6172,#6173,#6174,
#6175,#6176,#6177,#6178,#6179,#6180,#6181,#6182,#6183,#6184,#6185,#6186,
#6187,#6188,#6189,#6190),.UNSPECIFIED.,.F.,.F.,(4,2,2,2,2,2,2,2,2,2,4),
(0.115418562423525,0.133918095338902,0.153143912859638,0.17210863654085,
0.191073360222063,0.209726689744103,0.228380019266144,0.247033348788184,
0.265686678310225,0.284651401991437,0.303616125672649),.UNSPECIFIED.);
#1370=B_SPLINE_CURVE_WITH_KNOTS('',3,(#6194,#6195,#6196,#6197,#6198,#6199,
#6200,#6201,#6202,#6203,#6204,#6205,#6206,#6207,#6208,#6209,#6210,#6211,
#6212,#6213,#6214,#6215),.UNSPECIFIED.,.F.,.F.,(4,2,2,2,2,2,2,2,2,2,4),
(0.,0.0190847395214591,0.0381694790429182,0.0568169583855116,0.0754644377281051,
0.0941119170706987,0.112759396413292,0.131844135934751,0.15092887545621,
0.17024588232142,0.188834373033709),.UNSPECIFIED.);
#1371=B_SPLINE_CURVE_WITH_KNOTS('',3,(#6216,#6217,#6218,#6219,#6220,#6221,
#6222,#6223,#6224,#6225,#6226,#6227,#6228,#6229,#6230,#6231),
 .UNSPECIFIED.,.F.,.F.,(4,2,2,2,2,2,2,4),(0.188834373033709,0.18956288918663,
0.208647274708115,0.2277316602296,0.246816045751085,0.265900431272571,0.28521743813778,
0.30453444500299),.UNSPECIFIED.);
#1372=B_SPLINE_CURVE_WITH_KNOTS('',3,(#6235,#6236,#6237,#6238,#6239,#6240),
 .UNSPECIFIED.,.F.,.F.,(4,2,4),(0.0937187941764165,0.0955965141260867,0.113208257634667),
 .UNSPECIFIED.);
#1373=B_SPLINE_CURVE_WITH_KNOTS('',3,(#6243,#6244,#6245,#6246,#6247,#6248,
#6249,#6250,#6251,#6252,#6253,#6254,#6255,#6256,#6257,#6258,#6259,#6260,
#6261,#6262,#6263,#6264,#6265,#6266,#6267,#6268,#6269,#6270,#6271,#6272,
#6273,#6274,#6275),.UNSPECIFIED.,.F.,.F.,(4,2,2,2,2,2,2,2,2,2,2,3,2,2,2,
4),(0.113208257634667,0.114649576880451,0.133868239811948,0.153086902743444,
0.172058753727299,0.191030604711155,0.209691027093303,0.228351449475451,
0.247011871857599,0.265672294239748,0.284644145223603,0.303615996207459,
0.322834659138955,0.342053322070452,0.361106384824816,0.362984104774486),
 .UNSPECIFIED.);
#1374=B_SPLINE_CURVE_WITH_KNOTS('',3,(#6279,#6280,#6281,#6282,#6283,#6284,
#6285,#6286,#6287,#6288,#6289,#6290,#6291,#6292,#6293,#6294,#6295,#6296,
#6297,#6298,#6299,#6300,#6301,#6302,#6303,#6304,#6305,#6306,#6307,#6308,
#6309,#6310,#6311),.UNSPECIFIED.,.F.,.F.,(4,2,2,2,3,2,2,2,2,2,2,2,2,2,2,
4),(0.244944203003118,0.246837373762841,0.265914660014727,0.285224487955975,
0.304534315897224,0.323626202864293,0.342718089831362,0.361372667645465,
0.380027245459568,0.398681823273671,0.417336401087773,0.436428288054842,
0.455520175021911,0.47483000296316,0.494139830904408,0.495585357232831),
 .UNSPECIFIED.);
#1375=B_SPLINE_CURVE_WITH_KNOTS('',3,(#6314,#6315,#6316,#6317,#6318,#6319),
 .UNSPECIFIED.,.F.,.F.,(4,2,4),(0.495585357232831,0.513217117156294,0.515110287916017),
 .UNSPECIFIED.);
#1376=B_SPLINE_CURVE_WITH_KNOTS('',3,(#6323,#6324,#6325,#6326,#6327,#6328,
#6329,#6330,#6331,#6332,#6333,#6334,#6335,#6336,#6337,#6338),
 .UNSPECIFIED.,.F.,.F.,(4,2,2,2,2,2,2,4),(0.,0.0192487082974625,0.0384974165949249,
0.0575802869292283,0.0766631572635317,0.0957460275978353,0.114828897932139,
0.12315196347561),.UNSPECIFIED.);
#1377=B_SPLINE_CURVE_WITH_KNOTS('',3,(#6339,#6340,#6341,#6342,#6343,#6344,
#6345,#6346,#6347,#6348,#6349,#6350,#6351,#6352,#6353,#6354,#6355,#6356,
#6357,#6358,#6359,#6360),.UNSPECIFIED.,.F.,.F.,(4,2,2,2,2,2,2,2,2,2,4),
(0.12315196347561,0.134077606229601,0.153326314527064,0.172268239487195,
0.191210164447325,0.209840805292593,0.22847144613786,0.247102086983128,
0.265732727828395,0.284674652788526,0.303616577748657),.UNSPECIFIED.);
#1378=B_SPLINE_CURVE_WITH_KNOTS('',3,(#6364,#6365,#6366,#6367,#6368,#6369,
#6370,#6371,#6372,#6373,#6374,#6375,#6376,#6377,#6378,#6379,#6380,#6381,
#6382,#6383,#6384,#6385),.UNSPECIFIED.,.F.,.F.,(4,2,2,2,2,2,2,2,2,2,4),
(0.,0.019061876381481,0.0381237527629619,0.0567485254446657,0.0753732981263696,
0.0939980708080734,0.112622843489777,0.131684719871258,0.150746596252739,
0.17008657172127,0.181074040947285),.UNSPECIFIED.);
#1379=B_SPLINE_CURVE_WITH_KNOTS('',3,(#6386,#6387,#6388,#6389,#6390,#6391,
#6392,#6393,#6394,#6395,#6396,#6397,#6398,#6399,#6400,#6401),
 .UNSPECIFIED.,.F.,.F.,(4,2,2,2,2,2,2,4),(0.181074040947285,0.189426547189801,
0.208533646619395,0.22764074604899,0.246747845478584,0.265854944908178,
0.285194920376709,0.30453489584524),.UNSPECIFIED.);
#1380=B_SPLINE_CURVE_WITH_KNOTS('',3,(#6405,#6406,#6407,#6408,#6409,#6410),
 .UNSPECIFIED.,.F.,.F.,(4,2,4),(-0.196276485480027,-0.188968058151428,-0.186153114660201),
 .UNSPECIFIED.);
#1381=B_SPLINE_CURVE_WITH_KNOTS('',3,(#6413,#6414,#6415,#6416,#6417,#6418,
#6419,#6420,#6421,#6422,#6423,#6424,#6425,#6426,#6427,#6428,#6429,#6430,
#6431,#6432,#6433,#6434,#6435,#6436,#6437,#6438,#6439,#6440,#6441),
 .UNSPECIFIED.,.F.,.F.,(4,2,2,2,2,2,2,2,2,2,3,2,2,4),(-0.186153114660201,
-0.169749670623112,-0.150531283094797,-0.131559157743965,-0.112587032393134,
-0.0939263369702662,-0.0752656415473987,-0.0566049461245314,-0.0379442507016642,
-0.0189721253508321,0.,0.0192183875283152,0.0384367750566304,0.0457452023851527),
 .UNSPECIFIED.);
#1382=B_SPLINE_CURVE_WITH_KNOTS('',3,(#6445,#6446,#6447,#6448,#6449,#6450,
#6451,#6452,#6453,#6454,#6455,#6456,#6457,#6458,#6459,#6460,#6461,#6462,
#6463,#6464,#6465,#6466,#6467,#6468,#6469,#6470,#6471,#6472,#6473),
 .UNSPECIFIED.,.F.,.F.,(4,2,2,3,2,2,2,2,2,2,2,2,2,4),(-0.0459461592877919,
-0.0386191032025054,-0.0193095516012527,0.,0.0190921621094953,0.0381843242189905,
0.0568391752897223,0.075494026360454,0.094148877431186,0.112803728501918,
0.131895890611413,0.150988052720908,0.170297604322161,0.186783170100176),
 .UNSPECIFIED.);
#1383=B_SPLINE_CURVE_WITH_KNOTS('',3,(#6476,#6477,#6478,#6479,#6480,#6481),
 .UNSPECIFIED.,.F.,.F.,(4,2,4),(0.186783170100176,0.189607155923413,0.196934212008593),
 .UNSPECIFIED.);
#1384=B_SPLINE_CURVE_WITH_KNOTS('',3,(#6485,#6486,#6487,#6488,#6489,#6490,
#6491,#6492,#6493,#6494,#6495,#6496,#6497,#6498,#6499,#6500),
 .UNSPECIFIED.,.F.,.F.,(4,2,2,2,2,2,2,4),(0.,0.0192226243867353,0.0384452487734707,
0.0575022416145718,0.0765592344556729,0.0956162272967744,0.114673220137876,
0.12401034709804),.UNSPECIFIED.);
#1385=B_SPLINE_CURVE_WITH_KNOTS('',3,(#6501,#6502,#6503,#6504,#6505,#6506,
#6507,#6508,#6509,#6510,#6511,#6512,#6513,#6514,#6515,#6516,#6517,#6518,
#6519,#6520,#6521,#6522),.UNSPECIFIED.,.F.,.F.,(4,2,2,2,2,2,2,2,2,2,4),
(0.12401034709804,0.133895844524611,0.153118468911346,0.172086373460959,
0.191054278010571,0.209710773031917,0.228367268053263,0.247023763074608,
0.265680258095954,0.284648162645566,0.303616067195178),.UNSPECIFIED.);
#1386=B_SPLINE_CURVE_WITH_KNOTS('',3,(#6526,#6527,#6528,#6529,#6530,#6531,
#6532,#6533,#6534,#6535,#6536,#6537,#6538,#6539,#6540,#6541,#6542,#6543,
#6544,#6545,#6546,#6547),.UNSPECIFIED.,.F.,.F.,(4,2,2,2,2,2,2,2,2,2,4),
(0.,0.019087929379274,0.0381758587585479,0.0568265061054095,0.075477153452271,
0.0941278007991326,0.112778448145994,0.131866377525268,0.150954306904543,
0.170268109775601,0.1802112177101),.UNSPECIFIED.);
#1387=B_SPLINE_CURVE_WITH_KNOTS('',3,(#6548,#6549,#6550,#6551,#6552,#6553,
#6554,#6555,#6556,#6557,#6558,#6559,#6560,#6561,#6562,#6563),
 .UNSPECIFIED.,.F.,.F.,(4,2,2,2,2,2,2,4),(0.1802112177101,0.18958191264666,
0.208663129721334,0.227744346796008,0.246825563870682,0.265906780945355,
0.285220583816414,0.304534386687472),.UNSPECIFIED.);
#1388=B_SPLINE_CURVE_WITH_KNOTS('',3,(#6567,#6568,#6569,#6570,#6571,#6572,
#6573,#6574,#6575,#6576,#6577,#6578,#6579,#6580,#6581,#6582,#6583,#6584,
#6585,#6586,#6587),.UNSPECIFIED.,.F.,.F.,(4,2,3,2,2,2,2,2,2,4),(-0.0334114184882452,
-0.0194264696866309,0.,0.019548029515381,0.0390960590307619,0.0582304675639325,
0.077364876097103,0.0964992846302737,0.115633693163444,0.124351364662043),
 .UNSPECIFIED.);
#1389=B_SPLINE_CURVE_WITH_KNOTS('',3,(#6590,#6591,#6592,#6593,#6594,#6595,
#6596,#6597,#6598,#6599),.UNSPECIFIED.,.F.,.F.,(4,2,2,2,4),(0.124351364662043,
0.135181722678826,0.154729752194207,0.174156221880838,0.188141170682453),
 .UNSPECIFIED.);
#1390=B_SPLINE_CURVE_WITH_KNOTS('',3,(#6606,#6607,#6608,#6609,#6610,#6611,
#6612,#6613,#6614,#6615,#6616,#6617,#6618,#6619,#6620,#6621),
 .UNSPECIFIED.,.F.,.F.,(4,2,2,2,2,2,2,4),(0.,0.0195367648952831,0.0390735297905663,
0.0581968950188231,0.0773202602470799,0.0964436254753363,0.115566990703593,
0.123648385329901),.UNSPECIFIED.);
#1391=B_SPLINE_CURVE_WITH_KNOTS('',3,(#6622,#6623,#6624,#6625,#6626,#6627,
#6628,#6629,#6630,#6631,#6632,#6633,#6634,#6635,#6636,#6637,#6638,#6639,
#6640,#6641,#6642,#6643),.UNSPECIFIED.,.F.,.F.,(4,2,2,2,2,2,2,2,2,2,4),
(0.123648385329901,0.135103755598876,0.154640520494159,0.174078192106199,
0.19351586371824,0.212175126905669,0.230834390093099,0.249493653280528,
0.268152916467957,0.287590588079998,0.307028259692039),.UNSPECIFIED.);
#1392=B_SPLINE_CURVE_WITH_KNOTS('',3,(#6647,#6648,#6649,#6650,#6651,#6652,
#6653,#6654,#6655,#6656,#6657,#6658,#6659,#6660,#6661,#6662,#6663,#6664,
#6665,#6666,#6667,#6668),.UNSPECIFIED.,.F.,.F.,(4,2,2,2,2,2,2,2,2,2,4),
(0.,0.0194376324343947,0.0388752648687893,0.0575345298577222,0.076193794846655,
0.094853059835588,0.113512324824521,0.132949957258916,0.15238758969331,
0.171924324838601,0.183379674570631),.UNSPECIFIED.);
#1393=B_SPLINE_CURVE_WITH_KNOTS('',3,(#6669,#6670,#6671,#6672,#6673,#6674,
#6675,#6676,#6677,#6678,#6679,#6680,#6681,#6682,#6683,#6684),
 .UNSPECIFIED.,.F.,.F.,(4,2,2,2,2,2,2,4),(0.183379674570631,0.191461059983891,
0.210584417225205,0.229707774466519,0.248831131707833,0.267954488949147,
0.287491224094438,0.307027959239728),.UNSPECIFIED.);
#1394=B_SPLINE_CURVE_WITH_KNOTS('',3,(#6688,#6689,#6690,#6691,#6692,#6693,
#6694,#6695,#6696,#6697,#6698,#6699,#6700,#6701,#6702,#6703),
 .UNSPECIFIED.,.F.,.F.,(4,2,2,2,2,2,2,4),(0.,0.0195453838665735,0.039090767733147,
0.058222582587532,0.0773543974419169,0.0964862122963018,0.115618027150687,
0.128140726951286),.UNSPECIFIED.);
#1395=B_SPLINE_CURVE_WITH_KNOTS('',3,(#6704,#6705,#6706,#6707,#6708,#6709,
#6710,#6711,#6712,#6713,#6714,#6715,#6716,#6717,#6718,#6719,#6720,#6721,
#6722,#6723,#6724,#6725),.UNSPECIFIED.,.F.,.F.,(4,2,2,2,2,2,2,2,2,2,4),
(0.128140726951286,0.13516341101726,0.154708794883833,0.174137895341399,
0.193566995798964,0.212217795087736,0.230868594376509,0.249519393665281,
0.268170192954052,0.287599293411618,0.307028393869183),.UNSPECIFIED.);
#1396=B_SPLINE_CURVE_WITH_KNOTS('',3,(#6732,#6733,#6734,#6735,#6736,#6737,
#6738,#6739,#6740,#6741,#6742,#6743,#6744,#6745,#6746,#6747),
 .UNSPECIFIED.,.F.,.F.,(4,2,2,2,2,2,2,4),(0.,0.0195381561647039,0.0390763123294077,
0.0582010414875824,0.077325770645757,0.0964504998039318,0.115575228962107,
0.119983074916149),.UNSPECIFIED.);
#1397=B_SPLINE_CURVE_WITH_KNOTS('',3,(#6748,#6749,#6750,#6751,#6752,#6753,
#6754,#6755,#6756,#6757,#6758,#6759,#6760,#6761,#6762,#6763,#6764,#6765,
#6766,#6767,#6768,#6769),.UNSPECIFIED.,.F.,.F.,(4,2,2,2,2,2,2,2,2,2,4),
(0.119983074916149,0.13511338512681,0.154651541291514,0.174087829285148,
0.193524117278781,0.212182014166031,0.23083991105328,0.24949780794053,0.26815570482778,
0.287591992821413,0.307028280815047),.UNSPECIFIED.);
#1398=B_SPLINE_CURVE_WITH_KNOTS('',3,(#6773,#6774,#6775,#6776,#6777,#6778,
#6779,#6780,#6781,#6782,#6783,#6784,#6785,#6786,#6787,#6788,#6789,#6790,
#6791,#6792,#6793,#6794),.UNSPECIFIED.,.F.,.F.,(4,2,2,2,2,2,2,2,2,2,4),
(0.,0.0194362488172898,0.0388724976345797,0.0575303963236581,0.0761882950127366,
0.0948461937018152,0.113504092390894,0.132940341208184,0.152376590025473,
0.171914716438648,0.187045001627714),.UNSPECIFIED.);
#1399=B_SPLINE_CURVE_WITH_KNOTS('',3,(#6795,#6796,#6797,#6798,#6799,#6800,
#6801,#6802,#6803,#6804,#6805,#6806,#6807,#6808,#6809,#6810),
 .UNSPECIFIED.,.F.,.F.,(4,2,2,2,2,2,2,4),(0.187045001627714,0.191452842851823,
0.21057756402297,0.229702285194117,0.248827006365264,0.267951727536411,
0.287489853949586,0.307027980362761),.UNSPECIFIED.);
#1400=B_SPLINE_CURVE_WITH_KNOTS('',3,(#6814,#6815,#6816,#6817,#6818,#6819,
#6820,#6821,#6822,#6823,#6824,#6825,#6826,#6827,#6828,#6829),
 .UNSPECIFIED.,.F.,.F.,(4,2,2,2,2,2,2,4),(0.,0.019219295574366,0.038438591148732,
0.05749228153609,0.0765459719234479,0.0955996623108058,0.114653352698164,
0.128027879194646),.UNSPECIFIED.);
#1401=B_SPLINE_CURVE_WITH_KNOTS('',3,(#6830,#6831,#6832,#6833,#6834,#6835,
#6836,#6837,#6838,#6839,#6840,#6841,#6842,#6843,#6844,#6845,#6846,#6847,
#6848,#6849,#6850,#6851),.UNSPECIFIED.,.F.,.F.,(4,2,2,2,2,2,2,2,2,2,4),
(0.128027879194646,0.13387264827253,0.153091943846896,0.172063164572171,
0.191034385297447,0.209694180467503,0.228353975637559,0.247013770807615,
0.265673565977671,0.284644786702946,0.303616007428222),.UNSPECIFIED.);
#1402=B_SPLINE_CURVE_WITH_KNOTS('',3,(#6855,#6856,#6857,#6858,#6859,#6860,
#6861,#6862,#6863,#6864,#6865,#6866,#6867,#6868,#6869,#6870,#6871,#6872,
#6873,#6874,#6875,#6876),.UNSPECIFIED.,.F.,.F.,(4,2,2,2,2,2,2,2,2,2,4),
(0.,0.0190912549271872,0.0381825098543744,0.0568364599603815,0.0754904100663887,
0.0941443601723956,0.112798310278403,0.13188956520559,0.150980820132777,
0.170291282868874,0.176176419190255),.UNSPECIFIED.);
#1403=B_SPLINE_CURVE_WITH_KNOTS('',3,(#6877,#6878,#6879,#6880,#6881,#6882,
#6883,#6884,#6885,#6886,#6887,#6888,#6889,#6890,#6891,#6892),
 .UNSPECIFIED.,.F.,.F.,(4,2,2,2,2,2,2,4),(0.176176419190255,0.189601745604972,
0.208679659607357,0.227757573609742,0.246835487612127,0.265913401614511,
0.285223864350609,0.304534327086707),.UNSPECIFIED.);
#1404=B_SPLINE_CURVE_WITH_KNOTS('',3,(#6896,#6897,#6898,#6899,#6900,#6901,
#6902,#6903,#6904,#6905,#6906,#6907,#6908,#6909,#6910,#6911),
 .UNSPECIFIED.,.F.,.F.,(4,2,2,2,2,2,2,4),(0.0160327397996849,0.0195497824946859,
0.0390995649893718,0.058235692070043,0.0773718191507143,0.0965079462313859,
0.115644073312058,0.120405828575341),.UNSPECIFIED.);
#1405=B_SPLINE_CURVE_WITH_KNOTS('',3,(#6914,#6915,#6916,#6917,#6918,#6919),
 .UNSPECIFIED.,.F.,.F.,(4,2,4),(0.120405828575341,0.135193855806743,0.138710898501745),
 .UNSPECIFIED.);
#1406=B_SPLINE_CURVE_WITH_KNOTS('',3,(#6926,#6927,#6928,#6929,#6930,#6931,
#6932,#6933,#6934,#6935,#6936,#6937,#6938,#6939,#6940,#6941),
 .UNSPECIFIED.,.F.,.F.,(4,2,2,2,2,2,2,4),(0.,0.0192314180800219,0.0384628361600439,
0.0575285530802436,0.0765942700004433,0.095659986920643,0.114725703840843,
0.122299407990693),.UNSPECIFIED.);
#1407=B_SPLINE_CURVE_WITH_KNOTS('',3,(#6942,#6943,#6944,#6945,#6946,#6947,
#6948,#6949,#6950,#6951,#6952,#6953,#6954,#6955,#6956,#6957,#6958,#6959,
#6960,#6961,#6962,#6963),.UNSPECIFIED.,.F.,.F.,(4,2,2,2,2,2,2,2,2,2,4),
(0.122299407990693,0.133957121920865,0.153188540000887,0.172147684976325,
0.191106829951764,0.209754607713534,0.228402385475303,0.247050163237073,
0.265697940998842,0.284657085974281,0.30361623094972),.UNSPECIFIED.);
#1408=B_SPLINE_CURVE_WITH_KNOTS('',3,(#6967,#6968,#6969,#6970,#6971,#6972,
#6973,#6974,#6975,#6976,#6977,#6978,#6979,#6980,#6981,#6982,#6983,#6984,
#6985,#6986,#6987,#6988),.UNSPECIFIED.,.F.,.F.,(4,2,2,2,2,2,2,2,2,2,4),
(0.,0.0190791450507825,0.0381582901015651,0.0568002132881429,0.0754421364747207,
0.0940840596612987,0.112725982847877,0.131805127898659,0.150884272949441,
0.170206899419731,0.181929330401987),.UNSPECIFIED.);
#1409=B_SPLINE_CURVE_WITH_KNOTS('',3,(#6989,#6990,#6991,#6992,#6993,#6994,
#6995,#6996,#6997,#6998,#6999,#7000,#7001,#7002,#7003,#7004),
 .UNSPECIFIED.,.F.,.F.,(4,2,2,2,2,2,2,4),(0.181929330401987,0.189529525890021,
0.208619468679871,0.227709411469722,0.246799354259572,0.265889297049422,
0.285211923519712,0.304534549990002),.UNSPECIFIED.);
#1410=B_SPLINE_CURVE_WITH_KNOTS('',3,(#7008,#7009,#7010,#7011,#7012,#7013,
#7014,#7015,#7016,#7017,#7018,#7019,#7020,#7021,#7022,#7023),
 .UNSPECIFIED.,.F.,.F.,(4,2,2,2,2,2,2,4),(0.,0.0192332605074736,0.0384665210149473,
0.0575340657804015,0.0766016105458557,0.0956691553113097,0.114736700076764,
0.11781081181212),.UNSPECIFIED.);
#1411=B_SPLINE_CURVE_WITH_KNOTS('',3,(#7024,#7025,#7026,#7027,#7028,#7029,
#7030,#7031,#7032,#7033,#7034,#7035,#7036,#7037,#7038,#7039,#7040,#7041,
#7042,#7043,#7044,#7045),.UNSPECIFIED.,.F.,.F.,(4,2,2,2,2,2,2,2,2,2,4),
(0.11781081181212,0.133969960584237,0.153203221091711,0.172160530923672,
0.191117840755633,0.209763792235192,0.228409743714752,0.247055695194311,
0.265701646673871,0.284658956505832,0.303616266337792),.UNSPECIFIED.);
#1412=B_SPLINE_CURVE_WITH_KNOTS('',3,(#7049,#7050,#7051,#7052,#7053,#7054,
#7055,#7056,#7057,#7058,#7059,#7060,#7061,#7062,#7063,#7064,#7065,#7066,
#7067,#7068,#7069,#7070),.UNSPECIFIED.,.F.,.F.,(4,2,2,2,2,2,2,2,2,2,4),
(0.,0.0190773047216421,0.0381546094432843,0.0567947049009632,0.0754348003586422,
0.0940748958163213,0.112714991274,0.131792295995643,0.150869600717285,0.170194075879937,
0.186434517828033),.UNSPECIFIED.);
#1413=B_SPLINE_CURVE_WITH_KNOTS('',3,(#7071,#7072,#7073,#7074,#7075,#7076,
#7077,#7078,#7079,#7080,#7081,#7082,#7083,#7084,#7085,#7086),
 .UNSPECIFIED.,.F.,.F.,(4,2,2,2,2,2,2,4),(0.186434517828033,0.18951855104259,
0.208610322020862,0.227702092999134,0.246793863977406,0.265885634955678,
0.28521011011833,0.304534585280983),.UNSPECIFIED.);
#1414=B_SPLINE_CURVE_WITH_KNOTS('',3,(#7090,#7091,#7092,#7093,#7094,#7095,
#7096,#7097,#7098,#7099),.UNSPECIFIED.,.F.,.F.,(4,2,2,2,4),(0.0396578914453805,
0.0582379632578215,0.0773748374228314,0.0965117115878415,0.115091783400283),
 .UNSPECIFIED.);
#1415=B_SPLINE_CURVE_WITH_KNOTS('',3,(#7109,#7110,#7111,#7112,#7113,#7114,
#7115,#7116,#7117,#7118,#7119,#7120,#7121,#7122,#7123,#7124),
 .UNSPECIFIED.,.F.,.F.,(4,2,2,2,2,2,2,4),(0.,0.0192409244438455,0.0384818488876911,
0.0575569969437415,0.076632144999792,0.0957072930558425,0.114782441111893,
0.120384157207645),.UNSPECIFIED.);
#1416=B_SPLINE_CURVE_WITH_KNOTS('',3,(#7125,#7126,#7127,#7128,#7129,#7130,
#7131,#7132,#7133,#7134,#7135,#7136,#7137,#7138,#7139,#7140,#7141,#7142,
#7143,#7144,#7145,#7146),.UNSPECIFIED.,.F.,.F.,(4,2,2,2,2,2,2,2,2,2,4),
(0.120384157207645,0.134023365555738,0.153264289999584,0.172213966697797,
0.19116364339601,0.209801998585764,0.228440353775518,0.247078708965271,
0.265717064155025,0.284666740853238,0.303616417551451),.UNSPECIFIED.);
#1417=B_SPLINE_CURVE_WITH_KNOTS('',3,(#7150,#7151,#7152,#7153,#7154,#7155,
#7156,#7157,#7158,#7159,#7160,#7161,#7162,#7163,#7164,#7165,#7166,#7167,
#7168,#7169,#7170,#7171),.UNSPECIFIED.,.F.,.F.,(4,2,2,2,2,2,2,2,2,2,4),
(0.,0.0190696500200461,0.0381393000400923,0.0567717931869232,0.0754042863337541,
0.094036779480585,0.112669272627416,0.131738922647462,0.150808572667508,
0.170140737823348,0.183852236818026),.UNSPECIFIED.);
#1418=B_SPLINE_CURVE_WITH_KNOTS('',3,(#7172,#7173,#7174,#7175,#7176,#7177,
#7178,#7179,#7180,#7181,#7182,#7183,#7184,#7185,#7186,#7187),
 .UNSPECIFIED.,.F.,.F.,(4,2,2,2,2,2,2,4),(0.183852236818026,0.189472902979188,
0.208572278676943,0.227671654374699,0.246771030072454,0.26587040577021,
0.28520257092605,0.30453473608189),.UNSPECIFIED.);
#1419=B_SPLINE_CURVE_WITH_KNOTS('',3,(#7191,#7192,#7193,#7194,#7195,#7196,
#7197,#7198,#7199,#7200,#7201,#7202,#7203,#7204,#7205,#7206),
 .UNSPECIFIED.,.F.,.F.,(4,2,2,2,2,2,2,4),(0.,0.0192248470002983,0.0384496940005966,
0.0575088918578649,0.0765680897151332,0.0956272875724012,0.114686485429669,
0.119799996023784),.UNSPECIFIED.);
#1420=B_SPLINE_CURVE_WITH_KNOTS('',3,(#7207,#7208,#7209,#7210,#7211,#7212,
#7213,#7214,#7215,#7216,#7217,#7218,#7219,#7220,#7221,#7222,#7223,#7224,
#7225,#7226,#7227,#7228),.UNSPECIFIED.,.F.,.F.,(4,2,2,2,2,2,2,2,2,2,4),
(0.119799996023784,0.133911332429967,0.153136179430265,0.172101869889002,
0.191067560347738,0.209721851976502,0.228376143605265,0.24703043523403,
0.265684726862794,0.28465041732153,0.303616107780266),.UNSPECIFIED.);
#1421=B_SPLINE_CURVE_WITH_KNOTS('',3,(#7232,#7233,#7234,#7235,#7236,#7237,
#7238,#7239,#7240,#7241,#7242,#7243,#7244,#7245,#7246,#7247,#7248,#7249,
#7250,#7251,#7252,#7253),.UNSPECIFIED.,.F.,.F.,(4,2,2,2,2,2,2,2,2,2,4),
(0.,0.0190857090311376,0.0381714180622753,0.0568198602730462,0.0754683024838171,
0.0941167446945877,0.112765186905358,0.131850895936496,0.150936604967634,
0.170252638011672,0.18443800224182),.UNSPECIFIED.);
#1422=B_SPLINE_CURVE_WITH_KNOTS('',3,(#7254,#7255,#7256,#7257,#7258,#7259,
#7260,#7261,#7262,#7263,#7264,#7265,#7266,#7267,#7268,#7269),
 .UNSPECIFIED.,.F.,.F.,(4,2,2,2,2,2,2,4),(0.18443800224182,0.18956867105571,
0.208652093559788,0.227735516063865,0.246818938567942,0.265902361072019,
0.285218394116057,0.304534427160095),.UNSPECIFIED.);
#1423=B_SPLINE_CURVE_WITH_KNOTS('',3,(#7273,#7274,#7275,#7276,#7277,#7278,
#7279,#7280,#7281,#7282,#7283,#7284,#7285,#7286,#7287,#7288,#7289,#7290,
#7291,#7292,#7293,#7294,#7295),.UNSPECIFIED.,.F.,.F.,(4,2,2,2,2,2,2,2,2,
3,4),(-0.155806829452958,-0.150542537746923,-0.131569002155882,-0.112595466564842,
-0.0939333677191516,-0.0752712688734615,-0.0566091700277712,-0.0379470711820809,
-0.0189735355910404,0.,0.00526429170532753),.UNSPECIFIED.);
#1424=B_SPLINE_CURVE_WITH_KNOTS('',3,(#7303,#7304,#7305,#7306,#7307,#7308,
#7309,#7310,#7311,#7312,#7313,#7314,#7315,#7316,#7317,#7318,#7319,#7320,
#7321,#7322,#7323,#7324,#7325),.UNSPECIFIED.,.F.,.F.,(4,3,2,2,2,2,2,2,2,
2,4),(-0.00529494708708206,0.,0.019093576335546,0.0381871526710919,0.0568434082742998,
0.0754996638775077,0.0941559194807159,0.112812175083924,0.13190575141947,
0.150999327755016,0.156294274841123),.UNSPECIFIED.);
#1425=B_SPLINE_CURVE_WITH_KNOTS('',3,(#7337,#7338,#7339,#7340,#7341,#7342,
#7343,#7344,#7345,#7346,#7347,#7348,#7349,#7350,#7351,#7352),
 .UNSPECIFIED.,.F.,.F.,(4,2,2,2,2,2,2,4),(0.,0.0195324320341402,0.0390648640682804,
0.0581839815890412,0.077303099109802,0.0964222166305628,0.115541334151324,
0.12157829053712),.UNSPECIFIED.);
#1426=B_SPLINE_CURVE_WITH_KNOTS('',3,(#7353,#7354,#7355,#7356,#7357,#7358,
#7359,#7360,#7361,#7362,#7363,#7364,#7365,#7366,#7367,#7368,#7369,#7370,
#7371,#7372,#7373,#7374),.UNSPECIFIED.,.F.,.F.,(4,2,2,2,2,2,2,2,2,2,4),
(0.12157829053712,0.135073766185464,0.154606198219604,0.174048179031677,
0.19349015984375,0.212153678284226,0.230817196724701,0.249480715165176,
0.268144233605651,0.287586214417724,0.307028195229798),.UNSPECIFIED.);
#1427=B_SPLINE_CURVE_WITH_KNOTS('',3,(#7378,#7379,#7380,#7381,#7382,#7383,
#7384,#7385,#7386,#7387,#7388,#7389,#7390,#7391,#7392,#7393,#7394,#7395,
#7396,#7397,#7398,#7399),.UNSPECIFIED.,.F.,.F.,(4,2,2,2,2,2,2,2,2,2,4),
(0.,0.0194419416303716,0.0388838832607431,0.0575474035017073,0.0762109237426714,
0.094874443983636,0.113537964224601,0.132979905854972,0.152421847485344,
0.171954249774275,0.185449702341448),.UNSPECIFIED.);
#1428=B_SPLINE_CURVE_WITH_KNOTS('',3,(#7400,#7401,#7402,#7403,#7404,#7405,
#7406,#7407,#7408,#7409,#7410,#7411,#7412,#7413,#7414,#7415),
 .UNSPECIFIED.,.F.,.F.,(4,2,2,2,2,2,2,4),(0.185449702341448,0.191486652063207,
0.210605761597292,0.229724871131376,0.248843980665461,0.267963090199546,
0.287495492488478,0.30702789477741),.UNSPECIFIED.);
#1429=B_SPLINE_CURVE_WITH_KNOTS('',3,(#7419,#7420,#7421,#7422,#7423,#7424,
#7425,#7426,#7427,#7428,#7429,#7430,#7431,#7432,#7433,#7434),
 .UNSPECIFIED.,.F.,.F.,(4,2,2,2,2,2,2,4),(0.00984712619998179,0.019549553358187,
0.039099106716374,0.0582350091610823,0.0773709116057906,0.096506814050499,
0.115642716495207,0.130570959429076),.UNSPECIFIED.);
#1430=B_SPLINE_CURVE_WITH_KNOTS('',3,(#7437,#7438,#7439,#7440,#7441,#7442),
 .UNSPECIFIED.,.F.,.F.,(4,2,4),(0.130570959429076,0.135192269853395,0.1448946970116),
 .UNSPECIFIED.);
#1431=B_SPLINE_CURVE_WITH_KNOTS('',3,(#7455,#7456,#7457,#7458),
 .UNSPECIFIED.,.F.,.F.,(4,4),(0.177862053809166,0.204475875261054),
 .UNSPECIFIED.);
#1432=B_SPLINE_CURVE_WITH_KNOTS('',3,(#7464,#7465,#7466,#7467),
 .UNSPECIFIED.,.F.,.F.,(4,4),(0.22682234447358,0.253436165925468),
 .UNSPECIFIED.);
#1433=B_SPLINE_CURVE_WITH_KNOTS('',3,(#7542,#7543,#7544,#7545,#7546,#7547,
#7548,#7549,#7550,#7551,#7552,#7553,#7554,#7555,#7556,#7557,#7558,#7559,
#7560,#7561,#7562,#7563,#7564,#7565),.UNSPECIFIED.,.F.,.F.,(4,2,2,2,2,2,
2,2,2,2,2,4),(0.,0.059294357650605,0.11858871530121,0.176629491564623,0.234670267828036,
0.292711044091449,0.350751820354863,0.410046178005468,0.469340535656073,
0.526974288702373,0.584608041748672,0.638316816918008),.UNSPECIFIED.);
#1434=B_SPLINE_CURVE_WITH_KNOTS('',3,(#7566,#7567,#7568,#7569,#7570,#7571,
#7572,#7573,#7574,#7575,#7576,#7577,#7578,#7579),.UNSPECIFIED.,.F.,.F.,
(4,2,2,2,2,2,4),(0.638316816918008,0.63991500478503,0.695221967821388,0.750528930857747,
0.805835893894105,0.863469646940405,0.921103399986705),.UNSPECIFIED.);
#1435=B_SPLINE_CURVE_WITH_KNOTS('',3,(#7583,#7584,#7585,#7586,#7587,#7588,
#7589,#7590,#7591,#7592,#7593,#7594,#7595,#7596),.UNSPECIFIED.,.F.,.F.,
(4,2,2,2,2,2,4),(0.,0.0576336361519114,0.115267272303823,0.1705742409068,
0.225881209509776,0.281188178112753,0.282786351083109),.UNSPECIFIED.);
#1436=B_SPLINE_CURVE_WITH_KNOTS('',3,(#7597,#7598,#7599,#7600,#7601,#7602,
#7603,#7604,#7605,#7606,#7607,#7608,#7609,#7610,#7611,#7612,#7613,#7614,
#7615,#7616,#7617,#7618,#7619,#7620),.UNSPECIFIED.,.F.,.F.,(4,2,2,2,2,2,
2,2,2,2,2,4),(0.282786351083109,0.336495146715729,0.39412878286764,0.451762419019552,
0.511056686667004,0.570350954314457,0.628391706574001,0.686432458833544,
0.744473211093088,0.802513963352631,0.861808231000084,0.921102498647536),
 .UNSPECIFIED.);
#1437=B_SPLINE_CURVE_WITH_KNOTS('',3,(#7624,#7625,#7626,#7627,#7628,#7629,
#7630,#7631,#7632,#7633),.UNSPECIFIED.,.F.,.F.,(4,2,2,2,4),(0.,0.0593388533025537,
0.118677706605107,0.17676211221048,0.234846517815852),.UNSPECIFIED.);
#1438=B_SPLINE_CURVE_WITH_KNOTS('',3,(#7634,#7635,#7636,#7637,#7638,#7639,
#7640,#7641,#7642,#7643,#7644,#7645,#7646,#7647,#7648,#7649,#7650,#7651,
#7652,#7653,#7654,#7655,#7656,#7657,#7658,#7659),.UNSPECIFIED.,.F.,.F.,
(4,2,2,2,2,2,2,2,2,2,2,2,4),(0.234846517815852,0.292930923421224,0.351015329026596,
0.41035418232915,0.469693035631704,0.52728267970674,0.584872323781776,0.64013572076488,
0.695399117747984,0.750662514731087,0.805925911714191,0.863515555789228,
0.921105199864264),.UNSPECIFIED.);
#1439=B_SPLINE_CURVE_WITH_KNOTS('',3,(#7663,#7664,#7665,#7666,#7667,#7668,
#7669,#7670,#7671,#7672,#7673,#7674,#7675,#7676,#7677,#7678,#7679,#7680,
#7681,#7682,#7683,#7684,#7685,#7686,#7687,#7688),.UNSPECIFIED.,.F.,.F.,
(4,2,2,2,2,2,2,2,2,2,2,2,4),(0.,0.0575895272220549,0.11517905444411,0.17044245700452,
0.225705859564929,0.280969262125339,0.336232664685748,0.393822191907803,
0.451411719129858,0.510750482380418,0.570089245630978,0.628173627229611,
0.686258008828244),.UNSPECIFIED.);
#1440=B_SPLINE_CURVE_WITH_KNOTS('',3,(#7689,#7690,#7691,#7692,#7693,#7694,
#7695,#7696,#7697,#7698),.UNSPECIFIED.,.F.,.F.,(4,2,2,2,4),(0.686258008828244,
0.744342390426876,0.802426772025509,0.861765535276069,0.921104298526628),
 .UNSPECIFIED.);
#1441=B_SPLINE_CURVE_WITH_KNOTS('',3,(#7702,#7703,#7704,#7705,#7706,#7707,
#7708,#7709,#7710,#7711,#7712,#7713),.UNSPECIFIED.,.F.,.F.,(4,2,2,2,2,4),
(0.,0.0592326087055367,0.118465217411073,0.176445447789527,0.23442567816798,
0.241192244509379),.UNSPECIFIED.);
#1442=B_SPLINE_CURVE_WITH_KNOTS('',3,(#7714,#7715,#7716,#7717,#7718,#7719,
#7720,#7721,#7722,#7723,#7724,#7725,#7726,#7727,#7728,#7729,#7730,#7731,
#7732,#7733,#7734,#7735,#7736,#7737,#7738,#7739),.UNSPECIFIED.,.F.,.F.,
(4,2,2,2,2,2,2,2,2,2,2,2,4),(0.241192244509379,0.292405908546434,0.350386138924887,
0.409618747630424,0.468851356335961,0.52654634052709,0.58424132471822,0.639608764172511,
0.694976203626803,0.750343643081094,0.805711082535385,0.863406066726515,
0.921101050917644),.UNSPECIFIED.);
#1443=B_SPLINE_CURVE_WITH_KNOTS('',3,(#7743,#7744,#7745,#7746,#7747,#7748,
#7749,#7750,#7751,#7752,#7753,#7754,#7755,#7756,#7757,#7758,#7759,#7760,
#7761,#7762,#7763,#7764,#7765,#7766,#7767,#7768),.UNSPECIFIED.,.F.,.F.,
(4,2,2,2,2,2,2,2,2,2,2,2,4),(0.,0.057694867239247,0.115389734478494,0.170757179484601,
0.226124624490708,0.281492069496816,0.336859514502923,0.39455438174217,
0.452249248981417,0.511481767751612,0.570714286521807,0.628694492900358,
0.679908133097881),.UNSPECIFIED.);
#1444=B_SPLINE_CURVE_WITH_KNOTS('',3,(#7769,#7770,#7771,#7772,#7773,#7774,
#7775,#7776,#7777,#7778,#7779,#7780),.UNSPECIFIED.,.F.,.F.,(4,2,2,2,2,4),
(0.679908133097881,0.686674699278908,0.744654905657458,0.802635112036008,
0.861867630806203,0.921100149576398),.UNSPECIFIED.);
#1445=B_SPLINE_CURVE_WITH_KNOTS('',3,(#7784,#7785,#7786,#7787,#7788,#7789,
#7790,#7791,#7792,#7793,#7794,#7795,#7796,#7797,#7798,#7799,#7800,#7801),
 .UNSPECIFIED.,.F.,.F.,(4,2,2,2,2,2,2,2,4),(0.,0.0794827502375647,0.158965500475129,
0.236768576235067,0.314571651995004,0.392374727754941,0.470177803514877,
0.549660553752442,0.584149428896496),.UNSPECIFIED.);
#1446=B_SPLINE_CURVE_WITH_KNOTS('',3,(#7802,#7803,#7804,#7805,#7806,#7807,
#7808,#7809,#7810,#7811,#7812,#7813,#7814,#7815,#7816,#7817,#7818,#7819,
#7820,#7821),.UNSPECIFIED.,.F.,.F.,(4,2,2,2,2,2,2,2,2,4),(0.584149428896496,
0.629143303990007,0.705568624928041,0.781993945866074,0.855322028089325,
0.928650110312577,1.00197819253583,1.07530627475908,1.15173159569711,1.22815691663515),
 .UNSPECIFIED.);
#1447=B_SPLINE_CURVE_WITH_KNOTS('',3,(#7825,#7826,#7827,#7828,#7829,#7830,
#7831,#7832,#7833,#7834,#7835,#7836,#7837,#7838,#7839,#7840,#7841,#7842,
#7843,#7844),.UNSPECIFIED.,.F.,.F.,(4,2,2,2,2,2,2,2,2,4),(0.,0.0764251654726138,
0.152850330945228,0.226178420692918,0.299506510440607,0.372834600188297,
0.446162689935987,0.522587855408601,0.599013020881215,0.64400681465492),
 .UNSPECIFIED.);
#1448=B_SPLINE_CURVE_WITH_KNOTS('',3,(#7845,#7846,#7847,#7848,#7849,#7850,
#7851,#7852,#7853,#7854,#7855,#7856,#7857,#7858,#7859,#7860,#7861,#7862),
 .UNSPECIFIED.,.F.,.F.,(4,2,2,2,2,2,2,2,4),(0.64400681465492,0.678495650650119,
0.757978280419022,0.835781324146239,0.913584367873455,0.991387411600671,
1.06919045532789,1.14867308509679,1.22815571486569),.UNSPECIFIED.);
#1449=B_SPLINE_CURVE_WITH_KNOTS('',3,(#7866,#7867,#7868,#7869,#7870,#7871,
#7872,#7873,#7874,#7875),.UNSPECIFIED.,.F.,.F.,(4,2,2,2,4),(0.,0.059333111649453,
0.118666223298906,0.176744999009875,0.220083452863667),.UNSPECIFIED.);
#1450=B_SPLINE_CURVE_WITH_KNOTS('',3,(#7876,#7877,#7878,#7879,#7880,#7881,
#7882,#7883,#7884,#7885,#7886,#7887,#7888,#7889,#7890,#7891,#7892,#7893,
#7894,#7895,#7896,#7897,#7898,#7899,#7900,#7901,#7902,#7903),
 .UNSPECIFIED.,.F.,.F.,(4,2,2,2,2,2,2,2,2,2,2,2,2,4),(0.220083452863667,
0.234823774720844,0.292902550431813,0.350981326142782,0.410314437792235,
0.469647549441688,0.527242884999289,0.584838220556891,0.640107238999611,
0.695376257442331,0.750645275885052,0.805914294327772,0.863509629885373,
0.921104965442975),.UNSPECIFIED.);
#1451=B_SPLINE_CURVE_WITH_KNOTS('',3,(#7907,#7908,#7909,#7910,#7911,#7912,
#7913,#7914,#7915,#7916,#7917,#7918,#7919,#7920,#7921,#7922,#7923,#7924,
#7925,#7926,#7927,#7928,#7929,#7930,#7931,#7932,#7933,#7934),
 .UNSPECIFIED.,.F.,.F.,(4,2,2,2,2,2,2,2,2,2,2,2,2,4),(0.,0.0575952186992776,
0.115190437398555,0.170459461417201,0.225728485435847,0.280997509454494,
0.33626653347314,0.393861752172417,0.451456970871694,0.510789992475454,
0.570123014079215,0.628201765783815,0.686280517488415,0.701020838613151),
 .UNSPECIFIED.);
#1452=B_SPLINE_CURVE_WITH_KNOTS('',3,(#7935,#7936,#7937,#7938,#7939,#7940,
#7941,#7942,#7943,#7944),.UNSPECIFIED.,.F.,.F.,(4,2,2,2,4),(0.701020838613151,
0.744359269193016,0.802438020897617,0.861771042501377,0.921104064105137),
 .UNSPECIFIED.);
#1453=B_SPLINE_CURVE_WITH_KNOTS('',3,(#7948,#7949,#7950,#7951,#7952,#7953,
#7954,#7955,#7956,#7957,#7958,#7959),.UNSPECIFIED.,.F.,.F.,(4,2,2,2,2,4),
(0.,0.0593331116494532,0.118666223298906,0.176744999009875,0.234823774720844,
0.249564096578021),.UNSPECIFIED.);
#1454=B_SPLINE_CURVE_WITH_KNOTS('',3,(#7960,#7961,#7962,#7963,#7964,#7965,
#7966,#7967,#7968,#7969,#7970,#7971,#7972,#7973,#7974,#7975,#7976,#7977,
#7978,#7979,#7980,#7981,#7982,#7983,#7984,#7985),.UNSPECIFIED.,.F.,.F.,
(4,2,2,2,2,2,2,2,2,2,2,2,4),(0.249564096578021,0.292902550431813,0.350981326142782,
0.410314437792235,0.469647549441688,0.527242884999289,0.58483822055689,
0.640107238999611,0.695376257442331,0.750645275885052,0.805914294327772,
0.863509629885373,0.921104965442974),.UNSPECIFIED.);
#1455=B_SPLINE_CURVE_WITH_KNOTS('',3,(#7989,#7990,#7991,#7992,#7993,#7994,
#7995,#7996,#7997,#7998,#7999,#8000,#8001,#8002,#8003,#8004,#8005,#8006,
#8007,#8008,#8009,#8010,#8011,#8012,#8013,#8014),.UNSPECIFIED.,.F.,.F.,
(4,2,2,2,2,2,2,2,2,2,2,2,4),(0.,0.0575952186992771,0.115190437398554,0.1704594614172,
0.225728485435847,0.280997509454493,0.336266533473139,0.393861752172416,
0.451456970871694,0.510789992475454,0.570123014079214,0.628201765783815,
0.67154019636368),.UNSPECIFIED.);
#1456=B_SPLINE_CURVE_WITH_KNOTS('',3,(#8015,#8016,#8017,#8018,#8019,#8020,
#8021,#8022,#8023,#8024,#8025,#8026),.UNSPECIFIED.,.F.,.F.,(4,2,2,2,2,4),
(0.67154019636368,0.686280517488415,0.744359269193016,0.802438020897616,
0.861771042501376,0.921104064105137),.UNSPECIFIED.);
#1457=B_SPLINE_CURVE_WITH_KNOTS('',3,(#8030,#8031,#8032,#8033,#8034,#8035,
#8036,#8037,#8038,#8039),.UNSPECIFIED.,.F.,.F.,(4,2,2,2,4),(0.,0.0593331116866481,
0.118666223373296,0.176744999120736,0.22008345232116),.UNSPECIFIED.);
#1458=B_SPLINE_CURVE_WITH_KNOTS('',3,(#8040,#8041,#8042,#8043,#8044,#8045,
#8046,#8047,#8048,#8049,#8050,#8051,#8052,#8053,#8054,#8055,#8056,#8057,
#8058,#8059,#8060,#8061,#8062,#8063,#8064,#8065,#8066,#8067),
 .UNSPECIFIED.,.F.,.F.,(4,2,2,2,2,2,2,2,2,2,2,2,2,4),(0.22008345232116,
0.234823774868176,0.292902550615616,0.350981326363056,0.410314438049704,
0.469647549736352,0.527242885257083,0.584838220777813,0.640107239184117,
0.695376257590421,0.750645275996724,0.805914294403028,0.863509629923758,
0.921104965444489),.UNSPECIFIED.);
#1459=B_SPLINE_CURVE_WITH_KNOTS('',3,(#8071,#8072,#8073,#8074,#8075,#8076,
#8077,#8078,#8079,#8080,#8081,#8082,#8083,#8084,#8085,#8086,#8087,#8088,
#8089,#8090,#8091,#8092,#8093,#8094,#8095,#8096,#8097,#8098),
 .UNSPECIFIED.,.F.,.F.,(4,2,2,2,2,2,2,2,2,2,2,2,2,4),(0.,0.0575952186624066,
0.115190437324813,0.170459461307043,0.225728485289272,0.280997509271501,
0.336266533253731,0.393861751916137,0.451456970578544,0.510789992219499,
0.570123013860455,0.628201765601526,0.686280517342598,0.701020839157173),
 .UNSPECIFIED.);
#1460=B_SPLINE_CURVE_WITH_KNOTS('',3,(#8099,#8100,#8101,#8102,#8103,#8104,
#8105,#8106,#8107,#8108),.UNSPECIFIED.,.F.,.F.,(4,2,2,2,4),(0.701020839157173,
0.744359269083669,0.802438020824741,0.861771042465696,0.921104064106651),
 .UNSPECIFIED.);
#1461=B_SPLINE_CURVE_WITH_KNOTS('',3,(#8112,#8113,#8114,#8115,#8116,#8117,
#8118,#8119,#8120,#8121,#8122,#8123,#8124,#8125,#8126,#8127,#8128,#8129,
#8130,#8131,#8132,#8133,#8134,#8135),.UNSPECIFIED.,.F.,.F.,(4,2,2,2,2,2,
2,2,2,2,2,4),(0.,0.0592392982223398,0.11847859644468,0.176465385961614,
0.234452175478549,0.292438964995484,0.350425754512419,0.409665052734759,
0.468904350957099,0.526592699355864,0.584281047754628,0.617763604128014),
 .UNSPECIFIED.);
#1462=B_SPLINE_CURVE_WITH_KNOTS('',3,(#8136,#8137,#8138,#8139,#8140,#8141,
#8142,#8143,#8144,#8145,#8146,#8147,#8148,#8149),.UNSPECIFIED.,.F.,.F.,
(4,2,2,2,2,2,4),(0.617763604128014,0.639641933285932,0.695002818817235,
0.750363704348537,0.80572458987984,0.863412938278605,0.92110128667737),
 .UNSPECIFIED.);
#1463=B_SPLINE_CURVE_WITH_KNOTS('',3,(#8153,#8154,#8155,#8156,#8157,#8158,
#8159,#8160,#8161,#8162,#8163,#8164,#8165,#8166),.UNSPECIFIED.,.F.,.F.,
(4,2,2,2,2,2,4),(0.,0.0576882314531145,0.115376462906229,0.17073735399095,
0.226098245075671,0.281459136160392,0.303337440965532),.UNSPECIFIED.);
#1464=B_SPLINE_CURVE_WITH_KNOTS('',3,(#8167,#8168,#8169,#8170,#8171,#8172,
#8173,#8174,#8175,#8176,#8177,#8178,#8179,#8180,#8181,#8182,#8183,#8184,
#8185,#8186,#8187,#8188,#8189,#8190),.UNSPECIFIED.,.F.,.F.,(4,2,2,2,2,2,
2,2,2,2,2,4),(0.303337440965532,0.336820027245112,0.394508258698227,0.452196490151342,
0.511435698430992,0.570674906710643,0.628661672227246,0.686648437743849,
0.744635203260452,0.802621968777054,0.861861177056705,0.921100385336355),
 .UNSPECIFIED.);
#1465=B_SPLINE_CURVE_WITH_KNOTS('',3,(#8194,#8195,#8196,#8197,#8198,#8199,
#8200,#8201,#8202,#8203,#8204,#8205),.UNSPECIFIED.,.F.,.F.,(4,2,2,2,2,4),
(0.,0.05923260873684,0.11846521747368,0.176445447882826,0.234425678291972,
0.241192244633421),.UNSPECIFIED.);
#1466=B_SPLINE_CURVE_WITH_KNOTS('',3,(#8206,#8207,#8208,#8209,#8210,#8211,
#8212,#8213,#8214,#8215,#8216,#8217,#8218,#8219,#8220,#8221,#8222,#8223,
#8224,#8225,#8226,#8227,#8228,#8229,#8230,#8231),.UNSPECIFIED.,.F.,.F.,
(4,2,2,2,2,2,2,2,2,2,2,2,4),(0.241192244633421,0.292405908701118,0.350386139110265,
0.409618747847104,0.468851356583944,0.52654634074403,0.584241324904115,
0.639608764327745,0.694976203751376,0.750343643175006,0.805711082598637,
0.863406066758722,0.921101050918808),.UNSPECIFIED.);
#1467=B_SPLINE_CURVE_WITH_KNOTS('',3,(#8235,#8236,#8237,#8238,#8239,#8240,
#8241,#8242,#8243,#8244,#8245,#8246,#8247,#8248,#8249,#8250,#8251,#8252,
#8253,#8254,#8255,#8256,#8257,#8258,#8259,#8260),.UNSPECIFIED.,.F.,.F.,
(4,2,2,2,2,2,2,2,2,2,2,2,4),(0.,0.0576948672082034,0.115389734416407,0.170757179391853,
0.226124624367299,0.281492069342745,0.336859514318191,0.394554381526395,
0.452249248734598,0.511481767536096,0.570714286337593,0.628694492746836,
0.679908132975003),.UNSPECIFIED.);
#1468=B_SPLINE_CURVE_WITH_KNOTS('',3,(#8261,#8262,#8263,#8264,#8265,#8266,
#8267,#8268,#8269,#8270,#8271,#8272),.UNSPECIFIED.,.F.,.F.,(4,2,2,2,2,4),
(0.679908132975003,0.68667469915608,0.744654905565323,0.802635111974565,
0.861867630776063,0.921100149577561),.UNSPECIFIED.);
#1469=B_SPLINE_CURVE_WITH_KNOTS('',3,(#8276,#8277,#8278,#8279,#8280,#8281,
#8282,#8283,#8284,#8285,#8286,#8287),.UNSPECIFIED.,.F.,.F.,(4,2,2,2,2,4),
(0.,0.059333111686988,0.118666223373976,0.176744999121749,0.234823774869522,
0.249564096985552),.UNSPECIFIED.);
#1470=B_SPLINE_CURVE_WITH_KNOTS('',3,(#8288,#8289,#8290,#8291,#8292,#8293,
#8294,#8295,#8296,#8297,#8298,#8299,#8300,#8301,#8302,#8303,#8304,#8305,
#8306,#8307,#8308,#8309,#8310,#8311,#8312,#8313),.UNSPECIFIED.,.F.,.F.,
(4,2,2,2,2,2,2,2,2,2,2,2,4),(0.249564096985552,0.292902550617295,0.350981326365068,
0.410314438052056,0.469647549739044,0.527242885259438,0.584838220779831,
0.640107239185802,0.695376257591773,0.750645275997744,0.805914294403715,
0.863509629924109,0.921104965444503),.UNSPECIFIED.);
#1471=B_SPLINE_CURVE_WITH_KNOTS('',3,(#8317,#8318,#8319,#8320,#8321,#8322,
#8323,#8324,#8325,#8326,#8327,#8328,#8329,#8330,#8331,#8332,#8333,#8334,
#8335,#8336,#8337,#8338,#8339,#8340,#8341,#8342),.UNSPECIFIED.,.F.,.F.,
(4,2,2,2,2,2,2,2,2,2,2,2,4),(0.,0.0575952186620699,0.11519043732414,0.170459461306036,
0.225728485287933,0.28099750926983,0.336266533251726,0.393861751913796,
0.451456970575867,0.510789992217162,0.570123013858457,0.628201765599861,
0.671540195957677),.UNSPECIFIED.);
#1472=B_SPLINE_CURVE_WITH_KNOTS('',3,(#8343,#8344,#8345,#8346,#8347,#8348,
#8349,#8350,#8351,#8352,#8353,#8354),.UNSPECIFIED.,.F.,.F.,(4,2,2,2,2,4),
(0.671540195957677,0.686280517341266,0.74435926908267,0.802438020824075,
0.86177104246537,0.921104064106665),.UNSPECIFIED.);
#1473=B_SPLINE_CURVE_WITH_KNOTS('',3,(#8358,#8359,#8360,#8361,#8362,#8363,
#8364,#8365,#8366,#8367),.UNSPECIFIED.,.F.,.F.,(4,2,2,2,4),(0.,0.0592326087055371,
0.118465217411074,0.176445447789528,0.227659111826582),.UNSPECIFIED.);
#1474=B_SPLINE_CURVE_WITH_KNOTS('',3,(#8368,#8369,#8370,#8371,#8372,#8373,
#8374,#8375,#8376,#8377,#8378,#8379,#8380,#8381,#8382,#8383,#8384,#8385,
#8386,#8387,#8388,#8389,#8390,#8391,#8392,#8393,#8394,#8395),
 .UNSPECIFIED.,.F.,.F.,(4,2,2,2,2,2,2,2,2,2,2,2,2,4),(0.227659111826582,
0.234425678167981,0.292405908546434,0.350386138924888,0.409618747630424,
0.468851356335961,0.52654634052709,0.58424132471822,0.639608764172511,0.694976203626803,
0.750343643081094,0.805711082535385,0.863406066726515,0.921101050917644),
 .UNSPECIFIED.);
#1475=B_SPLINE_CURVE_WITH_KNOTS('',3,(#8399,#8400,#8401,#8402,#8403,#8404,
#8405,#8406,#8407,#8408,#8409,#8410,#8411,#8412,#8413,#8414,#8415,#8416,
#8417,#8418,#8419,#8420,#8421,#8422,#8423,#8424,#8425,#8426),
 .UNSPECIFIED.,.F.,.F.,(4,2,2,2,2,2,2,2,2,2,2,2,2,4),(0.,0.0576948672392471,
0.115389734478494,0.170757179484601,0.226124624490709,0.281492069496816,
0.336859514502923,0.39455438174217,0.452249248981417,0.511481767751612,
0.570714286521807,0.628694492900357,0.686674699278907,0.693441265459933),
 .UNSPECIFIED.);
#1476=B_SPLINE_CURVE_WITH_KNOTS('',3,(#8427,#8428,#8429,#8430,#8431,#8432,
#8433,#8434,#8435,#8436),.UNSPECIFIED.,.F.,.F.,(4,2,2,2,4),(0.693441265459933,
0.744654905657457,0.802635112036007,0.861867630806203,0.921100149576398),
 .UNSPECIFIED.);
#1477=B_SPLINE_CURVE_WITH_KNOTS('',3,(#8440,#8441,#8442,#8443,#8444,#8445,
#8446,#8447,#8448,#8449,#8450,#8451,#8452,#8453,#8454,#8455,#8456,#8457,
#8458,#8459),.UNSPECIFIED.,.F.,.F.,(4,2,2,2,2,2,2,2,2,4),(0.,0.079482750237565,
0.15896550047513,0.236768576235067,0.314571651995004,0.392374727754941,
0.470177803514878,0.549660553752443,0.629143303990007,0.659411013698083),
 .UNSPECIFIED.);
#1478=B_SPLINE_CURVE_WITH_KNOTS('',3,(#8460,#8461,#8462,#8463,#8464,#8465,
#8466,#8467,#8468,#8469,#8470,#8471,#8472,#8473,#8474,#8475,#8476,#8477),
 .UNSPECIFIED.,.F.,.F.,(4,2,2,2,2,2,2,2,4),(0.659411013698083,0.705568624928041,
0.781993945866074,0.855322028089325,0.928650110312577,1.00197819253583,
1.07530627475908,1.15173159569711,1.22815691663515),.UNSPECIFIED.);
#1479=B_SPLINE_CURVE_WITH_KNOTS('',3,(#8481,#8482,#8483,#8484,#8485,#8486,
#8487,#8488,#8489,#8490,#8491,#8492,#8493,#8494,#8495,#8496,#8497,#8498),
 .UNSPECIFIED.,.F.,.F.,(4,2,2,2,2,2,2,2,4),(0.,0.0764251654726139,0.152850330945228,
0.226178420692918,0.299506510440607,0.372834600188297,0.446162689935987,
0.522587855408601,0.568745367461224),.UNSPECIFIED.);
#1480=B_SPLINE_CURVE_WITH_KNOTS('',3,(#8499,#8500,#8501,#8502,#8503,#8504,
#8505,#8506,#8507,#8508,#8509,#8510,#8511,#8512,#8513,#8514,#8515,#8516,
#8517,#8518),.UNSPECIFIED.,.F.,.F.,(4,2,2,2,2,2,2,2,2,4),(0.568745367461224,
0.599013020881215,0.678495650650118,0.757978280419022,0.835781324146238,
0.913584367873454,0.99138741160067,1.06919045532789,1.14867308509679,1.22815571486569),
 .UNSPECIFIED.);
#1481=B_SPLINE_CURVE_WITH_KNOTS('',3,(#8522,#8523,#8524,#8525,#8526,#8527,
#8528,#8529,#8530,#8531),.UNSPECIFIED.,.F.,.F.,(4,2,2,2,4),(0.,0.0593388532646263,
0.118677706529253,0.176762112097435,0.234846517665618),.UNSPECIFIED.);
#1482=B_SPLINE_CURVE_WITH_KNOTS('',3,(#8532,#8533,#8534,#8535,#8536,#8537,
#8538,#8539,#8540,#8541,#8542,#8543,#8544,#8545,#8546,#8547,#8548,#8549,
#8550,#8551,#8552,#8553,#8554,#8555,#8556,#8557),.UNSPECIFIED.,.F.,.F.,
(4,2,2,2,2,2,2,2,2,2,2,2,4),(0.234846517665618,0.292930923233801,0.351015328801984,
0.41035418206661,0.469693035331236,0.527282679443868,0.5848723235565,0.640135720576737,
0.695399117596974,0.750662514617211,0.805925911637448,0.86351555575008,
0.921105199862712),.UNSPECIFIED.);
#1483=B_SPLINE_CURVE_WITH_KNOTS('',3,(#8561,#8562,#8563,#8564,#8565,#8566,
#8567,#8568,#8569,#8570,#8571,#8572,#8573,#8574,#8575,#8576,#8577,#8578,
#8579,#8580,#8581,#8582,#8583,#8584,#8585,#8586),.UNSPECIFIED.,.F.,.F.,
(4,2,2,2,2,2,2,2,2,2,2,2,4),(0.,0.0575895272596506,0.115179054519301,0.170442457116844,
0.225705859714387,0.280969262311929,0.336232664909472,0.393822192169123,
0.451411719428773,0.510750482641405,0.570089245854037,0.628173627415481,
0.686258008976925),.UNSPECIFIED.);
#1484=B_SPLINE_CURVE_WITH_KNOTS('',3,(#8587,#8588,#8589,#8590,#8591,#8592,
#8593,#8594,#8595,#8596),.UNSPECIFIED.,.F.,.F.,(4,2,2,2,4),(0.686258008976925,
0.744342390538368,0.802426772099812,0.861765535312444,0.921104298525076),
 .UNSPECIFIED.);
#1485=B_SPLINE_CURVE_WITH_KNOTS('',3,(#8600,#8601,#8602,#8603,#8604,#8605,
#8606,#8607,#8608,#8609,#8610,#8611,#8612,#8613,#8614,#8615,#8616,#8617),
 .UNSPECIFIED.,.F.,.F.,(4,2,2,2,2,2,2,2,4),(0.,0.0795164221411786,0.159032844282357,
0.236868939018893,0.314705033755429,0.392541128491965,0.470377223228501,
0.54989364536968,0.621628306038338),.UNSPECIFIED.);
#1486=B_SPLINE_CURVE_WITH_KNOTS('',3,(#8618,#8619,#8620,#8621,#8622,#8623,
#8624,#8625,#8626,#8627,#8628,#8629,#8630,#8631,#8632,#8633,#8634,#8635,
#8636,#8637),.UNSPECIFIED.,.F.,.F.,(4,2,2,2,2,2,2,2,2,4),(0.621628306038338,
0.629410067510859,0.705802054247222,0.782194040983586,0.855489196077408,
0.928784351171229,1.00207950626505,1.07537466135887,1.15176664809524,1.2281586348316),
 .UNSPECIFIED.);
#1487=B_SPLINE_CURVE_WITH_KNOTS('',3,(#8641,#8642,#8643,#8644,#8645,#8646,
#8647,#8648,#8649,#8650,#8651,#8652,#8653,#8654,#8655,#8656,#8657,#8658,
#8659,#8660),.UNSPECIFIED.,.F.,.F.,(4,2,2,2,2,2,2,2,2,4),(0.,0.0763918313021972,
0.152783662604394,0.226078825230839,0.299373987857283,0.372669150483727,
0.445964313110172,0.522356144412369,0.598747975714567,0.606529722516801),
 .UNSPECIFIED.);
#1488=B_SPLINE_CURVE_WITH_KNOTS('',3,(#8661,#8662,#8663,#8664,#8665,#8666,
#8667,#8668,#8669,#8670,#8671,#8672,#8673,#8674,#8675,#8676,#8677,#8678),
 .UNSPECIFIED.,.F.,.F.,(4,2,2,2,2,2,2,2,4),(0.606529722516801,0.678264277350217,
0.757780578985868,0.835616641687467,0.913452704389067,0.991288767090666,
1.06912482979227,1.14864113142792,1.22815743306357),.UNSPECIFIED.);
#1489=B_SPLINE_CURVE_WITH_KNOTS('',3,(#8682,#8683,#8684,#8685,#8686,#8687,
#8688,#8689,#8690,#8691),.UNSPECIFIED.,.F.,.F.,(4,2,2,2,4),(0.,0.0592326087367108,
0.118465217473422,0.176445447882441,0.22765911154988),.UNSPECIFIED.);
#1490=B_SPLINE_CURVE_WITH_KNOTS('',3,(#8692,#8693,#8694,#8695,#8696,#8697,
#8698,#8699,#8700,#8701,#8702,#8703,#8704,#8705,#8706,#8707,#8708,#8709,
#8710,#8711,#8712,#8713,#8714,#8715,#8716,#8717,#8718,#8719),
 .UNSPECIFIED.,.F.,.F.,(4,2,2,2,2,2,2,2,2,2,2,2,2,4),(0.22765911154988,
0.234425678291461,0.29240590870048,0.3503861391095,0.40961874784621,0.468851356582921,
0.526546340743134,0.584241324903348,0.639608764327105,0.694976203750862,
0.750343643174618,0.805711082598375,0.863406066758589,0.921101050918803),
 .UNSPECIFIED.);
#1491=B_SPLINE_CURVE_WITH_KNOTS('',3,(#8723,#8724,#8725,#8726,#8727,#8728,
#8729,#8730,#8731,#8732,#8733,#8734,#8735,#8736,#8737,#8738,#8739,#8740,
#8741,#8742,#8743,#8744,#8745,#8746,#8747,#8748,#8749,#8750),
 .UNSPECIFIED.,.F.,.F.,(4,2,2,2,2,2,2,2,2,2,2,2,2,4),(0.,0.0576948672083311,
0.115389734416662,0.170757179392235,0.226124624367808,0.281492069343381,
0.336859514318953,0.394554381527285,0.452249248735616,0.511481767536984,
0.570714286338353,0.628694492747469,0.686674699156586,0.693441265737794),
 .UNSPECIFIED.);
#1492=B_SPLINE_CURVE_WITH_KNOTS('',3,(#8751,#8752,#8753,#8754,#8755,#8756,
#8757,#8758,#8759,#8760),.UNSPECIFIED.,.F.,.F.,(4,2,2,2,4),(0.693441265737794,
0.744654905565702,0.802635111974818,0.861867630776187,0.921100149577556),
 .UNSPECIFIED.);
#1493=B_SPLINE_CURVE_WITH_KNOTS('',3,(#8764,#8765,#8766,#8767,#8768,#8769,
#8770,#8771,#8772,#8773,#8774,#8775,#8776,#8777,#8778,#8779,#8780,#8781,
#8782,#8783,#8784,#8785,#8786,#8787),.UNSPECIFIED.,.F.,.F.,(4,2,2,2,2,2,
2,2,2,2,2,4),(0.,0.0592524301934573,0.118504860386915,0.176504525964047,
0.234504191541179,0.292503857118311,0.350503522695443,0.4097559528889,0.469008383082358,
0.526683708962982,0.584359034843606,0.596949343516805),.UNSPECIFIED.);
#1494=B_SPLINE_CURVE_WITH_KNOTS('',3,(#8788,#8789,#8790,#8791,#8792,#8793,
#8794,#8795,#8796,#8797,#8798,#8799,#8800,#8801),.UNSPECIFIED.,.F.,.F.,
(4,2,2,2,2,2,4),(0.596949343516805,0.63970705843589,0.695055082028175,0.750403105620459,
0.805751129212744,0.863426455093368,0.921101780973992),.UNSPECIFIED.);
#1495=B_SPLINE_CURVE_WITH_KNOTS('',3,(#8805,#8806,#8807,#8808,#8809,#8810,
#8811,#8812,#8813,#8814,#8815,#8816,#8817,#8818),.UNSPECIFIED.,.F.,.F.,
(4,2,2,2,2,2,4),(0.,0.0576752089472026,0.115350417894405,0.170698447043253,
0.226046476192102,0.28139450534095,0.324152180856468),.UNSPECIFIED.);
#1496=B_SPLINE_CURVE_WITH_KNOTS('',3,(#8819,#8820,#8821,#8822,#8823,#8824,
#8825,#8826,#8827,#8828,#8829,#8830,#8831,#8832,#8833,#8834,#8835,#8836,
#8837,#8838,#8839,#8840,#8841,#8842),.UNSPECIFIED.,.F.,.F.,(4,2,2,2,2,2,
2,2,2,2,2,4),(0.324152180856468,0.336742534489799,0.394417743437001,0.452092952384203,
0.511345292620549,0.570597632856894,0.628597274432851,0.686596916008808,
0.744596557584765,0.802596199160723,0.861848539397068,0.921100879633412),
 .UNSPECIFIED.);
#1497=B_SPLINE_CURVE_WITH_KNOTS('',3,(#8856,#8857,#8858,#8859,#8860,#8861,
#8862,#8863,#8864,#8865,#8866,#8867),.UNSPECIFIED.,.F.,.F.,(4,2,2,2,2,4),
(-0.20344311264186,-0.172375045490408,-0.130362898898046,-0.0883507523056833,
-0.0441753761528416,-0.0373173226827844),.UNSPECIFIED.);
#1498=B_SPLINE_CURVE_WITH_KNOTS('',3,(#8881,#8882,#8883,#8884,#8885,#8886,
#8887,#8888,#8889,#8890,#8891,#8892),.UNSPECIFIED.,.F.,.F.,(4,2,2,2,2,4),
(0.0373173226827844,0.0441753761528417,0.0883507523056834,0.130362898898046,
0.172375045490408,0.203443112642143),.UNSPECIFIED.);
#1499=B_SPLINE_CURVE_WITH_KNOTS('',3,(#8906,#8907,#8908,#8909,#8910,#8911,
#8912,#8913,#8914,#8915,#8916,#8917),.UNSPECIFIED.,.F.,.F.,(4,2,2,2,2,4),
(0.199436696558101,0.204070517795657,0.240934092222501,0.281599699630913,
0.322265307039324,0.3610387853695),.UNSPECIFIED.);
#1500=B_SPLINE_CURVE_WITH_KNOTS('',3,(#8930,#8931,#8932,#8933,#8934,#8935,
#8936,#8937,#8938,#8939,#8940,#8941),.UNSPECIFIED.,.F.,.F.,(4,2,2,2,2,4),
(0.29438413815233,0.333157616482506,0.373823223890917,0.414488831299329,
0.451352405726173,0.455986226963729),.UNSPECIFIED.);
#1501=B_SPLINE_CURVE_WITH_KNOTS('',3,(#8954,#8955,#8956,#8957,#8958,#8959,
#8960,#8961,#8962,#8963,#8964,#8965,#8966,#8967,#8968,#8969,#8970,#8971),
 .UNSPECIFIED.,.F.,.F.,(4,2,2,2,2,2,2,2,4),(1.05836519476937,1.10168438268353,
1.21435231011293,1.32511249650341,1.43587268289388,1.54663286928436,1.65739305567484,
1.77006098310424,1.8133801710184),.UNSPECIFIED.);
#1502=B_SPLINE_CURVE_WITH_KNOTS('',3,(#8973,#8974,#8975,#8976),
 .UNSPECIFIED.,.F.,.F.,(4,4),(0.627746096796231,0.65434889079853),
 .UNSPECIFIED.);
#1503=B_SPLINE_CURVE_WITH_KNOTS('',3,(#8982,#8983,#8984,#8985),
 .UNSPECIFIED.,.F.,.F.,(4,4),(0.676693405345723,0.703296199348022),
 .UNSPECIFIED.);
#1504=B_SPLINE_CURVE_WITH_KNOTS('',3,(#8989,#8990,#8991,#8992,#8993,#8994,
#8995,#8996,#8997,#8998),.UNSPECIFIED.,.F.,.F.,(4,2,2,2,4),(1.28042898051871,
1.32380510232552,1.43482090908208,1.54583671583864,1.58921283764545),
 .UNSPECIFIED.);
#1505=B_SPLINE_CURVE_WITH_KNOTS('',3,(#9002,#9003,#9004,#9005,#9006,#9007,
#9008,#9009,#9010,#9011,#9012,#9013,#9014,#9015),.UNSPECIFIED.,.F.,.F.,
(4,2,2,2,2,2,4),(1.17242633475332,1.21341169202881,1.32432568675462,1.43523968148043,
1.54615367620624,1.65706767093205,1.69805302820754),.UNSPECIFIED.);
#1506=B_SPLINE_CURVE_WITH_KNOTS('',3,(#9027,#9028,#9029,#9030,#9031,#9032,
#9033,#9034,#9035,#9036),.UNSPECIFIED.,.F.,.F.,(4,2,2,2,4),(1.27728094981405,
1.39668239589292,1.54218277875028,1.68768316160764,1.8070846076865),
 .UNSPECIFIED.);
#1507=B_SPLINE_CURVE_WITH_KNOTS('',3,(#9052,#9053,#9054,#9055,#9056,#9057,
#9058,#9059,#9060,#9061),.UNSPECIFIED.,.F.,.F.,(4,2,2,2,4),(1.27728094981405,
1.39668239589292,1.54218277875028,1.68768316160764,1.8070846076865),
 .UNSPECIFIED.);
#1508=B_SPLINE_CURVE_WITH_KNOTS('',3,(#9077,#9078,#9079,#9080,#9081,#9082,
#9083,#9084,#9085,#9086),.UNSPECIFIED.,.F.,.F.,(4,2,2,2,4),(1.27728094981405,
1.39668239589292,1.54218277875028,1.68768316160764,1.8070846076865),
 .UNSPECIFIED.);
#1509=B_SPLINE_CURVE_WITH_KNOTS('',3,(#9102,#9103,#9104,#9105,#9106,#9107,
#9108,#9109,#9110,#9111),.UNSPECIFIED.,.F.,.F.,(4,2,2,2,4),(1.27728094981405,
1.39668239589292,1.54218277875028,1.68768316160764,1.8070846076865),
 .UNSPECIFIED.);
#1510=B_SPLINE_CURVE_WITH_KNOTS('',3,(#9119,#9120,#9121,#9122,#9123,#9124,
#9125,#9126,#9127,#9128,#9129,#9130,#9131,#9132,#9133,#9134,#9135,#9136,
#9137,#9138,#9139,#9140,#9141,#9142,#9143,#9144,#9145,#9146),
 .UNSPECIFIED.,.F.,.F.,(4,2,2,2,2,2,2,2,2,2,2,2,2,4),(0.,0.12481826278443,
0.24963652556886,0.373384044885852,0.497131564202844,0.620879083519836,
0.744626602836828,0.869444865621258,0.994263128405688,1.10628296645295,
1.21830280450021,1.32841778123742,1.43853275797463,1.53511305994625),
 .UNSPECIFIED.);
#1511=B_SPLINE_CURVE_WITH_KNOTS('',3,(#9147,#9148,#9149,#9150,#9151,#9152,
#9153,#9154,#9155,#9156),.UNSPECIFIED.,.F.,.F.,(4,2,2,2,4),(1.53511305994625,
1.54864773471183,1.65876271144904,1.7707825494963,1.88280238754356),
 .UNSPECIFIED.);
#1512=B_SPLINE_CURVE_WITH_KNOTS('',3,(#9269,#9270,#9271,#9272,#9273,#9274,
#9275,#9276,#9277,#9278,#9279,#9280,#9281,#9282,#9283,#9284,#9285,#9286,
#9287,#9288,#9289,#9290,#9291),.UNSPECIFIED.,.F.,.F.,(4,2,2,2,2,2,2,2,2,
3,4),(-0.471478949114464,-0.439375077823987,-0.383866563069654,-0.32835804831532,
-0.274022793613657,-0.219687538911994,-0.165352284210331,-0.111017029508668,
-0.0555085147543339,0.,0.0321038713074883),.UNSPECIFIED.);
#1513=B_SPLINE_CURVE_WITH_KNOTS('',3,(#9301,#9302,#9303,#9304,#9305,#9306,
#9307,#9308,#9309,#9310,#9311,#9312,#9313,#9314,#9315,#9316,#9317,#9318,
#9319,#9320,#9321,#9322,#9323),.UNSPECIFIED.,.F.,.F.,(4,3,2,2,2,2,2,2,2,
2,4),(-0.0230916205360951,0.,0.126162700886593,0.252325401773185,0.375827651995556,
0.499329902217926,0.622832152440297,0.746334402662667,0.87249710354926,
0.998659804435853,1.02175142500432),.UNSPECIFIED.);
#1514=B_SPLINE_CURVE_WITH_KNOTS('',3,(#9332,#9333,#9334,#9335,#9336,#9337),
 .UNSPECIFIED.,.F.,.F.,(4,2,4),(0.166122257280413,0.219687325710569,0.273252394140725),
 .UNSPECIFIED.);
#1515=B_SPLINE_CURVE_WITH_KNOTS('',3,(#9338,#9339,#9340,#9341,#9342,#9343,
#9344,#9345,#9346,#9347,#9348,#9349,#9350,#9351),.UNSPECIFIED.,.F.,.F.,
(4,2,2,2,2,2,4),(0.144879618490987,0.252298390194505,0.375797095827947,
0.499295801461389,0.622794507094831,0.746293212728272,0.853711984431791),
 .UNSPECIFIED.);
#1516=B_SPLINE_CURVE_WITH_KNOTS('',3,(#9353,#9354,#9355,#9356,#9357,#9358,
#9359,#9360,#9361,#9362,#9363,#9364,#9365,#9366),.UNSPECIFIED.,.F.,.F.,
(4,2,2,2,2,2,4),(1.05010413610837,1.1575323021408,1.28103450250819,1.40453670287559,
1.52803890324298,1.65154110361037,1.7589692696428),.UNSPECIFIED.);
#1517=B_SPLINE_CURVE_WITH_KNOTS('',3,(#9372,#9373,#9374,#9375,#9376,#9377,
#9378,#9379,#9380,#9381),.UNSPECIFIED.,.F.,.F.,(4,2,2,2,4),(1.18911410967197,
1.28026605999478,1.40392398982249,1.5275819196502,1.61873386997301),
 .UNSPECIFIED.);
#1518=B_SPLINE_CURVE_WITH_KNOTS('',3,(#9382,#9383,#9384,#9385,#9386,#9387,
#9388,#9389,#9390,#9391,#9392,#9393,#9394,#9395,#9396,#9397,#9398,#9399,
#9400,#9401,#9402,#9403,#9404),.UNSPECIFIED.,.F.,.F.,(4,2,2,2,2,2,2,2,2,
3,4),(-1.01719120770132,-0.996919458796879,-0.870976461509958,-0.745033464223036,
-0.621746596810738,-0.498459729398439,-0.375172861986141,-0.251885994573843,
-0.125942997286922,0.,0.020271748930136),.UNSPECIFIED.);
#1519=B_SPLINE_CURVE_WITH_KNOTS('',3,(#9406,#9407,#9408,#9409,#9410,#9411,
#9412,#9413),.UNSPECIFIED.,.F.,.F.,(4,2,2,4),(0.569310929277383,0.606401375285102,
0.662716409912959,0.673732804552528),.UNSPECIFIED.);
#1520=B_SPLINE_CURVE_WITH_KNOTS('',3,(#9418,#9419,#9420,#9421,#9422,#9423,
#9424,#9425),.UNSPECIFIED.,.F.,.F.,(4,2,2,4),(0.651700015273389,0.662716409912958,
0.719031444540815,0.756121890548535),.UNSPECIFIED.);
#1521=B_SPLINE_CURVE_WITH_KNOTS('',3,(#9426,#9427,#9428,#9429,#9430,#9431,
#9432,#9433,#9434,#9435,#9436,#9437,#9438,#9439,#9440,#9441,#9442,#9443),
 .UNSPECIFIED.,.F.,.F.,(4,2,2,2,2,2,2,2,4),(0.972635044189552,1.03208665223614,
1.15814410936884,1.2815432559872,1.40494240260557,1.52834154922393,1.6517406958423,
1.777798152975,1.83724976102158),.UNSPECIFIED.);
#1522=B_SPLINE_CURVE_WITH_KNOTS('',3,(#9448,#9449,#9450,#9451,#9452),
 .UNSPECIFIED.,.F.,.F.,(4,1,4),(0.,0.0937863398343785,0.101698127230466),
 .UNSPECIFIED.);
#1523=B_SPLINE_CURVE_WITH_KNOTS('',3,(#9454,#9455,#9456,#9457,#9458,#9459,
#9460),.UNSPECIFIED.,.F.,.F.,(4,1,1,1,4),(-0.964301658534023,-0.949970190232036,
-0.930422932180096,-0.871781158024276,-0.793592125816516),.UNSPECIFIED.);
#1524=B_SPLINE_CURVE_WITH_KNOTS('',3,(#9462,#9463,#9464,#9465),
 .UNSPECIFIED.,.F.,.F.,(4,4),(2.59660795874842,2.67161367520355),
 .UNSPECIFIED.);
#1525=B_SPLINE_CURVE_WITH_KNOTS('',3,(#9467,#9468,#9469,#9470,#9471,#9472,
#9473,#9474),.UNSPECIFIED.,.F.,.F.,(4,2,2,4),(3.6213453279974,3.69705654865186,
4.2040688570401,4.34510454811086),.UNSPECIFIED.);
#1526=B_SPLINE_CURVE_WITH_KNOTS('',3,(#9480,#9481,#9482,#9483,#9484,#9485,
#9486,#9487,#9488,#9489,#9490,#9491),.UNSPECIFIED.,.F.,.F.,(4,2,2,2,2,4),
(0.592242986102614,0.628917201493389,0.686852887237763,0.744788572982137,
0.802724258726511,0.820238157296252),.UNSPECIFIED.);
#1527=B_SPLINE_CURVE_WITH_KNOTS('',3,(#9496,#9497,#9498,#9499,#9500,#9501,
#9502,#9503,#9504,#9505,#9506,#9507,#9508,#9509,#9510,#9511,#9512,#9513,
#9514,#9515,#9516,#9517),.UNSPECIFIED.,.F.,.F.,(4,2,2,2,2,2,2,2,2,2,4),
(-2.22036440080324,-1.92678910178586,-1.74237014999467,-1.65016067409907,
-1.60405593615127,-1.55795119820348,-1.54411710687263,-1.5372000612072,
-1.53028301554178,-1.51083493190177,-1.49994340993593),.UNSPECIFIED.);
#1528=B_SPLINE_CURVE_WITH_KNOTS('',3,(#9532,#9533,#9534,#9535,#9536,#9537,
#9538,#9539,#9540,#9541,#9542,#9543,#9544,#9545,#9546,#9547,#9548,#9549,
#9550),.UNSPECIFIED.,.F.,.F.,(4,2,3,2,2,2,2,2,4),(-0.19335976196797,-0.115749843830174,
0.,0.12594318700289,0.251886374005781,0.375173291257284,0.498460208508786,
0.621747125760288,0.662556682772423),.UNSPECIFIED.);
#1529=B_SPLINE_CURVE_WITH_KNOTS('',3,(#9551,#9552,#9553,#9554,#9555,#9556,
#9557,#9558,#9559,#9560,#9561,#9562),.UNSPECIFIED.,.F.,.F.,(4,2,2,2,2,4),
(0.662556682772423,0.745034043011791,0.870977230014682,0.996920417017572,
1.11267026084775,1.19028017898554),.UNSPECIFIED.);
#1530=B_SPLINE_CURVE_WITH_KNOTS('',3,(#9564,#9565,#9566,#9567,#9568,#9569,
#9570,#9571),.UNSPECIFIED.,.F.,.F.,(4,2,2,4),(0.0878099036405539,0.126321450324008,
0.252642900648016,0.371231736975796),.UNSPECIFIED.);
#1531=B_SPLINE_CURVE_WITH_KNOTS('',3,(#9572,#9573,#9574,#9575,#9576,#9577,
#9578,#9579,#9580,#9581,#9582,#9583,#9584,#9585),.UNSPECIFIED.,.F.,.F.,
(4,2,2,2,2,2,4),(0.371231736975796,0.376300880342178,0.49995886003634,0.623616839730502,
0.747274819424665,0.873596269748673,0.912107816432128),.UNSPECIFIED.);
#1532=B_SPLINE_CURVE_WITH_KNOTS('',3,(#9590,#9591,#9592,#9593,#9594,#9595,
#9596,#9597,#9598,#9599,#9600,#9601,#9602,#9603,#9604,#9605,#9606,#9607,
#9608,#9609,#9610,#9611,#9612),.UNSPECIFIED.,.F.,.F.,(4,3,2,2,2,2,2,2,2,
2,4),(-0.099100442032414,0.,0.126057646972636,0.252115293945273,0.375514490411055,
0.498913686876838,0.622312883342621,0.745712079808404,0.87176972678104,
0.997827373753676,1.09692781580584),.UNSPECIFIED.);
#1533=B_SPLINE_CURVE_WITH_KNOTS('',3,(#9618,#9619,#9620,#9621,#9622,#9623,
#9624,#9625,#9626,#9627,#9628,#9629),.UNSPECIFIED.,.F.,.F.,(4,2,2,2,2,4),
(0.0164672475652372,0.0575309977077678,0.115061995415536,0.171377053260955,
0.227692111106374,0.238708506172591),.UNSPECIFIED.);
#1534=B_SPLINE_CURVE_WITH_KNOTS('',3,(#9635,#9636,#9637,#9638,#9639,#9640,
#9641,#9642,#9643,#9644,#9645,#9646),.UNSPECIFIED.,.F.,.F.,(4,2,2,2,2,4),
(0.216675716040158,0.227692111106375,0.284007168951794,0.340322226797213,
0.397853224504981,0.43891697464751),.UNSPECIFIED.);
#1535=B_SPLINE_CURVE_WITH_KNOTS('',3,(#9665,#9666,#9667,#9668,#9669,#9670,
#9671,#9672,#9673,#9674,#9675,#9676,#9677,#9678),.UNSPECIFIED.,.F.,.F.,
(4,2,2,2,2,2,4),(0.0816932629413232,0.104709361601366,0.156195706005063,
0.20768205040876,0.259168394812457,0.310654739216154,0.333670837876197),
 .UNSPECIFIED.);
#1536=B_SPLINE_CURVE_WITH_KNOTS('',3,(#9682,#9683,#9684,#9685,#9686,#9687),
 .UNSPECIFIED.,.F.,.F.,(4,2,4),(0.697934309576062,0.748623690900105,0.779278790419041),
 .UNSPECIFIED.);
#1537=B_SPLINE_CURVE_WITH_KNOTS('',3,(#9692,#9693,#9694,#9695,#9696,#9697,
#9698,#9699,#9700,#9701,#9702,#9703),.UNSPECIFIED.,.F.,.F.,(4,2,2,2,2,4),
(0.500501308896769,0.531156408415705,0.585523229036805,0.639890049657904,
0.694256870279005,0.697934309576062),.UNSPECIFIED.);
#1538=B_SPLINE_CURVE_WITH_KNOTS('',3,(#9718,#9719,#9720,#9721,#9722,#9723,
#9724,#9725,#9726,#9727),.UNSPECIFIED.,.F.,.F.,(4,2,2,2,4),(0.,0.0522223328322811,
0.104444665664562,0.155799285882359,0.163458482768863),.UNSPECIFIED.);
#1539=B_SPLINE_CURVE_WITH_KNOTS('',3,(#9728,#9729,#9730,#9731,#9732,#9733,
#9734,#9735,#9736,#9737,#9738,#9739,#9740,#9741,#9742,#9743,#9744,#9745,
#9746,#9747,#9748,#9749,#9750,#9751,#9752,#9753,#9754,#9755),
 .UNSPECIFIED.,.F.,.F.,(4,2,2,2,2,2,2,2,2,2,2,2,2,4),(0.163458482768863,
0.207153906100156,0.258508526317953,0.309863146535749,0.362085479368031,
0.414307812200312,0.469024336514426,0.52374086082854,0.577986590443315,
0.632232320058089,0.686478049672864,0.740723779287639,0.795440303601753,
0.850156827915868),.UNSPECIFIED.);
#1540=B_SPLINE_CURVE_WITH_KNOTS('',3,(#9769,#9770,#9771,#9772,#9773,#9774,
#9775,#9776,#9777,#9778,#9779,#9780,#9781,#9782,#9783,#9784,#9785,#9786,
#9787,#9788,#9789,#9790,#9791,#9792),.UNSPECIFIED.,.F.,.F.,(4,2,2,2,2,2,
2,2,2,2,2,4),(0.,0.053669997361569,0.107339994723138,0.158839815393512,
0.210339636063886,0.26183945673426,0.313339277404633,0.367009274766202,
0.420679272127771,0.476143262460111,0.531607252792451,0.566178479172568),
 .UNSPECIFIED.);
#1541=B_SPLINE_CURVE_WITH_KNOTS('',3,(#9793,#9794,#9795,#9796,#9797,#9798,
#9799,#9800,#9801,#9802,#9803,#9804,#9805,#9806),.UNSPECIFIED.,.F.,.F.,
(4,2,2,2,2,2,4),(0.566178479172568,0.585898848427369,0.640190444062286,
0.694482039697204,0.748773635332122,0.804237625664462,0.859701615996803),
 .UNSPECIFIED.);
#1542=B_SPLINE_CURVE_WITH_KNOTS('',3,(#9815,#9816,#9817,#9818,#9819,#9820,
#9821,#9822,#9823,#9824,#9825,#9826,#9827,#9828,#9829,#9830,#9831,#9832,
#9833,#9834,#9835,#9836,#9837),.UNSPECIFIED.,.F.,.F.,(4,3,2,2,2,2,2,2,2,
2,4),(-0.0202690690750015,0.,0.125929698114368,0.251859396228735,0.375142770012846,
0.498426143796957,0.621709517581067,0.744992891365177,0.870922589479545,
0.996852287593913,1.01712135669452),.UNSPECIFIED.);
#1543=B_SPLINE_CURVE_WITH_KNOTS('',3,(#9839,#9840,#9841,#9842,#9843,#9844,
#9845,#9846,#9847,#9848,#9849,#9850,#9851,#9852,#9853,#9854,#9855,#9856,
#9857,#9858,#9859,#9860,#9861),.UNSPECIFIED.,.F.,.F.,(4,2,2,2,2,2,2,2,2,
3,4),(-0.46795708636421,-0.438992041355797,-0.383534033235886,-0.328076025115976,
-0.273786022896937,-0.219496020677899,-0.16520601845886,-0.110916016239822,
-0.0554580081199108,0.,0.0289650450258265),.UNSPECIFIED.);
#1544=B_SPLINE_CURVE_WITH_KNOTS('',3,(#9863,#9864,#9865,#9866,#9867,#9868,
#9869,#9870,#9871,#9872,#9873,#9874,#9875,#9876,#9877,#9878,#9879,#9880,
#9881,#9882,#9883,#9884,#9885),.UNSPECIFIED.,.F.,.F.,(4,3,2,2,2,2,2,2,2,
2,4),(-0.0289687844265746,0.,0.0554639061948822,0.110927812389764,0.165219385613144,
0.219510958836523,0.273802532059902,0.32809410528328,0.383558011478162,
0.439021917673045,0.467990702117094),.UNSPECIFIED.);
#1545=B_SPLINE_CURVE_WITH_KNOTS('',3,(#9893,#9894,#9895,#9896,#9897,#9898),
 .UNSPECIFIED.,.F.,.F.,(4,2,4),(-0.560000485723938,-0.546500266896353,-0.527312906552486),
 .UNSPECIFIED.);
#1546=B_SPLINE_CURVE_WITH_KNOTS('',3,(#9901,#9902,#9903,#9904,#9905,#9906,
#9907,#9908,#9909,#9910,#9911,#9912,#9913,#9914,#9915,#9916,#9917,#9918,
#9919,#9920,#9921,#9922,#9923,#9924,#9925,#9926,#9927,#9928,#9929),
 .UNSPECIFIED.,.F.,.F.,(4,2,2,2,2,2,2,2,2,2,3,2,2,4),(-0.527312906552486,
-0.49285327381517,-0.439206280733986,-0.383719072635014,-0.328231864536042,
-0.273917502451518,-0.219603140366993,-0.165288778282468,-0.110974416197944,
-0.0554872080989718,0.,0.0536469930811837,0.107293986162367,0.12079420499108),
 .UNSPECIFIED.);
#1547=B_SPLINE_CURVE_WITH_KNOTS('',3,(#9941,#9942,#9943,#9944,#9945,#9946,
#9947,#9948,#9949,#9950,#9951,#9952,#9953,#9954),.UNSPECIFIED.,.F.,.F.,
(4,2,2,2,2,2,4),(0.057734608549479,0.110974247872108,0.165288587543585,
0.219602927215063,0.27391726688654,0.328231606558017,0.381471245880647),
 .UNSPECIFIED.);
#1548=B_SPLINE_CURVE_WITH_KNOTS('',3,(#9955,#9956,#9957,#9958,#9959,#9960,
#9961,#9962,#9963,#9964,#9965,#9966,#9967,#9968,#9969,#9970,#9971,#9972),
 .UNSPECIFIED.,.F.,.F.,(4,2,2,2,2,2,2,2,4),(0.0665973991477329,0.126044149269846,
0.252088298539692,0.375483950954221,0.49887960336875,0.622275255783279,
0.745670908197808,0.871715057467654,0.931161807589768),.UNSPECIFIED.);
#1549=B_SPLINE_CURVE_WITH_KNOTS('',3,(#10054,#10055,#10056,#10057,#10058,
#10059,#10060,#10061,#10062,#10063,#10064,#10065,#10066,#10067,#10068,#10069,
#10070,#10071,#10072,#10073,#10074,#10075,#10076,#10077,#10078,#10079,#10080,
#10081,#10082,#10083,#10084,#10085,#10086,#10087),.UNSPECIFIED.,.F.,.F.,
(4,2,2,2,2,2,2,2,2,2,2,2,2,2,2,2,4),(-1.07609749142639E-5,0.,0.000120995752957731,
0.000374970828532638,0.000431998461942167,0.000432527157911938,0.000432772595392087,
0.000433065714373431,0.000433421058566674,0.0004340599040205,0.000450671373740892,
0.000528232358244438,0.000657451634150733,0.000859657712046207,0.00133144531556634,
0.00208378385967714,0.0028848141035374),.UNSPECIFIED.);
#1550=B_SPLINE_CURVE_WITH_KNOTS('',3,(#10116,#10117,#10118,#10119,#10120,
#10121,#10122,#10123,#10124,#10125,#10126,#10127,#10128,#10129,#10130,#10131,
#10132,#10133,#10134,#10135,#10136,#10137,#10138,#10139,#10140,#10141,#10142,
#10143,#10144,#10145,#10146,#10147,#10148,#10149,#10150,#10151,#10152,#10153,
#10154,#10155,#10156,#10157),.UNSPECIFIED.,.F.,.F.,(4,2,2,2,2,2,2,2,2,2,
2,2,2,2,2,2,2,2,2,2,4),(0.,0.0352652294045126,0.0594159506268553,0.0720152700338405,
0.0827575384826344,0.0836657759656469,0.0840377103913756,0.084207861941162,
0.0842773300538168,0.0843230583929748,0.0843623349823581,0.0843949162005637,
0.0844222893767269,0.0844458318226905,0.0844669230860929,0.0844706012118334,
0.0864852303388316,0.087047603619388,0.0872113814056016,0.0872954774731111,
0.0873076357094263),.UNSPECIFIED.);
#1551=B_SPLINE_CURVE_WITH_KNOTS('',3,(#10221,#10222,#10223,#10224,#10225,
#10226,#10227,#10228,#10229,#10230,#10231,#10232),.UNSPECIFIED.,.F.,.F.,
(4,2,2,2,2,4),(-0.0808581196022143,-0.064323698141294,-0.0322506324155793,
-0.01618011774029,-0.00710639078119062,0.),.UNSPECIFIED.);
#1552=B_SPLINE_CURVE_WITH_KNOTS('',3,(#10234,#10235,#10236,#10237),
 .UNSPECIFIED.,.F.,.F.,(4,4),(-0.141033760030643,1.94289029309402E-16),
 .UNSPECIFIED.);
#1553=B_SPLINE_CURVE_WITH_KNOTS('',3,(#10239,#10240,#10241,#10242,#10243,
#10244,#10245,#10246,#10247,#10248,#10249,#10250,#10251,#10252),
 .UNSPECIFIED.,.F.,.F.,(4,2,2,2,2,2,4),(-0.000895563324280497,0.,0.0921936265955333,
0.147475199746729,0.175392998100608,0.191229115140618,0.203652304963152),
 .UNSPECIFIED.);
#1554=B_SPLINE_CURVE_WITH_KNOTS('',3,(#10254,#10255,#10256,#10257),
 .UNSPECIFIED.,.F.,.F.,(4,4),(-0.100000000000002,0.0343506057764875),
 .UNSPECIFIED.);
#1555=B_SPLINE_CURVE_WITH_KNOTS('',3,(#10258,#10259,#10260,#10261,#10262,
#10263),.UNSPECIFIED.,.F.,.F.,(4,2,4),(-0.000930436598916045,0.,0.0696382518714506),
 .UNSPECIFIED.);
#1556=B_SPLINE_CURVE_WITH_KNOTS('',3,(#10295,#10296,#10297,#10298,#10299,
#10300,#10301,#10302,#10303,#10304,#10305,#10306,#10307),.UNSPECIFIED.,
 .F.,.F.,(4,3,3,3,4),(0.,0.214325840867948,0.428627997119005,0.635638339318326,
0.688610996357631),.UNSPECIFIED.);
#1557=B_SPLINE_CURVE_WITH_KNOTS('',3,(#10308,#10309,#10310,#10311),
 .UNSPECIFIED.,.F.,.F.,(4,4),(-1.38777878078145E-17,0.00870531432011559),
 .UNSPECIFIED.);
#1558=B_SPLINE_CURVE_WITH_KNOTS('',3,(#10341,#10342,#10343,#10344),
 .UNSPECIFIED.,.F.,.F.,(4,4),(-0.113524698016144,-0.000613601578492051),
 .UNSPECIFIED.);
#1559=B_SPLINE_CURVE_WITH_KNOTS('',3,(#10346,#10347,#10348,#10349,#10350,
#10351,#10352,#10353,#10354,#10355,#10356,#10357,#10358),.UNSPECIFIED.,
 .F.,.F.,(4,3,3,3,4),(0.,0.214285715284292,0.428571430745003,0.714285718454312,
1.00000000438693),.UNSPECIFIED.);
#1560=B_SPLINE_CURVE_WITH_KNOTS('',3,(#10359,#10360,#10361,#10362),
 .UNSPECIFIED.,.F.,.F.,(4,4),(-1.11022302462516E-16,0.163217550344625),
 .UNSPECIFIED.);
#1561=B_SPLINE_CURVE_WITH_KNOTS('',3,(#10393,#10394,#10395,#10396),
 .UNSPECIFIED.,.F.,.F.,(4,4),(1.61117840971293,1.93895172058278),
 .UNSPECIFIED.);
#1562=B_SPLINE_CURVE_WITH_KNOTS('',3,(#10398,#10399,#10400,#10401,#10402,
#10403,#10404,#10405,#10406,#10407,#10408,#10409,#10410),.UNSPECIFIED.,
 .F.,.F.,(4,3,3,3,4),(0.,0.214285715270406,0.428571430671477,0.714285718183545,
1.00000000438695),.UNSPECIFIED.);
#1563=B_SPLINE_CURVE_WITH_KNOTS('',3,(#10412,#10413,#10414,#10415),
 .UNSPECIFIED.,.F.,.F.,(4,4),(-1.93885805144713,-1.62727842818471),
 .UNSPECIFIED.);
#1564=B_SPLINE_CURVE_WITH_KNOTS('',3,(#10416,#10417,#10418,#10419,#10420,
#10421,#10422,#10423,#10424,#10425,#10426,#10427,#10428,#10429),
 .UNSPECIFIED.,.F.,.F.,(4,2,2,2,2,2,4),(-0.000927582841944641,0.,0.0982805744980091,
0.154392855365061,0.182501586066057,0.198370689146656,0.210798656874311),
 .UNSPECIFIED.);
#1565=B_SPLINE_CURVE_WITH_KNOTS('',3,(#10459,#10460,#10461,#10462),
 .UNSPECIFIED.,.F.,.F.,(4,4),(0.,0.163217572693384),.UNSPECIFIED.);
#1566=B_SPLINE_CURVE_WITH_KNOTS('',3,(#10464,#10465,#10466,#10467,#10468,
#10469,#10470,#10471,#10472,#10473,#10474,#10475,#10476),.UNSPECIFIED.,
 .F.,.F.,(4,3,3,3,4),(0.,0.214285754625236,0.428571509250471,0.714285848750785,
1.0000001882511),.UNSPECIFIED.);
#1567=B_SPLINE_CURVE_WITH_KNOTS('',3,(#10477,#10478,#10479,#10480),
 .UNSPECIFIED.,.F.,.F.,(4,4),(-0.16260397491672,-0.00061360354714346),
 .UNSPECIFIED.);
#1568=B_SPLINE_CURVE_WITH_KNOTS('',3,(#10517,#10518,#10519,#10520,#10521),
 .UNSPECIFIED.,.F.,.F.,(4,1,4),(0.433081159972677,0.710298861350471,1.07992246318753),
 .UNSPECIFIED.);
#1569=B_SPLINE_CURVE_WITH_KNOTS('',3,(#10523,#10524,#10525,#10526,#10527),
 .UNSPECIFIED.,.F.,.F.,(4,1,4),(-1.07982879435441,-0.710298861350471,-0.449180967370982),
 .UNSPECIFIED.);
#1570=B_SPLINE_CURVE_WITH_KNOTS('',3,(#10528,#10529,#10530,#10531,#10532,
#10533,#10534,#10535,#10536,#10537,#10538,#10539,#10540,#10541),
 .UNSPECIFIED.,.F.,.F.,(4,2,2,2,2,2,4),(-0.000927802742284839,0.,0.0982752505616832,
0.154391427478006,0.182500707864636,0.198369787289685,0.2107976451541),
 .UNSPECIFIED.);
#1571=B_SPLINE_CURVE_WITH_KNOTS('',3,(#10571,#10572,#10573,#10574),
 .UNSPECIFIED.,.F.,.F.,(4,4),(-7.7715611723761E-16,0.141033718761565),
 .UNSPECIFIED.);
#1572=B_SPLINE_CURVE_WITH_KNOTS('',3,(#10576,#10577,#10578,#10579),
 .UNSPECIFIED.,.F.,.F.,(4,4),(-0.0347745775048094,0.100000000000001),
 .UNSPECIFIED.);
#1573=B_SPLINE_CURVE_WITH_KNOTS('',3,(#10580,#10581,#10582,#10583,#10584,
#10585,#10586,#10587,#10588,#10589,#10590,#10591,#10592,#10593),
 .UNSPECIFIED.,.F.,.F.,(4,2,2,2,2,2,4),(-0.120274903020598,-0.119748659813206,
-0.0655299101100926,-0.0330311618815206,-0.0166165915839673,-0.00730498102222713,
0.),.UNSPECIFIED.);
#1574=B_SPLINE_CURVE_WITH_KNOTS('',3,(#10623,#10624,#10625,#10626),
 .UNSPECIFIED.,.F.,.F.,(4,4),(4.30211422042248E-16,0.700000010430814),
 .UNSPECIFIED.);
#1575=B_SPLINE_CURVE_WITH_KNOTS('',3,(#10628,#10629,#10630,#10631),
 .UNSPECIFIED.,.F.,.F.,(4,4),(-0.800000010430814,0.1),.UNSPECIFIED.);
#1576=B_SPLINE_CURVE_WITH_KNOTS('',3,(#10632,#10633,#10634,#10635,#10636,
#10637,#10638,#10639,#10640,#10641,#10642,#10643,#10644,#10645),
 .UNSPECIFIED.,.F.,.F.,(4,2,2,2,2,2,4),(-0.120275502044371,-0.119749157804545,
-0.0655325350326795,-0.0330316580665377,-0.016616670221156,-0.00730498951928276,
0.),.UNSPECIFIED.);
#1577=B_SPLINE_CURVE_WITH_KNOTS('',3,(#10675,#10676,#10677,#10678),
 .UNSPECIFIED.,.F.,.F.,(4,4),(-0.141033728459997,-2.98372437868011E-16),
 .UNSPECIFIED.);
#1578=B_SPLINE_CURVE_WITH_KNOTS('',3,(#10680,#10681,#10682,#10683),
 .UNSPECIFIED.,.F.,.F.,(4,4),(-0.100000000000001,0.0347745901768026),
 .UNSPECIFIED.);
#1579=B_SPLINE_CURVE_WITH_KNOTS('',3,(#10684,#10685,#10686,#10687,#10688,
#10689,#10690,#10691,#10692,#10693,#10694,#10695,#10696,#10697),
 .UNSPECIFIED.,.F.,.F.,(4,2,2,2,2,2,4),(-0.12106736257366,-0.120536933675068,
-0.0643396329181198,-0.0322535257361331,-0.0161805691514909,-0.0071064393091819,
0.),.UNSPECIFIED.);
#1580=B_SPLINE_CURVE_WITH_KNOTS('',3,(#10726,#10727,#10728,#10729),
 .UNSPECIFIED.,.F.,.F.,(4,4),(-6.7762635780344E-21,0.327773312237245),
 .UNSPECIFIED.);
#1581=B_SPLINE_CURVE_WITH_KNOTS('',3,(#10730,#10731,#10732,#10733),
 .UNSPECIFIED.,.F.,.F.,(4,4),(-0.311673294338863,-9.36825212685954E-5),
 .UNSPECIFIED.);
#1582=B_SPLINE_CURVE_WITH_KNOTS('',3,(#10763,#10764,#10765,#10766),
 .UNSPECIFIED.,.F.,.F.,(4,4),(4.5102810375397E-16,0.141033702705432),
 .UNSPECIFIED.);
#1583=B_SPLINE_CURVE_WITH_KNOTS('',3,(#10768,#10769,#10770,#10771),
 .UNSPECIFIED.,.F.,.F.,(4,4),(-0.0347745627034628,0.100000000000001),
 .UNSPECIFIED.);
#1584=B_SPLINE_CURVE_WITH_KNOTS('',3,(#10772,#10773,#10774,#10775,#10776,
#10777,#10778,#10779,#10780,#10781,#10782,#10783,#10784,#10785),
 .UNSPECIFIED.,.F.,.F.,(4,2,2,2,2,2,4),(-0.120265629238028,-0.119740941801796,
-0.0654894373544609,-0.0330234982315042,-0.0166153758776287,-0.00730484961045064,
0.),.UNSPECIFIED.);
#1585=B_SPLINE_CURVE_WITH_KNOTS('',3,(#10815,#10816,#10817,#10818),
 .UNSPECIFIED.,.F.,.F.,(4,4),(-1.11022302462516E-16,0.700000010430813),
 .UNSPECIFIED.);
#1586=B_SPLINE_CURVE_WITH_KNOTS('',3,(#10820,#10821,#10822,#10823),
 .UNSPECIFIED.,.F.,.F.,(4,4),(-0.800000010430813,0.1),.UNSPECIFIED.);
#1587=B_SPLINE_CURVE_WITH_KNOTS('',3,(#10824,#10825,#10826,#10827,#10828,
#10829,#10830,#10831,#10832,#10833,#10834,#10835,#10836,#10837),
 .UNSPECIFIED.,.F.,.F.,(4,2,2,2,2,2,4),(-0.120274210149155,-0.119748083720186,
-0.0655268755756147,-0.0330305881386699,-0.0166165006438073,-0.00730497119528199,
0.),.UNSPECIFIED.);
#1588=B_SPLINE_CURVE_WITH_KNOTS('',3,(#10867,#10868,#10869,#10870),
 .UNSPECIFIED.,.F.,.F.,(4,4),(-0.141033703301694,1.80411241501588E-16),
 .UNSPECIFIED.);
#1589=B_SPLINE_CURVE_WITH_KNOTS('',3,(#10872,#10873,#10874,#10875),
 .UNSPECIFIED.,.F.,.F.,(4,4),(-0.100000000000002,0.0347745634823539),
 .UNSPECIFIED.);
#1590=B_SPLINE_CURVE_WITH_KNOTS('',3,(#10876,#10877,#10878,#10879,#10880,
#10881,#10882,#10883,#10884,#10885,#10886,#10887,#10888,#10889),
 .UNSPECIFIED.,.F.,.F.,(4,2,2,2,2,2,4),(-0.121068021172054,-0.120537481334852,
-0.0643422731347655,-0.0322540045721347,-0.0161806437313105,-0.00710644727847454,
0.),.UNSPECIFIED.);
#1591=B_SPLINE_CURVE_WITH_KNOTS('',3,(#10926,#10927,#10928,#10929,#10930),
 .UNSPECIFIED.,.F.,.F.,(4,1,4),(0.825780243867766,1.11724752208288,1.50587055970302),
 .UNSPECIFIED.);
#1592=B_SPLINE_CURVE_WITH_KNOTS('',3,(#10932,#10933,#10934,#10935,#10936),
 .UNSPECIFIED.,.F.,.F.,(4,1,4),(-1.48977046084615,-1.11724752208288,-0.841880036969197),
 .UNSPECIFIED.);
#1593=B_SPLINE_CURVE_WITH_KNOTS('',3,(#10937,#10938,#10939,#10940,#10941,
#10942,#10943,#10944,#10945,#10946,#10947,#10948,#10949,#10950),
 .UNSPECIFIED.,.F.,.F.,(4,2,2,2,2,2,4),(-0.000927815344854343,0.,0.0982749435628884,
0.154391343629009,0.182500655470361,0.198369733527268,0.210797585090563),
 .UNSPECIFIED.);
#1594=B_SPLINE_CURVE_WITH_KNOTS('',3,(#10980,#10981,#10982,#10983),
 .UNSPECIFIED.,.F.,.F.,(4,4),(-3.2612801348364E-16,0.141033701515227),
 .UNSPECIFIED.);
#1595=B_SPLINE_CURVE_WITH_KNOTS('',3,(#10985,#10986,#10987,#10988),
 .UNSPECIFIED.,.F.,.F.,(4,4),(-0.034774561775977,0.0999999999999998),
 .UNSPECIFIED.);
#1596=B_SPLINE_CURVE_WITH_KNOTS('',3,(#10989,#10990,#10991,#10992,#10993,
#10994,#10995,#10996,#10997,#10998,#10999,#11000,#11001,#11002),
 .UNSPECIFIED.,.F.,.F.,(4,2,2,2,2,2,4),(-0.120274903018388,-0.119748659810997,
-0.0655299101093687,-0.0330311618813413,-0.0166165915839026,-0.00730498102221572,
0.),.UNSPECIFIED.);
#1597=B_SPLINE_CURVE_WITH_KNOTS('',3,(#11032,#11033,#11034,#11035),
 .UNSPECIFIED.,.F.,.F.,(4,4),(-1.33226762955019E-15,0.700000010430814),
 .UNSPECIFIED.);
#1598=B_SPLINE_CURVE_WITH_KNOTS('',3,(#11037,#11038,#11039,#11040),
 .UNSPECIFIED.,.F.,.F.,(4,4),(-0.800000010430815,0.1),.UNSPECIFIED.);
#1599=B_SPLINE_CURVE_WITH_KNOTS('',3,(#11041,#11042,#11043,#11044,#11045,
#11046,#11047,#11048,#11049,#11050,#11051,#11052,#11053,#11054),
 .UNSPECIFIED.,.F.,.F.,(4,2,2,2,2,2,4),(-0.120275502045102,-0.119749157805288,
-0.0655325350331282,-0.0330316580665359,-0.0166166702211977,-0.00730498951929459,
0.),.UNSPECIFIED.);
#1600=B_SPLINE_CURVE_WITH_KNOTS('',3,(#11084,#11085,#11086,#11087),
 .UNSPECIFIED.,.F.,.F.,(4,4),(-0.141033700398087,-3.40005801291454E-16),
 .UNSPECIFIED.);
#1601=B_SPLINE_CURVE_WITH_KNOTS('',3,(#11089,#11090,#11091,#11092),
 .UNSPECIFIED.,.F.,.F.,(4,4),(-0.100000000000003,0.0347745603160643),
 .UNSPECIFIED.);
#1602=B_SPLINE_CURVE_WITH_KNOTS('',3,(#11093,#11094,#11095,#11096,#11097,
#11098,#11099,#11100,#11101,#11102,#11103,#11104,#11105,#11106),
 .UNSPECIFIED.,.F.,.F.,(4,2,2,2,2,2,4),(-0.121068021214048,-0.120537481376653,
-0.0643422730797973,-0.0322540045357111,-0.0161806437108348,-0.00710644726913479,
0.),.UNSPECIFIED.);
#1603=B_SPLINE_CURVE_WITH_KNOTS('',3,(#11143,#11144,#11145,#11146,#11147),
 .UNSPECIFIED.,.F.,.F.,(4,1,4),(0.040382078957466,0.331849356771919,0.720472393857855),
 .UNSPECIFIED.);
#1604=B_SPLINE_CURVE_WITH_KNOTS('',3,(#11149,#11150,#11151,#11152,#11153),
 .UNSPECIFIED.,.F.,.F.,(4,1,4),(-0.704372294961187,-0.331849356771919,-0.0564818720342977),
 .UNSPECIFIED.);
#1605=B_SPLINE_CURVE_WITH_KNOTS('',3,(#11154,#11155,#11156,#11157,#11158,
#11159,#11160,#11161,#11162,#11163,#11164,#11165,#11166,#11167),
 .UNSPECIFIED.,.F.,.F.,(4,2,2,2,2,2,4),(-0.000927815344013907,0.,0.0982749433755322,
0.154391343399682,0.182500655226825,0.19836973327804,0.210797584837616),
 .UNSPECIFIED.);
#1606=B_SPLINE_CURVE_WITH_KNOTS('',3,(#11197,#11198,#11199,#11200),
 .UNSPECIFIED.,.F.,.F.,(4,4),(4.44089209850063E-16,0.141033689103062),
 .UNSPECIFIED.);
#1607=B_SPLINE_CURVE_WITH_KNOTS('',3,(#11202,#11203,#11204,#11205),
 .UNSPECIFIED.,.F.,.F.,(4,4),(-0.0347745495261651,0.0999999999999993),
 .UNSPECIFIED.);
#1608=B_SPLINE_CURVE_WITH_KNOTS('',3,(#11206,#11207,#11208,#11209,#11210,
#11211,#11212,#11213,#11214,#11215,#11216,#11217,#11218,#11219),
 .UNSPECIFIED.,.F.,.F.,(4,2,2,2,2,2,4),(-0.120265629237839,-0.119740941801649,
-0.0654894373538394,-0.0330234982314523,-0.0166153758776919,-0.00730484961046902,
0.),.UNSPECIFIED.);
#1609=B_SPLINE_CURVE_WITH_KNOTS('',3,(#11249,#11250,#11251,#11252),
 .UNSPECIFIED.,.F.,.F.,(4,4),(0.,0.700000010430813),.UNSPECIFIED.);
#1610=B_SPLINE_CURVE_WITH_KNOTS('',3,(#11254,#11255,#11256,#11257),
 .UNSPECIFIED.,.F.,.F.,(4,4),(-0.800000010430813,0.1),.UNSPECIFIED.);
#1611=B_SPLINE_CURVE_WITH_KNOTS('',3,(#11258,#11259,#11260,#11261,#11262,
#11263,#11264,#11265,#11266,#11267,#11268,#11269,#11270,#11271),
 .UNSPECIFIED.,.F.,.F.,(4,2,2,2,2,2,4),(-0.120274210148627,-0.119748083719663,
-0.0655268755753986,-0.0330305881385763,-0.0166165006437783,-0.00730497119527757,
0.),.UNSPECIFIED.);
#1612=B_SPLINE_CURVE_WITH_KNOTS('',3,(#11301,#11302,#11303,#11304),
 .UNSPECIFIED.,.F.,.F.,(4,4),(-0.141033687573311,8.32667268468867E-17),
 .UNSPECIFIED.);
#1613=B_SPLINE_CURVE_WITH_KNOTS('',3,(#11306,#11307,#11308,#11309),
 .UNSPECIFIED.,.F.,.F.,(4,4),(-0.100000000000002,0.0347745474036111),
 .UNSPECIFIED.);
#1614=B_SPLINE_CURVE_WITH_KNOTS('',3,(#11310,#11311,#11312,#11313,#11314,
#11315,#11316,#11317,#11318,#11319,#11320,#11321,#11322,#11323),
 .UNSPECIFIED.,.F.,.F.,(4,2,2,2,2,2,4),(-0.121068021195133,-0.120537481358164,
-0.0643422730605728,-0.032254004522932,-0.0161806437036051,-0.00710644726582802,
0.),.UNSPECIFIED.);
#1615=B_SPLINE_CURVE_WITH_KNOTS('',3,(#11360,#11361,#11362,#11363,#11364),
 .UNSPECIFIED.,.F.,.F.,(4,1,4),(2.47020765285535,2.76167492834361,3.15029796232795),
 .UNSPECIFIED.);
#1616=B_SPLINE_CURVE_WITH_KNOTS('',3,(#11366,#11367,#11368,#11369,#11370),
 .UNSPECIFIED.,.F.,.F.,(4,1,4),(-3.13419786351896,-2.76167492834361,-2.48630744590457),
 .UNSPECIFIED.);
#1617=B_SPLINE_CURVE_WITH_KNOTS('',3,(#11371,#11372,#11373,#11374,#11375,
#11376,#11377,#11378,#11379,#11380,#11381,#11382,#11383,#11384),
 .UNSPECIFIED.,.F.,.F.,(4,2,2,2,2,2,4),(-0.000927815346090576,0.,0.0982749438390393,
0.154391343881546,0.182500655696457,0.198369733733758,0.210797585280416),
 .UNSPECIFIED.);
#1618=B_SPLINE_CURVE_WITH_KNOTS('',3,(#11414,#11415,#11416,#11417),
 .UNSPECIFIED.,.F.,.F.,(4,4),(-6.73072708679001E-16,0.141033685145977),
 .UNSPECIFIED.);
#1619=B_SPLINE_CURVE_WITH_KNOTS('',3,(#11419,#11420,#11421,#11422),
 .UNSPECIFIED.,.F.,.F.,(4,4),(-0.0347745450850122,0.100000000000002),
 .UNSPECIFIED.);
#1620=B_SPLINE_CURVE_WITH_KNOTS('',3,(#11423,#11424,#11425,#11426,#11427,
#11428,#11429,#11430,#11431,#11432,#11433,#11434,#11435,#11436),
 .UNSPECIFIED.,.F.,.F.,(4,2,2,2,2,2,4),(-0.120274903019884,-0.11974865981249,
-0.0655299101094405,-0.0330311618813521,-0.0166165915839051,-0.00730498102221553,
0.),.UNSPECIFIED.);
#1621=B_SPLINE_CURVE_WITH_KNOTS('',3,(#11466,#11467,#11468,#11469),
 .UNSPECIFIED.,.F.,.F.,(4,4),(4.30211422042248E-16,0.700000010430814),
 .UNSPECIFIED.);
#1622=B_SPLINE_CURVE_WITH_KNOTS('',3,(#11471,#11472,#11473,#11474),
 .UNSPECIFIED.,.F.,.F.,(4,4),(-0.800000010430814,0.1),.UNSPECIFIED.);
#1623=B_SPLINE_CURVE_WITH_KNOTS('',3,(#11475,#11476,#11477,#11478,#11479,
#11480,#11481,#11482,#11483,#11484,#11485,#11486,#11487,#11488),
 .UNSPECIFIED.,.F.,.F.,(4,2,2,2,2,2,4),(-0.120275502045161,-0.119749157805319,
-0.0655325350329668,-0.0330316580664888,-0.0166166702211658,-0.00730498951928726,
0.),.UNSPECIFIED.);
#1624=B_SPLINE_CURVE_WITH_KNOTS('',3,(#11518,#11519,#11520,#11521),
 .UNSPECIFIED.,.F.,.F.,(4,4),(-0.141033686391928,-5.68989300120393E-16),
 .UNSPECIFIED.);
#1625=B_SPLINE_CURVE_WITH_KNOTS('',3,(#11523,#11524,#11525,#11526),
 .UNSPECIFIED.,.F.,.F.,(4,4),(-0.100000000000001,0.0347745467127649),
 .UNSPECIFIED.);
#1626=B_SPLINE_CURVE_WITH_KNOTS('',3,(#11527,#11528,#11529,#11530,#11531,
#11532,#11533,#11534,#11535,#11536,#11537,#11538,#11539,#11540),
 .UNSPECIFIED.,.F.,.F.,(4,2,2,2,2,2,4),(-0.121068021115425,-0.12053748127882,
-0.0643422731639491,-0.0322540045909257,-0.0161806437418354,-0.00710644728326832,
0.),.UNSPECIFIED.);
#1627=B_SPLINE_CURVE_WITH_KNOTS('',3,(#11577,#11578,#11579,#11580,#11581),
 .UNSPECIFIED.,.F.,.F.,(4,1,4),(1.68480949298616,1.97627676892127,2.36489980350141),
 .UNSPECIFIED.);
#1628=B_SPLINE_CURVE_WITH_KNOTS('',3,(#11583,#11584,#11585,#11586,#11587),
 .UNSPECIFIED.,.F.,.F.,(4,1,4),(-2.34879970476675,-1.97627676892127,-1.70090928609275),
 .UNSPECIFIED.);
#1629=B_SPLINE_CURVE_WITH_KNOTS('',3,(#11588,#11589,#11590,#11591,#11592,
#11593,#11594,#11595,#11596,#11597,#11598,#11599,#11600,#11601),
 .UNSPECIFIED.,.F.,.F.,(4,2,2,2,2,2,4),(-0.000927815348329139,0.,0.0982749443288803,
0.154391344525464,0.182500656400788,0.198369734466832,0.210797586034438),
 .UNSPECIFIED.);
#1630=B_SPLINE_CURVE_WITH_KNOTS('',3,(#11631,#11632,#11633,#11634),
 .UNSPECIFIED.,.F.,.F.,(4,4),(6.59194920871187E-16,0.141033703409115),
 .UNSPECIFIED.);
#1631=B_SPLINE_CURVE_WITH_KNOTS('',3,(#11636,#11637,#11638,#11639),
 .UNSPECIFIED.,.F.,.F.,(4,4),(-0.0347745629695124,0.1),.UNSPECIFIED.);
#1632=B_SPLINE_CURVE_WITH_KNOTS('',3,(#11640,#11641,#11642,#11643,#11644,
#11645,#11646,#11647,#11648,#11649,#11650,#11651,#11652,#11653),
 .UNSPECIFIED.,.F.,.F.,(4,2,2,2,2,2,4),(-0.120265629239318,-0.119740941803074,
-0.0654894373547908,-0.033023498231596,-0.016615375877715,-0.00730484961047155,
0.),.UNSPECIFIED.);
#1633=B_SPLINE_CURVE_WITH_KNOTS('',3,(#11683,#11684,#11685,#11686),
 .UNSPECIFIED.,.F.,.F.,(4,4),(-1.11022302462516E-16,0.700000010430813),
 .UNSPECIFIED.);
#1634=B_SPLINE_CURVE_WITH_KNOTS('',3,(#11688,#11689,#11690,#11691),
 .UNSPECIFIED.,.F.,.F.,(4,4),(-0.800000010430813,0.1),.UNSPECIFIED.);
#1635=B_SPLINE_CURVE_WITH_KNOTS('',3,(#11692,#11693,#11694,#11695,#11696,
#11697,#11698,#11699,#11700,#11701,#11702,#11703,#11704,#11705),
 .UNSPECIFIED.,.F.,.F.,(4,2,2,2,2,2,4),(-0.120274210149155,-0.119748083720186,
-0.0655268755756147,-0.0330305881386699,-0.0166165006438073,-0.00730497119528199,
0.),.UNSPECIFIED.);
#1636=B_SPLINE_CURVE_WITH_KNOTS('',3,(#11735,#11736,#11737,#11738),
 .UNSPECIFIED.,.F.,.F.,(4,4),(-0.141033707124843,1.38777878078145E-16),
 .UNSPECIFIED.);
#1637=B_SPLINE_CURVE_WITH_KNOTS('',3,(#11740,#11741,#11742,#11743),
 .UNSPECIFIED.,.F.,.F.,(4,4),(-0.100000000000002,0.0347745678243252),
 .UNSPECIFIED.);
#1638=B_SPLINE_CURVE_WITH_KNOTS('',3,(#11744,#11745,#11746,#11747,#11748,
#11749,#11750,#11751,#11752,#11753,#11754,#11755,#11756,#11757),
 .UNSPECIFIED.,.F.,.F.,(4,2,2,2,2,2,4),(-0.12106802108039,-0.120537481243698,
-0.0643422732429808,-0.0322540046435362,-0.0161806437714219,-0.0071064472967469,
0.),.UNSPECIFIED.);
#1639=B_SPLINE_CURVE_WITH_KNOTS('',3,(#11794,#11795,#11796,#11797,#11798),
 .UNSPECIFIED.,.F.,.F.,(4,1,4),(0.899411330007501,1.19087860727524,1.57950164363221),
 .UNSPECIFIED.);
#1640=B_SPLINE_CURVE_WITH_KNOTS('',3,(#11800,#11801,#11802,#11803,#11804),
 .UNSPECIFIED.,.F.,.F.,(4,1,4),(-1.56340154495493,-1.19087860727524,-0.915511123120898),
 .UNSPECIFIED.);
#1641=B_SPLINE_CURVE_WITH_KNOTS('',3,(#11805,#11806,#11807,#11808,#11809,
#11810,#11811,#11812,#11813,#11814,#11815,#11816,#11817,#11818),
 .UNSPECIFIED.,.F.,.F.,(4,2,2,2,2,2,4),(-0.000927815348063478,0.,0.0982749442779341,
0.154391344372895,0.182500656195145,0.198369734230567,0.21079758577399),
 .UNSPECIFIED.);
#1642=B_SPLINE_CURVE_WITH_KNOTS('',3,(#11848,#11849,#11850,#11851),
 .UNSPECIFIED.,.F.,.F.,(4,4),(6.59194920871187E-16,0.141033733618117),
 .UNSPECIFIED.);
#1643=B_SPLINE_CURVE_WITH_KNOTS('',3,(#11853,#11854,#11855,#11856),
 .UNSPECIFIED.,.F.,.F.,(4,4),(-0.0347745931335694,0.100000000000003),
 .UNSPECIFIED.);
#1644=B_SPLINE_CURVE_WITH_KNOTS('',3,(#11857,#11858,#11859,#11860,#11861,
#11862,#11863,#11864,#11865,#11866,#11867,#11868,#11869,#11870),
 .UNSPECIFIED.,.F.,.F.,(4,2,2,2,2,2,4),(-0.120274903021279,-0.119748659813839,
-0.0655299101097671,-0.0330311618813856,-0.0166165915838863,-0.00730498102220948,
0.),.UNSPECIFIED.);
#1645=B_SPLINE_CURVE_WITH_KNOTS('',3,(#11900,#11901,#11902,#11903),
 .UNSPECIFIED.,.F.,.F.,(4,4),(2.22044604925031E-16,0.700000010430814),
 .UNSPECIFIED.);
#1646=B_SPLINE_CURVE_WITH_KNOTS('',3,(#11905,#11906,#11907,#11908),
 .UNSPECIFIED.,.F.,.F.,(4,4),(-0.800000010430813,0.100000000000001),
 .UNSPECIFIED.);
#1647=B_SPLINE_CURVE_WITH_KNOTS('',3,(#11909,#11910,#11911,#11912,#11913,
#11914,#11915,#11916,#11917,#11918,#11919,#11920,#11921,#11922),
 .UNSPECIFIED.,.F.,.F.,(4,2,2,2,2,2,4),(-0.12027550204586,-0.119749157806003,
-0.0655325350329582,-0.0330316580665287,-0.0166166702211789,-0.00730498951928943,
0.),.UNSPECIFIED.);
#1648=B_SPLINE_CURVE_WITH_KNOTS('',3,(#11952,#11953,#11954,#11955),
 .UNSPECIFIED.,.F.,.F.,(4,4),(-0.141033737626998,4.09394740330526E-16),
 .UNSPECIFIED.);
#1649=B_SPLINE_CURVE_WITH_KNOTS('',3,(#11957,#11958,#11959,#11960),
 .UNSPECIFIED.,.F.,.F.,(4,4),(-0.1,0.0347745983714224),.UNSPECIFIED.);
#1650=B_SPLINE_CURVE_WITH_KNOTS('',3,(#11961,#11962,#11963,#11964,#11965,
#11966,#11967,#11968,#11969,#11970,#11971,#11972,#11973,#11974),
 .UNSPECIFIED.,.F.,.F.,(4,2,2,2,2,2,4),(-0.121068021071748,-0.120537481235104,
-0.0643422732525475,-0.0322540046498722,-0.0161806437749636,-0.0071064472983519,
0.),.UNSPECIFIED.);
#1651=B_SPLINE_CURVE_WITH_KNOTS('',3,(#12011,#12012,#12013,#12014,#12015),
 .UNSPECIFIED.,.F.,.F.,(4,1,4),(0.11401316367406,0.502636201948058,0.794103480653557),
 .UNSPECIFIED.);
#1652=B_SPLINE_CURVE_WITH_KNOTS('',3,(#12017,#12018,#12019,#12020,#12021),
 .UNSPECIFIED.,.F.,.F.,(4,1,4),(-0.778003687726401,-0.502636201948058,-0.130113262483045),
 .UNSPECIFIED.);
#1653=B_SPLINE_CURVE_WITH_KNOTS('',3,(#12022,#12023,#12024,#12025,#12026,
#12027,#12028,#12029,#12030,#12031,#12032,#12033,#12034,#12035),
 .UNSPECIFIED.,.F.,.F.,(4,2,2,2,2,2,4),(-0.000927815346832535,0.,0.0982749439899797,
0.154391344087916,0.182500655925581,0.198369733974203,0.210797585529231),
 .UNSPECIFIED.);
#1654=B_SPLINE_CURVE_WITH_KNOTS('',3,(#12065,#12066,#12067,#12068),
 .UNSPECIFIED.,.F.,.F.,(4,4),(4.37150315946155E-16,0.141033758076957),
 .UNSPECIFIED.);
#1655=B_SPLINE_CURVE_WITH_KNOTS('',3,(#12070,#12071,#12072,#12073),
 .UNSPECIFIED.,.F.,.F.,(4,4),(-0.0347746179074949,0.0999999999999993),
 .UNSPECIFIED.);
#1656=B_SPLINE_CURVE_WITH_KNOTS('',3,(#12074,#12075,#12076,#12077,#12078,
#12079,#12080,#12081,#12082,#12083,#12084,#12085,#12086,#12087),
 .UNSPECIFIED.,.F.,.F.,(4,2,2,2,2,2,4),(-0.120265629238429,-0.11974094180207,
-0.0654894373576596,-0.0330234982322087,-0.0166153758777853,-0.00730484961047459,
0.),.UNSPECIFIED.);
#1657=B_SPLINE_CURVE_WITH_KNOTS('',3,(#12117,#12118,#12119,#12120),
 .UNSPECIFIED.,.F.,.F.,(4,4),(-0.800000010430813,5.55111512312578E-17),
 .UNSPECIFIED.);
#1658=B_SPLINE_CURVE_WITH_KNOTS('',3,(#12121,#12122,#12123,#12124),
 .UNSPECIFIED.,.F.,.F.,(4,4),(-0.1,1.2490009027033E-16),.UNSPECIFIED.);
#1659=B_SPLINE_CURVE_WITH_KNOTS('',3,(#12125,#12126,#12127,#12128),
 .UNSPECIFIED.,.F.,.F.,(4,4),(-1.11022302462516E-16,0.700000010430813),
 .UNSPECIFIED.);
#1660=VERTEX_POINT('',#5768);
#1661=VERTEX_POINT('',#5769);
#1662=VERTEX_POINT('',#5808);
#1663=VERTEX_POINT('',#5810);
#1664=VERTEX_POINT('',#5850);
#1665=VERTEX_POINT('',#5851);
#1666=VERTEX_POINT('',#5890);
#1667=VERTEX_POINT('',#5892);
#1668=VERTEX_POINT('',#5901);
#1669=VERTEX_POINT('',#5923);
#1670=VERTEX_POINT('',#5924);
#1671=VERTEX_POINT('',#5963);
#1672=VERTEX_POINT('',#5965);
#1673=VERTEX_POINT('',#6005);
#1674=VERTEX_POINT('',#6006);
#1675=VERTEX_POINT('',#6045);
#1676=VERTEX_POINT('',#6047);
#1677=VERTEX_POINT('',#6052);
#1678=VERTEX_POINT('',#6069);
#1679=VERTEX_POINT('',#6070);
#1680=VERTEX_POINT('',#6109);
#1681=VERTEX_POINT('',#6111);
#1682=VERTEX_POINT('',#6151);
#1683=VERTEX_POINT('',#6152);
#1684=VERTEX_POINT('',#6191);
#1685=VERTEX_POINT('',#6193);
#1686=VERTEX_POINT('',#6233);
#1687=VERTEX_POINT('',#6234);
#1688=VERTEX_POINT('',#6241);
#1689=VERTEX_POINT('',#6276);
#1690=VERTEX_POINT('',#6278);
#1691=VERTEX_POINT('',#6312);
#1692=VERTEX_POINT('',#6321);
#1693=VERTEX_POINT('',#6322);
#1694=VERTEX_POINT('',#6361);
#1695=VERTEX_POINT('',#6363);
#1696=VERTEX_POINT('',#6403);
#1697=VERTEX_POINT('',#6404);
#1698=VERTEX_POINT('',#6411);
#1699=VERTEX_POINT('',#6442);
#1700=VERTEX_POINT('',#6444);
#1701=VERTEX_POINT('',#6474);
#1702=VERTEX_POINT('',#6483);
#1703=VERTEX_POINT('',#6484);
#1704=VERTEX_POINT('',#6523);
#1705=VERTEX_POINT('',#6525);
#1706=VERTEX_POINT('',#6565);
#1707=VERTEX_POINT('',#6566);
#1708=VERTEX_POINT('',#6588);
#1709=VERTEX_POINT('',#6600);
#1710=VERTEX_POINT('',#6604);
#1711=VERTEX_POINT('',#6605);
#1712=VERTEX_POINT('',#6644);
#1713=VERTEX_POINT('',#6646);
#1714=VERTEX_POINT('',#6686);
#1715=VERTEX_POINT('',#6687);
#1716=VERTEX_POINT('',#6726);
#1717=VERTEX_POINT('',#6730);
#1718=VERTEX_POINT('',#6731);
#1719=VERTEX_POINT('',#6770);
#1720=VERTEX_POINT('',#6772);
#1721=VERTEX_POINT('',#6812);
#1722=VERTEX_POINT('',#6813);
#1723=VERTEX_POINT('',#6852);
#1724=VERTEX_POINT('',#6854);
#1725=VERTEX_POINT('',#6894);
#1726=VERTEX_POINT('',#6895);
#1727=VERTEX_POINT('',#6912);
#1728=VERTEX_POINT('',#6920);
#1729=VERTEX_POINT('',#6924);
#1730=VERTEX_POINT('',#6925);
#1731=VERTEX_POINT('',#6964);
#1732=VERTEX_POINT('',#6966);
#1733=VERTEX_POINT('',#7006);
#1734=VERTEX_POINT('',#7007);
#1735=VERTEX_POINT('',#7046);
#1736=VERTEX_POINT('',#7048);
#1737=VERTEX_POINT('',#7088);
#1738=VERTEX_POINT('',#7089);
#1739=VERTEX_POINT('',#7100);
#1740=VERTEX_POINT('',#7102);
#1741=VERTEX_POINT('',#7107);
#1742=VERTEX_POINT('',#7108);
#1743=VERTEX_POINT('',#7147);
#1744=VERTEX_POINT('',#7149);
#1745=VERTEX_POINT('',#7189);
#1746=VERTEX_POINT('',#7190);
#1747=VERTEX_POINT('',#7229);
#1748=VERTEX_POINT('',#7231);
#1749=VERTEX_POINT('',#7271);
#1750=VERTEX_POINT('',#7272);
#1751=VERTEX_POINT('',#7296);
#1752=VERTEX_POINT('',#7298);
#1753=VERTEX_POINT('',#7300);
#1754=VERTEX_POINT('',#7302);
#1755=VERTEX_POINT('',#7329);
#1756=VERTEX_POINT('',#7331);
#1757=VERTEX_POINT('',#7335);
#1758=VERTEX_POINT('',#7336);
#1759=VERTEX_POINT('',#7375);
#1760=VERTEX_POINT('',#7377);
#1761=VERTEX_POINT('',#7417);
#1762=VERTEX_POINT('',#7418);
#1763=VERTEX_POINT('',#7435);
#1764=VERTEX_POINT('',#7443);
#1765=VERTEX_POINT('',#7447);
#1766=VERTEX_POINT('',#7449);
#1767=VERTEX_POINT('',#7452);
#1768=VERTEX_POINT('',#7454);
#1769=VERTEX_POINT('',#7459);
#1770=VERTEX_POINT('',#7463);
#1771=VERTEX_POINT('',#7472);
#1772=VERTEX_POINT('',#7474);
#1773=VERTEX_POINT('',#7476);
#1774=VERTEX_POINT('',#7478);
#1775=VERTEX_POINT('',#7484);
#1776=VERTEX_POINT('',#7486);
#1777=VERTEX_POINT('',#7488);
#1778=VERTEX_POINT('',#7495);
#1779=VERTEX_POINT('',#7497);
#1780=VERTEX_POINT('',#7499);
#1781=VERTEX_POINT('',#7501);
#1782=VERTEX_POINT('',#7503);
#1783=VERTEX_POINT('',#7505);
#1784=VERTEX_POINT('',#7507);
#1785=VERTEX_POINT('',#7509);
#1786=VERTEX_POINT('',#7511);
#1787=VERTEX_POINT('',#7513);
#1788=VERTEX_POINT('',#7515);
#1789=VERTEX_POINT('',#7517);
#1790=VERTEX_POINT('',#7519);
#1791=VERTEX_POINT('',#7521);
#1792=VERTEX_POINT('',#7523);
#1793=VERTEX_POINT('',#7525);
#1794=VERTEX_POINT('',#7527);
#1795=VERTEX_POINT('',#7529);
#1796=VERTEX_POINT('',#7532);
#1797=VERTEX_POINT('',#7534);
#1798=VERTEX_POINT('',#7536);
#1799=VERTEX_POINT('',#7540);
#1800=VERTEX_POINT('',#7541);
#1801=VERTEX_POINT('',#7580);
#1802=VERTEX_POINT('',#7582);
#1803=VERTEX_POINT('',#7622);
#1804=VERTEX_POINT('',#7623);
#1805=VERTEX_POINT('',#7660);
#1806=VERTEX_POINT('',#7662);
#1807=VERTEX_POINT('',#7700);
#1808=VERTEX_POINT('',#7701);
#1809=VERTEX_POINT('',#7740);
#1810=VERTEX_POINT('',#7742);
#1811=VERTEX_POINT('',#7782);
#1812=VERTEX_POINT('',#7783);
#1813=VERTEX_POINT('',#7822);
#1814=VERTEX_POINT('',#7824);
#1815=VERTEX_POINT('',#7864);
#1816=VERTEX_POINT('',#7865);
#1817=VERTEX_POINT('',#7904);
#1818=VERTEX_POINT('',#7906);
#1819=VERTEX_POINT('',#7946);
#1820=VERTEX_POINT('',#7947);
#1821=VERTEX_POINT('',#7986);
#1822=VERTEX_POINT('',#7988);
#1823=VERTEX_POINT('',#8028);
#1824=VERTEX_POINT('',#8029);
#1825=VERTEX_POINT('',#8068);
#1826=VERTEX_POINT('',#8070);
#1827=VERTEX_POINT('',#8110);
#1828=VERTEX_POINT('',#8111);
#1829=VERTEX_POINT('',#8150);
#1830=VERTEX_POINT('',#8152);
#1831=VERTEX_POINT('',#8192);
#1832=VERTEX_POINT('',#8193);
#1833=VERTEX_POINT('',#8232);
#1834=VERTEX_POINT('',#8234);
#1835=VERTEX_POINT('',#8274);
#1836=VERTEX_POINT('',#8275);
#1837=VERTEX_POINT('',#8314);
#1838=VERTEX_POINT('',#8316);
#1839=VERTEX_POINT('',#8356);
#1840=VERTEX_POINT('',#8357);
#1841=VERTEX_POINT('',#8396);
#1842=VERTEX_POINT('',#8398);
#1843=VERTEX_POINT('',#8438);
#1844=VERTEX_POINT('',#8439);
#1845=VERTEX_POINT('',#8478);
#1846=VERTEX_POINT('',#8480);
#1847=VERTEX_POINT('',#8520);
#1848=VERTEX_POINT('',#8521);
#1849=VERTEX_POINT('',#8558);
#1850=VERTEX_POINT('',#8560);
#1851=VERTEX_POINT('',#8598);
#1852=VERTEX_POINT('',#8599);
#1853=VERTEX_POINT('',#8638);
#1854=VERTEX_POINT('',#8640);
#1855=VERTEX_POINT('',#8680);
#1856=VERTEX_POINT('',#8681);
#1857=VERTEX_POINT('',#8720);
#1858=VERTEX_POINT('',#8722);
#1859=VERTEX_POINT('',#8762);
#1860=VERTEX_POINT('',#8763);
#1861=VERTEX_POINT('',#8802);
#1862=VERTEX_POINT('',#8804);
#1863=VERTEX_POINT('',#8844);
#1864=VERTEX_POINT('',#8845);
#1865=VERTEX_POINT('',#8849);
#1866=VERTEX_POINT('',#8851);
#1867=VERTEX_POINT('',#8855);
#1868=VERTEX_POINT('',#8868);
#1869=VERTEX_POINT('',#8872);
#1870=VERTEX_POINT('',#8876);
#1871=VERTEX_POINT('',#8880);
#1872=VERTEX_POINT('',#8893);
#1873=VERTEX_POINT('',#8897);
#1874=VERTEX_POINT('',#8901);
#1875=VERTEX_POINT('',#8905);
#1876=VERTEX_POINT('',#8918);
#1877=VERTEX_POINT('',#8922);
#1878=VERTEX_POINT('',#8926);
#1879=VERTEX_POINT('',#8945);
#1880=VERTEX_POINT('',#8948);
#1881=VERTEX_POINT('',#8950);
#1882=VERTEX_POINT('',#8952);
#1883=VERTEX_POINT('',#8972);
#1884=VERTEX_POINT('',#8977);
#1885=VERTEX_POINT('',#8981);
#1886=VERTEX_POINT('',#8986);
#1887=VERTEX_POINT('',#8988);
#1888=VERTEX_POINT('',#8999);
#1889=VERTEX_POINT('',#9001);
#1890=VERTEX_POINT('',#9017);
#1891=VERTEX_POINT('',#9018);
#1892=VERTEX_POINT('',#9020);
#1893=VERTEX_POINT('',#9022);
#1894=VERTEX_POINT('',#9026);
#1895=VERTEX_POINT('',#9037);
#1896=VERTEX_POINT('',#9042);
#1897=VERTEX_POINT('',#9043);
#1898=VERTEX_POINT('',#9045);
#1899=VERTEX_POINT('',#9047);
#1900=VERTEX_POINT('',#9051);
#1901=VERTEX_POINT('',#9062);
#1902=VERTEX_POINT('',#9067);
#1903=VERTEX_POINT('',#9068);
#1904=VERTEX_POINT('',#9070);
#1905=VERTEX_POINT('',#9072);
#1906=VERTEX_POINT('',#9076);
#1907=VERTEX_POINT('',#9087);
#1908=VERTEX_POINT('',#9092);
#1909=VERTEX_POINT('',#9093);
#1910=VERTEX_POINT('',#9095);
#1911=VERTEX_POINT('',#9097);
#1912=VERTEX_POINT('',#9101);
#1913=VERTEX_POINT('',#9112);
#1914=VERTEX_POINT('',#9117);
#1915=VERTEX_POINT('',#9118);
#1916=VERTEX_POINT('',#9158);
#1917=VERTEX_POINT('',#9161);
#1918=VERTEX_POINT('',#9164);
#1919=VERTEX_POINT('',#9169);
#1920=VERTEX_POINT('',#9173);
#1921=VERTEX_POINT('',#9176);
#1922=VERTEX_POINT('',#9180);
#1923=VERTEX_POINT('',#9184);
#1924=VERTEX_POINT('',#9189);
#1925=VERTEX_POINT('',#9193);
#1926=VERTEX_POINT('',#9196);
#1927=VERTEX_POINT('',#9200);
#1928=VERTEX_POINT('',#9204);
#1929=VERTEX_POINT('',#9207);
#1930=VERTEX_POINT('',#9212);
#1931=VERTEX_POINT('',#9217);
#1932=VERTEX_POINT('',#9224);
#1933=VERTEX_POINT('',#9228);
#1934=VERTEX_POINT('',#9235);
#1935=VERTEX_POINT('',#9239);
#1936=VERTEX_POINT('',#9243);
#1937=VERTEX_POINT('',#9247);
#1938=VERTEX_POINT('',#9249);
#1939=VERTEX_POINT('',#9267);
#1940=VERTEX_POINT('',#9268);
#1941=VERTEX_POINT('',#9292);
#1942=VERTEX_POINT('',#9294);
#1943=VERTEX_POINT('',#9299);
#1944=VERTEX_POINT('',#9300);
#1945=VERTEX_POINT('',#9324);
#1946=VERTEX_POINT('',#9326);
#1947=VERTEX_POINT('',#9369);
#1948=VERTEX_POINT('',#9405);
#1949=VERTEX_POINT('',#9414);
#1950=VERTEX_POINT('',#9444);
#1951=VERTEX_POINT('',#9445);
#1952=VERTEX_POINT('',#9447);
#1953=VERTEX_POINT('',#9453);
#1954=VERTEX_POINT('',#9461);
#1955=VERTEX_POINT('',#9466);
#1956=VERTEX_POINT('',#9475);
#1957=VERTEX_POINT('',#9479);
#1958=VERTEX_POINT('',#9492);
#1959=VERTEX_POINT('',#9519);
#1960=VERTEX_POINT('',#9523);
#1961=VERTEX_POINT('',#9525);
#1962=VERTEX_POINT('',#9531);
#1963=VERTEX_POINT('',#9563);
#1964=VERTEX_POINT('',#9586);
#1965=VERTEX_POINT('',#9589);
#1966=VERTEX_POINT('',#9613);
#1967=VERTEX_POINT('',#9615);
#1968=VERTEX_POINT('',#9617);
#1969=VERTEX_POINT('',#9630);
#1970=VERTEX_POINT('',#9634);
#1971=VERTEX_POINT('',#9648);
#1972=VERTEX_POINT('',#9649);
#1973=VERTEX_POINT('',#9651);
#1974=VERTEX_POINT('',#9655);
#1975=VERTEX_POINT('',#9663);
#1976=VERTEX_POINT('',#9664);
#1977=VERTEX_POINT('',#9679);
#1978=VERTEX_POINT('',#9681);
#1979=VERTEX_POINT('',#9688);
#1980=VERTEX_POINT('',#9691);
#1981=VERTEX_POINT('',#9706);
#1982=VERTEX_POINT('',#9716);
#1983=VERTEX_POINT('',#9717);
#1984=VERTEX_POINT('',#9756);
#1985=VERTEX_POINT('',#9760);
#1986=VERTEX_POINT('',#9767);
#1987=VERTEX_POINT('',#9768);
#1988=VERTEX_POINT('',#9807);
#1989=VERTEX_POINT('',#9811);
#1990=VERTEX_POINT('',#9891);
#1991=VERTEX_POINT('',#9892);
#1992=VERTEX_POINT('',#9899);
#1993=VERTEX_POINT('',#9930);
#1994=VERTEX_POINT('',#9934);
#1995=VERTEX_POINT('',#9936);
#1996=VERTEX_POINT('',#9976);
#1997=VERTEX_POINT('',#9984);
#1998=VERTEX_POINT('',#9986);
#1999=VERTEX_POINT('',#9988);
#2000=VERTEX_POINT('',#9992);
#2001=VERTEX_POINT('',#10005);
#2002=VERTEX_POINT('',#10007);
#2003=VERTEX_POINT('',#10009);
#2004=VERTEX_POINT('',#10013);
#2005=VERTEX_POINT('',#10053);
#2006=VERTEX_POINT('',#10088);
#2007=VERTEX_POINT('',#10115);
#2008=VERTEX_POINT('',#10161);
#2009=VERTEX_POINT('',#10163);
#2010=VERTEX_POINT('',#10167);
#2011=VERTEX_POINT('',#10219);
#2012=VERTEX_POINT('',#10220);
#2013=VERTEX_POINT('',#10233);
#2014=VERTEX_POINT('',#10238);
#2015=VERTEX_POINT('',#10253);
#2016=VERTEX_POINT('',#10265);
#2017=VERTEX_POINT('',#10267);
#2018=VERTEX_POINT('',#10294);
#2019=VERTEX_POINT('',#10340);
#2020=VERTEX_POINT('',#10345);
#2021=VERTEX_POINT('',#10391);
#2022=VERTEX_POINT('',#10392);
#2023=VERTEX_POINT('',#10397);
#2024=VERTEX_POINT('',#10411);
#2025=VERTEX_POINT('',#10458);
#2026=VERTEX_POINT('',#10463);
#2027=VERTEX_POINT('',#10516);
#2028=VERTEX_POINT('',#10522);
#2029=VERTEX_POINT('',#10570);
#2030=VERTEX_POINT('',#10575);
#2031=VERTEX_POINT('',#10622);
#2032=VERTEX_POINT('',#10627);
#2033=VERTEX_POINT('',#10674);
#2034=VERTEX_POINT('',#10679);
#2035=VERTEX_POINT('',#10762);
#2036=VERTEX_POINT('',#10767);
#2037=VERTEX_POINT('',#10814);
#2038=VERTEX_POINT('',#10819);
#2039=VERTEX_POINT('',#10866);
#2040=VERTEX_POINT('',#10871);
#2041=VERTEX_POINT('',#10925);
#2042=VERTEX_POINT('',#10931);
#2043=VERTEX_POINT('',#10979);
#2044=VERTEX_POINT('',#10984);
#2045=VERTEX_POINT('',#11031);
#2046=VERTEX_POINT('',#11036);
#2047=VERTEX_POINT('',#11083);
#2048=VERTEX_POINT('',#11088);
#2049=VERTEX_POINT('',#11142);
#2050=VERTEX_POINT('',#11148);
#2051=VERTEX_POINT('',#11196);
#2052=VERTEX_POINT('',#11201);
#2053=VERTEX_POINT('',#11248);
#2054=VERTEX_POINT('',#11253);
#2055=VERTEX_POINT('',#11300);
#2056=VERTEX_POINT('',#11305);
#2057=VERTEX_POINT('',#11359);
#2058=VERTEX_POINT('',#11365);
#2059=VERTEX_POINT('',#11413);
#2060=VERTEX_POINT('',#11418);
#2061=VERTEX_POINT('',#11465);
#2062=VERTEX_POINT('',#11470);
#2063=VERTEX_POINT('',#11517);
#2064=VERTEX_POINT('',#11522);
#2065=VERTEX_POINT('',#11576);
#2066=VERTEX_POINT('',#11582);
#2067=VERTEX_POINT('',#11630);
#2068=VERTEX_POINT('',#11635);
#2069=VERTEX_POINT('',#11682);
#2070=VERTEX_POINT('',#11687);
#2071=VERTEX_POINT('',#11734);
#2072=VERTEX_POINT('',#11739);
#2073=VERTEX_POINT('',#11793);
#2074=VERTEX_POINT('',#11799);
#2075=VERTEX_POINT('',#11847);
#2076=VERTEX_POINT('',#11852);
#2077=VERTEX_POINT('',#11899);
#2078=VERTEX_POINT('',#11904);
#2079=VERTEX_POINT('',#11951);
#2080=VERTEX_POINT('',#11956);
#2081=VERTEX_POINT('',#12010);
#2082=VERTEX_POINT('',#12016);
#2083=VERTEX_POINT('',#12064);
#2084=VERTEX_POINT('',#12069);
#2085=VERTEX_POINT('',#12116);
#2086=VERTEX_POINT('',#12130);
#2087=VERTEX_POINT('',#12134);
#2088=VERTEX_POINT('',#12138);
#2089=VERTEX_POINT('',#12142);
#2090=VERTEX_POINT('',#12146);
#2091=VERTEX_POINT('',#12150);
#2092=VERTEX_POINT('',#12154);
#2093=VERTEX_POINT('',#12158);
#2094=VERTEX_POINT('',#12162);
#2095=VERTEX_POINT('',#12166);
#2096=VERTEX_POINT('',#12170);
#2097=VERTEX_POINT('',#12174);
#2098=VERTEX_POINT('',#12178);
#2099=VERTEX_POINT('',#12182);
#2100=VERTEX_POINT('',#12186);
#2101=VERTEX_POINT('',#12190);
#2102=VERTEX_POINT('',#12194);
#2103=VERTEX_POINT('',#12198);
#2104=VERTEX_POINT('',#12202);
#2105=VERTEX_POINT('',#12206);
#2106=VERTEX_POINT('',#12210);
#2107=VERTEX_POINT('',#12214);
#2108=VERTEX_POINT('',#12218);
#2109=VERTEX_POINT('',#12222);
#2110=VERTEX_POINT('',#12226);
#2111=VERTEX_POINT('',#12230);
#2112=VERTEX_POINT('',#12234);
#2113=VERTEX_POINT('',#12238);
#2114=VERTEX_POINT('',#12242);
#2115=VERTEX_POINT('',#12246);
#2116=VERTEX_POINT('',#12250);
#2117=VERTEX_POINT('',#12254);
#2118=VERTEX_POINT('',#12258);
#2119=VERTEX_POINT('',#12262);
#2120=EDGE_CURVE('',#1660,#1661,#1348,.T.);
#2121=EDGE_CURVE('',#1661,#1660,#1349,.T.);
#2122=EDGE_CURVE('',#1661,#1662,#988,.T.);
#2123=EDGE_CURVE('',#1663,#1662,#1350,.T.);
#2124=EDGE_CURVE('',#1662,#1663,#1351,.T.);
#2125=EDGE_CURVE('',#1664,#1665,#1352,.T.);
#2126=EDGE_CURVE('',#1665,#1664,#1353,.T.);
#2127=EDGE_CURVE('',#1665,#1666,#989,.T.);
#2128=EDGE_CURVE('',#1667,#1666,#1354,.T.);
#2129=EDGE_CURVE('',#1668,#1667,#272,.T.);
#2130=EDGE_CURVE('',#1666,#1668,#1355,.T.);
#2131=EDGE_CURVE('',#1669,#1670,#1356,.T.);
#2132=EDGE_CURVE('',#1670,#1669,#1357,.T.);
#2133=EDGE_CURVE('',#1670,#1671,#990,.T.);
#2134=EDGE_CURVE('',#1672,#1671,#1358,.T.);
#2135=EDGE_CURVE('',#1671,#1672,#1359,.T.);
#2136=EDGE_CURVE('',#1673,#1674,#1360,.T.);
#2137=EDGE_CURVE('',#1674,#1673,#1361,.T.);
#2138=EDGE_CURVE('',#1674,#1675,#991,.T.);
#2139=EDGE_CURVE('',#1676,#1675,#1362,.T.);
#2140=EDGE_CURVE('',#1677,#1676,#273,.T.);
#2141=EDGE_CURVE('',#1675,#1677,#1363,.T.);
#2142=EDGE_CURVE('',#1678,#1679,#1364,.T.);
#2143=EDGE_CURVE('',#1679,#1678,#1365,.T.);
#2144=EDGE_CURVE('',#1679,#1680,#992,.T.);
#2145=EDGE_CURVE('',#1681,#1680,#1366,.T.);
#2146=EDGE_CURVE('',#1680,#1681,#1367,.T.);
#2147=EDGE_CURVE('',#1682,#1683,#1368,.T.);
#2148=EDGE_CURVE('',#1683,#1682,#1369,.T.);
#2149=EDGE_CURVE('',#1683,#1684,#993,.T.);
#2150=EDGE_CURVE('',#1685,#1684,#1370,.T.);
#2151=EDGE_CURVE('',#1684,#1685,#1371,.T.);
#2152=EDGE_CURVE('',#1686,#1687,#1372,.T.);
#2153=EDGE_CURVE('',#1688,#1686,#274,.T.);
#2154=EDGE_CURVE('',#1687,#1688,#1373,.T.);
#2155=EDGE_CURVE('',#1687,#1689,#994,.T.);
#2156=EDGE_CURVE('',#1690,#1689,#1374,.T.);
#2157=EDGE_CURVE('',#1691,#1690,#275,.T.);
#2158=EDGE_CURVE('',#1689,#1691,#1375,.T.);
#2159=EDGE_CURVE('',#1692,#1693,#1376,.T.);
#2160=EDGE_CURVE('',#1693,#1692,#1377,.T.);
#2161=EDGE_CURVE('',#1693,#1694,#995,.T.);
#2162=EDGE_CURVE('',#1695,#1694,#1378,.T.);
#2163=EDGE_CURVE('',#1694,#1695,#1379,.T.);
#2164=EDGE_CURVE('',#1696,#1697,#1380,.T.);
#2165=EDGE_CURVE('',#1698,#1696,#276,.T.);
#2166=EDGE_CURVE('',#1697,#1698,#1381,.T.);
#2167=EDGE_CURVE('',#1697,#1699,#996,.T.);
#2168=EDGE_CURVE('',#1700,#1699,#1382,.T.);
#2169=EDGE_CURVE('',#1701,#1700,#277,.T.);
#2170=EDGE_CURVE('',#1699,#1701,#1383,.T.);
#2171=EDGE_CURVE('',#1702,#1703,#1384,.T.);
#2172=EDGE_CURVE('',#1703,#1702,#1385,.T.);
#2173=EDGE_CURVE('',#1703,#1704,#997,.T.);
#2174=EDGE_CURVE('',#1705,#1704,#1386,.T.);
#2175=EDGE_CURVE('',#1704,#1705,#1387,.T.);
#2176=EDGE_CURVE('',#1706,#1707,#1388,.T.);
#2177=EDGE_CURVE('',#1708,#1706,#278,.T.);
#2178=EDGE_CURVE('',#1707,#1708,#1389,.T.);
#2179=EDGE_CURVE('',#1707,#1709,#998,.T.);
#2180=EDGE_CURVE('',#1709,#1709,#279,.T.);
#2181=EDGE_CURVE('',#1710,#1711,#1390,.T.);
#2182=EDGE_CURVE('',#1711,#1710,#1391,.T.);
#2183=EDGE_CURVE('',#1711,#1712,#999,.T.);
#2184=EDGE_CURVE('',#1713,#1712,#1392,.T.);
#2185=EDGE_CURVE('',#1712,#1713,#1393,.T.);
#2186=EDGE_CURVE('',#1714,#1715,#1394,.T.);
#2187=EDGE_CURVE('',#1715,#1714,#1395,.T.);
#2188=EDGE_CURVE('',#1715,#1716,#1000,.T.);
#2189=EDGE_CURVE('',#1716,#1716,#280,.T.);
#2190=EDGE_CURVE('',#1717,#1718,#1396,.T.);
#2191=EDGE_CURVE('',#1718,#1717,#1397,.T.);
#2192=EDGE_CURVE('',#1718,#1719,#1001,.T.);
#2193=EDGE_CURVE('',#1720,#1719,#1398,.T.);
#2194=EDGE_CURVE('',#1719,#1720,#1399,.T.);
#2195=EDGE_CURVE('',#1721,#1722,#1400,.T.);
#2196=EDGE_CURVE('',#1722,#1721,#1401,.T.);
#2197=EDGE_CURVE('',#1722,#1723,#1002,.T.);
#2198=EDGE_CURVE('',#1724,#1723,#1402,.T.);
#2199=EDGE_CURVE('',#1723,#1724,#1403,.T.);
#2200=EDGE_CURVE('',#1725,#1726,#1404,.T.);
#2201=EDGE_CURVE('',#1727,#1725,#281,.T.);
#2202=EDGE_CURVE('',#1726,#1727,#1405,.T.);
#2203=EDGE_CURVE('',#1726,#1728,#1003,.T.);
#2204=EDGE_CURVE('',#1728,#1728,#282,.T.);
#2205=EDGE_CURVE('',#1729,#1730,#1406,.T.);
#2206=EDGE_CURVE('',#1730,#1729,#1407,.T.);
#2207=EDGE_CURVE('',#1730,#1731,#1004,.T.);
#2208=EDGE_CURVE('',#1732,#1731,#1408,.T.);
#2209=EDGE_CURVE('',#1731,#1732,#1409,.T.);
#2210=EDGE_CURVE('',#1733,#1734,#1410,.T.);
#2211=EDGE_CURVE('',#1734,#1733,#1411,.T.);
#2212=EDGE_CURVE('',#1734,#1735,#1005,.T.);
#2213=EDGE_CURVE('',#1736,#1735,#1412,.T.);
#2214=EDGE_CURVE('',#1735,#1736,#1413,.T.);
#2215=EDGE_CURVE('',#1737,#1738,#1414,.T.);
#2216=EDGE_CURVE('',#1739,#1737,#283,.T.);
#2217=EDGE_CURVE('',#1739,#1740,#1006,.T.);
#2218=EDGE_CURVE('',#1740,#1740,#284,.T.);
#2219=EDGE_CURVE('',#1738,#1739,#285,.T.);
#2220=EDGE_CURVE('',#1741,#1742,#1415,.T.);
#2221=EDGE_CURVE('',#1742,#1741,#1416,.T.);
#2222=EDGE_CURVE('',#1742,#1743,#1007,.T.);
#2223=EDGE_CURVE('',#1744,#1743,#1417,.T.);
#2224=EDGE_CURVE('',#1743,#1744,#1418,.T.);
#2225=EDGE_CURVE('',#1745,#1746,#1419,.T.);
#2226=EDGE_CURVE('',#1746,#1745,#1420,.T.);
#2227=EDGE_CURVE('',#1746,#1747,#1008,.T.);
#2228=EDGE_CURVE('',#1748,#1747,#1421,.T.);
#2229=EDGE_CURVE('',#1747,#1748,#1422,.T.);
#2230=EDGE_CURVE('',#1749,#1750,#1423,.T.);
#2231=EDGE_CURVE('',#1751,#1749,#286,.T.);
#2232=EDGE_CURVE('',#1751,#1752,#1009,.T.);
#2233=EDGE_CURVE('',#1753,#1752,#287,.T.);
#2234=EDGE_CURVE('',#1754,#1753,#1424,.T.);
#2235=EDGE_CURVE('',#1752,#1754,#288,.T.);
#2236=EDGE_CURVE('',#1750,#1751,#289,.T.);
#2237=EDGE_CURVE('',#1755,#1755,#290,.T.);
#2238=EDGE_CURVE('',#1755,#1756,#1010,.T.);
#2239=EDGE_CURVE('',#1756,#1756,#291,.T.);
#2240=EDGE_CURVE('',#1757,#1758,#1425,.T.);
#2241=EDGE_CURVE('',#1758,#1757,#1426,.T.);
#2242=EDGE_CURVE('',#1758,#1759,#1011,.T.);
#2243=EDGE_CURVE('',#1760,#1759,#1427,.T.);
#2244=EDGE_CURVE('',#1759,#1760,#1428,.T.);
#2245=EDGE_CURVE('',#1761,#1762,#1429,.T.);
#2246=EDGE_CURVE('',#1763,#1761,#292,.T.);
#2247=EDGE_CURVE('',#1762,#1763,#1430,.T.);
#2248=EDGE_CURVE('',#1762,#1764,#1012,.T.);
#2249=EDGE_CURVE('',#1764,#1764,#293,.T.);
#2250=EDGE_CURVE('',#1765,#1691,#294,.T.);
#2251=EDGE_CURVE('',#1765,#1766,#1013,.T.);
#2252=EDGE_CURVE('',#1766,#1766,#295,.T.);
#2253=EDGE_CURVE('',#1767,#1765,#296,.T.);
#2254=EDGE_CURVE('',#1767,#1768,#1431,.T.);
#2255=EDGE_CURVE('',#1768,#1769,#234,.T.);
#2256=EDGE_CURVE('',#1769,#1770,#1432,.T.);
#2257=EDGE_CURVE('',#1754,#1770,#297,.T.);
#2258=EDGE_CURVE('',#1700,#1753,#298,.T.);
#2259=EDGE_CURVE('',#1690,#1701,#299,.T.);
#2260=EDGE_CURVE('',#1771,#1686,#300,.T.);
#2261=EDGE_CURVE('',#1771,#1772,#301,.T.);
#2262=EDGE_CURVE('',#1772,#1773,#302,.T.);
#2263=EDGE_CURVE('',#1773,#1774,#303,.T.);
#2264=EDGE_CURVE('',#1774,#1738,#304,.T.);
#2265=EDGE_CURVE('',#1737,#1727,#305,.T.);
#2266=EDGE_CURVE('',#1725,#1708,#306,.T.);
#2267=EDGE_CURVE('',#1706,#1763,#307,.T.);
#2268=EDGE_CURVE('',#1761,#1775,#308,.T.);
#2269=EDGE_CURVE('',#1776,#1775,#1014,.T.);
#2270=EDGE_CURVE('',#1777,#1776,#309,.T.);
#2271=EDGE_CURVE('',#1750,#1777,#310,.T.);
#2272=EDGE_CURVE('',#1698,#1749,#311,.T.);
#2273=EDGE_CURVE('',#1688,#1696,#312,.T.);
#2274=EDGE_CURVE('',#1677,#1667,#313,.T.);
#2275=EDGE_CURVE('',#1778,#1676,#314,.T.);
#2276=EDGE_CURVE('',#1779,#1778,#315,.T.);
#2277=EDGE_CURVE('',#1780,#1779,#316,.T.);
#2278=EDGE_CURVE('',#1781,#1780,#317,.T.);
#2279=EDGE_CURVE('',#1782,#1781,#318,.T.);
#2280=EDGE_CURVE('',#1783,#1782,#319,.T.);
#2281=EDGE_CURVE('',#1784,#1783,#320,.T.);
#2282=EDGE_CURVE('',#1785,#1784,#321,.T.);
#2283=EDGE_CURVE('',#1786,#1785,#322,.T.);
#2284=EDGE_CURVE('',#1787,#1786,#323,.T.);
#2285=EDGE_CURVE('',#1788,#1787,#324,.T.);
#2286=EDGE_CURVE('',#1789,#1788,#325,.T.);
#2287=EDGE_CURVE('',#1790,#1789,#326,.T.);
#2288=EDGE_CURVE('',#1791,#1790,#327,.T.);
#2289=EDGE_CURVE('',#1792,#1791,#328,.T.);
#2290=EDGE_CURVE('',#1793,#1792,#329,.T.);
#2291=EDGE_CURVE('',#1793,#1794,#330,.T.);
#2292=EDGE_CURVE('',#1794,#1795,#1015,.T.);
#2293=EDGE_CURVE('',#1795,#1767,#331,.T.);
#2294=EDGE_CURVE('',#1770,#1796,#332,.T.);
#2295=EDGE_CURVE('',#1796,#1797,#1016,.T.);
#2296=EDGE_CURVE('',#1797,#1798,#333,.T.);
#2297=EDGE_CURVE('',#1668,#1798,#334,.T.);
#2298=EDGE_CURVE('',#1799,#1800,#1433,.T.);
#2299=EDGE_CURVE('',#1800,#1799,#1434,.T.);
#2300=EDGE_CURVE('',#1800,#1801,#1017,.T.);
#2301=EDGE_CURVE('',#1802,#1801,#1435,.T.);
#2302=EDGE_CURVE('',#1801,#1802,#1436,.T.);
#2303=EDGE_CURVE('',#1803,#1804,#1437,.T.);
#2304=EDGE_CURVE('',#1804,#1803,#1438,.T.);
#2305=EDGE_CURVE('',#1804,#1805,#1018,.T.);
#2306=EDGE_CURVE('',#1806,#1805,#1439,.T.);
#2307=EDGE_CURVE('',#1805,#1806,#1440,.T.);
#2308=EDGE_CURVE('',#1807,#1808,#1441,.T.);
#2309=EDGE_CURVE('',#1808,#1807,#1442,.T.);
#2310=EDGE_CURVE('',#1808,#1809,#1019,.T.);
#2311=EDGE_CURVE('',#1810,#1809,#1443,.T.);
#2312=EDGE_CURVE('',#1809,#1810,#1444,.T.);
#2313=EDGE_CURVE('',#1811,#1812,#1445,.T.);
#2314=EDGE_CURVE('',#1812,#1811,#1446,.T.);
#2315=EDGE_CURVE('',#1812,#1813,#1020,.T.);
#2316=EDGE_CURVE('',#1814,#1813,#1447,.T.);
#2317=EDGE_CURVE('',#1813,#1814,#1448,.T.);
#2318=EDGE_CURVE('',#1815,#1816,#1449,.T.);
#2319=EDGE_CURVE('',#1816,#1815,#1450,.T.);
#2320=EDGE_CURVE('',#1816,#1817,#1021,.T.);
#2321=EDGE_CURVE('',#1818,#1817,#1451,.T.);
#2322=EDGE_CURVE('',#1817,#1818,#1452,.T.);
#2323=EDGE_CURVE('',#1819,#1820,#1453,.T.);
#2324=EDGE_CURVE('',#1820,#1819,#1454,.T.);
#2325=EDGE_CURVE('',#1820,#1821,#1022,.T.);
#2326=EDGE_CURVE('',#1822,#1821,#1455,.T.);
#2327=EDGE_CURVE('',#1821,#1822,#1456,.T.);
#2328=EDGE_CURVE('',#1823,#1824,#1457,.T.);
#2329=EDGE_CURVE('',#1824,#1823,#1458,.T.);
#2330=EDGE_CURVE('',#1824,#1825,#1023,.T.);
#2331=EDGE_CURVE('',#1826,#1825,#1459,.T.);
#2332=EDGE_CURVE('',#1825,#1826,#1460,.T.);
#2333=EDGE_CURVE('',#1827,#1828,#1461,.T.);
#2334=EDGE_CURVE('',#1828,#1827,#1462,.T.);
#2335=EDGE_CURVE('',#1828,#1829,#1024,.T.);
#2336=EDGE_CURVE('',#1830,#1829,#1463,.T.);
#2337=EDGE_CURVE('',#1829,#1830,#1464,.T.);
#2338=EDGE_CURVE('',#1831,#1832,#1465,.T.);
#2339=EDGE_CURVE('',#1832,#1831,#1466,.T.);
#2340=EDGE_CURVE('',#1832,#1833,#1025,.T.);
#2341=EDGE_CURVE('',#1834,#1833,#1467,.T.);
#2342=EDGE_CURVE('',#1833,#1834,#1468,.T.);
#2343=EDGE_CURVE('',#1835,#1836,#1469,.T.);
#2344=EDGE_CURVE('',#1836,#1835,#1470,.T.);
#2345=EDGE_CURVE('',#1836,#1837,#1026,.T.);
#2346=EDGE_CURVE('',#1838,#1837,#1471,.T.);
#2347=EDGE_CURVE('',#1837,#1838,#1472,.T.);
#2348=EDGE_CURVE('',#1839,#1840,#1473,.T.);
#2349=EDGE_CURVE('',#1840,#1839,#1474,.T.);
#2350=EDGE_CURVE('',#1840,#1841,#1027,.T.);
#2351=EDGE_CURVE('',#1842,#1841,#1475,.T.);
#2352=EDGE_CURVE('',#1841,#1842,#1476,.T.);
#2353=EDGE_CURVE('',#1843,#1844,#1477,.T.);
#2354=EDGE_CURVE('',#1844,#1843,#1478,.T.);
#2355=EDGE_CURVE('',#1844,#1845,#1028,.T.);
#2356=EDGE_CURVE('',#1846,#1845,#1479,.T.);
#2357=EDGE_CURVE('',#1845,#1846,#1480,.T.);
#2358=EDGE_CURVE('',#1847,#1848,#1481,.T.);
#2359=EDGE_CURVE('',#1848,#1847,#1482,.T.);
#2360=EDGE_CURVE('',#1848,#1849,#1029,.T.);
#2361=EDGE_CURVE('',#1850,#1849,#1483,.T.);
#2362=EDGE_CURVE('',#1849,#1850,#1484,.T.);
#2363=EDGE_CURVE('',#1851,#1852,#1485,.T.);
#2364=EDGE_CURVE('',#1852,#1851,#1486,.T.);
#2365=EDGE_CURVE('',#1852,#1853,#1030,.T.);
#2366=EDGE_CURVE('',#1854,#1853,#1487,.T.);
#2367=EDGE_CURVE('',#1853,#1854,#1488,.T.);
#2368=EDGE_CURVE('',#1855,#1856,#1489,.T.);
#2369=EDGE_CURVE('',#1856,#1855,#1490,.T.);
#2370=EDGE_CURVE('',#1856,#1857,#1031,.T.);
#2371=EDGE_CURVE('',#1858,#1857,#1491,.T.);
#2372=EDGE_CURVE('',#1857,#1858,#1492,.T.);
#2373=EDGE_CURVE('',#1859,#1860,#1493,.T.);
#2374=EDGE_CURVE('',#1860,#1859,#1494,.T.);
#2375=EDGE_CURVE('',#1860,#1861,#1032,.T.);
#2376=EDGE_CURVE('',#1862,#1861,#1495,.T.);
#2377=EDGE_CURVE('',#1861,#1862,#1496,.T.);
#2378=EDGE_CURVE('',#1863,#1864,#235,.T.);
#2379=EDGE_CURVE('',#1865,#1863,#1033,.T.);
#2380=EDGE_CURVE('',#1865,#1866,#1034,.T.);
#2381=EDGE_CURVE('',#1864,#1866,#1035,.T.);
#2382=EDGE_CURVE('',#1867,#1863,#1497,.T.);
#2383=EDGE_CURVE('',#1867,#1868,#1036,.T.);
#2384=EDGE_CURVE('',#1868,#1865,#55,.T.);
#2385=EDGE_CURVE('',#1869,#1867,#236,.T.);
#2386=EDGE_CURVE('',#1870,#1869,#1037,.T.);
#2387=EDGE_CURVE('',#1870,#1868,#1038,.T.);
#2388=EDGE_CURVE('',#1871,#1869,#1498,.T.);
#2389=EDGE_CURVE('',#1871,#1872,#1039,.T.);
#2390=EDGE_CURVE('',#1872,#1870,#56,.T.);
#2391=EDGE_CURVE('',#1873,#1871,#237,.T.);
#2392=EDGE_CURVE('',#1874,#1873,#1040,.T.);
#2393=EDGE_CURVE('',#1874,#1872,#1041,.T.);
#2394=EDGE_CURVE('',#1875,#1873,#1499,.T.);
#2395=EDGE_CURVE('',#1875,#1876,#1042,.T.);
#2396=EDGE_CURVE('',#1876,#1874,#57,.T.);
#2397=EDGE_CURVE('',#1877,#1875,#238,.T.);
#2398=EDGE_CURVE('',#1878,#1877,#1043,.T.);
#2399=EDGE_CURVE('',#1876,#1878,#1044,.T.);
#2400=EDGE_CURVE('',#1864,#1877,#1500,.T.);
#2401=EDGE_CURVE('',#1866,#1878,#58,.T.);
#2402=EDGE_CURVE('',#1879,#1879,#335,.T.);
#2403=EDGE_CURVE('',#1880,#1880,#336,.T.);
#2404=EDGE_CURVE('',#1880,#1881,#1045,.T.);
#2405=EDGE_CURVE('',#1881,#1882,#337,.T.);
#2406=EDGE_CURVE('',#1882,#1771,#1501,.T.);
#2407=EDGE_CURVE('',#1777,#1883,#1502,.T.);
#2408=EDGE_CURVE('',#1884,#1883,#239,.T.);
#2409=EDGE_CURVE('',#1884,#1885,#1503,.T.);
#2410=EDGE_CURVE('',#1885,#1886,#338,.T.);
#2411=EDGE_CURVE('',#1886,#1887,#1504,.T.);
#2412=EDGE_CURVE('',#1887,#1888,#339,.T.);
#2413=EDGE_CURVE('',#1888,#1889,#1505,.T.);
#2414=EDGE_CURVE('',#1889,#1881,#340,.T.);
#2415=EDGE_CURVE('',#1890,#1891,#341,.T.);
#2416=EDGE_CURVE('',#1891,#1892,#342,.T.);
#2417=EDGE_CURVE('',#1892,#1893,#240,.T.);
#2418=EDGE_CURVE('',#1893,#1894,#1506,.T.);
#2419=EDGE_CURVE('',#1894,#1895,#241,.T.);
#2420=EDGE_CURVE('',#1895,#1890,#343,.T.);
#2421=EDGE_CURVE('',#1896,#1897,#344,.T.);
#2422=EDGE_CURVE('',#1897,#1898,#345,.T.);
#2423=EDGE_CURVE('',#1898,#1899,#242,.T.);
#2424=EDGE_CURVE('',#1899,#1900,#1507,.T.);
#2425=EDGE_CURVE('',#1900,#1901,#243,.T.);
#2426=EDGE_CURVE('',#1901,#1896,#346,.T.);
#2427=EDGE_CURVE('',#1902,#1903,#347,.T.);
#2428=EDGE_CURVE('',#1903,#1904,#348,.T.);
#2429=EDGE_CURVE('',#1904,#1905,#244,.T.);
#2430=EDGE_CURVE('',#1905,#1906,#1508,.T.);
#2431=EDGE_CURVE('',#1906,#1907,#245,.T.);
#2432=EDGE_CURVE('',#1907,#1902,#349,.T.);
#2433=EDGE_CURVE('',#1908,#1909,#350,.T.);
#2434=EDGE_CURVE('',#1909,#1910,#351,.T.);
#2435=EDGE_CURVE('',#1910,#1911,#246,.T.);
#2436=EDGE_CURVE('',#1911,#1912,#1509,.T.);
#2437=EDGE_CURVE('',#1912,#1913,#247,.T.);
#2438=EDGE_CURVE('',#1913,#1908,#352,.T.);
#2439=EDGE_CURVE('',#1914,#1915,#1510,.T.);
#2440=EDGE_CURVE('',#1915,#1914,#1511,.T.);
#2441=EDGE_CURVE('',#1916,#1916,#353,.T.);
#2442=EDGE_CURVE('',#1917,#1917,#354,.T.);
#2443=EDGE_CURVE('',#1918,#1918,#355,.T.);
#2444=EDGE_CURVE('',#1896,#1897,#356,.T.);
#2445=EDGE_CURVE('',#1919,#1919,#357,.T.);
#2446=EDGE_CURVE('',#1919,#1917,#1046,.T.);
#2447=EDGE_CURVE('',#1920,#1920,#358,.T.);
#2448=EDGE_CURVE('',#1908,#1921,#359,.T.);
#2449=EDGE_CURVE('',#1921,#1909,#360,.T.);
#2450=EDGE_CURVE('',#1922,#1922,#361,.T.);
#2451=EDGE_CURVE('',#1922,#1916,#1047,.T.);
#2452=EDGE_CURVE('',#1923,#1923,#362,.T.);
#2453=EDGE_CURVE('',#1890,#1891,#363,.T.);
#2454=EDGE_CURVE('',#1924,#1924,#364,.T.);
#2455=EDGE_CURVE('',#1924,#1918,#1048,.T.);
#2456=EDGE_CURVE('',#1925,#1925,#365,.T.);
#2457=EDGE_CURVE('',#1926,#1926,#366,.T.);
#2458=EDGE_CURVE('',#1926,#1879,#1049,.T.);
#2459=EDGE_CURVE('',#1902,#1927,#367,.T.);
#2460=EDGE_CURVE('',#1927,#1903,#368,.T.);
#2461=EDGE_CURVE('',#1928,#1928,#369,.T.);
#2462=EDGE_CURVE('',#1890,#1929,#370,.T.);
#2463=EDGE_CURVE('',#1929,#1925,#1050,.T.);
#2464=EDGE_CURVE('',#1929,#1891,#371,.T.);
#2465=EDGE_CURVE('',#1896,#1930,#372,.T.);
#2466=EDGE_CURVE('',#1930,#1920,#1051,.T.);
#2467=EDGE_CURVE('',#1930,#1897,#373,.T.);
#2468=EDGE_CURVE('',#1898,#1931,#1052,.T.);
#2469=EDGE_CURVE('',#1931,#1899,#1053,.T.);
#2470=EDGE_CURVE('',#1902,#1903,#374,.T.);
#2471=EDGE_CURVE('',#1927,#1928,#1054,.T.);
#2472=EDGE_CURVE('',#1904,#1932,#1055,.T.);
#2473=EDGE_CURVE('',#1932,#1905,#1056,.T.);
#2474=EDGE_CURVE('',#1933,#1912,#1057,.T.);
#2475=EDGE_CURVE('',#1933,#1913,#1058,.T.);
#2476=EDGE_CURVE('',#1908,#1909,#375,.T.);
#2477=EDGE_CURVE('',#1921,#1923,#1059,.T.);
#2478=EDGE_CURVE('',#1934,#1933,#376,.T.);
#2479=EDGE_CURVE('',#1910,#1934,#1060,.T.);
#2480=EDGE_CURVE('',#1935,#1907,#1061,.T.);
#2481=EDGE_CURVE('',#1932,#1935,#377,.T.);
#2482=EDGE_CURVE('',#1936,#1901,#1062,.T.);
#2483=EDGE_CURVE('',#1931,#1936,#378,.T.);
#2484=EDGE_CURVE('',#1937,#1895,#1063,.T.);
#2485=EDGE_CURVE('',#1938,#1937,#379,.T.);
#2486=EDGE_CURVE('',#1892,#1938,#1064,.T.);
#2487=EDGE_CURVE('',#1934,#1911,#1065,.T.);
#2488=EDGE_CURVE('',#1938,#1893,#1066,.T.);
#2489=EDGE_CURVE('',#1937,#1894,#1067,.T.);
#2490=EDGE_CURVE('',#1936,#1900,#1068,.T.);
#2491=EDGE_CURVE('',#1935,#1906,#1069,.T.);
#2492=EDGE_CURVE('',#1939,#1940,#1512,.T.);
#2493=EDGE_CURVE('',#1941,#1939,#380,.T.);
#2494=EDGE_CURVE('',#1941,#1942,#1070,.T.);
#2495=EDGE_CURVE('',#1942,#1942,#381,.T.);
#2496=EDGE_CURVE('',#1940,#1941,#382,.T.);
#2497=EDGE_CURVE('',#1943,#1944,#1513,.T.);
#2498=EDGE_CURVE('',#1945,#1943,#383,.T.);
#2499=EDGE_CURVE('',#1945,#1946,#1071,.T.);
#2500=EDGE_CURVE('',#1946,#1946,#384,.T.);
#2501=EDGE_CURVE('',#1889,#1945,#385,.T.);
#2502=EDGE_CURVE('',#1944,#1888,#386,.T.);
#2503=EDGE_CURVE('',#1786,#1787,#1514,.T.);
#2504=EDGE_CURVE('',#1785,#1788,#1515,.T.);
#2505=EDGE_CURVE('',#1788,#1785,#1516,.T.);
#2506=EDGE_CURVE('',#1947,#1947,#387,.T.);
#2507=EDGE_CURVE('',#1947,#1784,#1072,.T.);
#2508=EDGE_CURVE('',#1783,#1782,#1517,.T.);
#2509=EDGE_CURVE('',#1781,#1778,#1518,.T.);
#2510=EDGE_CURVE('',#1798,#1948,#1519,.T.);
#2511=EDGE_CURVE('',#1948,#1949,#248,.T.);
#2512=EDGE_CURVE('',#1949,#1793,#1520,.T.);
#2513=EDGE_CURVE('',#1792,#1789,#1521,.T.);
#2514=EDGE_CURVE('',#1950,#1951,#388,.T.);
#2515=EDGE_CURVE('',#1952,#1951,#1522,.T.);
#2516=EDGE_CURVE('',#1953,#1952,#1523,.T.);
#2517=EDGE_CURVE('',#1953,#1954,#1524,.T.);
#2518=EDGE_CURVE('',#1955,#1954,#1525,.F.);
#2519=EDGE_CURVE('',#1955,#1956,#249,.T.);
#2520=EDGE_CURVE('',#1957,#1956,#1526,.F.);
#2521=EDGE_CURVE('',#1957,#1958,#250,.T.);
#2522=EDGE_CURVE('',#1950,#1958,#1527,.F.);
#2523=EDGE_CURVE('',#1887,#1959,#389,.T.);
#2524=EDGE_CURVE('',#1959,#1944,#390,.T.);
#2525=EDGE_CURVE('',#1943,#1960,#391,.T.);
#2526=EDGE_CURVE('',#1960,#1961,#392,.T.);
#2527=EDGE_CURVE('',#1961,#1882,#393,.T.);
#2528=EDGE_CURVE('',#1939,#1940,#394,.T.);
#2529=EDGE_CURVE('',#1774,#1962,#1528,.T.);
#2530=EDGE_CURVE('',#1962,#1773,#1529,.T.);
#2531=EDGE_CURVE('',#1772,#1963,#1530,.T.);
#2532=EDGE_CURVE('',#1963,#1961,#1531,.T.);
#2533=EDGE_CURVE('',#1960,#1964,#1073,.T.);
#2534=EDGE_CURVE('',#1964,#1964,#395,.T.);
#2535=EDGE_CURVE('',#1959,#1965,#1532,.T.);
#2536=EDGE_CURVE('',#1966,#1965,#396,.T.);
#2537=EDGE_CURVE('',#1967,#1966,#1074,.T.);
#2538=EDGE_CURVE('',#1967,#1968,#1533,.T.);
#2539=EDGE_CURVE('',#1969,#1968,#251,.T.);
#2540=EDGE_CURVE('',#1969,#1970,#1534,.T.);
#2541=EDGE_CURVE('',#1775,#1970,#1075,.T.);
#2542=EDGE_CURVE('',#1971,#1972,#397,.T.);
#2543=EDGE_CURVE('',#1973,#1971,#252,.T.);
#2544=EDGE_CURVE('',#1974,#1973,#253,.T.);
#2545=EDGE_CURVE('',#1972,#1974,#254,.T.);
#2546=EDGE_CURVE('',#1975,#1976,#1535,.T.);
#2547=EDGE_CURVE('',#1977,#1975,#398,.T.);
#2548=EDGE_CURVE('',#1978,#1977,#1536,.T.);
#2549=EDGE_CURVE('',#1978,#1979,#1076,.T.);
#2550=EDGE_CURVE('',#1979,#1979,#399,.T.);
#2551=EDGE_CURVE('',#1980,#1978,#1537,.T.);
#2552=EDGE_CURVE('',#1976,#1980,#400,.T.);
#2553=EDGE_CURVE('',#1963,#1981,#1077,.T.);
#2554=EDGE_CURVE('',#1981,#1981,#401,.T.);
#2555=EDGE_CURVE('',#1980,#1977,#402,.T.);
#2556=EDGE_CURVE('',#1982,#1983,#1538,.T.);
#2557=EDGE_CURVE('',#1983,#1982,#1539,.T.);
#2558=EDGE_CURVE('',#1983,#1984,#1078,.T.);
#2559=EDGE_CURVE('',#1984,#1984,#403,.T.);
#2560=EDGE_CURVE('',#1915,#1985,#1079,.T.);
#2561=EDGE_CURVE('',#1985,#1985,#404,.T.);
#2562=EDGE_CURVE('',#1976,#1975,#405,.T.);
#2563=EDGE_CURVE('',#1986,#1987,#1540,.T.);
#2564=EDGE_CURVE('',#1987,#1986,#1541,.T.);
#2565=EDGE_CURVE('',#1987,#1988,#1080,.T.);
#2566=EDGE_CURVE('',#1988,#1988,#406,.T.);
#2567=EDGE_CURVE('',#1962,#1989,#1081,.T.);
#2568=EDGE_CURVE('',#1989,#1989,#407,.T.);
#2569=EDGE_CURVE('',#1778,#1781,#1542,.T.);
#2570=EDGE_CURVE('',#1780,#1779,#1543,.T.);
#2571=EDGE_CURVE('',#1779,#1780,#1544,.T.);
#2572=EDGE_CURVE('',#1990,#1991,#1545,.T.);
#2573=EDGE_CURVE('',#1992,#1990,#408,.T.);
#2574=EDGE_CURVE('',#1991,#1992,#1546,.T.);
#2575=EDGE_CURVE('',#1991,#1993,#1082,.T.);
#2576=EDGE_CURVE('',#1993,#1993,#409,.T.);
#2577=EDGE_CURVE('',#1994,#1886,#410,.T.);
#2578=EDGE_CURVE('',#1994,#1995,#1083,.T.);
#2579=EDGE_CURVE('',#1995,#1995,#411,.T.);
#2580=EDGE_CURVE('',#1965,#1994,#412,.T.);
#2581=EDGE_CURVE('',#1790,#1791,#1547,.T.);
#2582=EDGE_CURVE('',#1789,#1792,#1548,.T.);
#2583=EDGE_CURVE('',#1996,#1885,#413,.T.);
#2584=EDGE_CURVE('',#1966,#1996,#1084,.T.);
#2585=EDGE_CURVE('',#1990,#1992,#414,.T.);
#2586=EDGE_CURVE('',#1973,#1997,#1085,.T.);
#2587=EDGE_CURVE('',#1998,#1997,#415,.T.);
#2588=EDGE_CURVE('',#1999,#1998,#1086,.T.);
#2589=EDGE_CURVE('',#1974,#1999,#1087,.T.);
#2590=EDGE_CURVE('',#2000,#1971,#1088,.T.);
#2591=EDGE_CURVE('',#1997,#2000,#416,.T.);
#2592=EDGE_CURVE('',#1968,#1949,#1089,.T.);
#2593=EDGE_CURVE('',#1969,#1948,#1090,.T.);
#2594=EDGE_CURVE('',#1967,#1794,#1091,.T.);
#2595=EDGE_CURVE('',#1996,#1795,#1092,.T.);
#2596=EDGE_CURVE('',#1884,#1768,#1093,.T.);
#2597=EDGE_CURVE('',#2001,#2001,#417,.T.);
#2598=EDGE_CURVE('',#2001,#2002,#418,.T.);
#2599=EDGE_CURVE('',#2002,#2003,#419,.T.);
#2600=EDGE_CURVE('',#2003,#2002,#420,.T.);
#2601=EDGE_CURVE('',#2004,#2004,#421,.T.);
#2602=EDGE_CURVE('',#2004,#2003,#1094,.T.);
#2603=EDGE_CURVE('',#1953,#2005,#1549,.F.);
#2604=EDGE_CURVE('',#1952,#2006,#422,.T.);
#2605=EDGE_CURVE('',#2005,#2006,#423,.T.);
#2606=EDGE_CURVE('',#1951,#2007,#1550,.T.);
#2607=EDGE_CURVE('',#2006,#2007,#1095,.T.);
#2608=EDGE_CURVE('',#1956,#2008,#1096,.T.);
#2609=EDGE_CURVE('',#2008,#2009,#424,.T.);
#2610=EDGE_CURVE('',#2009,#1957,#1097,.T.);
#2611=EDGE_CURVE('',#2008,#2010,#425,.T.);
#2612=EDGE_CURVE('',#2010,#2009,#426,.T.);
#2613=EDGE_CURVE('',#2000,#1998,#427,.T.);
#2614=EDGE_CURVE('',#2010,#1950,#1098,.T.);
#2615=EDGE_CURVE('',#1958,#2009,#1099,.T.);
#2616=EDGE_CURVE('',#2008,#1955,#1100,.T.);
#2617=EDGE_CURVE('',#2006,#2010,#1101,.T.);
#2618=EDGE_CURVE('',#1972,#1999,#1102,.T.);
#2619=EDGE_CURVE('',#1883,#1769,#1103,.T.);
#2620=EDGE_CURVE('',#1776,#1796,#1104,.T.);
#2621=EDGE_CURVE('',#1970,#1797,#1105,.T.);
#2622=EDGE_CURVE('',#2011,#2012,#1551,.T.);
#2623=EDGE_CURVE('',#2012,#2013,#1552,.T.);
#2624=EDGE_CURVE('',#2013,#2014,#1553,.F.);
#2625=EDGE_CURVE('',#2014,#2015,#1554,.T.);
#2626=EDGE_CURVE('',#2015,#2011,#1555,.T.);
#2627=EDGE_CURVE('',#2016,#2012,#1106,.T.);
#2628=EDGE_CURVE('',#2017,#2016,#1107,.T.);
#2629=EDGE_CURVE('',#2017,#2013,#1108,.T.);
#2630=EDGE_CURVE('',#2018,#2011,#1556,.T.);
#2631=EDGE_CURVE('',#2018,#2012,#1557,.T.);
#2632=EDGE_CURVE('',#2015,#2019,#1558,.T.);
#2633=EDGE_CURVE('',#2020,#2019,#1559,.T.);
#2634=EDGE_CURVE('',#2020,#2018,#1560,.T.);
#2635=EDGE_CURVE('',#2021,#2022,#1561,.T.);
#2636=EDGE_CURVE('',#2022,#2023,#1562,.T.);
#2637=EDGE_CURVE('',#2023,#2024,#1563,.T.);
#2638=EDGE_CURVE('',#2024,#2021,#1564,.T.);
#2639=EDGE_CURVE('',#2022,#2025,#1565,.T.);
#2640=EDGE_CURVE('',#2025,#2026,#1566,.T.);
#2641=EDGE_CURVE('',#2026,#2023,#1567,.T.);
#2642=EDGE_CURVE('',#2027,#2020,#1568,.T.);
#2643=EDGE_CURVE('',#2019,#2028,#1569,.T.);
#2644=EDGE_CURVE('',#2028,#2027,#1570,.T.);
#2645=EDGE_CURVE('',#2029,#2027,#1571,.T.);
#2646=EDGE_CURVE('',#2028,#2030,#1572,.T.);
#2647=EDGE_CURVE('',#2030,#2029,#1573,.T.);
#2648=EDGE_CURVE('',#2031,#2029,#1574,.T.);
#2649=EDGE_CURVE('',#2030,#2032,#1575,.T.);
#2650=EDGE_CURVE('',#2032,#2031,#1576,.T.);
#2651=EDGE_CURVE('',#2033,#2031,#1577,.T.);
#2652=EDGE_CURVE('',#2032,#2034,#1578,.T.);
#2653=EDGE_CURVE('',#2034,#2033,#1579,.T.);
#2654=EDGE_CURVE('',#2025,#2033,#1580,.T.);
#2655=EDGE_CURVE('',#2034,#2026,#1581,.T.);
#2656=EDGE_CURVE('',#2035,#2021,#1582,.T.);
#2657=EDGE_CURVE('',#2024,#2036,#1583,.T.);
#2658=EDGE_CURVE('',#2036,#2035,#1584,.T.);
#2659=EDGE_CURVE('',#2037,#2035,#1585,.T.);
#2660=EDGE_CURVE('',#2036,#2038,#1586,.T.);
#2661=EDGE_CURVE('',#2038,#2037,#1587,.T.);
#2662=EDGE_CURVE('',#2039,#2037,#1588,.T.);
#2663=EDGE_CURVE('',#2038,#2040,#1589,.T.);
#2664=EDGE_CURVE('',#2040,#2039,#1590,.T.);
#2665=EDGE_CURVE('',#2041,#2039,#1591,.T.);
#2666=EDGE_CURVE('',#2040,#2042,#1592,.T.);
#2667=EDGE_CURVE('',#2042,#2041,#1593,.T.);
#2668=EDGE_CURVE('',#2043,#2041,#1594,.T.);
#2669=EDGE_CURVE('',#2042,#2044,#1595,.T.);
#2670=EDGE_CURVE('',#2044,#2043,#1596,.T.);
#2671=EDGE_CURVE('',#2045,#2043,#1597,.T.);
#2672=EDGE_CURVE('',#2044,#2046,#1598,.T.);
#2673=EDGE_CURVE('',#2046,#2045,#1599,.T.);
#2674=EDGE_CURVE('',#2047,#2045,#1600,.T.);
#2675=EDGE_CURVE('',#2046,#2048,#1601,.T.);
#2676=EDGE_CURVE('',#2048,#2047,#1602,.T.);
#2677=EDGE_CURVE('',#2049,#2047,#1603,.T.);
#2678=EDGE_CURVE('',#2048,#2050,#1604,.T.);
#2679=EDGE_CURVE('',#2050,#2049,#1605,.T.);
#2680=EDGE_CURVE('',#2051,#2049,#1606,.T.);
#2681=EDGE_CURVE('',#2050,#2052,#1607,.T.);
#2682=EDGE_CURVE('',#2052,#2051,#1608,.T.);
#2683=EDGE_CURVE('',#2053,#2051,#1609,.T.);
#2684=EDGE_CURVE('',#2052,#2054,#1610,.T.);
#2685=EDGE_CURVE('',#2054,#2053,#1611,.T.);
#2686=EDGE_CURVE('',#2055,#2053,#1612,.T.);
#2687=EDGE_CURVE('',#2054,#2056,#1613,.T.);
#2688=EDGE_CURVE('',#2056,#2055,#1614,.T.);
#2689=EDGE_CURVE('',#2057,#2055,#1615,.T.);
#2690=EDGE_CURVE('',#2056,#2058,#1616,.T.);
#2691=EDGE_CURVE('',#2058,#2057,#1617,.T.);
#2692=EDGE_CURVE('',#2059,#2057,#1618,.T.);
#2693=EDGE_CURVE('',#2058,#2060,#1619,.T.);
#2694=EDGE_CURVE('',#2060,#2059,#1620,.T.);
#2695=EDGE_CURVE('',#2061,#2059,#1621,.T.);
#2696=EDGE_CURVE('',#2060,#2062,#1622,.T.);
#2697=EDGE_CURVE('',#2062,#2061,#1623,.T.);
#2698=EDGE_CURVE('',#2063,#2061,#1624,.T.);
#2699=EDGE_CURVE('',#2062,#2064,#1625,.T.);
#2700=EDGE_CURVE('',#2064,#2063,#1626,.T.);
#2701=EDGE_CURVE('',#2065,#2063,#1627,.T.);
#2702=EDGE_CURVE('',#2064,#2066,#1628,.T.);
#2703=EDGE_CURVE('',#2066,#2065,#1629,.T.);
#2704=EDGE_CURVE('',#2067,#2065,#1630,.T.);
#2705=EDGE_CURVE('',#2066,#2068,#1631,.T.);
#2706=EDGE_CURVE('',#2068,#2067,#1632,.T.);
#2707=EDGE_CURVE('',#2069,#2067,#1633,.T.);
#2708=EDGE_CURVE('',#2068,#2070,#1634,.T.);
#2709=EDGE_CURVE('',#2070,#2069,#1635,.T.);
#2710=EDGE_CURVE('',#2071,#2069,#1636,.T.);
#2711=EDGE_CURVE('',#2070,#2072,#1637,.T.);
#2712=EDGE_CURVE('',#2072,#2071,#1638,.T.);
#2713=EDGE_CURVE('',#2073,#2071,#1639,.T.);
#2714=EDGE_CURVE('',#2072,#2074,#1640,.T.);
#2715=EDGE_CURVE('',#2074,#2073,#1641,.T.);
#2716=EDGE_CURVE('',#2075,#2073,#1642,.T.);
#2717=EDGE_CURVE('',#2074,#2076,#1643,.T.);
#2718=EDGE_CURVE('',#2076,#2075,#1644,.T.);
#2719=EDGE_CURVE('',#2077,#2075,#1645,.T.);
#2720=EDGE_CURVE('',#2076,#2078,#1646,.T.);
#2721=EDGE_CURVE('',#2078,#2077,#1647,.T.);
#2722=EDGE_CURVE('',#2079,#2077,#1648,.T.);
#2723=EDGE_CURVE('',#2078,#2080,#1649,.T.);
#2724=EDGE_CURVE('',#2080,#2079,#1650,.T.);
#2725=EDGE_CURVE('',#2081,#2079,#1651,.T.);
#2726=EDGE_CURVE('',#2080,#2082,#1652,.T.);
#2727=EDGE_CURVE('',#2082,#2081,#1653,.T.);
#2728=EDGE_CURVE('',#2083,#2081,#1654,.T.);
#2729=EDGE_CURVE('',#2082,#2084,#1655,.T.);
#2730=EDGE_CURVE('',#2084,#2083,#1656,.T.);
#2731=EDGE_CURVE('',#2084,#2085,#1657,.T.);
#2732=EDGE_CURVE('',#2014,#2085,#1658,.T.);
#2733=EDGE_CURVE('',#2013,#2083,#1659,.T.);
#2734=EDGE_CURVE('',#2086,#2018,#1109,.T.);
#2735=EDGE_CURVE('',#2086,#2016,#428,.T.);
#2736=EDGE_CURVE('',#2087,#2020,#1110,.T.);
#2737=EDGE_CURVE('',#2087,#2086,#1111,.T.);
#2738=EDGE_CURVE('',#2088,#2027,#1112,.T.);
#2739=EDGE_CURVE('',#2088,#2087,#429,.T.);
#2740=EDGE_CURVE('',#2089,#2029,#1113,.T.);
#2741=EDGE_CURVE('',#2089,#2088,#1114,.T.);
#2742=EDGE_CURVE('',#2090,#2031,#1115,.T.);
#2743=EDGE_CURVE('',#2090,#2089,#1116,.T.);
#2744=EDGE_CURVE('',#2091,#2033,#1117,.T.);
#2745=EDGE_CURVE('',#2090,#2091,#1118,.T.);
#2746=EDGE_CURVE('',#2092,#2025,#1119,.T.);
#2747=EDGE_CURVE('',#2092,#2091,#430,.T.);
#2748=EDGE_CURVE('',#2093,#2022,#1120,.T.);
#2749=EDGE_CURVE('',#2093,#2092,#1121,.T.);
#2750=EDGE_CURVE('',#2094,#2021,#1122,.T.);
#2751=EDGE_CURVE('',#2094,#2093,#431,.T.);
#2752=EDGE_CURVE('',#2095,#2035,#1123,.T.);
#2753=EDGE_CURVE('',#2095,#2094,#1124,.T.);
#2754=EDGE_CURVE('',#2096,#2037,#1125,.T.);
#2755=EDGE_CURVE('',#2096,#2095,#1126,.T.);
#2756=EDGE_CURVE('',#2097,#2039,#1127,.T.);
#2757=EDGE_CURVE('',#2096,#2097,#1128,.T.);
#2758=EDGE_CURVE('',#2098,#2041,#1129,.T.);
#2759=EDGE_CURVE('',#2098,#2097,#432,.T.);
#2760=EDGE_CURVE('',#2099,#2043,#1130,.T.);
#2761=EDGE_CURVE('',#2099,#2098,#1131,.T.);
#2762=EDGE_CURVE('',#2100,#2045,#1132,.T.);
#2763=EDGE_CURVE('',#2100,#2099,#1133,.T.);
#2764=EDGE_CURVE('',#2101,#2047,#1134,.T.);
#2765=EDGE_CURVE('',#2100,#2101,#1135,.T.);
#2766=EDGE_CURVE('',#2102,#2049,#1136,.T.);
#2767=EDGE_CURVE('',#2102,#2101,#433,.T.);
#2768=EDGE_CURVE('',#2103,#2051,#1137,.T.);
#2769=EDGE_CURVE('',#2103,#2102,#1138,.T.);
#2770=EDGE_CURVE('',#2104,#2053,#1139,.T.);
#2771=EDGE_CURVE('',#2104,#2103,#1140,.T.);
#2772=EDGE_CURVE('',#2105,#2055,#1141,.T.);
#2773=EDGE_CURVE('',#2104,#2105,#1142,.T.);
#2774=EDGE_CURVE('',#2106,#2057,#1143,.T.);
#2775=EDGE_CURVE('',#2106,#2105,#434,.T.);
#2776=EDGE_CURVE('',#2107,#2059,#1144,.T.);
#2777=EDGE_CURVE('',#2107,#2106,#1145,.T.);
#2778=EDGE_CURVE('',#2108,#2061,#1146,.T.);
#2779=EDGE_CURVE('',#2108,#2107,#1147,.T.);
#2780=EDGE_CURVE('',#2109,#2063,#1148,.T.);
#2781=EDGE_CURVE('',#2108,#2109,#1149,.T.);
#2782=EDGE_CURVE('',#2110,#2065,#1150,.T.);
#2783=EDGE_CURVE('',#2110,#2109,#435,.T.);
#2784=EDGE_CURVE('',#2111,#2067,#1151,.T.);
#2785=EDGE_CURVE('',#2111,#2110,#1152,.T.);
#2786=EDGE_CURVE('',#2112,#2069,#1153,.T.);
#2787=EDGE_CURVE('',#2112,#2111,#1154,.T.);
#2788=EDGE_CURVE('',#2113,#2071,#1155,.T.);
#2789=EDGE_CURVE('',#2112,#2113,#1156,.T.);
#2790=EDGE_CURVE('',#2114,#2073,#1157,.T.);
#2791=EDGE_CURVE('',#2114,#2113,#436,.T.);
#2792=EDGE_CURVE('',#2115,#2075,#1158,.T.);
#2793=EDGE_CURVE('',#2115,#2114,#1159,.T.);
#2794=EDGE_CURVE('',#2116,#2077,#1160,.T.);
#2795=EDGE_CURVE('',#2116,#2115,#1161,.T.);
#2796=EDGE_CURVE('',#2117,#2079,#1162,.T.);
#2797=EDGE_CURVE('',#2116,#2117,#1163,.T.);
#2798=EDGE_CURVE('',#2118,#2081,#1164,.T.);
#2799=EDGE_CURVE('',#2118,#2117,#437,.T.);
#2800=EDGE_CURVE('',#2119,#2083,#1165,.T.);
#2801=EDGE_CURVE('',#2119,#2118,#1166,.T.);
#2802=EDGE_CURVE('',#2017,#2119,#1167,.T.);
#2803=ORIENTED_EDGE('',*,*,#2120,.F.);
#2804=ORIENTED_EDGE('',*,*,#2121,.F.);
#2805=ORIENTED_EDGE('',*,*,#2122,.T.);
#2806=ORIENTED_EDGE('',*,*,#2123,.F.);
#2807=ORIENTED_EDGE('',*,*,#2124,.F.);
#2808=ORIENTED_EDGE('',*,*,#2122,.F.);
#2809=ORIENTED_EDGE('',*,*,#2125,.F.);
#2810=ORIENTED_EDGE('',*,*,#2126,.F.);
#2811=ORIENTED_EDGE('',*,*,#2127,.T.);
#2812=ORIENTED_EDGE('',*,*,#2128,.F.);
#2813=ORIENTED_EDGE('',*,*,#2129,.F.);
#2814=ORIENTED_EDGE('',*,*,#2130,.F.);
#2815=ORIENTED_EDGE('',*,*,#2127,.F.);
#2816=ORIENTED_EDGE('',*,*,#2131,.F.);
#2817=ORIENTED_EDGE('',*,*,#2132,.F.);
#2818=ORIENTED_EDGE('',*,*,#2133,.T.);
#2819=ORIENTED_EDGE('',*,*,#2134,.F.);
#2820=ORIENTED_EDGE('',*,*,#2135,.F.);
#2821=ORIENTED_EDGE('',*,*,#2133,.F.);
#2822=ORIENTED_EDGE('',*,*,#2136,.F.);
#2823=ORIENTED_EDGE('',*,*,#2137,.F.);
#2824=ORIENTED_EDGE('',*,*,#2138,.T.);
#2825=ORIENTED_EDGE('',*,*,#2139,.F.);
#2826=ORIENTED_EDGE('',*,*,#2140,.F.);
#2827=ORIENTED_EDGE('',*,*,#2141,.F.);
#2828=ORIENTED_EDGE('',*,*,#2138,.F.);
#2829=ORIENTED_EDGE('',*,*,#2142,.F.);
#2830=ORIENTED_EDGE('',*,*,#2143,.F.);
#2831=ORIENTED_EDGE('',*,*,#2144,.T.);
#2832=ORIENTED_EDGE('',*,*,#2145,.F.);
#2833=ORIENTED_EDGE('',*,*,#2146,.F.);
#2834=ORIENTED_EDGE('',*,*,#2144,.F.);
#2835=ORIENTED_EDGE('',*,*,#2147,.F.);
#2836=ORIENTED_EDGE('',*,*,#2148,.F.);
#2837=ORIENTED_EDGE('',*,*,#2149,.T.);
#2838=ORIENTED_EDGE('',*,*,#2150,.F.);
#2839=ORIENTED_EDGE('',*,*,#2151,.F.);
#2840=ORIENTED_EDGE('',*,*,#2149,.F.);
#2841=ORIENTED_EDGE('',*,*,#2152,.F.);
#2842=ORIENTED_EDGE('',*,*,#2153,.F.);
#2843=ORIENTED_EDGE('',*,*,#2154,.F.);
#2844=ORIENTED_EDGE('',*,*,#2155,.T.);
#2845=ORIENTED_EDGE('',*,*,#2156,.F.);
#2846=ORIENTED_EDGE('',*,*,#2157,.F.);
#2847=ORIENTED_EDGE('',*,*,#2158,.F.);
#2848=ORIENTED_EDGE('',*,*,#2155,.F.);
#2849=ORIENTED_EDGE('',*,*,#2159,.F.);
#2850=ORIENTED_EDGE('',*,*,#2160,.F.);
#2851=ORIENTED_EDGE('',*,*,#2161,.T.);
#2852=ORIENTED_EDGE('',*,*,#2162,.F.);
#2853=ORIENTED_EDGE('',*,*,#2163,.F.);
#2854=ORIENTED_EDGE('',*,*,#2161,.F.);
#2855=ORIENTED_EDGE('',*,*,#2164,.F.);
#2856=ORIENTED_EDGE('',*,*,#2165,.F.);
#2857=ORIENTED_EDGE('',*,*,#2166,.F.);
#2858=ORIENTED_EDGE('',*,*,#2167,.T.);
#2859=ORIENTED_EDGE('',*,*,#2168,.F.);
#2860=ORIENTED_EDGE('',*,*,#2169,.F.);
#2861=ORIENTED_EDGE('',*,*,#2170,.F.);
#2862=ORIENTED_EDGE('',*,*,#2167,.F.);
#2863=ORIENTED_EDGE('',*,*,#2171,.F.);
#2864=ORIENTED_EDGE('',*,*,#2172,.F.);
#2865=ORIENTED_EDGE('',*,*,#2173,.T.);
#2866=ORIENTED_EDGE('',*,*,#2174,.F.);
#2867=ORIENTED_EDGE('',*,*,#2175,.F.);
#2868=ORIENTED_EDGE('',*,*,#2173,.F.);
#2869=ORIENTED_EDGE('',*,*,#2176,.F.);
#2870=ORIENTED_EDGE('',*,*,#2177,.F.);
#2871=ORIENTED_EDGE('',*,*,#2178,.F.);
#2872=ORIENTED_EDGE('',*,*,#2179,.T.);
#2873=ORIENTED_EDGE('',*,*,#2180,.F.);
#2874=ORIENTED_EDGE('',*,*,#2179,.F.);
#2875=ORIENTED_EDGE('',*,*,#2181,.F.);
#2876=ORIENTED_EDGE('',*,*,#2182,.F.);
#2877=ORIENTED_EDGE('',*,*,#2183,.T.);
#2878=ORIENTED_EDGE('',*,*,#2184,.F.);
#2879=ORIENTED_EDGE('',*,*,#2185,.F.);
#2880=ORIENTED_EDGE('',*,*,#2183,.F.);
#2881=ORIENTED_EDGE('',*,*,#2186,.F.);
#2882=ORIENTED_EDGE('',*,*,#2187,.F.);
#2883=ORIENTED_EDGE('',*,*,#2188,.T.);
#2884=ORIENTED_EDGE('',*,*,#2189,.F.);
#2885=ORIENTED_EDGE('',*,*,#2188,.F.);
#2886=ORIENTED_EDGE('',*,*,#2190,.F.);
#2887=ORIENTED_EDGE('',*,*,#2191,.F.);
#2888=ORIENTED_EDGE('',*,*,#2192,.T.);
#2889=ORIENTED_EDGE('',*,*,#2193,.F.);
#2890=ORIENTED_EDGE('',*,*,#2194,.F.);
#2891=ORIENTED_EDGE('',*,*,#2192,.F.);
#2892=ORIENTED_EDGE('',*,*,#2195,.F.);
#2893=ORIENTED_EDGE('',*,*,#2196,.F.);
#2894=ORIENTED_EDGE('',*,*,#2197,.T.);
#2895=ORIENTED_EDGE('',*,*,#2198,.F.);
#2896=ORIENTED_EDGE('',*,*,#2199,.F.);
#2897=ORIENTED_EDGE('',*,*,#2197,.F.);
#2898=ORIENTED_EDGE('',*,*,#2200,.F.);
#2899=ORIENTED_EDGE('',*,*,#2201,.F.);
#2900=ORIENTED_EDGE('',*,*,#2202,.F.);
#2901=ORIENTED_EDGE('',*,*,#2203,.T.);
#2902=ORIENTED_EDGE('',*,*,#2204,.F.);
#2903=ORIENTED_EDGE('',*,*,#2203,.F.);
#2904=ORIENTED_EDGE('',*,*,#2205,.F.);
#2905=ORIENTED_EDGE('',*,*,#2206,.F.);
#2906=ORIENTED_EDGE('',*,*,#2207,.T.);
#2907=ORIENTED_EDGE('',*,*,#2208,.F.);
#2908=ORIENTED_EDGE('',*,*,#2209,.F.);
#2909=ORIENTED_EDGE('',*,*,#2207,.F.);
#2910=ORIENTED_EDGE('',*,*,#2210,.F.);
#2911=ORIENTED_EDGE('',*,*,#2211,.F.);
#2912=ORIENTED_EDGE('',*,*,#2212,.T.);
#2913=ORIENTED_EDGE('',*,*,#2213,.F.);
#2914=ORIENTED_EDGE('',*,*,#2214,.F.);
#2915=ORIENTED_EDGE('',*,*,#2212,.F.);
#2916=ORIENTED_EDGE('',*,*,#2215,.F.);
#2917=ORIENTED_EDGE('',*,*,#2216,.F.);
#2918=ORIENTED_EDGE('',*,*,#2217,.T.);
#2919=ORIENTED_EDGE('',*,*,#2218,.F.);
#2920=ORIENTED_EDGE('',*,*,#2217,.F.);
#2921=ORIENTED_EDGE('',*,*,#2219,.F.);
#2922=ORIENTED_EDGE('',*,*,#2220,.F.);
#2923=ORIENTED_EDGE('',*,*,#2221,.F.);
#2924=ORIENTED_EDGE('',*,*,#2222,.T.);
#2925=ORIENTED_EDGE('',*,*,#2223,.F.);
#2926=ORIENTED_EDGE('',*,*,#2224,.F.);
#2927=ORIENTED_EDGE('',*,*,#2222,.F.);
#2928=ORIENTED_EDGE('',*,*,#2225,.F.);
#2929=ORIENTED_EDGE('',*,*,#2226,.F.);
#2930=ORIENTED_EDGE('',*,*,#2227,.T.);
#2931=ORIENTED_EDGE('',*,*,#2228,.F.);
#2932=ORIENTED_EDGE('',*,*,#2229,.F.);
#2933=ORIENTED_EDGE('',*,*,#2227,.F.);
#2934=ORIENTED_EDGE('',*,*,#2230,.F.);
#2935=ORIENTED_EDGE('',*,*,#2231,.F.);
#2936=ORIENTED_EDGE('',*,*,#2232,.T.);
#2937=ORIENTED_EDGE('',*,*,#2233,.F.);
#2938=ORIENTED_EDGE('',*,*,#2234,.F.);
#2939=ORIENTED_EDGE('',*,*,#2235,.F.);
#2940=ORIENTED_EDGE('',*,*,#2232,.F.);
#2941=ORIENTED_EDGE('',*,*,#2236,.F.);
#2942=ORIENTED_EDGE('',*,*,#2237,.F.);
#2943=ORIENTED_EDGE('',*,*,#2238,.T.);
#2944=ORIENTED_EDGE('',*,*,#2239,.F.);
#2945=ORIENTED_EDGE('',*,*,#2238,.F.);
#2946=ORIENTED_EDGE('',*,*,#2240,.F.);
#2947=ORIENTED_EDGE('',*,*,#2241,.F.);
#2948=ORIENTED_EDGE('',*,*,#2242,.T.);
#2949=ORIENTED_EDGE('',*,*,#2243,.F.);
#2950=ORIENTED_EDGE('',*,*,#2244,.F.);
#2951=ORIENTED_EDGE('',*,*,#2242,.F.);
#2952=ORIENTED_EDGE('',*,*,#2245,.F.);
#2953=ORIENTED_EDGE('',*,*,#2246,.F.);
#2954=ORIENTED_EDGE('',*,*,#2247,.F.);
#2955=ORIENTED_EDGE('',*,*,#2248,.T.);
#2956=ORIENTED_EDGE('',*,*,#2249,.F.);
#2957=ORIENTED_EDGE('',*,*,#2248,.F.);
#2958=ORIENTED_EDGE('',*,*,#2156,.T.);
#2959=ORIENTED_EDGE('',*,*,#2158,.T.);
#2960=ORIENTED_EDGE('',*,*,#2250,.F.);
#2961=ORIENTED_EDGE('',*,*,#2251,.T.);
#2962=ORIENTED_EDGE('',*,*,#2252,.T.);
#2963=ORIENTED_EDGE('',*,*,#2251,.F.);
#2964=ORIENTED_EDGE('',*,*,#2253,.F.);
#2965=ORIENTED_EDGE('',*,*,#2254,.T.);
#2966=ORIENTED_EDGE('',*,*,#2255,.T.);
#2967=ORIENTED_EDGE('',*,*,#2256,.T.);
#2968=ORIENTED_EDGE('',*,*,#2257,.F.);
#2969=ORIENTED_EDGE('',*,*,#2234,.T.);
#2970=ORIENTED_EDGE('',*,*,#2258,.F.);
#2971=ORIENTED_EDGE('',*,*,#2168,.T.);
#2972=ORIENTED_EDGE('',*,*,#2170,.T.);
#2973=ORIENTED_EDGE('',*,*,#2259,.F.);
#2974=ORIENTED_EDGE('',*,*,#2228,.T.);
#2975=ORIENTED_EDGE('',*,*,#2229,.T.);
#2976=ORIENTED_EDGE('',*,*,#2223,.T.);
#2977=ORIENTED_EDGE('',*,*,#2224,.T.);
#2978=ORIENTED_EDGE('',*,*,#2213,.T.);
#2979=ORIENTED_EDGE('',*,*,#2214,.T.);
#2980=ORIENTED_EDGE('',*,*,#2208,.T.);
#2981=ORIENTED_EDGE('',*,*,#2209,.T.);
#2982=ORIENTED_EDGE('',*,*,#2198,.T.);
#2983=ORIENTED_EDGE('',*,*,#2199,.T.);
#2984=ORIENTED_EDGE('',*,*,#2174,.T.);
#2985=ORIENTED_EDGE('',*,*,#2175,.T.);
#2986=ORIENTED_EDGE('',*,*,#2162,.T.);
#2987=ORIENTED_EDGE('',*,*,#2163,.T.);
#2988=ORIENTED_EDGE('',*,*,#2150,.T.);
#2989=ORIENTED_EDGE('',*,*,#2151,.T.);
#2990=ORIENTED_EDGE('',*,*,#2145,.T.);
#2991=ORIENTED_EDGE('',*,*,#2146,.T.);
#2992=ORIENTED_EDGE('',*,*,#2134,.T.);
#2993=ORIENTED_EDGE('',*,*,#2135,.T.);
#2994=ORIENTED_EDGE('',*,*,#2153,.T.);
#2995=ORIENTED_EDGE('',*,*,#2260,.F.);
#2996=ORIENTED_EDGE('',*,*,#2261,.T.);
#2997=ORIENTED_EDGE('',*,*,#2262,.T.);
#2998=ORIENTED_EDGE('',*,*,#2263,.T.);
#2999=ORIENTED_EDGE('',*,*,#2264,.T.);
#3000=ORIENTED_EDGE('',*,*,#2219,.T.);
#3001=ORIENTED_EDGE('',*,*,#2216,.T.);
#3002=ORIENTED_EDGE('',*,*,#2265,.T.);
#3003=ORIENTED_EDGE('',*,*,#2201,.T.);
#3004=ORIENTED_EDGE('',*,*,#2266,.T.);
#3005=ORIENTED_EDGE('',*,*,#2177,.T.);
#3006=ORIENTED_EDGE('',*,*,#2267,.T.);
#3007=ORIENTED_EDGE('',*,*,#2246,.T.);
#3008=ORIENTED_EDGE('',*,*,#2268,.T.);
#3009=ORIENTED_EDGE('',*,*,#2269,.F.);
#3010=ORIENTED_EDGE('',*,*,#2270,.F.);
#3011=ORIENTED_EDGE('',*,*,#2271,.F.);
#3012=ORIENTED_EDGE('',*,*,#2236,.T.);
#3013=ORIENTED_EDGE('',*,*,#2231,.T.);
#3014=ORIENTED_EDGE('',*,*,#2272,.F.);
#3015=ORIENTED_EDGE('',*,*,#2165,.T.);
#3016=ORIENTED_EDGE('',*,*,#2273,.F.);
#3017=ORIENTED_EDGE('',*,*,#2237,.T.);
#3018=ORIENTED_EDGE('',*,*,#2129,.T.);
#3019=ORIENTED_EDGE('',*,*,#2274,.F.);
#3020=ORIENTED_EDGE('',*,*,#2140,.T.);
#3021=ORIENTED_EDGE('',*,*,#2275,.F.);
#3022=ORIENTED_EDGE('',*,*,#2276,.F.);
#3023=ORIENTED_EDGE('',*,*,#2277,.F.);
#3024=ORIENTED_EDGE('',*,*,#2278,.F.);
#3025=ORIENTED_EDGE('',*,*,#2279,.F.);
#3026=ORIENTED_EDGE('',*,*,#2280,.F.);
#3027=ORIENTED_EDGE('',*,*,#2281,.F.);
#3028=ORIENTED_EDGE('',*,*,#2282,.F.);
#3029=ORIENTED_EDGE('',*,*,#2283,.F.);
#3030=ORIENTED_EDGE('',*,*,#2284,.F.);
#3031=ORIENTED_EDGE('',*,*,#2285,.F.);
#3032=ORIENTED_EDGE('',*,*,#2286,.F.);
#3033=ORIENTED_EDGE('',*,*,#2287,.F.);
#3034=ORIENTED_EDGE('',*,*,#2288,.F.);
#3035=ORIENTED_EDGE('',*,*,#2289,.F.);
#3036=ORIENTED_EDGE('',*,*,#2290,.F.);
#3037=ORIENTED_EDGE('',*,*,#2291,.T.);
#3038=ORIENTED_EDGE('',*,*,#2292,.T.);
#3039=ORIENTED_EDGE('',*,*,#2293,.T.);
#3040=ORIENTED_EDGE('',*,*,#2253,.T.);
#3041=ORIENTED_EDGE('',*,*,#2250,.T.);
#3042=ORIENTED_EDGE('',*,*,#2157,.T.);
#3043=ORIENTED_EDGE('',*,*,#2259,.T.);
#3044=ORIENTED_EDGE('',*,*,#2169,.T.);
#3045=ORIENTED_EDGE('',*,*,#2258,.T.);
#3046=ORIENTED_EDGE('',*,*,#2233,.T.);
#3047=ORIENTED_EDGE('',*,*,#2235,.T.);
#3048=ORIENTED_EDGE('',*,*,#2257,.T.);
#3049=ORIENTED_EDGE('',*,*,#2294,.T.);
#3050=ORIENTED_EDGE('',*,*,#2295,.T.);
#3051=ORIENTED_EDGE('',*,*,#2296,.T.);
#3052=ORIENTED_EDGE('',*,*,#2297,.F.);
#3053=ORIENTED_EDGE('',*,*,#2249,.T.);
#3054=ORIENTED_EDGE('',*,*,#2239,.T.);
#3055=ORIENTED_EDGE('',*,*,#2218,.T.);
#3056=ORIENTED_EDGE('',*,*,#2204,.T.);
#3057=ORIENTED_EDGE('',*,*,#2189,.T.);
#3058=ORIENTED_EDGE('',*,*,#2180,.T.);
#3059=ORIENTED_EDGE('',*,*,#2298,.F.);
#3060=ORIENTED_EDGE('',*,*,#2299,.F.);
#3061=ORIENTED_EDGE('',*,*,#2300,.T.);
#3062=ORIENTED_EDGE('',*,*,#2301,.F.);
#3063=ORIENTED_EDGE('',*,*,#2302,.F.);
#3064=ORIENTED_EDGE('',*,*,#2300,.F.);
#3065=ORIENTED_EDGE('',*,*,#2303,.F.);
#3066=ORIENTED_EDGE('',*,*,#2304,.F.);
#3067=ORIENTED_EDGE('',*,*,#2305,.T.);
#3068=ORIENTED_EDGE('',*,*,#2306,.F.);
#3069=ORIENTED_EDGE('',*,*,#2307,.F.);
#3070=ORIENTED_EDGE('',*,*,#2305,.F.);
#3071=ORIENTED_EDGE('',*,*,#2308,.F.);
#3072=ORIENTED_EDGE('',*,*,#2309,.F.);
#3073=ORIENTED_EDGE('',*,*,#2310,.T.);
#3074=ORIENTED_EDGE('',*,*,#2311,.F.);
#3075=ORIENTED_EDGE('',*,*,#2312,.F.);
#3076=ORIENTED_EDGE('',*,*,#2310,.F.);
#3077=ORIENTED_EDGE('',*,*,#2313,.F.);
#3078=ORIENTED_EDGE('',*,*,#2314,.F.);
#3079=ORIENTED_EDGE('',*,*,#2315,.T.);
#3080=ORIENTED_EDGE('',*,*,#2316,.F.);
#3081=ORIENTED_EDGE('',*,*,#2317,.F.);
#3082=ORIENTED_EDGE('',*,*,#2315,.F.);
#3083=ORIENTED_EDGE('',*,*,#2318,.F.);
#3084=ORIENTED_EDGE('',*,*,#2319,.F.);
#3085=ORIENTED_EDGE('',*,*,#2320,.T.);
#3086=ORIENTED_EDGE('',*,*,#2321,.F.);
#3087=ORIENTED_EDGE('',*,*,#2322,.F.);
#3088=ORIENTED_EDGE('',*,*,#2320,.F.);
#3089=ORIENTED_EDGE('',*,*,#2323,.F.);
#3090=ORIENTED_EDGE('',*,*,#2324,.F.);
#3091=ORIENTED_EDGE('',*,*,#2325,.T.);
#3092=ORIENTED_EDGE('',*,*,#2326,.F.);
#3093=ORIENTED_EDGE('',*,*,#2327,.F.);
#3094=ORIENTED_EDGE('',*,*,#2325,.F.);
#3095=ORIENTED_EDGE('',*,*,#2328,.F.);
#3096=ORIENTED_EDGE('',*,*,#2329,.F.);
#3097=ORIENTED_EDGE('',*,*,#2330,.T.);
#3098=ORIENTED_EDGE('',*,*,#2331,.F.);
#3099=ORIENTED_EDGE('',*,*,#2332,.F.);
#3100=ORIENTED_EDGE('',*,*,#2330,.F.);
#3101=ORIENTED_EDGE('',*,*,#2333,.F.);
#3102=ORIENTED_EDGE('',*,*,#2334,.F.);
#3103=ORIENTED_EDGE('',*,*,#2335,.T.);
#3104=ORIENTED_EDGE('',*,*,#2336,.F.);
#3105=ORIENTED_EDGE('',*,*,#2337,.F.);
#3106=ORIENTED_EDGE('',*,*,#2335,.F.);
#3107=ORIENTED_EDGE('',*,*,#2338,.F.);
#3108=ORIENTED_EDGE('',*,*,#2339,.F.);
#3109=ORIENTED_EDGE('',*,*,#2340,.T.);
#3110=ORIENTED_EDGE('',*,*,#2341,.F.);
#3111=ORIENTED_EDGE('',*,*,#2342,.F.);
#3112=ORIENTED_EDGE('',*,*,#2340,.F.);
#3113=ORIENTED_EDGE('',*,*,#2343,.F.);
#3114=ORIENTED_EDGE('',*,*,#2344,.F.);
#3115=ORIENTED_EDGE('',*,*,#2345,.T.);
#3116=ORIENTED_EDGE('',*,*,#2346,.F.);
#3117=ORIENTED_EDGE('',*,*,#2347,.F.);
#3118=ORIENTED_EDGE('',*,*,#2345,.F.);
#3119=ORIENTED_EDGE('',*,*,#2348,.F.);
#3120=ORIENTED_EDGE('',*,*,#2349,.F.);
#3121=ORIENTED_EDGE('',*,*,#2350,.T.);
#3122=ORIENTED_EDGE('',*,*,#2351,.F.);
#3123=ORIENTED_EDGE('',*,*,#2352,.F.);
#3124=ORIENTED_EDGE('',*,*,#2350,.F.);
#3125=ORIENTED_EDGE('',*,*,#2353,.F.);
#3126=ORIENTED_EDGE('',*,*,#2354,.F.);
#3127=ORIENTED_EDGE('',*,*,#2355,.T.);
#3128=ORIENTED_EDGE('',*,*,#2356,.F.);
#3129=ORIENTED_EDGE('',*,*,#2357,.F.);
#3130=ORIENTED_EDGE('',*,*,#2355,.F.);
#3131=ORIENTED_EDGE('',*,*,#2358,.F.);
#3132=ORIENTED_EDGE('',*,*,#2359,.F.);
#3133=ORIENTED_EDGE('',*,*,#2360,.T.);
#3134=ORIENTED_EDGE('',*,*,#2361,.F.);
#3135=ORIENTED_EDGE('',*,*,#2362,.F.);
#3136=ORIENTED_EDGE('',*,*,#2360,.F.);
#3137=ORIENTED_EDGE('',*,*,#2363,.F.);
#3138=ORIENTED_EDGE('',*,*,#2364,.F.);
#3139=ORIENTED_EDGE('',*,*,#2365,.T.);
#3140=ORIENTED_EDGE('',*,*,#2366,.F.);
#3141=ORIENTED_EDGE('',*,*,#2367,.F.);
#3142=ORIENTED_EDGE('',*,*,#2365,.F.);
#3143=ORIENTED_EDGE('',*,*,#2368,.F.);
#3144=ORIENTED_EDGE('',*,*,#2369,.F.);
#3145=ORIENTED_EDGE('',*,*,#2370,.T.);
#3146=ORIENTED_EDGE('',*,*,#2371,.F.);
#3147=ORIENTED_EDGE('',*,*,#2372,.F.);
#3148=ORIENTED_EDGE('',*,*,#2370,.F.);
#3149=ORIENTED_EDGE('',*,*,#2373,.F.);
#3150=ORIENTED_EDGE('',*,*,#2374,.F.);
#3151=ORIENTED_EDGE('',*,*,#2375,.T.);
#3152=ORIENTED_EDGE('',*,*,#2376,.F.);
#3153=ORIENTED_EDGE('',*,*,#2377,.F.);
#3154=ORIENTED_EDGE('',*,*,#2375,.F.);
#3155=ORIENTED_EDGE('',*,*,#2378,.F.);
#3156=ORIENTED_EDGE('',*,*,#2379,.F.);
#3157=ORIENTED_EDGE('',*,*,#2380,.T.);
#3158=ORIENTED_EDGE('',*,*,#2381,.F.);
#3159=ORIENTED_EDGE('',*,*,#2382,.F.);
#3160=ORIENTED_EDGE('',*,*,#2383,.T.);
#3161=ORIENTED_EDGE('',*,*,#2384,.T.);
#3162=ORIENTED_EDGE('',*,*,#2379,.T.);
#3163=ORIENTED_EDGE('',*,*,#2385,.F.);
#3164=ORIENTED_EDGE('',*,*,#2386,.F.);
#3165=ORIENTED_EDGE('',*,*,#2387,.T.);
#3166=ORIENTED_EDGE('',*,*,#2383,.F.);
#3167=ORIENTED_EDGE('',*,*,#2388,.F.);
#3168=ORIENTED_EDGE('',*,*,#2389,.T.);
#3169=ORIENTED_EDGE('',*,*,#2390,.T.);
#3170=ORIENTED_EDGE('',*,*,#2386,.T.);
#3171=ORIENTED_EDGE('',*,*,#2391,.F.);
#3172=ORIENTED_EDGE('',*,*,#2392,.F.);
#3173=ORIENTED_EDGE('',*,*,#2393,.T.);
#3174=ORIENTED_EDGE('',*,*,#2389,.F.);
#3175=ORIENTED_EDGE('',*,*,#2394,.F.);
#3176=ORIENTED_EDGE('',*,*,#2395,.T.);
#3177=ORIENTED_EDGE('',*,*,#2396,.T.);
#3178=ORIENTED_EDGE('',*,*,#2392,.T.);
#3179=ORIENTED_EDGE('',*,*,#2397,.F.);
#3180=ORIENTED_EDGE('',*,*,#2398,.F.);
#3181=ORIENTED_EDGE('',*,*,#2399,.F.);
#3182=ORIENTED_EDGE('',*,*,#2395,.F.);
#3183=ORIENTED_EDGE('',*,*,#2400,.F.);
#3184=ORIENTED_EDGE('',*,*,#2381,.T.);
#3185=ORIENTED_EDGE('',*,*,#2401,.T.);
#3186=ORIENTED_EDGE('',*,*,#2398,.T.);
#3187=ORIENTED_EDGE('',*,*,#2390,.F.);
#3188=ORIENTED_EDGE('',*,*,#2393,.F.);
#3189=ORIENTED_EDGE('',*,*,#2396,.F.);
#3190=ORIENTED_EDGE('',*,*,#2399,.T.);
#3191=ORIENTED_EDGE('',*,*,#2401,.F.);
#3192=ORIENTED_EDGE('',*,*,#2380,.F.);
#3193=ORIENTED_EDGE('',*,*,#2384,.F.);
#3194=ORIENTED_EDGE('',*,*,#2387,.F.);
#3195=ORIENTED_EDGE('',*,*,#2402,.F.);
#3196=ORIENTED_EDGE('',*,*,#2403,.F.);
#3197=ORIENTED_EDGE('',*,*,#2404,.T.);
#3198=ORIENTED_EDGE('',*,*,#2405,.T.);
#3199=ORIENTED_EDGE('',*,*,#2406,.T.);
#3200=ORIENTED_EDGE('',*,*,#2260,.T.);
#3201=ORIENTED_EDGE('',*,*,#2152,.T.);
#3202=ORIENTED_EDGE('',*,*,#2154,.T.);
#3203=ORIENTED_EDGE('',*,*,#2273,.T.);
#3204=ORIENTED_EDGE('',*,*,#2164,.T.);
#3205=ORIENTED_EDGE('',*,*,#2166,.T.);
#3206=ORIENTED_EDGE('',*,*,#2272,.T.);
#3207=ORIENTED_EDGE('',*,*,#2230,.T.);
#3208=ORIENTED_EDGE('',*,*,#2271,.T.);
#3209=ORIENTED_EDGE('',*,*,#2407,.T.);
#3210=ORIENTED_EDGE('',*,*,#2408,.F.);
#3211=ORIENTED_EDGE('',*,*,#2409,.T.);
#3212=ORIENTED_EDGE('',*,*,#2410,.T.);
#3213=ORIENTED_EDGE('',*,*,#2411,.T.);
#3214=ORIENTED_EDGE('',*,*,#2412,.T.);
#3215=ORIENTED_EDGE('',*,*,#2413,.T.);
#3216=ORIENTED_EDGE('',*,*,#2414,.T.);
#3217=ORIENTED_EDGE('',*,*,#2404,.F.);
#3218=ORIENTED_EDGE('',*,*,#2131,.T.);
#3219=ORIENTED_EDGE('',*,*,#2132,.T.);
#3220=ORIENTED_EDGE('',*,*,#2142,.T.);
#3221=ORIENTED_EDGE('',*,*,#2143,.T.);
#3222=ORIENTED_EDGE('',*,*,#2147,.T.);
#3223=ORIENTED_EDGE('',*,*,#2148,.T.);
#3224=ORIENTED_EDGE('',*,*,#2159,.T.);
#3225=ORIENTED_EDGE('',*,*,#2160,.T.);
#3226=ORIENTED_EDGE('',*,*,#2171,.T.);
#3227=ORIENTED_EDGE('',*,*,#2172,.T.);
#3228=ORIENTED_EDGE('',*,*,#2195,.T.);
#3229=ORIENTED_EDGE('',*,*,#2196,.T.);
#3230=ORIENTED_EDGE('',*,*,#2205,.T.);
#3231=ORIENTED_EDGE('',*,*,#2206,.T.);
#3232=ORIENTED_EDGE('',*,*,#2210,.T.);
#3233=ORIENTED_EDGE('',*,*,#2211,.T.);
#3234=ORIENTED_EDGE('',*,*,#2220,.T.);
#3235=ORIENTED_EDGE('',*,*,#2221,.T.);
#3236=ORIENTED_EDGE('',*,*,#2225,.T.);
#3237=ORIENTED_EDGE('',*,*,#2226,.T.);
#3238=ORIENTED_EDGE('',*,*,#2415,.T.);
#3239=ORIENTED_EDGE('',*,*,#2416,.T.);
#3240=ORIENTED_EDGE('',*,*,#2417,.T.);
#3241=ORIENTED_EDGE('',*,*,#2418,.T.);
#3242=ORIENTED_EDGE('',*,*,#2419,.T.);
#3243=ORIENTED_EDGE('',*,*,#2420,.T.);
#3244=ORIENTED_EDGE('',*,*,#2421,.T.);
#3245=ORIENTED_EDGE('',*,*,#2422,.T.);
#3246=ORIENTED_EDGE('',*,*,#2423,.T.);
#3247=ORIENTED_EDGE('',*,*,#2424,.T.);
#3248=ORIENTED_EDGE('',*,*,#2425,.T.);
#3249=ORIENTED_EDGE('',*,*,#2426,.T.);
#3250=ORIENTED_EDGE('',*,*,#2427,.T.);
#3251=ORIENTED_EDGE('',*,*,#2428,.T.);
#3252=ORIENTED_EDGE('',*,*,#2429,.T.);
#3253=ORIENTED_EDGE('',*,*,#2430,.T.);
#3254=ORIENTED_EDGE('',*,*,#2431,.T.);
#3255=ORIENTED_EDGE('',*,*,#2432,.T.);
#3256=ORIENTED_EDGE('',*,*,#2433,.T.);
#3257=ORIENTED_EDGE('',*,*,#2434,.T.);
#3258=ORIENTED_EDGE('',*,*,#2435,.T.);
#3259=ORIENTED_EDGE('',*,*,#2436,.T.);
#3260=ORIENTED_EDGE('',*,*,#2437,.T.);
#3261=ORIENTED_EDGE('',*,*,#2438,.T.);
#3262=ORIENTED_EDGE('',*,*,#2439,.T.);
#3263=ORIENTED_EDGE('',*,*,#2440,.T.);
#3264=ORIENTED_EDGE('',*,*,#2441,.F.);
#3265=ORIENTED_EDGE('',*,*,#2442,.F.);
#3266=ORIENTED_EDGE('',*,*,#2443,.F.);
#3267=ORIENTED_EDGE('',*,*,#2421,.F.);
#3268=ORIENTED_EDGE('',*,*,#2444,.T.);
#3269=ORIENTED_EDGE('',*,*,#2445,.F.);
#3270=ORIENTED_EDGE('',*,*,#2446,.T.);
#3271=ORIENTED_EDGE('',*,*,#2442,.T.);
#3272=ORIENTED_EDGE('',*,*,#2446,.F.);
#3273=ORIENTED_EDGE('',*,*,#2447,.T.);
#3274=ORIENTED_EDGE('',*,*,#2445,.T.);
#3275=ORIENTED_EDGE('',*,*,#2433,.F.);
#3276=ORIENTED_EDGE('',*,*,#2448,.T.);
#3277=ORIENTED_EDGE('',*,*,#2449,.T.);
#3278=ORIENTED_EDGE('',*,*,#2450,.F.);
#3279=ORIENTED_EDGE('',*,*,#2451,.T.);
#3280=ORIENTED_EDGE('',*,*,#2441,.T.);
#3281=ORIENTED_EDGE('',*,*,#2451,.F.);
#3282=ORIENTED_EDGE('',*,*,#2452,.T.);
#3283=ORIENTED_EDGE('',*,*,#2450,.T.);
#3284=ORIENTED_EDGE('',*,*,#2415,.F.);
#3285=ORIENTED_EDGE('',*,*,#2453,.T.);
#3286=ORIENTED_EDGE('',*,*,#2454,.F.);
#3287=ORIENTED_EDGE('',*,*,#2455,.T.);
#3288=ORIENTED_EDGE('',*,*,#2443,.T.);
#3289=ORIENTED_EDGE('',*,*,#2455,.F.);
#3290=ORIENTED_EDGE('',*,*,#2456,.T.);
#3291=ORIENTED_EDGE('',*,*,#2454,.T.);
#3292=ORIENTED_EDGE('',*,*,#2457,.F.);
#3293=ORIENTED_EDGE('',*,*,#2458,.T.);
#3294=ORIENTED_EDGE('',*,*,#2402,.T.);
#3295=ORIENTED_EDGE('',*,*,#2458,.F.);
#3296=ORIENTED_EDGE('',*,*,#2427,.F.);
#3297=ORIENTED_EDGE('',*,*,#2459,.T.);
#3298=ORIENTED_EDGE('',*,*,#2460,.T.);
#3299=ORIENTED_EDGE('',*,*,#2461,.T.);
#3300=ORIENTED_EDGE('',*,*,#2457,.T.);
#3301=ORIENTED_EDGE('',*,*,#2462,.T.);
#3302=ORIENTED_EDGE('',*,*,#2463,.T.);
#3303=ORIENTED_EDGE('',*,*,#2456,.F.);
#3304=ORIENTED_EDGE('',*,*,#2463,.F.);
#3305=ORIENTED_EDGE('',*,*,#2464,.T.);
#3306=ORIENTED_EDGE('',*,*,#2453,.F.);
#3307=ORIENTED_EDGE('',*,*,#2465,.T.);
#3308=ORIENTED_EDGE('',*,*,#2466,.T.);
#3309=ORIENTED_EDGE('',*,*,#2447,.F.);
#3310=ORIENTED_EDGE('',*,*,#2466,.F.);
#3311=ORIENTED_EDGE('',*,*,#2467,.T.);
#3312=ORIENTED_EDGE('',*,*,#2444,.F.);
#3313=ORIENTED_EDGE('',*,*,#2423,.F.);
#3314=ORIENTED_EDGE('',*,*,#2468,.T.);
#3315=ORIENTED_EDGE('',*,*,#2469,.T.);
#3316=ORIENTED_EDGE('',*,*,#2470,.T.);
#3317=ORIENTED_EDGE('',*,*,#2460,.F.);
#3318=ORIENTED_EDGE('',*,*,#2471,.T.);
#3319=ORIENTED_EDGE('',*,*,#2461,.F.);
#3320=ORIENTED_EDGE('',*,*,#2471,.F.);
#3321=ORIENTED_EDGE('',*,*,#2459,.F.);
#3322=ORIENTED_EDGE('',*,*,#2429,.F.);
#3323=ORIENTED_EDGE('',*,*,#2472,.T.);
#3324=ORIENTED_EDGE('',*,*,#2473,.T.);
#3325=ORIENTED_EDGE('',*,*,#2437,.F.);
#3326=ORIENTED_EDGE('',*,*,#2474,.F.);
#3327=ORIENTED_EDGE('',*,*,#2475,.T.);
#3328=ORIENTED_EDGE('',*,*,#2476,.T.);
#3329=ORIENTED_EDGE('',*,*,#2449,.F.);
#3330=ORIENTED_EDGE('',*,*,#2477,.T.);
#3331=ORIENTED_EDGE('',*,*,#2452,.F.);
#3332=ORIENTED_EDGE('',*,*,#2477,.F.);
#3333=ORIENTED_EDGE('',*,*,#2448,.F.);
#3334=ORIENTED_EDGE('',*,*,#2438,.F.);
#3335=ORIENTED_EDGE('',*,*,#2475,.F.);
#3336=ORIENTED_EDGE('',*,*,#2478,.F.);
#3337=ORIENTED_EDGE('',*,*,#2479,.F.);
#3338=ORIENTED_EDGE('',*,*,#2434,.F.);
#3339=ORIENTED_EDGE('',*,*,#2476,.F.);
#3340=ORIENTED_EDGE('',*,*,#2432,.F.);
#3341=ORIENTED_EDGE('',*,*,#2480,.F.);
#3342=ORIENTED_EDGE('',*,*,#2481,.F.);
#3343=ORIENTED_EDGE('',*,*,#2472,.F.);
#3344=ORIENTED_EDGE('',*,*,#2428,.F.);
#3345=ORIENTED_EDGE('',*,*,#2470,.F.);
#3346=ORIENTED_EDGE('',*,*,#2426,.F.);
#3347=ORIENTED_EDGE('',*,*,#2482,.F.);
#3348=ORIENTED_EDGE('',*,*,#2483,.F.);
#3349=ORIENTED_EDGE('',*,*,#2468,.F.);
#3350=ORIENTED_EDGE('',*,*,#2422,.F.);
#3351=ORIENTED_EDGE('',*,*,#2467,.F.);
#3352=ORIENTED_EDGE('',*,*,#2465,.F.);
#3353=ORIENTED_EDGE('',*,*,#2420,.F.);
#3354=ORIENTED_EDGE('',*,*,#2484,.F.);
#3355=ORIENTED_EDGE('',*,*,#2485,.F.);
#3356=ORIENTED_EDGE('',*,*,#2486,.F.);
#3357=ORIENTED_EDGE('',*,*,#2416,.F.);
#3358=ORIENTED_EDGE('',*,*,#2464,.F.);
#3359=ORIENTED_EDGE('',*,*,#2462,.F.);
#3360=ORIENTED_EDGE('',*,*,#2435,.F.);
#3361=ORIENTED_EDGE('',*,*,#2479,.T.);
#3362=ORIENTED_EDGE('',*,*,#2487,.T.);
#3363=ORIENTED_EDGE('',*,*,#2417,.F.);
#3364=ORIENTED_EDGE('',*,*,#2486,.T.);
#3365=ORIENTED_EDGE('',*,*,#2488,.T.);
#3366=ORIENTED_EDGE('',*,*,#2418,.F.);
#3367=ORIENTED_EDGE('',*,*,#2488,.F.);
#3368=ORIENTED_EDGE('',*,*,#2485,.T.);
#3369=ORIENTED_EDGE('',*,*,#2489,.T.);
#3370=ORIENTED_EDGE('',*,*,#2419,.F.);
#3371=ORIENTED_EDGE('',*,*,#2489,.F.);
#3372=ORIENTED_EDGE('',*,*,#2484,.T.);
#3373=ORIENTED_EDGE('',*,*,#2424,.F.);
#3374=ORIENTED_EDGE('',*,*,#2469,.F.);
#3375=ORIENTED_EDGE('',*,*,#2483,.T.);
#3376=ORIENTED_EDGE('',*,*,#2490,.T.);
#3377=ORIENTED_EDGE('',*,*,#2425,.F.);
#3378=ORIENTED_EDGE('',*,*,#2490,.F.);
#3379=ORIENTED_EDGE('',*,*,#2482,.T.);
#3380=ORIENTED_EDGE('',*,*,#2430,.F.);
#3381=ORIENTED_EDGE('',*,*,#2473,.F.);
#3382=ORIENTED_EDGE('',*,*,#2481,.T.);
#3383=ORIENTED_EDGE('',*,*,#2491,.T.);
#3384=ORIENTED_EDGE('',*,*,#2431,.F.);
#3385=ORIENTED_EDGE('',*,*,#2491,.F.);
#3386=ORIENTED_EDGE('',*,*,#2480,.T.);
#3387=ORIENTED_EDGE('',*,*,#2436,.F.);
#3388=ORIENTED_EDGE('',*,*,#2487,.F.);
#3389=ORIENTED_EDGE('',*,*,#2478,.T.);
#3390=ORIENTED_EDGE('',*,*,#2474,.T.);
#3391=ORIENTED_EDGE('',*,*,#2492,.F.);
#3392=ORIENTED_EDGE('',*,*,#2493,.F.);
#3393=ORIENTED_EDGE('',*,*,#2494,.T.);
#3394=ORIENTED_EDGE('',*,*,#2495,.T.);
#3395=ORIENTED_EDGE('',*,*,#2494,.F.);
#3396=ORIENTED_EDGE('',*,*,#2496,.F.);
#3397=ORIENTED_EDGE('',*,*,#2497,.F.);
#3398=ORIENTED_EDGE('',*,*,#2498,.F.);
#3399=ORIENTED_EDGE('',*,*,#2499,.T.);
#3400=ORIENTED_EDGE('',*,*,#2500,.T.);
#3401=ORIENTED_EDGE('',*,*,#2499,.F.);
#3402=ORIENTED_EDGE('',*,*,#2501,.F.);
#3403=ORIENTED_EDGE('',*,*,#2413,.F.);
#3404=ORIENTED_EDGE('',*,*,#2502,.F.);
#3405=ORIENTED_EDGE('',*,*,#2503,.F.);
#3406=ORIENTED_EDGE('',*,*,#2283,.T.);
#3407=ORIENTED_EDGE('',*,*,#2504,.T.);
#3408=ORIENTED_EDGE('',*,*,#2285,.T.);
#3409=ORIENTED_EDGE('',*,*,#2505,.F.);
#3410=ORIENTED_EDGE('',*,*,#2504,.F.);
#3411=ORIENTED_EDGE('',*,*,#2500,.F.);
#3412=ORIENTED_EDGE('',*,*,#2495,.F.);
#3413=ORIENTED_EDGE('',*,*,#2506,.F.);
#3414=ORIENTED_EDGE('',*,*,#2507,.T.);
#3415=ORIENTED_EDGE('',*,*,#2281,.T.);
#3416=ORIENTED_EDGE('',*,*,#2508,.T.);
#3417=ORIENTED_EDGE('',*,*,#2279,.T.);
#3418=ORIENTED_EDGE('',*,*,#2509,.T.);
#3419=ORIENTED_EDGE('',*,*,#2275,.T.);
#3420=ORIENTED_EDGE('',*,*,#2139,.T.);
#3421=ORIENTED_EDGE('',*,*,#2141,.T.);
#3422=ORIENTED_EDGE('',*,*,#2274,.T.);
#3423=ORIENTED_EDGE('',*,*,#2128,.T.);
#3424=ORIENTED_EDGE('',*,*,#2130,.T.);
#3425=ORIENTED_EDGE('',*,*,#2297,.T.);
#3426=ORIENTED_EDGE('',*,*,#2510,.T.);
#3427=ORIENTED_EDGE('',*,*,#2511,.T.);
#3428=ORIENTED_EDGE('',*,*,#2512,.T.);
#3429=ORIENTED_EDGE('',*,*,#2290,.T.);
#3430=ORIENTED_EDGE('',*,*,#2513,.T.);
#3431=ORIENTED_EDGE('',*,*,#2286,.T.);
#3432=ORIENTED_EDGE('',*,*,#2505,.T.);
#3433=ORIENTED_EDGE('',*,*,#2282,.T.);
#3434=ORIENTED_EDGE('',*,*,#2507,.F.);
#3435=ORIENTED_EDGE('',*,*,#2123,.T.);
#3436=ORIENTED_EDGE('',*,*,#2124,.T.);
#3437=ORIENTED_EDGE('',*,*,#2184,.T.);
#3438=ORIENTED_EDGE('',*,*,#2185,.T.);
#3439=ORIENTED_EDGE('',*,*,#2193,.T.);
#3440=ORIENTED_EDGE('',*,*,#2194,.T.);
#3441=ORIENTED_EDGE('',*,*,#2243,.T.);
#3442=ORIENTED_EDGE('',*,*,#2244,.T.);
#3443=ORIENTED_EDGE('',*,*,#2301,.T.);
#3444=ORIENTED_EDGE('',*,*,#2302,.T.);
#3445=ORIENTED_EDGE('',*,*,#2306,.T.);
#3446=ORIENTED_EDGE('',*,*,#2307,.T.);
#3447=ORIENTED_EDGE('',*,*,#2311,.T.);
#3448=ORIENTED_EDGE('',*,*,#2312,.T.);
#3449=ORIENTED_EDGE('',*,*,#2316,.T.);
#3450=ORIENTED_EDGE('',*,*,#2317,.T.);
#3451=ORIENTED_EDGE('',*,*,#2321,.T.);
#3452=ORIENTED_EDGE('',*,*,#2322,.T.);
#3453=ORIENTED_EDGE('',*,*,#2326,.T.);
#3454=ORIENTED_EDGE('',*,*,#2327,.T.);
#3455=ORIENTED_EDGE('',*,*,#2331,.T.);
#3456=ORIENTED_EDGE('',*,*,#2332,.T.);
#3457=ORIENTED_EDGE('',*,*,#2336,.T.);
#3458=ORIENTED_EDGE('',*,*,#2337,.T.);
#3459=ORIENTED_EDGE('',*,*,#2341,.T.);
#3460=ORIENTED_EDGE('',*,*,#2342,.T.);
#3461=ORIENTED_EDGE('',*,*,#2346,.T.);
#3462=ORIENTED_EDGE('',*,*,#2347,.T.);
#3463=ORIENTED_EDGE('',*,*,#2351,.T.);
#3464=ORIENTED_EDGE('',*,*,#2352,.T.);
#3465=ORIENTED_EDGE('',*,*,#2356,.T.);
#3466=ORIENTED_EDGE('',*,*,#2357,.T.);
#3467=ORIENTED_EDGE('',*,*,#2361,.T.);
#3468=ORIENTED_EDGE('',*,*,#2362,.T.);
#3469=ORIENTED_EDGE('',*,*,#2366,.T.);
#3470=ORIENTED_EDGE('',*,*,#2367,.T.);
#3471=ORIENTED_EDGE('',*,*,#2371,.T.);
#3472=ORIENTED_EDGE('',*,*,#2372,.T.);
#3473=ORIENTED_EDGE('',*,*,#2376,.T.);
#3474=ORIENTED_EDGE('',*,*,#2377,.T.);
#3475=ORIENTED_EDGE('',*,*,#2388,.T.);
#3476=ORIENTED_EDGE('',*,*,#2385,.T.);
#3477=ORIENTED_EDGE('',*,*,#2382,.T.);
#3478=ORIENTED_EDGE('',*,*,#2378,.T.);
#3479=ORIENTED_EDGE('',*,*,#2400,.T.);
#3480=ORIENTED_EDGE('',*,*,#2397,.T.);
#3481=ORIENTED_EDGE('',*,*,#2394,.T.);
#3482=ORIENTED_EDGE('',*,*,#2391,.T.);
#3483=ORIENTED_EDGE('',*,*,#2514,.T.);
#3484=ORIENTED_EDGE('',*,*,#2515,.F.);
#3485=ORIENTED_EDGE('',*,*,#2516,.F.);
#3486=ORIENTED_EDGE('',*,*,#2517,.T.);
#3487=ORIENTED_EDGE('',*,*,#2518,.F.);
#3488=ORIENTED_EDGE('',*,*,#2519,.T.);
#3489=ORIENTED_EDGE('',*,*,#2520,.F.);
#3490=ORIENTED_EDGE('',*,*,#2521,.T.);
#3491=ORIENTED_EDGE('',*,*,#2522,.F.);
#3492=ORIENTED_EDGE('',*,*,#2502,.T.);
#3493=ORIENTED_EDGE('',*,*,#2412,.F.);
#3494=ORIENTED_EDGE('',*,*,#2523,.T.);
#3495=ORIENTED_EDGE('',*,*,#2524,.T.);
#3496=ORIENTED_EDGE('',*,*,#2501,.T.);
#3497=ORIENTED_EDGE('',*,*,#2498,.T.);
#3498=ORIENTED_EDGE('',*,*,#2525,.T.);
#3499=ORIENTED_EDGE('',*,*,#2526,.T.);
#3500=ORIENTED_EDGE('',*,*,#2527,.T.);
#3501=ORIENTED_EDGE('',*,*,#2405,.F.);
#3502=ORIENTED_EDGE('',*,*,#2414,.F.);
#3503=ORIENTED_EDGE('',*,*,#2496,.T.);
#3504=ORIENTED_EDGE('',*,*,#2493,.T.);
#3505=ORIENTED_EDGE('',*,*,#2528,.T.);
#3506=ORIENTED_EDGE('',*,*,#2176,.T.);
#3507=ORIENTED_EDGE('',*,*,#2178,.T.);
#3508=ORIENTED_EDGE('',*,*,#2266,.F.);
#3509=ORIENTED_EDGE('',*,*,#2200,.T.);
#3510=ORIENTED_EDGE('',*,*,#2202,.T.);
#3511=ORIENTED_EDGE('',*,*,#2265,.F.);
#3512=ORIENTED_EDGE('',*,*,#2215,.T.);
#3513=ORIENTED_EDGE('',*,*,#2264,.F.);
#3514=ORIENTED_EDGE('',*,*,#2529,.T.);
#3515=ORIENTED_EDGE('',*,*,#2530,.T.);
#3516=ORIENTED_EDGE('',*,*,#2262,.F.);
#3517=ORIENTED_EDGE('',*,*,#2531,.T.);
#3518=ORIENTED_EDGE('',*,*,#2532,.T.);
#3519=ORIENTED_EDGE('',*,*,#2526,.F.);
#3520=ORIENTED_EDGE('',*,*,#2533,.T.);
#3521=ORIENTED_EDGE('',*,*,#2534,.T.);
#3522=ORIENTED_EDGE('',*,*,#2533,.F.);
#3523=ORIENTED_EDGE('',*,*,#2525,.F.);
#3524=ORIENTED_EDGE('',*,*,#2497,.T.);
#3525=ORIENTED_EDGE('',*,*,#2524,.F.);
#3526=ORIENTED_EDGE('',*,*,#2535,.T.);
#3527=ORIENTED_EDGE('',*,*,#2536,.F.);
#3528=ORIENTED_EDGE('',*,*,#2537,.F.);
#3529=ORIENTED_EDGE('',*,*,#2538,.T.);
#3530=ORIENTED_EDGE('',*,*,#2539,.F.);
#3531=ORIENTED_EDGE('',*,*,#2540,.T.);
#3532=ORIENTED_EDGE('',*,*,#2541,.F.);
#3533=ORIENTED_EDGE('',*,*,#2268,.F.);
#3534=ORIENTED_EDGE('',*,*,#2245,.T.);
#3535=ORIENTED_EDGE('',*,*,#2247,.T.);
#3536=ORIENTED_EDGE('',*,*,#2267,.F.);
#3537=ORIENTED_EDGE('',*,*,#2120,.T.);
#3538=ORIENTED_EDGE('',*,*,#2121,.T.);
#3539=ORIENTED_EDGE('',*,*,#2125,.T.);
#3540=ORIENTED_EDGE('',*,*,#2126,.T.);
#3541=ORIENTED_EDGE('',*,*,#2136,.T.);
#3542=ORIENTED_EDGE('',*,*,#2137,.T.);
#3543=ORIENTED_EDGE('',*,*,#2181,.T.);
#3544=ORIENTED_EDGE('',*,*,#2182,.T.);
#3545=ORIENTED_EDGE('',*,*,#2186,.T.);
#3546=ORIENTED_EDGE('',*,*,#2187,.T.);
#3547=ORIENTED_EDGE('',*,*,#2190,.T.);
#3548=ORIENTED_EDGE('',*,*,#2191,.T.);
#3549=ORIENTED_EDGE('',*,*,#2240,.T.);
#3550=ORIENTED_EDGE('',*,*,#2241,.T.);
#3551=ORIENTED_EDGE('',*,*,#2298,.T.);
#3552=ORIENTED_EDGE('',*,*,#2299,.T.);
#3553=ORIENTED_EDGE('',*,*,#2303,.T.);
#3554=ORIENTED_EDGE('',*,*,#2304,.T.);
#3555=ORIENTED_EDGE('',*,*,#2308,.T.);
#3556=ORIENTED_EDGE('',*,*,#2309,.T.);
#3557=ORIENTED_EDGE('',*,*,#2313,.T.);
#3558=ORIENTED_EDGE('',*,*,#2314,.T.);
#3559=ORIENTED_EDGE('',*,*,#2318,.T.);
#3560=ORIENTED_EDGE('',*,*,#2319,.T.);
#3561=ORIENTED_EDGE('',*,*,#2323,.T.);
#3562=ORIENTED_EDGE('',*,*,#2324,.T.);
#3563=ORIENTED_EDGE('',*,*,#2328,.T.);
#3564=ORIENTED_EDGE('',*,*,#2329,.T.);
#3565=ORIENTED_EDGE('',*,*,#2333,.T.);
#3566=ORIENTED_EDGE('',*,*,#2334,.T.);
#3567=ORIENTED_EDGE('',*,*,#2338,.T.);
#3568=ORIENTED_EDGE('',*,*,#2339,.T.);
#3569=ORIENTED_EDGE('',*,*,#2343,.T.);
#3570=ORIENTED_EDGE('',*,*,#2344,.T.);
#3571=ORIENTED_EDGE('',*,*,#2348,.T.);
#3572=ORIENTED_EDGE('',*,*,#2349,.T.);
#3573=ORIENTED_EDGE('',*,*,#2353,.T.);
#3574=ORIENTED_EDGE('',*,*,#2354,.T.);
#3575=ORIENTED_EDGE('',*,*,#2358,.T.);
#3576=ORIENTED_EDGE('',*,*,#2359,.T.);
#3577=ORIENTED_EDGE('',*,*,#2363,.T.);
#3578=ORIENTED_EDGE('',*,*,#2364,.T.);
#3579=ORIENTED_EDGE('',*,*,#2368,.T.);
#3580=ORIENTED_EDGE('',*,*,#2369,.T.);
#3581=ORIENTED_EDGE('',*,*,#2373,.T.);
#3582=ORIENTED_EDGE('',*,*,#2374,.T.);
#3583=ORIENTED_EDGE('',*,*,#2542,.F.);
#3584=ORIENTED_EDGE('',*,*,#2543,.F.);
#3585=ORIENTED_EDGE('',*,*,#2544,.F.);
#3586=ORIENTED_EDGE('',*,*,#2545,.F.);
#3587=ORIENTED_EDGE('',*,*,#2546,.F.);
#3588=ORIENTED_EDGE('',*,*,#2547,.F.);
#3589=ORIENTED_EDGE('',*,*,#2548,.F.);
#3590=ORIENTED_EDGE('',*,*,#2549,.T.);
#3591=ORIENTED_EDGE('',*,*,#2550,.T.);
#3592=ORIENTED_EDGE('',*,*,#2549,.F.);
#3593=ORIENTED_EDGE('',*,*,#2551,.F.);
#3594=ORIENTED_EDGE('',*,*,#2552,.F.);
#3595=ORIENTED_EDGE('',*,*,#2406,.F.);
#3596=ORIENTED_EDGE('',*,*,#2527,.F.);
#3597=ORIENTED_EDGE('',*,*,#2532,.F.);
#3598=ORIENTED_EDGE('',*,*,#2553,.T.);
#3599=ORIENTED_EDGE('',*,*,#2554,.T.);
#3600=ORIENTED_EDGE('',*,*,#2553,.F.);
#3601=ORIENTED_EDGE('',*,*,#2531,.F.);
#3602=ORIENTED_EDGE('',*,*,#2261,.F.);
#3603=ORIENTED_EDGE('',*,*,#2508,.F.);
#3604=ORIENTED_EDGE('',*,*,#2280,.T.);
#3605=ORIENTED_EDGE('',*,*,#2554,.F.);
#3606=ORIENTED_EDGE('',*,*,#2550,.F.);
#3607=ORIENTED_EDGE('',*,*,#2503,.T.);
#3608=ORIENTED_EDGE('',*,*,#2284,.T.);
#3609=ORIENTED_EDGE('',*,*,#2492,.T.);
#3610=ORIENTED_EDGE('',*,*,#2528,.F.);
#3611=ORIENTED_EDGE('',*,*,#2551,.T.);
#3612=ORIENTED_EDGE('',*,*,#2548,.T.);
#3613=ORIENTED_EDGE('',*,*,#2555,.F.);
#3614=ORIENTED_EDGE('',*,*,#2556,.F.);
#3615=ORIENTED_EDGE('',*,*,#2557,.F.);
#3616=ORIENTED_EDGE('',*,*,#2558,.T.);
#3617=ORIENTED_EDGE('',*,*,#2559,.T.);
#3618=ORIENTED_EDGE('',*,*,#2558,.F.);
#3619=ORIENTED_EDGE('',*,*,#2439,.F.);
#3620=ORIENTED_EDGE('',*,*,#2440,.F.);
#3621=ORIENTED_EDGE('',*,*,#2560,.T.);
#3622=ORIENTED_EDGE('',*,*,#2561,.T.);
#3623=ORIENTED_EDGE('',*,*,#2560,.F.);
#3624=ORIENTED_EDGE('',*,*,#2561,.F.);
#3625=ORIENTED_EDGE('',*,*,#2559,.F.);
#3626=ORIENTED_EDGE('',*,*,#2546,.T.);
#3627=ORIENTED_EDGE('',*,*,#2562,.T.);
#3628=ORIENTED_EDGE('',*,*,#2563,.F.);
#3629=ORIENTED_EDGE('',*,*,#2564,.F.);
#3630=ORIENTED_EDGE('',*,*,#2565,.T.);
#3631=ORIENTED_EDGE('',*,*,#2566,.T.);
#3632=ORIENTED_EDGE('',*,*,#2565,.F.);
#3633=ORIENTED_EDGE('',*,*,#2529,.F.);
#3634=ORIENTED_EDGE('',*,*,#2263,.F.);
#3635=ORIENTED_EDGE('',*,*,#2530,.F.);
#3636=ORIENTED_EDGE('',*,*,#2567,.T.);
#3637=ORIENTED_EDGE('',*,*,#2568,.T.);
#3638=ORIENTED_EDGE('',*,*,#2567,.F.);
#3639=ORIENTED_EDGE('',*,*,#2509,.F.);
#3640=ORIENTED_EDGE('',*,*,#2569,.F.);
#3641=ORIENTED_EDGE('',*,*,#2570,.T.);
#3642=ORIENTED_EDGE('',*,*,#2276,.T.);
#3643=ORIENTED_EDGE('',*,*,#2569,.T.);
#3644=ORIENTED_EDGE('',*,*,#2278,.T.);
#3645=ORIENTED_EDGE('',*,*,#2571,.F.);
#3646=ORIENTED_EDGE('',*,*,#2570,.F.);
#3647=ORIENTED_EDGE('',*,*,#2568,.F.);
#3648=ORIENTED_EDGE('',*,*,#2566,.F.);
#3649=ORIENTED_EDGE('',*,*,#2571,.T.);
#3650=ORIENTED_EDGE('',*,*,#2277,.T.);
#3651=ORIENTED_EDGE('',*,*,#2552,.T.);
#3652=ORIENTED_EDGE('',*,*,#2555,.T.);
#3653=ORIENTED_EDGE('',*,*,#2547,.T.);
#3654=ORIENTED_EDGE('',*,*,#2562,.F.);
#3655=ORIENTED_EDGE('',*,*,#2563,.T.);
#3656=ORIENTED_EDGE('',*,*,#2564,.T.);
#3657=ORIENTED_EDGE('',*,*,#2572,.F.);
#3658=ORIENTED_EDGE('',*,*,#2573,.F.);
#3659=ORIENTED_EDGE('',*,*,#2574,.F.);
#3660=ORIENTED_EDGE('',*,*,#2575,.T.);
#3661=ORIENTED_EDGE('',*,*,#2576,.T.);
#3662=ORIENTED_EDGE('',*,*,#2575,.F.);
#3663=ORIENTED_EDGE('',*,*,#2411,.F.);
#3664=ORIENTED_EDGE('',*,*,#2577,.F.);
#3665=ORIENTED_EDGE('',*,*,#2578,.T.);
#3666=ORIENTED_EDGE('',*,*,#2579,.T.);
#3667=ORIENTED_EDGE('',*,*,#2578,.F.);
#3668=ORIENTED_EDGE('',*,*,#2580,.F.);
#3669=ORIENTED_EDGE('',*,*,#2535,.F.);
#3670=ORIENTED_EDGE('',*,*,#2523,.F.);
#3671=ORIENTED_EDGE('',*,*,#2581,.F.);
#3672=ORIENTED_EDGE('',*,*,#2287,.T.);
#3673=ORIENTED_EDGE('',*,*,#2582,.T.);
#3674=ORIENTED_EDGE('',*,*,#2289,.T.);
#3675=ORIENTED_EDGE('',*,*,#2513,.F.);
#3676=ORIENTED_EDGE('',*,*,#2582,.F.);
#3677=ORIENTED_EDGE('',*,*,#2579,.F.);
#3678=ORIENTED_EDGE('',*,*,#2576,.F.);
#3679=ORIENTED_EDGE('',*,*,#2580,.T.);
#3680=ORIENTED_EDGE('',*,*,#2577,.T.);
#3681=ORIENTED_EDGE('',*,*,#2410,.F.);
#3682=ORIENTED_EDGE('',*,*,#2583,.F.);
#3683=ORIENTED_EDGE('',*,*,#2584,.F.);
#3684=ORIENTED_EDGE('',*,*,#2536,.T.);
#3685=ORIENTED_EDGE('',*,*,#2573,.T.);
#3686=ORIENTED_EDGE('',*,*,#2585,.T.);
#3687=ORIENTED_EDGE('',*,*,#2572,.T.);
#3688=ORIENTED_EDGE('',*,*,#2574,.T.);
#3689=ORIENTED_EDGE('',*,*,#2585,.F.);
#3690=ORIENTED_EDGE('',*,*,#2556,.T.);
#3691=ORIENTED_EDGE('',*,*,#2557,.T.);
#3692=ORIENTED_EDGE('',*,*,#2544,.T.);
#3693=ORIENTED_EDGE('',*,*,#2586,.T.);
#3694=ORIENTED_EDGE('',*,*,#2587,.F.);
#3695=ORIENTED_EDGE('',*,*,#2588,.F.);
#3696=ORIENTED_EDGE('',*,*,#2589,.F.);
#3697=ORIENTED_EDGE('',*,*,#2543,.T.);
#3698=ORIENTED_EDGE('',*,*,#2590,.F.);
#3699=ORIENTED_EDGE('',*,*,#2591,.F.);
#3700=ORIENTED_EDGE('',*,*,#2586,.F.);
#3701=ORIENTED_EDGE('',*,*,#2539,.T.);
#3702=ORIENTED_EDGE('',*,*,#2592,.T.);
#3703=ORIENTED_EDGE('',*,*,#2511,.F.);
#3704=ORIENTED_EDGE('',*,*,#2593,.F.);
#3705=ORIENTED_EDGE('',*,*,#2538,.F.);
#3706=ORIENTED_EDGE('',*,*,#2594,.T.);
#3707=ORIENTED_EDGE('',*,*,#2291,.F.);
#3708=ORIENTED_EDGE('',*,*,#2512,.F.);
#3709=ORIENTED_EDGE('',*,*,#2592,.F.);
#3710=ORIENTED_EDGE('',*,*,#2537,.T.);
#3711=ORIENTED_EDGE('',*,*,#2584,.T.);
#3712=ORIENTED_EDGE('',*,*,#2595,.T.);
#3713=ORIENTED_EDGE('',*,*,#2292,.F.);
#3714=ORIENTED_EDGE('',*,*,#2594,.F.);
#3715=ORIENTED_EDGE('',*,*,#2583,.T.);
#3716=ORIENTED_EDGE('',*,*,#2409,.F.);
#3717=ORIENTED_EDGE('',*,*,#2596,.T.);
#3718=ORIENTED_EDGE('',*,*,#2254,.F.);
#3719=ORIENTED_EDGE('',*,*,#2293,.F.);
#3720=ORIENTED_EDGE('',*,*,#2595,.F.);
#3721=ORIENTED_EDGE('',*,*,#2597,.T.);
#3722=ORIENTED_EDGE('',*,*,#2598,.T.);
#3723=ORIENTED_EDGE('',*,*,#2599,.T.);
#3724=ORIENTED_EDGE('',*,*,#2600,.T.);
#3725=ORIENTED_EDGE('',*,*,#2598,.F.);
#3726=ORIENTED_EDGE('',*,*,#2601,.T.);
#3727=ORIENTED_EDGE('',*,*,#2602,.T.);
#3728=ORIENTED_EDGE('',*,*,#2599,.F.);
#3729=ORIENTED_EDGE('',*,*,#2600,.F.);
#3730=ORIENTED_EDGE('',*,*,#2602,.F.);
#3731=ORIENTED_EDGE('',*,*,#2252,.F.);
#3732=ORIENTED_EDGE('',*,*,#2597,.F.);
#3733=ORIENTED_EDGE('',*,*,#2603,.F.);
#3734=ORIENTED_EDGE('',*,*,#2516,.T.);
#3735=ORIENTED_EDGE('',*,*,#2604,.T.);
#3736=ORIENTED_EDGE('',*,*,#2605,.F.);
#3737=ORIENTED_EDGE('',*,*,#2606,.T.);
#3738=ORIENTED_EDGE('',*,*,#2607,.F.);
#3739=ORIENTED_EDGE('',*,*,#2604,.F.);
#3740=ORIENTED_EDGE('',*,*,#2515,.T.);
#3741=ORIENTED_EDGE('',*,*,#2581,.T.);
#3742=ORIENTED_EDGE('',*,*,#2288,.T.);
#3743=ORIENTED_EDGE('',*,*,#2520,.T.);
#3744=ORIENTED_EDGE('',*,*,#2608,.T.);
#3745=ORIENTED_EDGE('',*,*,#2609,.T.);
#3746=ORIENTED_EDGE('',*,*,#2610,.T.);
#3747=ORIENTED_EDGE('',*,*,#2609,.F.);
#3748=ORIENTED_EDGE('',*,*,#2611,.T.);
#3749=ORIENTED_EDGE('',*,*,#2612,.T.);
#3750=ORIENTED_EDGE('',*,*,#2591,.T.);
#3751=ORIENTED_EDGE('',*,*,#2613,.T.);
#3752=ORIENTED_EDGE('',*,*,#2587,.T.);
#3753=ORIENTED_EDGE('',*,*,#2612,.F.);
#3754=ORIENTED_EDGE('',*,*,#2614,.T.);
#3755=ORIENTED_EDGE('',*,*,#2522,.T.);
#3756=ORIENTED_EDGE('',*,*,#2615,.T.);
#3757=ORIENTED_EDGE('',*,*,#2611,.F.);
#3758=ORIENTED_EDGE('',*,*,#2616,.T.);
#3759=ORIENTED_EDGE('',*,*,#2518,.T.);
#3760=ORIENTED_EDGE('',*,*,#2517,.F.);
#3761=ORIENTED_EDGE('',*,*,#2603,.T.);
#3762=ORIENTED_EDGE('',*,*,#2605,.T.);
#3763=ORIENTED_EDGE('',*,*,#2617,.T.);
#3764=ORIENTED_EDGE('',*,*,#2608,.F.);
#3765=ORIENTED_EDGE('',*,*,#2519,.F.);
#3766=ORIENTED_EDGE('',*,*,#2616,.F.);
#3767=ORIENTED_EDGE('',*,*,#2542,.T.);
#3768=ORIENTED_EDGE('',*,*,#2618,.T.);
#3769=ORIENTED_EDGE('',*,*,#2588,.T.);
#3770=ORIENTED_EDGE('',*,*,#2613,.F.);
#3771=ORIENTED_EDGE('',*,*,#2590,.T.);
#3772=ORIENTED_EDGE('',*,*,#2610,.F.);
#3773=ORIENTED_EDGE('',*,*,#2615,.F.);
#3774=ORIENTED_EDGE('',*,*,#2521,.F.);
#3775=ORIENTED_EDGE('',*,*,#2617,.F.);
#3776=ORIENTED_EDGE('',*,*,#2607,.T.);
#3777=ORIENTED_EDGE('',*,*,#2606,.F.);
#3778=ORIENTED_EDGE('',*,*,#2514,.F.);
#3779=ORIENTED_EDGE('',*,*,#2614,.F.);
#3780=ORIENTED_EDGE('',*,*,#2545,.T.);
#3781=ORIENTED_EDGE('',*,*,#2589,.T.);
#3782=ORIENTED_EDGE('',*,*,#2618,.F.);
#3783=ORIENTED_EDGE('',*,*,#2408,.T.);
#3784=ORIENTED_EDGE('',*,*,#2619,.T.);
#3785=ORIENTED_EDGE('',*,*,#2255,.F.);
#3786=ORIENTED_EDGE('',*,*,#2596,.F.);
#3787=ORIENTED_EDGE('',*,*,#2270,.T.);
#3788=ORIENTED_EDGE('',*,*,#2620,.T.);
#3789=ORIENTED_EDGE('',*,*,#2294,.F.);
#3790=ORIENTED_EDGE('',*,*,#2256,.F.);
#3791=ORIENTED_EDGE('',*,*,#2619,.F.);
#3792=ORIENTED_EDGE('',*,*,#2407,.F.);
#3793=ORIENTED_EDGE('',*,*,#2541,.T.);
#3794=ORIENTED_EDGE('',*,*,#2621,.T.);
#3795=ORIENTED_EDGE('',*,*,#2295,.F.);
#3796=ORIENTED_EDGE('',*,*,#2620,.F.);
#3797=ORIENTED_EDGE('',*,*,#2269,.T.);
#3798=ORIENTED_EDGE('',*,*,#2540,.F.);
#3799=ORIENTED_EDGE('',*,*,#2593,.T.);
#3800=ORIENTED_EDGE('',*,*,#2510,.F.);
#3801=ORIENTED_EDGE('',*,*,#2296,.F.);
#3802=ORIENTED_EDGE('',*,*,#2621,.F.);
#3803=ORIENTED_EDGE('',*,*,#2403,.T.);
#3804=ORIENTED_EDGE('',*,*,#2601,.F.);
#3805=ORIENTED_EDGE('',*,*,#2622,.T.);
#3806=ORIENTED_EDGE('',*,*,#2623,.T.);
#3807=ORIENTED_EDGE('',*,*,#2624,.T.);
#3808=ORIENTED_EDGE('',*,*,#2625,.T.);
#3809=ORIENTED_EDGE('',*,*,#2626,.T.);
#3810=ORIENTED_EDGE('',*,*,#2623,.F.);
#3811=ORIENTED_EDGE('',*,*,#2627,.F.);
#3812=ORIENTED_EDGE('',*,*,#2628,.F.);
#3813=ORIENTED_EDGE('',*,*,#2629,.T.);
#3814=ORIENTED_EDGE('',*,*,#2622,.F.);
#3815=ORIENTED_EDGE('',*,*,#2630,.F.);
#3816=ORIENTED_EDGE('',*,*,#2631,.T.);
#3817=ORIENTED_EDGE('',*,*,#2626,.F.);
#3818=ORIENTED_EDGE('',*,*,#2632,.T.);
#3819=ORIENTED_EDGE('',*,*,#2633,.F.);
#3820=ORIENTED_EDGE('',*,*,#2634,.T.);
#3821=ORIENTED_EDGE('',*,*,#2630,.T.);
#3822=ORIENTED_EDGE('',*,*,#2635,.T.);
#3823=ORIENTED_EDGE('',*,*,#2636,.T.);
#3824=ORIENTED_EDGE('',*,*,#2637,.T.);
#3825=ORIENTED_EDGE('',*,*,#2638,.T.);
#3826=ORIENTED_EDGE('',*,*,#2636,.F.);
#3827=ORIENTED_EDGE('',*,*,#2639,.T.);
#3828=ORIENTED_EDGE('',*,*,#2640,.T.);
#3829=ORIENTED_EDGE('',*,*,#2641,.T.);
#3830=ORIENTED_EDGE('',*,*,#2642,.T.);
#3831=ORIENTED_EDGE('',*,*,#2633,.T.);
#3832=ORIENTED_EDGE('',*,*,#2643,.T.);
#3833=ORIENTED_EDGE('',*,*,#2644,.T.);
#3834=ORIENTED_EDGE('',*,*,#2645,.T.);
#3835=ORIENTED_EDGE('',*,*,#2644,.F.);
#3836=ORIENTED_EDGE('',*,*,#2646,.T.);
#3837=ORIENTED_EDGE('',*,*,#2647,.T.);
#3838=ORIENTED_EDGE('',*,*,#2648,.T.);
#3839=ORIENTED_EDGE('',*,*,#2647,.F.);
#3840=ORIENTED_EDGE('',*,*,#2649,.T.);
#3841=ORIENTED_EDGE('',*,*,#2650,.T.);
#3842=ORIENTED_EDGE('',*,*,#2651,.T.);
#3843=ORIENTED_EDGE('',*,*,#2650,.F.);
#3844=ORIENTED_EDGE('',*,*,#2652,.T.);
#3845=ORIENTED_EDGE('',*,*,#2653,.T.);
#3846=ORIENTED_EDGE('',*,*,#2640,.F.);
#3847=ORIENTED_EDGE('',*,*,#2654,.T.);
#3848=ORIENTED_EDGE('',*,*,#2653,.F.);
#3849=ORIENTED_EDGE('',*,*,#2655,.T.);
#3850=ORIENTED_EDGE('',*,*,#2656,.T.);
#3851=ORIENTED_EDGE('',*,*,#2638,.F.);
#3852=ORIENTED_EDGE('',*,*,#2657,.T.);
#3853=ORIENTED_EDGE('',*,*,#2658,.T.);
#3854=ORIENTED_EDGE('',*,*,#2659,.T.);
#3855=ORIENTED_EDGE('',*,*,#2658,.F.);
#3856=ORIENTED_EDGE('',*,*,#2660,.T.);
#3857=ORIENTED_EDGE('',*,*,#2661,.T.);
#3858=ORIENTED_EDGE('',*,*,#2662,.T.);
#3859=ORIENTED_EDGE('',*,*,#2661,.F.);
#3860=ORIENTED_EDGE('',*,*,#2663,.T.);
#3861=ORIENTED_EDGE('',*,*,#2664,.T.);
#3862=ORIENTED_EDGE('',*,*,#2665,.T.);
#3863=ORIENTED_EDGE('',*,*,#2664,.F.);
#3864=ORIENTED_EDGE('',*,*,#2666,.T.);
#3865=ORIENTED_EDGE('',*,*,#2667,.T.);
#3866=ORIENTED_EDGE('',*,*,#2668,.T.);
#3867=ORIENTED_EDGE('',*,*,#2667,.F.);
#3868=ORIENTED_EDGE('',*,*,#2669,.T.);
#3869=ORIENTED_EDGE('',*,*,#2670,.T.);
#3870=ORIENTED_EDGE('',*,*,#2671,.T.);
#3871=ORIENTED_EDGE('',*,*,#2670,.F.);
#3872=ORIENTED_EDGE('',*,*,#2672,.T.);
#3873=ORIENTED_EDGE('',*,*,#2673,.T.);
#3874=ORIENTED_EDGE('',*,*,#2674,.T.);
#3875=ORIENTED_EDGE('',*,*,#2673,.F.);
#3876=ORIENTED_EDGE('',*,*,#2675,.T.);
#3877=ORIENTED_EDGE('',*,*,#2676,.T.);
#3878=ORIENTED_EDGE('',*,*,#2677,.T.);
#3879=ORIENTED_EDGE('',*,*,#2676,.F.);
#3880=ORIENTED_EDGE('',*,*,#2678,.T.);
#3881=ORIENTED_EDGE('',*,*,#2679,.T.);
#3882=ORIENTED_EDGE('',*,*,#2680,.T.);
#3883=ORIENTED_EDGE('',*,*,#2679,.F.);
#3884=ORIENTED_EDGE('',*,*,#2681,.T.);
#3885=ORIENTED_EDGE('',*,*,#2682,.T.);
#3886=ORIENTED_EDGE('',*,*,#2683,.T.);
#3887=ORIENTED_EDGE('',*,*,#2682,.F.);
#3888=ORIENTED_EDGE('',*,*,#2684,.T.);
#3889=ORIENTED_EDGE('',*,*,#2685,.T.);
#3890=ORIENTED_EDGE('',*,*,#2686,.T.);
#3891=ORIENTED_EDGE('',*,*,#2685,.F.);
#3892=ORIENTED_EDGE('',*,*,#2687,.T.);
#3893=ORIENTED_EDGE('',*,*,#2688,.T.);
#3894=ORIENTED_EDGE('',*,*,#2689,.T.);
#3895=ORIENTED_EDGE('',*,*,#2688,.F.);
#3896=ORIENTED_EDGE('',*,*,#2690,.T.);
#3897=ORIENTED_EDGE('',*,*,#2691,.T.);
#3898=ORIENTED_EDGE('',*,*,#2692,.T.);
#3899=ORIENTED_EDGE('',*,*,#2691,.F.);
#3900=ORIENTED_EDGE('',*,*,#2693,.T.);
#3901=ORIENTED_EDGE('',*,*,#2694,.T.);
#3902=ORIENTED_EDGE('',*,*,#2695,.T.);
#3903=ORIENTED_EDGE('',*,*,#2694,.F.);
#3904=ORIENTED_EDGE('',*,*,#2696,.T.);
#3905=ORIENTED_EDGE('',*,*,#2697,.T.);
#3906=ORIENTED_EDGE('',*,*,#2698,.T.);
#3907=ORIENTED_EDGE('',*,*,#2697,.F.);
#3908=ORIENTED_EDGE('',*,*,#2699,.T.);
#3909=ORIENTED_EDGE('',*,*,#2700,.T.);
#3910=ORIENTED_EDGE('',*,*,#2701,.T.);
#3911=ORIENTED_EDGE('',*,*,#2700,.F.);
#3912=ORIENTED_EDGE('',*,*,#2702,.T.);
#3913=ORIENTED_EDGE('',*,*,#2703,.T.);
#3914=ORIENTED_EDGE('',*,*,#2704,.T.);
#3915=ORIENTED_EDGE('',*,*,#2703,.F.);
#3916=ORIENTED_EDGE('',*,*,#2705,.T.);
#3917=ORIENTED_EDGE('',*,*,#2706,.T.);
#3918=ORIENTED_EDGE('',*,*,#2707,.T.);
#3919=ORIENTED_EDGE('',*,*,#2706,.F.);
#3920=ORIENTED_EDGE('',*,*,#2708,.T.);
#3921=ORIENTED_EDGE('',*,*,#2709,.T.);
#3922=ORIENTED_EDGE('',*,*,#2710,.T.);
#3923=ORIENTED_EDGE('',*,*,#2709,.F.);
#3924=ORIENTED_EDGE('',*,*,#2711,.T.);
#3925=ORIENTED_EDGE('',*,*,#2712,.T.);
#3926=ORIENTED_EDGE('',*,*,#2713,.T.);
#3927=ORIENTED_EDGE('',*,*,#2712,.F.);
#3928=ORIENTED_EDGE('',*,*,#2714,.T.);
#3929=ORIENTED_EDGE('',*,*,#2715,.T.);
#3930=ORIENTED_EDGE('',*,*,#2716,.T.);
#3931=ORIENTED_EDGE('',*,*,#2715,.F.);
#3932=ORIENTED_EDGE('',*,*,#2717,.T.);
#3933=ORIENTED_EDGE('',*,*,#2718,.T.);
#3934=ORIENTED_EDGE('',*,*,#2719,.T.);
#3935=ORIENTED_EDGE('',*,*,#2718,.F.);
#3936=ORIENTED_EDGE('',*,*,#2720,.T.);
#3937=ORIENTED_EDGE('',*,*,#2721,.T.);
#3938=ORIENTED_EDGE('',*,*,#2722,.T.);
#3939=ORIENTED_EDGE('',*,*,#2721,.F.);
#3940=ORIENTED_EDGE('',*,*,#2723,.T.);
#3941=ORIENTED_EDGE('',*,*,#2724,.T.);
#3942=ORIENTED_EDGE('',*,*,#2725,.T.);
#3943=ORIENTED_EDGE('',*,*,#2724,.F.);
#3944=ORIENTED_EDGE('',*,*,#2726,.T.);
#3945=ORIENTED_EDGE('',*,*,#2727,.T.);
#3946=ORIENTED_EDGE('',*,*,#2728,.T.);
#3947=ORIENTED_EDGE('',*,*,#2727,.F.);
#3948=ORIENTED_EDGE('',*,*,#2729,.T.);
#3949=ORIENTED_EDGE('',*,*,#2730,.T.);
#3950=ORIENTED_EDGE('',*,*,#2731,.T.);
#3951=ORIENTED_EDGE('',*,*,#2732,.F.);
#3952=ORIENTED_EDGE('',*,*,#2624,.F.);
#3953=ORIENTED_EDGE('',*,*,#2733,.T.);
#3954=ORIENTED_EDGE('',*,*,#2730,.F.);
#3955=ORIENTED_EDGE('',*,*,#2631,.F.);
#3956=ORIENTED_EDGE('',*,*,#2734,.F.);
#3957=ORIENTED_EDGE('',*,*,#2735,.T.);
#3958=ORIENTED_EDGE('',*,*,#2627,.T.);
#3959=ORIENTED_EDGE('',*,*,#2634,.F.);
#3960=ORIENTED_EDGE('',*,*,#2736,.F.);
#3961=ORIENTED_EDGE('',*,*,#2737,.T.);
#3962=ORIENTED_EDGE('',*,*,#2734,.T.);
#3963=ORIENTED_EDGE('',*,*,#2642,.F.);
#3964=ORIENTED_EDGE('',*,*,#2738,.F.);
#3965=ORIENTED_EDGE('',*,*,#2739,.T.);
#3966=ORIENTED_EDGE('',*,*,#2736,.T.);
#3967=ORIENTED_EDGE('',*,*,#2645,.F.);
#3968=ORIENTED_EDGE('',*,*,#2740,.F.);
#3969=ORIENTED_EDGE('',*,*,#2741,.T.);
#3970=ORIENTED_EDGE('',*,*,#2738,.T.);
#3971=ORIENTED_EDGE('',*,*,#2648,.F.);
#3972=ORIENTED_EDGE('',*,*,#2742,.F.);
#3973=ORIENTED_EDGE('',*,*,#2743,.T.);
#3974=ORIENTED_EDGE('',*,*,#2740,.T.);
#3975=ORIENTED_EDGE('',*,*,#2651,.F.);
#3976=ORIENTED_EDGE('',*,*,#2744,.F.);
#3977=ORIENTED_EDGE('',*,*,#2745,.F.);
#3978=ORIENTED_EDGE('',*,*,#2742,.T.);
#3979=ORIENTED_EDGE('',*,*,#2654,.F.);
#3980=ORIENTED_EDGE('',*,*,#2746,.F.);
#3981=ORIENTED_EDGE('',*,*,#2747,.T.);
#3982=ORIENTED_EDGE('',*,*,#2744,.T.);
#3983=ORIENTED_EDGE('',*,*,#2639,.F.);
#3984=ORIENTED_EDGE('',*,*,#2748,.F.);
#3985=ORIENTED_EDGE('',*,*,#2749,.T.);
#3986=ORIENTED_EDGE('',*,*,#2746,.T.);
#3987=ORIENTED_EDGE('',*,*,#2635,.F.);
#3988=ORIENTED_EDGE('',*,*,#2750,.F.);
#3989=ORIENTED_EDGE('',*,*,#2751,.T.);
#3990=ORIENTED_EDGE('',*,*,#2748,.T.);
#3991=ORIENTED_EDGE('',*,*,#2656,.F.);
#3992=ORIENTED_EDGE('',*,*,#2752,.F.);
#3993=ORIENTED_EDGE('',*,*,#2753,.T.);
#3994=ORIENTED_EDGE('',*,*,#2750,.T.);
#3995=ORIENTED_EDGE('',*,*,#2659,.F.);
#3996=ORIENTED_EDGE('',*,*,#2754,.F.);
#3997=ORIENTED_EDGE('',*,*,#2755,.T.);
#3998=ORIENTED_EDGE('',*,*,#2752,.T.);
#3999=ORIENTED_EDGE('',*,*,#2662,.F.);
#4000=ORIENTED_EDGE('',*,*,#2756,.F.);
#4001=ORIENTED_EDGE('',*,*,#2757,.F.);
#4002=ORIENTED_EDGE('',*,*,#2754,.T.);
#4003=ORIENTED_EDGE('',*,*,#2665,.F.);
#4004=ORIENTED_EDGE('',*,*,#2758,.F.);
#4005=ORIENTED_EDGE('',*,*,#2759,.T.);
#4006=ORIENTED_EDGE('',*,*,#2756,.T.);
#4007=ORIENTED_EDGE('',*,*,#2668,.F.);
#4008=ORIENTED_EDGE('',*,*,#2760,.F.);
#4009=ORIENTED_EDGE('',*,*,#2761,.T.);
#4010=ORIENTED_EDGE('',*,*,#2758,.T.);
#4011=ORIENTED_EDGE('',*,*,#2671,.F.);
#4012=ORIENTED_EDGE('',*,*,#2762,.F.);
#4013=ORIENTED_EDGE('',*,*,#2763,.T.);
#4014=ORIENTED_EDGE('',*,*,#2760,.T.);
#4015=ORIENTED_EDGE('',*,*,#2674,.F.);
#4016=ORIENTED_EDGE('',*,*,#2764,.F.);
#4017=ORIENTED_EDGE('',*,*,#2765,.F.);
#4018=ORIENTED_EDGE('',*,*,#2762,.T.);
#4019=ORIENTED_EDGE('',*,*,#2677,.F.);
#4020=ORIENTED_EDGE('',*,*,#2766,.F.);
#4021=ORIENTED_EDGE('',*,*,#2767,.T.);
#4022=ORIENTED_EDGE('',*,*,#2764,.T.);
#4023=ORIENTED_EDGE('',*,*,#2680,.F.);
#4024=ORIENTED_EDGE('',*,*,#2768,.F.);
#4025=ORIENTED_EDGE('',*,*,#2769,.T.);
#4026=ORIENTED_EDGE('',*,*,#2766,.T.);
#4027=ORIENTED_EDGE('',*,*,#2683,.F.);
#4028=ORIENTED_EDGE('',*,*,#2770,.F.);
#4029=ORIENTED_EDGE('',*,*,#2771,.T.);
#4030=ORIENTED_EDGE('',*,*,#2768,.T.);
#4031=ORIENTED_EDGE('',*,*,#2686,.F.);
#4032=ORIENTED_EDGE('',*,*,#2772,.F.);
#4033=ORIENTED_EDGE('',*,*,#2773,.F.);
#4034=ORIENTED_EDGE('',*,*,#2770,.T.);
#4035=ORIENTED_EDGE('',*,*,#2689,.F.);
#4036=ORIENTED_EDGE('',*,*,#2774,.F.);
#4037=ORIENTED_EDGE('',*,*,#2775,.T.);
#4038=ORIENTED_EDGE('',*,*,#2772,.T.);
#4039=ORIENTED_EDGE('',*,*,#2692,.F.);
#4040=ORIENTED_EDGE('',*,*,#2776,.F.);
#4041=ORIENTED_EDGE('',*,*,#2777,.T.);
#4042=ORIENTED_EDGE('',*,*,#2774,.T.);
#4043=ORIENTED_EDGE('',*,*,#2695,.F.);
#4044=ORIENTED_EDGE('',*,*,#2778,.F.);
#4045=ORIENTED_EDGE('',*,*,#2779,.T.);
#4046=ORIENTED_EDGE('',*,*,#2776,.T.);
#4047=ORIENTED_EDGE('',*,*,#2698,.F.);
#4048=ORIENTED_EDGE('',*,*,#2780,.F.);
#4049=ORIENTED_EDGE('',*,*,#2781,.F.);
#4050=ORIENTED_EDGE('',*,*,#2778,.T.);
#4051=ORIENTED_EDGE('',*,*,#2701,.F.);
#4052=ORIENTED_EDGE('',*,*,#2782,.F.);
#4053=ORIENTED_EDGE('',*,*,#2783,.T.);
#4054=ORIENTED_EDGE('',*,*,#2780,.T.);
#4055=ORIENTED_EDGE('',*,*,#2704,.F.);
#4056=ORIENTED_EDGE('',*,*,#2784,.F.);
#4057=ORIENTED_EDGE('',*,*,#2785,.T.);
#4058=ORIENTED_EDGE('',*,*,#2782,.T.);
#4059=ORIENTED_EDGE('',*,*,#2707,.F.);
#4060=ORIENTED_EDGE('',*,*,#2786,.F.);
#4061=ORIENTED_EDGE('',*,*,#2787,.T.);
#4062=ORIENTED_EDGE('',*,*,#2784,.T.);
#4063=ORIENTED_EDGE('',*,*,#2710,.F.);
#4064=ORIENTED_EDGE('',*,*,#2788,.F.);
#4065=ORIENTED_EDGE('',*,*,#2789,.F.);
#4066=ORIENTED_EDGE('',*,*,#2786,.T.);
#4067=ORIENTED_EDGE('',*,*,#2713,.F.);
#4068=ORIENTED_EDGE('',*,*,#2790,.F.);
#4069=ORIENTED_EDGE('',*,*,#2791,.T.);
#4070=ORIENTED_EDGE('',*,*,#2788,.T.);
#4071=ORIENTED_EDGE('',*,*,#2716,.F.);
#4072=ORIENTED_EDGE('',*,*,#2792,.F.);
#4073=ORIENTED_EDGE('',*,*,#2793,.T.);
#4074=ORIENTED_EDGE('',*,*,#2790,.T.);
#4075=ORIENTED_EDGE('',*,*,#2719,.F.);
#4076=ORIENTED_EDGE('',*,*,#2794,.F.);
#4077=ORIENTED_EDGE('',*,*,#2795,.T.);
#4078=ORIENTED_EDGE('',*,*,#2792,.T.);
#4079=ORIENTED_EDGE('',*,*,#2722,.F.);
#4080=ORIENTED_EDGE('',*,*,#2796,.F.);
#4081=ORIENTED_EDGE('',*,*,#2797,.F.);
#4082=ORIENTED_EDGE('',*,*,#2794,.T.);
#4083=ORIENTED_EDGE('',*,*,#2725,.F.);
#4084=ORIENTED_EDGE('',*,*,#2798,.F.);
#4085=ORIENTED_EDGE('',*,*,#2799,.T.);
#4086=ORIENTED_EDGE('',*,*,#2796,.T.);
#4087=ORIENTED_EDGE('',*,*,#2728,.F.);
#4088=ORIENTED_EDGE('',*,*,#2800,.F.);
#4089=ORIENTED_EDGE('',*,*,#2801,.T.);
#4090=ORIENTED_EDGE('',*,*,#2798,.T.);
#4091=ORIENTED_EDGE('',*,*,#2733,.F.);
#4092=ORIENTED_EDGE('',*,*,#2629,.F.);
#4093=ORIENTED_EDGE('',*,*,#2802,.T.);
#4094=ORIENTED_EDGE('',*,*,#2800,.T.);
#4095=ORIENTED_EDGE('',*,*,#2732,.T.);
#4096=ORIENTED_EDGE('',*,*,#2731,.F.);
#4097=ORIENTED_EDGE('',*,*,#2729,.F.);
#4098=ORIENTED_EDGE('',*,*,#2726,.F.);
#4099=ORIENTED_EDGE('',*,*,#2723,.F.);
#4100=ORIENTED_EDGE('',*,*,#2720,.F.);
#4101=ORIENTED_EDGE('',*,*,#2717,.F.);
#4102=ORIENTED_EDGE('',*,*,#2714,.F.);
#4103=ORIENTED_EDGE('',*,*,#2711,.F.);
#4104=ORIENTED_EDGE('',*,*,#2708,.F.);
#4105=ORIENTED_EDGE('',*,*,#2705,.F.);
#4106=ORIENTED_EDGE('',*,*,#2702,.F.);
#4107=ORIENTED_EDGE('',*,*,#2699,.F.);
#4108=ORIENTED_EDGE('',*,*,#2696,.F.);
#4109=ORIENTED_EDGE('',*,*,#2693,.F.);
#4110=ORIENTED_EDGE('',*,*,#2690,.F.);
#4111=ORIENTED_EDGE('',*,*,#2687,.F.);
#4112=ORIENTED_EDGE('',*,*,#2684,.F.);
#4113=ORIENTED_EDGE('',*,*,#2681,.F.);
#4114=ORIENTED_EDGE('',*,*,#2678,.F.);
#4115=ORIENTED_EDGE('',*,*,#2675,.F.);
#4116=ORIENTED_EDGE('',*,*,#2672,.F.);
#4117=ORIENTED_EDGE('',*,*,#2669,.F.);
#4118=ORIENTED_EDGE('',*,*,#2666,.F.);
#4119=ORIENTED_EDGE('',*,*,#2663,.F.);
#4120=ORIENTED_EDGE('',*,*,#2660,.F.);
#4121=ORIENTED_EDGE('',*,*,#2657,.F.);
#4122=ORIENTED_EDGE('',*,*,#2637,.F.);
#4123=ORIENTED_EDGE('',*,*,#2641,.F.);
#4124=ORIENTED_EDGE('',*,*,#2655,.F.);
#4125=ORIENTED_EDGE('',*,*,#2652,.F.);
#4126=ORIENTED_EDGE('',*,*,#2649,.F.);
#4127=ORIENTED_EDGE('',*,*,#2646,.F.);
#4128=ORIENTED_EDGE('',*,*,#2643,.F.);
#4129=ORIENTED_EDGE('',*,*,#2632,.F.);
#4130=ORIENTED_EDGE('',*,*,#2625,.F.);
#4131=ORIENTED_EDGE('',*,*,#2506,.T.);
#4132=ORIENTED_EDGE('',*,*,#2779,.F.);
#4133=ORIENTED_EDGE('',*,*,#2781,.T.);
#4134=ORIENTED_EDGE('',*,*,#2783,.F.);
#4135=ORIENTED_EDGE('',*,*,#2785,.F.);
#4136=ORIENTED_EDGE('',*,*,#2787,.F.);
#4137=ORIENTED_EDGE('',*,*,#2789,.T.);
#4138=ORIENTED_EDGE('',*,*,#2791,.F.);
#4139=ORIENTED_EDGE('',*,*,#2793,.F.);
#4140=ORIENTED_EDGE('',*,*,#2795,.F.);
#4141=ORIENTED_EDGE('',*,*,#2797,.T.);
#4142=ORIENTED_EDGE('',*,*,#2799,.F.);
#4143=ORIENTED_EDGE('',*,*,#2801,.F.);
#4144=ORIENTED_EDGE('',*,*,#2802,.F.);
#4145=ORIENTED_EDGE('',*,*,#2628,.T.);
#4146=ORIENTED_EDGE('',*,*,#2735,.F.);
#4147=ORIENTED_EDGE('',*,*,#2737,.F.);
#4148=ORIENTED_EDGE('',*,*,#2739,.F.);
#4149=ORIENTED_EDGE('',*,*,#2741,.F.);
#4150=ORIENTED_EDGE('',*,*,#2743,.F.);
#4151=ORIENTED_EDGE('',*,*,#2745,.T.);
#4152=ORIENTED_EDGE('',*,*,#2747,.F.);
#4153=ORIENTED_EDGE('',*,*,#2749,.F.);
#4154=ORIENTED_EDGE('',*,*,#2751,.F.);
#4155=ORIENTED_EDGE('',*,*,#2753,.F.);
#4156=ORIENTED_EDGE('',*,*,#2755,.F.);
#4157=ORIENTED_EDGE('',*,*,#2757,.T.);
#4158=ORIENTED_EDGE('',*,*,#2759,.F.);
#4159=ORIENTED_EDGE('',*,*,#2761,.F.);
#4160=ORIENTED_EDGE('',*,*,#2763,.F.);
#4161=ORIENTED_EDGE('',*,*,#2765,.T.);
#4162=ORIENTED_EDGE('',*,*,#2767,.F.);
#4163=ORIENTED_EDGE('',*,*,#2769,.F.);
#4164=ORIENTED_EDGE('',*,*,#2771,.F.);
#4165=ORIENTED_EDGE('',*,*,#2773,.T.);
#4166=ORIENTED_EDGE('',*,*,#2775,.F.);
#4167=ORIENTED_EDGE('',*,*,#2777,.F.);
#4168=ORIENTED_EDGE('',*,*,#2534,.F.);
#4169=CYLINDRICAL_SURFACE('',#4501,0.500000007450581);
#4170=CYLINDRICAL_SURFACE('',#4502,0.500000007450581);
#4171=CYLINDRICAL_SURFACE('',#4504,0.500000007450581);
#4172=CYLINDRICAL_SURFACE('',#4505,0.500000007450581);
#4173=CYLINDRICAL_SURFACE('',#4507,0.500000007450581);
#4174=CYLINDRICAL_SURFACE('',#4508,0.500000007450581);
#4175=CYLINDRICAL_SURFACE('',#4509,0.500000007450581);
#4176=CYLINDRICAL_SURFACE('',#4512,0.500000007450581);
#4177=CYLINDRICAL_SURFACE('',#4513,0.500000007450581);
#4178=CYLINDRICAL_SURFACE('',#4516,0.500000007450581);
#4179=CYLINDRICAL_SURFACE('',#4517,0.500000007450581);
#4180=CYLINDRICAL_SURFACE('',#4520,0.500000007450581);
#4181=CYLINDRICAL_SURFACE('',#4521,0.500000007450581);
#4182=CYLINDRICAL_SURFACE('',#4523,0.500000007450581);
#4183=CYLINDRICAL_SURFACE('',#4524,0.500000007450581);
#4184=CYLINDRICAL_SURFACE('',#4525,0.500000007450581);
#4185=CYLINDRICAL_SURFACE('',#4528,0.500000007450581);
#4186=CYLINDRICAL_SURFACE('',#4529,0.500000007450581);
#4187=CYLINDRICAL_SURFACE('',#4530,0.500000007450581);
#4188=CYLINDRICAL_SURFACE('',#4534,0.500000007450581);
#4189=CYLINDRICAL_SURFACE('',#4535,0.500000007450581);
#4190=CYLINDRICAL_SURFACE('',#4536,0.500000007450581);
#4191=CYLINDRICAL_SURFACE('',#4541,0.500000007450581);
#4192=CYLINDRICAL_SURFACE('',#4544,0.500000007450581);
#4193=CYLINDRICAL_SURFACE('',#4545,0.500000007450581);
#4194=CYLINDRICAL_SURFACE('',#4592,1.5);
#4195=CYLINDRICAL_SURFACE('',#4593,1.50000002235174);
#4196=CYLINDRICAL_SURFACE('',#4594,1.50000002235174);
#4197=CYLINDRICAL_SURFACE('',#4595,2.);
#4198=CYLINDRICAL_SURFACE('',#4596,1.50000002235174);
#4199=CYLINDRICAL_SURFACE('',#4597,1.50000002235174);
#4200=CYLINDRICAL_SURFACE('',#4598,1.50000002235174);
#4201=CYLINDRICAL_SURFACE('',#4599,1.5);
#4202=CYLINDRICAL_SURFACE('',#4600,1.50000002235174);
#4203=CYLINDRICAL_SURFACE('',#4601,1.50000002235174);
#4204=CYLINDRICAL_SURFACE('',#4602,1.50000002235174);
#4205=CYLINDRICAL_SURFACE('',#4603,2.);
#4206=CYLINDRICAL_SURFACE('',#4604,1.50000002235174);
#4207=CYLINDRICAL_SURFACE('',#4605,2.);
#4208=CYLINDRICAL_SURFACE('',#4606,1.50000002235174);
#4209=CYLINDRICAL_SURFACE('',#4607,1.5);
#4210=CYLINDRICAL_SURFACE('',#4609,1.);
#4211=CYLINDRICAL_SURFACE('',#4612,1.);
#4212=CYLINDRICAL_SURFACE('',#4615,1.);
#4213=CYLINDRICAL_SURFACE('',#4618,1.);
#4214=CYLINDRICAL_SURFACE('',#4649,1.15);
#4215=CYLINDRICAL_SURFACE('',#4656,1.15);
#4216=CYLINDRICAL_SURFACE('',#4662,1.15);
#4217=CYLINDRICAL_SURFACE('',#4666,1.15);
#4218=CYLINDRICAL_SURFACE('',#4673,1.6);
#4219=CYLINDRICAL_SURFACE('',#4676,1.6);
#4220=CYLINDRICAL_SURFACE('',#4680,1.6);
#4221=CYLINDRICAL_SURFACE('',#4684,1.6);
#4222=CYLINDRICAL_SURFACE('',#4696,3.49999999999999);
#4223=CYLINDRICAL_SURFACE('',#4698,3.5);
#4224=CYLINDRICAL_SURFACE('',#4700,3.5);
#4225=CYLINDRICAL_SURFACE('',#4702,3.49999999999999);
#4226=CYLINDRICAL_SURFACE('',#4703,1.4);
#4227=CYLINDRICAL_SURFACE('',#4707,3.1);
#4228=CYLINDRICAL_SURFACE('',#4713,3.1);
#4229=CYLINDRICAL_SURFACE('',#4731,1.4);
#4230=CYLINDRICAL_SURFACE('',#4735,3.1);
#4231=CYLINDRICAL_SURFACE('',#4743,1.4);
#4232=CYLINDRICAL_SURFACE('',#4745,3.1);
#4233=CYLINDRICAL_SURFACE('',#4750,1.4);
#4234=CYLINDRICAL_SURFACE('',#4752,3.1);
#4235=CYLINDRICAL_SURFACE('',#4754,3.1);
#4236=CYLINDRICAL_SURFACE('',#4756,1.4);
#4237=CYLINDRICAL_SURFACE('',#4761,1.4);
#4238=CYLINDRICAL_SURFACE('',#4764,3.1);
#4239=CYLINDRICAL_SURFACE('',#4769,3.1);
#4240=CYLINDRICAL_SURFACE('',#4782,1.45);
#4241=CYLINDRICAL_SURFACE('',#4784,1.45);
#4242=CYLINDRICAL_SURFACE('',#4790,18.9999995753169);
#4243=CYLINDRICAL_SURFACE('',#4796,1.5);
#4244=CYLINDRICAL_SURFACE('',#4802,1.5);
#4245=CYLINDRICAL_SURFACE('',#4803,1.5);
#4246=CYLINDRICAL_SURFACE('',#4810,1.45);
#4247=CYLINDRICAL_SURFACE('',#4812,1.45);
#4248=CYLINDRICAL_SURFACE('',#4815,66.5025038707524);
#4249=CYLINDRICAL_SURFACE('',#4818,66.502504891907);
#4250=CYLINDRICAL_SURFACE('',#4823,66.502504891907);
#4251=CYLINDRICAL_SURFACE('',#4826,66.5025034568885);
#4252=CYLINDRICAL_SURFACE('',#4831,66.5025034568885);
#4253=CYLINDRICAL_SURFACE('',#4836,66.5025034568885);
#4254=CYLINDRICAL_SURFACE('',#4841,66.5025038707524);
#4255=CYLINDRICAL_SURFACE('',#4846,66.5025038707524);
#4256=CYLINDRICAL_SURFACE('',#4851,66.5025038707524);
#4257=CYLINDRICAL_SURFACE('',#4856,66.5025038707524);
#4258=ADVANCED_FACE('',(#438),#4169,.F.);
#4259=ADVANCED_FACE('',(#439),#4170,.F.);
#4260=ADVANCED_FACE('',(#440),#4171,.F.);
#4261=ADVANCED_FACE('',(#441),#4172,.F.);
#4262=ADVANCED_FACE('',(#442),#4173,.F.);
#4263=ADVANCED_FACE('',(#443),#4174,.F.);
#4264=ADVANCED_FACE('',(#444),#4175,.F.);
#4265=ADVANCED_FACE('',(#445),#4176,.F.);
#4266=ADVANCED_FACE('',(#446),#4177,.F.);
#4267=ADVANCED_FACE('',(#447),#4178,.F.);
#4268=ADVANCED_FACE('',(#448),#4179,.F.);
#4269=ADVANCED_FACE('',(#449),#4180,.F.);
#4270=ADVANCED_FACE('',(#450),#4181,.F.);
#4271=ADVANCED_FACE('',(#451),#4182,.F.);
#4272=ADVANCED_FACE('',(#452),#4183,.F.);
#4273=ADVANCED_FACE('',(#453),#4184,.F.);
#4274=ADVANCED_FACE('',(#454),#4185,.F.);
#4275=ADVANCED_FACE('',(#455),#4186,.F.);
#4276=ADVANCED_FACE('',(#456),#4187,.F.);
#4277=ADVANCED_FACE('',(#457),#4188,.F.);
#4278=ADVANCED_FACE('',(#458),#4189,.F.);
#4279=ADVANCED_FACE('',(#459),#4190,.F.);
#4280=ADVANCED_FACE('',(#460),#4191,.F.);
#4281=ADVANCED_FACE('',(#461),#4192,.F.);
#4282=ADVANCED_FACE('',(#462),#4193,.F.);
#4283=ADVANCED_FACE('',(#463,#142,#143,#144,#145,#146,#147,#148,#149,#150,
#151),#255,.T.);
#4284=ADVANCED_FACE('',(#464,#152),#59,.F.);
#4285=ADVANCED_FACE('',(#465,#153,#154,#155,#156,#157,#158),#60,.T.);
#4286=ADVANCED_FACE('',(#466),#4194,.F.);
#4287=ADVANCED_FACE('',(#467),#4195,.F.);
#4288=ADVANCED_FACE('',(#468),#4196,.F.);
#4289=ADVANCED_FACE('',(#469),#4197,.F.);
#4290=ADVANCED_FACE('',(#470),#4198,.F.);
#4291=ADVANCED_FACE('',(#471),#4199,.F.);
#4292=ADVANCED_FACE('',(#472),#4200,.F.);
#4293=ADVANCED_FACE('',(#473),#4201,.F.);
#4294=ADVANCED_FACE('',(#474),#4202,.F.);
#4295=ADVANCED_FACE('',(#475),#4203,.F.);
#4296=ADVANCED_FACE('',(#476),#4204,.F.);
#4297=ADVANCED_FACE('',(#477),#4205,.F.);
#4298=ADVANCED_FACE('',(#478),#4206,.F.);
#4299=ADVANCED_FACE('',(#479),#4207,.F.);
#4300=ADVANCED_FACE('',(#480),#4208,.F.);
#4301=ADVANCED_FACE('',(#481),#4209,.F.);
#4302=ADVANCED_FACE('',(#482),#61,.T.);
#4303=ADVANCED_FACE('',(#483),#4210,.T.);
#4304=ADVANCED_FACE('',(#484),#62,.T.);
#4305=ADVANCED_FACE('',(#485),#4211,.T.);
#4306=ADVANCED_FACE('',(#486),#63,.T.);
#4307=ADVANCED_FACE('',(#487),#4212,.T.);
#4308=ADVANCED_FACE('',(#488),#64,.T.);
#4309=ADVANCED_FACE('',(#489),#4213,.T.);
#4310=ADVANCED_FACE('',(#490),#65,.T.);
#4311=ADVANCED_FACE('',(#491),#66,.F.);
#4312=ADVANCED_FACE('',(#492,#159,#160,#161,#162,#163,#164,#165,#166,#167,
#168,#169,#170,#171,#172,#173),#256,.F.);
#4313=ADVANCED_FACE('',(#493),#67,.F.);
#4314=ADVANCED_FACE('',(#494),#68,.F.);
#4315=ADVANCED_FACE('',(#495),#69,.F.);
#4316=ADVANCED_FACE('',(#496),#70,.T.);
#4317=ADVANCED_FACE('',(#497),#4214,.F.);
#4318=ADVANCED_FACE('',(#498,#174),#71,.F.);
#4319=ADVANCED_FACE('',(#499),#72,.T.);
#4320=ADVANCED_FACE('',(#500),#4215,.F.);
#4321=ADVANCED_FACE('',(#501,#175),#73,.F.);
#4322=ADVANCED_FACE('',(#502),#74,.T.);
#4323=ADVANCED_FACE('',(#503),#4216,.F.);
#4324=ADVANCED_FACE('',(#504,#176),#75,.F.);
#4325=ADVANCED_FACE('',(#505),#4217,.F.);
#4326=ADVANCED_FACE('',(#506),#76,.T.);
#4327=ADVANCED_FACE('',(#507,#177),#77,.F.);
#4328=ADVANCED_FACE('',(#508),#4218,.T.);
#4329=ADVANCED_FACE('',(#509),#4219,.T.);
#4330=ADVANCED_FACE('',(#510),#78,.F.);
#4331=ADVANCED_FACE('',(#511),#4220,.T.);
#4332=ADVANCED_FACE('',(#512),#79,.F.);
#4333=ADVANCED_FACE('',(#513),#80,.F.);
#4334=ADVANCED_FACE('',(#514),#4221,.T.);
#4335=ADVANCED_FACE('',(#515),#81,.F.);
#4336=ADVANCED_FACE('',(#516),#82,.F.);
#4337=ADVANCED_FACE('',(#517),#83,.F.);
#4338=ADVANCED_FACE('',(#518),#84,.F.);
#4339=ADVANCED_FACE('',(#519),#85,.F.);
#4340=ADVANCED_FACE('',(#520),#86,.F.);
#4341=ADVANCED_FACE('',(#521),#4222,.F.);
#4342=ADVANCED_FACE('',(#522),#87,.F.);
#4343=ADVANCED_FACE('',(#523),#4223,.F.);
#4344=ADVANCED_FACE('',(#524),#88,.F.);
#4345=ADVANCED_FACE('',(#525),#4224,.F.);
#4346=ADVANCED_FACE('',(#526),#89,.F.);
#4347=ADVANCED_FACE('',(#527),#4225,.F.);
#4348=ADVANCED_FACE('',(#528),#4226,.F.);
#4349=ADVANCED_FACE('',(#529),#4227,.T.);
#4350=ADVANCED_FACE('',(#530),#257,.T.);
#4351=ADVANCED_FACE('',(#531),#4228,.T.);
#4352=ADVANCED_FACE('',(#532,#178),#90,.F.);
#4353=ADVANCED_FACE('',(#533,#179,#180,#181,#182,#183,#184,#185,#186,#187,
#188,#189,#190,#191,#192,#193,#194,#195,#196,#197,#198,#199,#200),#258,
 .T.);
#4354=ADVANCED_FACE('',(#534),#91,.F.);
#4355=ADVANCED_FACE('',(#535),#92,.F.);
#4356=ADVANCED_FACE('',(#536),#93,.F.);
#4357=ADVANCED_FACE('',(#537,#201,#202,#203,#204,#205,#206,#207,#208,#209,
#210,#211,#212,#213,#214,#215,#216,#217,#218,#219,#220,#221,#222,#223,#224),
#259,.F.);
#4358=ADVANCED_FACE('',(#538),#4229,.F.);
#4359=ADVANCED_FACE('',(#539),#4230,.T.);
#4360=ADVANCED_FACE('',(#540),#260,.T.);
#4361=ADVANCED_FACE('',(#541,#225),#94,.F.);
#4362=ADVANCED_FACE('',(#542),#261,.T.);
#4363=ADVANCED_FACE('',(#543),#262,.F.);
#4364=ADVANCED_FACE('',(#544),#263,.F.);
#4365=ADVANCED_FACE('',(#545),#4231,.F.);
#4366=ADVANCED_FACE('',(#546),#4232,.T.);
#4367=ADVANCED_FACE('',(#547,#226),#95,.F.);
#4368=ADVANCED_FACE('',(#548),#264,.F.);
#4369=ADVANCED_FACE('',(#549),#4233,.F.);
#4370=ADVANCED_FACE('',(#550),#4234,.T.);
#4371=ADVANCED_FACE('',(#551),#4235,.T.);
#4372=ADVANCED_FACE('',(#552),#265,.T.);
#4373=ADVANCED_FACE('',(#553),#4236,.F.);
#4374=ADVANCED_FACE('',(#554,#227),#96,.F.);
#4375=ADVANCED_FACE('',(#555),#266,.T.);
#4376=ADVANCED_FACE('',(#556),#97,.F.);
#4377=ADVANCED_FACE('',(#557),#267,.F.);
#4378=ADVANCED_FACE('',(#558),#4237,.F.);
#4379=ADVANCED_FACE('',(#559),#4238,.T.);
#4380=ADVANCED_FACE('',(#560),#268,.T.);
#4381=ADVANCED_FACE('',(#561),#4239,.T.);
#4382=ADVANCED_FACE('',(#562,#228),#98,.F.);
#4383=ADVANCED_FACE('',(#563),#99,.F.);
#4384=ADVANCED_FACE('',(#564),#100,.F.);
#4385=ADVANCED_FACE('',(#565),#269,.F.);
#4386=ADVANCED_FACE('',(#566),#270,.F.);
#4387=ADVANCED_FACE('',(#567),#101,.F.);
#4388=ADVANCED_FACE('',(#568),#102,.F.);
#4389=ADVANCED_FACE('',(#569),#103,.F.);
#4390=ADVANCED_FACE('',(#570),#4240,.F.);
#4391=ADVANCED_FACE('',(#571),#104,.F.);
#4392=ADVANCED_FACE('',(#572),#4241,.F.);
#4393=ADVANCED_FACE('',(#573),#54,.T.);
#4394=ADVANCED_FACE('',(#574),#4242,.F.);
#4395=ADVANCED_FACE('',(#575,#229),#105,.T.);
#4396=ADVANCED_FACE('',(#576),#16,.T.);
#4397=ADVANCED_FACE('',(#577),#17,.T.);
#4398=ADVANCED_FACE('',(#578),#271,.T.);
#4399=ADVANCED_FACE('',(#579),#4243,.T.);
#4400=ADVANCED_FACE('',(#580,#230),#15,.T.);
#4401=ADVANCED_FACE('',(#581),#4244,.T.);
#4402=ADVANCED_FACE('',(#582),#4245,.T.);
#4403=ADVANCED_FACE('',(#583),#106,.T.);
#4404=ADVANCED_FACE('',(#584),#107,.F.);
#4405=ADVANCED_FACE('',(#585),#108,.T.);
#4406=ADVANCED_FACE('',(#586),#109,.T.);
#4407=ADVANCED_FACE('',(#587),#110,.F.);
#4408=ADVANCED_FACE('',(#588),#111,.F.);
#4409=ADVANCED_FACE('',(#589),#4246,.F.);
#4410=ADVANCED_FACE('',(#590),#112,.F.);
#4411=ADVANCED_FACE('',(#591),#4247,.F.);
#4412=ADVANCED_FACE('',(#592,#231),#113,.T.);
#4413=ADVANCED_FACE('',(#593),#18,.T.);
#4414=ADVANCED_FACE('',(#594),#114,.T.);
#4415=ADVANCED_FACE('',(#595),#19,.T.);
#4416=ADVANCED_FACE('',(#596),#20,.T.);
#4417=ADVANCED_FACE('',(#597),#21,.T.);
#4418=ADVANCED_FACE('',(#598),#22,.T.);
#4419=ADVANCED_FACE('',(#599),#23,.T.);
#4420=ADVANCED_FACE('',(#600),#24,.T.);
#4421=ADVANCED_FACE('',(#601),#25,.T.);
#4422=ADVANCED_FACE('',(#602),#26,.T.);
#4423=ADVANCED_FACE('',(#603),#27,.T.);
#4424=ADVANCED_FACE('',(#604),#28,.T.);
#4425=ADVANCED_FACE('',(#605),#29,.T.);
#4426=ADVANCED_FACE('',(#606),#30,.T.);
#4427=ADVANCED_FACE('',(#607),#31,.T.);
#4428=ADVANCED_FACE('',(#608),#32,.T.);
#4429=ADVANCED_FACE('',(#609),#33,.T.);
#4430=ADVANCED_FACE('',(#610),#34,.T.);
#4431=ADVANCED_FACE('',(#611),#35,.T.);
#4432=ADVANCED_FACE('',(#612),#36,.T.);
#4433=ADVANCED_FACE('',(#613),#37,.T.);
#4434=ADVANCED_FACE('',(#614),#38,.T.);
#4435=ADVANCED_FACE('',(#615),#39,.T.);
#4436=ADVANCED_FACE('',(#616),#40,.T.);
#4437=ADVANCED_FACE('',(#617),#41,.T.);
#4438=ADVANCED_FACE('',(#618),#42,.T.);
#4439=ADVANCED_FACE('',(#619),#43,.T.);
#4440=ADVANCED_FACE('',(#620),#44,.T.);
#4441=ADVANCED_FACE('',(#621),#45,.T.);
#4442=ADVANCED_FACE('',(#622),#46,.T.);
#4443=ADVANCED_FACE('',(#623),#47,.T.);
#4444=ADVANCED_FACE('',(#624),#48,.T.);
#4445=ADVANCED_FACE('',(#625),#49,.T.);
#4446=ADVANCED_FACE('',(#626),#50,.T.);
#4447=ADVANCED_FACE('',(#627),#51,.T.);
#4448=ADVANCED_FACE('',(#628),#52,.T.);
#4449=ADVANCED_FACE('',(#629),#53,.T.);
#4450=ADVANCED_FACE('',(#630),#4248,.T.);
#4451=ADVANCED_FACE('',(#631),#115,.T.);
#4452=ADVANCED_FACE('',(#632),#4249,.T.);
#4453=ADVANCED_FACE('',(#633),#116,.T.);
#4454=ADVANCED_FACE('',(#634),#117,.T.);
#4455=ADVANCED_FACE('',(#635),#118,.T.);
#4456=ADVANCED_FACE('',(#636),#4250,.T.);
#4457=ADVANCED_FACE('',(#637),#119,.T.);
#4458=ADVANCED_FACE('',(#638),#4251,.T.);
#4459=ADVANCED_FACE('',(#639),#120,.T.);
#4460=ADVANCED_FACE('',(#640),#121,.T.);
#4461=ADVANCED_FACE('',(#641),#122,.T.);
#4462=ADVANCED_FACE('',(#642),#4252,.T.);
#4463=ADVANCED_FACE('',(#643),#123,.T.);
#4464=ADVANCED_FACE('',(#644),#124,.T.);
#4465=ADVANCED_FACE('',(#645),#125,.T.);
#4466=ADVANCED_FACE('',(#646),#4253,.T.);
#4467=ADVANCED_FACE('',(#647),#126,.T.);
#4468=ADVANCED_FACE('',(#648),#127,.T.);
#4469=ADVANCED_FACE('',(#649),#128,.T.);
#4470=ADVANCED_FACE('',(#650),#4254,.T.);
#4471=ADVANCED_FACE('',(#651),#129,.T.);
#4472=ADVANCED_FACE('',(#652),#130,.T.);
#4473=ADVANCED_FACE('',(#653),#131,.T.);
#4474=ADVANCED_FACE('',(#654),#4255,.T.);
#4475=ADVANCED_FACE('',(#655),#132,.T.);
#4476=ADVANCED_FACE('',(#656),#133,.T.);
#4477=ADVANCED_FACE('',(#657),#134,.T.);
#4478=ADVANCED_FACE('',(#658),#4256,.T.);
#4479=ADVANCED_FACE('',(#659),#135,.T.);
#4480=ADVANCED_FACE('',(#660),#136,.T.);
#4481=ADVANCED_FACE('',(#661),#137,.T.);
#4482=ADVANCED_FACE('',(#662),#4257,.T.);
#4483=ADVANCED_FACE('',(#663),#138,.T.);
#4484=ADVANCED_FACE('',(#664),#139,.T.);
#4485=ADVANCED_FACE('',(#665,#232),#140,.T.);
#4486=ADVANCED_FACE('',(#666,#233),#141,.F.);
#4487=CLOSED_SHELL('',(#4258,#4259,#4260,#4261,#4262,#4263,#4264,#4265,
#4266,#4267,#4268,#4269,#4270,#4271,#4272,#4273,#4274,#4275,#4276,#4277,
#4278,#4279,#4280,#4281,#4282,#4283,#4284,#4285,#4286,#4287,#4288,#4289,
#4290,#4291,#4292,#4293,#4294,#4295,#4296,#4297,#4298,#4299,#4300,#4301,
#4302,#4303,#4304,#4305,#4306,#4307,#4308,#4309,#4310,#4311,#4312,#4313,
#4314,#4315,#4316,#4317,#4318,#4319,#4320,#4321,#4322,#4323,#4324,#4325,
#4326,#4327,#4328,#4329,#4330,#4331,#4332,#4333,#4334,#4335,#4336,#4337,
#4338,#4339,#4340,#4341,#4342,#4343,#4344,#4345,#4346,#4347,#4348,#4349,
#4350,#4351,#4352,#4353,#4354,#4355,#4356,#4357,#4358,#4359,#4360,#4361,
#4362,#4363,#4364,#4365,#4366,#4367,#4368,#4369,#4370,#4371,#4372,#4373,
#4374,#4375,#4376,#4377,#4378,#4379,#4380,#4381,#4382,#4383,#4384,#4385,
#4386,#4387,#4388,#4389,#4390,#4391,#4392,#4393,#4394,#4395,#4396,#4397,
#4398,#4399,#4400,#4401,#4402,#4403,#4404,#4405,#4406,#4407,#4408,#4409,
#4410,#4411,#4412,#4413,#4414,#4415,#4416,#4417,#4418,#4419,#4420,#4421,
#4422,#4423,#4424,#4425,#4426,#4427,#4428,#4429,#4430,#4431,#4432,#4433,
#4434,#4435,#4436,#4437,#4438,#4439,#4440,#4441,#4442,#4443,#4444,#4445,
#4446,#4447,#4448,#4449,#4450,#4451,#4452,#4453,#4454,#4455,#4456,#4457,
#4458,#4459,#4460,#4461,#4462,#4463,#4464,#4465,#4466,#4467,#4468,#4469,
#4470,#4471,#4472,#4473,#4474,#4475,#4476,#4477,#4478,#4479,#4480,#4481,
#4482,#4483,#4484,#4485,#4486));
#4488=DERIVED_UNIT_ELEMENT(#4490,1.);
#4489=DERIVED_UNIT_ELEMENT(#12274,-3.);
#4490=(
MASS_UNIT()
NAMED_UNIT(*)
SI_UNIT(.KILO.,.GRAM.)
);
#4491=DERIVED_UNIT((#4488,#4489));
#4492=MEASURE_REPRESENTATION_ITEM('density measure',
POSITIVE_RATIO_MEASURE(7850.),#4491);
#4493=PROPERTY_DEFINITION_REPRESENTATION(#4498,#4495);
#4494=PROPERTY_DEFINITION_REPRESENTATION(#4499,#4496);
#4495=REPRESENTATION('material name',(#4497),#12271);
#4496=REPRESENTATION('density',(#4492),#12271);
#4497=DESCRIPTIVE_REPRESENTATION_ITEM('Steel','Steel');
#4498=PROPERTY_DEFINITION('material property','material name',#12281);
#4499=PROPERTY_DEFINITION('material property','density of part',#12281);
#4500=AXIS2_PLACEMENT_3D('',#5766,#4862,#4863);
#4501=AXIS2_PLACEMENT_3D('',#5767,#4864,#4865);
#4502=AXIS2_PLACEMENT_3D('',#5849,#4867,#4868);
#4503=AXIS2_PLACEMENT_3D('',#5902,#4870,#4871);
#4504=AXIS2_PLACEMENT_3D('',#5922,#4872,#4873);
#4505=AXIS2_PLACEMENT_3D('',#6004,#4875,#4876);
#4506=AXIS2_PLACEMENT_3D('',#6053,#4878,#4879);
#4507=AXIS2_PLACEMENT_3D('',#6068,#4880,#4881);
#4508=AXIS2_PLACEMENT_3D('',#6150,#4883,#4884);
#4509=AXIS2_PLACEMENT_3D('',#6232,#4886,#4887);
#4510=AXIS2_PLACEMENT_3D('',#6242,#4888,#4889);
#4511=AXIS2_PLACEMENT_3D('',#6313,#4891,#4892);
#4512=AXIS2_PLACEMENT_3D('',#6320,#4893,#4894);
#4513=AXIS2_PLACEMENT_3D('',#6402,#4896,#4897);
#4514=AXIS2_PLACEMENT_3D('',#6412,#4898,#4899);
#4515=AXIS2_PLACEMENT_3D('',#6475,#4901,#4902);
#4516=AXIS2_PLACEMENT_3D('',#6482,#4903,#4904);
#4517=AXIS2_PLACEMENT_3D('',#6564,#4906,#4907);
#4518=AXIS2_PLACEMENT_3D('',#6589,#4908,#4909);
#4519=AXIS2_PLACEMENT_3D('',#6602,#4911,#4912);
#4520=AXIS2_PLACEMENT_3D('',#6603,#4913,#4914);
#4521=AXIS2_PLACEMENT_3D('',#6685,#4916,#4917);
#4522=AXIS2_PLACEMENT_3D('',#6728,#4919,#4920);
#4523=AXIS2_PLACEMENT_3D('',#6729,#4921,#4922);
#4524=AXIS2_PLACEMENT_3D('',#6811,#4924,#4925);
#4525=AXIS2_PLACEMENT_3D('',#6893,#4927,#4928);
#4526=AXIS2_PLACEMENT_3D('',#6913,#4929,#4930);
#4527=AXIS2_PLACEMENT_3D('',#6922,#4932,#4933);
#4528=AXIS2_PLACEMENT_3D('',#6923,#4934,#4935);
#4529=AXIS2_PLACEMENT_3D('',#7005,#4937,#4938);
#4530=AXIS2_PLACEMENT_3D('',#7087,#4940,#4941);
#4531=AXIS2_PLACEMENT_3D('',#7101,#4942,#4943);
#4532=AXIS2_PLACEMENT_3D('',#7104,#4945,#4946);
#4533=AXIS2_PLACEMENT_3D('',#7105,#4947,#4948);
#4534=AXIS2_PLACEMENT_3D('',#7106,#4949,#4950);
#4535=AXIS2_PLACEMENT_3D('',#7188,#4952,#4953);
#4536=AXIS2_PLACEMENT_3D('',#7270,#4955,#4956);
#4537=AXIS2_PLACEMENT_3D('',#7297,#4957,#4958);
#4538=AXIS2_PLACEMENT_3D('',#7301,#4960,#4961);
#4539=AXIS2_PLACEMENT_3D('',#7326,#4962,#4963);
#4540=AXIS2_PLACEMENT_3D('',#7327,#4964,#4965);
#4541=AXIS2_PLACEMENT_3D('',#7328,#4966,#4967);
#4542=AXIS2_PLACEMENT_3D('',#7330,#4968,#4969);
#4543=AXIS2_PLACEMENT_3D('',#7333,#4971,#4972);
#4544=AXIS2_PLACEMENT_3D('',#7334,#4973,#4974);
#4545=AXIS2_PLACEMENT_3D('',#7416,#4976,#4977);
#4546=AXIS2_PLACEMENT_3D('',#7436,#4978,#4979);
#4547=AXIS2_PLACEMENT_3D('',#7445,#4981,#4982);
#4548=AXIS2_PLACEMENT_3D('',#7446,#4983,#4984);
#4549=AXIS2_PLACEMENT_3D('',#7448,#4985,#4986);
#4550=AXIS2_PLACEMENT_3D('',#7451,#4988,#4989);
#4551=AXIS2_PLACEMENT_3D('',#7453,#4990,#4991);
#4552=AXIS2_PLACEMENT_3D('',#7468,#4992,#4993);
#4553=AXIS2_PLACEMENT_3D('',#7469,#4994,#4995);
#4554=AXIS2_PLACEMENT_3D('',#7470,#4996,#4997);
#4555=AXIS2_PLACEMENT_3D('',#7471,#4998,#4999);
#4556=AXIS2_PLACEMENT_3D('',#7473,#5000,#5001);
#4557=AXIS2_PLACEMENT_3D('',#7475,#5002,#5003);
#4558=AXIS2_PLACEMENT_3D('',#7477,#5004,#5005);
#4559=AXIS2_PLACEMENT_3D('',#7479,#5006,#5007);
#4560=AXIS2_PLACEMENT_3D('',#7480,#5008,#5009);
#4561=AXIS2_PLACEMENT_3D('',#7481,#5010,#5011);
#4562=AXIS2_PLACEMENT_3D('',#7482,#5012,#5013);
#4563=AXIS2_PLACEMENT_3D('',#7483,#5014,#5015);
#4564=AXIS2_PLACEMENT_3D('',#7485,#5016,#5017);
#4565=AXIS2_PLACEMENT_3D('',#7489,#5019,#5020);
#4566=AXIS2_PLACEMENT_3D('',#7490,#5021,#5022);
#4567=AXIS2_PLACEMENT_3D('',#7491,#5023,#5024);
#4568=AXIS2_PLACEMENT_3D('',#7492,#5025,#5026);
#4569=AXIS2_PLACEMENT_3D('',#7493,#5027,#5028);
#4570=AXIS2_PLACEMENT_3D('',#7494,#5029,#5030);
#4571=AXIS2_PLACEMENT_3D('',#7496,#5031,#5032);
#4572=AXIS2_PLACEMENT_3D('',#7498,#5033,#5034);
#4573=AXIS2_PLACEMENT_3D('',#7500,#5035,#5036);
#4574=AXIS2_PLACEMENT_3D('',#7502,#5037,#5038);
#4575=AXIS2_PLACEMENT_3D('',#7504,#5039,#5040);
#4576=AXIS2_PLACEMENT_3D('',#7506,#5041,#5042);
#4577=AXIS2_PLACEMENT_3D('',#7508,#5043,#5044);
#4578=AXIS2_PLACEMENT_3D('',#7510,#5045,#5046);
#4579=AXIS2_PLACEMENT_3D('',#7512,#5047,#5048);
#4580=AXIS2_PLACEMENT_3D('',#7514,#5049,#5050);
#4581=AXIS2_PLACEMENT_3D('',#7516,#5051,#5052);
#4582=AXIS2_PLACEMENT_3D('',#7518,#5053,#5054);
#4583=AXIS2_PLACEMENT_3D('',#7520,#5055,#5056);
#4584=AXIS2_PLACEMENT_3D('',#7522,#5057,#5058);
#4585=AXIS2_PLACEMENT_3D('',#7524,#5059,#5060);
#4586=AXIS2_PLACEMENT_3D('',#7526,#5061,#5062);
#4587=AXIS2_PLACEMENT_3D('',#7528,#5063,#5064);
#4588=AXIS2_PLACEMENT_3D('',#7531,#5066,#5067);
#4589=AXIS2_PLACEMENT_3D('',#7533,#5068,#5069);
#4590=AXIS2_PLACEMENT_3D('',#7537,#5071,#5072);
#4591=AXIS2_PLACEMENT_3D('',#7538,#5073,#5074);
#4592=AXIS2_PLACEMENT_3D('',#7539,#5075,#5076);
#4593=AXIS2_PLACEMENT_3D('',#7621,#5078,#5079);
#4594=AXIS2_PLACEMENT_3D('',#7699,#5081,#5082);
#4595=AXIS2_PLACEMENT_3D('',#7781,#5084,#5085);
#4596=AXIS2_PLACEMENT_3D('',#7863,#5087,#5088);
#4597=AXIS2_PLACEMENT_3D('',#7945,#5090,#5091);
#4598=AXIS2_PLACEMENT_3D('',#8027,#5093,#5094);
#4599=AXIS2_PLACEMENT_3D('',#8109,#5096,#5097);
#4600=AXIS2_PLACEMENT_3D('',#8191,#5099,#5100);
#4601=AXIS2_PLACEMENT_3D('',#8273,#5102,#5103);
#4602=AXIS2_PLACEMENT_3D('',#8355,#5105,#5106);
#4603=AXIS2_PLACEMENT_3D('',#8437,#5108,#5109);
#4604=AXIS2_PLACEMENT_3D('',#8519,#5111,#5112);
#4605=AXIS2_PLACEMENT_3D('',#8597,#5114,#5115);
#4606=AXIS2_PLACEMENT_3D('',#8679,#5117,#5118);
#4607=AXIS2_PLACEMENT_3D('',#8761,#5120,#5121);
#4608=AXIS2_PLACEMENT_3D('',#8843,#5123,#5124);
#4609=AXIS2_PLACEMENT_3D('',#8854,#5128,#5129);
#4610=AXIS2_PLACEMENT_3D('',#8870,#5131,#5132);
#4611=AXIS2_PLACEMENT_3D('',#8871,#5133,#5134);
#4612=AXIS2_PLACEMENT_3D('',#8879,#5137,#5138);
#4613=AXIS2_PLACEMENT_3D('',#8895,#5140,#5141);
#4614=AXIS2_PLACEMENT_3D('',#8896,#5142,#5143);
#4615=AXIS2_PLACEMENT_3D('',#8904,#5146,#5147);
#4616=AXIS2_PLACEMENT_3D('',#8920,#5149,#5150);
#4617=AXIS2_PLACEMENT_3D('',#8921,#5151,#5152);
#4618=AXIS2_PLACEMENT_3D('',#8929,#5155,#5156);
#4619=AXIS2_PLACEMENT_3D('',#8942,#5157,#5158);
#4620=AXIS2_PLACEMENT_3D('',#8943,#5159,#5160);
#4621=AXIS2_PLACEMENT_3D('',#8944,#5161,#5162);
#4622=AXIS2_PLACEMENT_3D('',#8946,#5163,#5164);
#4623=AXIS2_PLACEMENT_3D('',#8947,#5165,#5166);
#4624=AXIS2_PLACEMENT_3D('',#8949,#5167,#5168);
#4625=AXIS2_PLACEMENT_3D('',#8953,#5170,#5171);
#4626=AXIS2_PLACEMENT_3D('',#8987,#5172,#5173);
#4627=AXIS2_PLACEMENT_3D('',#9000,#5174,#5175);
#4628=AXIS2_PLACEMENT_3D('',#9016,#5176,#5177);
#4629=AXIS2_PLACEMENT_3D('',#9019,#5178,#5179);
#4630=AXIS2_PLACEMENT_3D('',#9021,#5180,#5181);
#4631=AXIS2_PLACEMENT_3D('',#9041,#5182,#5183);
#4632=AXIS2_PLACEMENT_3D('',#9044,#5184,#5185);
#4633=AXIS2_PLACEMENT_3D('',#9046,#5186,#5187);
#4634=AXIS2_PLACEMENT_3D('',#9066,#5188,#5189);
#4635=AXIS2_PLACEMENT_3D('',#9069,#5190,#5191);
#4636=AXIS2_PLACEMENT_3D('',#9071,#5192,#5193);
#4637=AXIS2_PLACEMENT_3D('',#9091,#5194,#5195);
#4638=AXIS2_PLACEMENT_3D('',#9094,#5196,#5197);
#4639=AXIS2_PLACEMENT_3D('',#9096,#5198,#5199);
#4640=AXIS2_PLACEMENT_3D('',#9116,#5200,#5201);
#4641=AXIS2_PLACEMENT_3D('',#9157,#5202,#5203);
#4642=AXIS2_PLACEMENT_3D('',#9159,#5204,#5205);
#4643=AXIS2_PLACEMENT_3D('',#9160,#5206,#5207);
#4644=AXIS2_PLACEMENT_3D('',#9162,#5208,#5209);
#4645=AXIS2_PLACEMENT_3D('',#9163,#5210,#5211);
#4646=AXIS2_PLACEMENT_3D('',#9165,#5212,#5213);
#4647=AXIS2_PLACEMENT_3D('',#9166,#5214,#5215);
#4648=AXIS2_PLACEMENT_3D('',#9167,#5216,#5217);
#4649=AXIS2_PLACEMENT_3D('',#9168,#5218,#5219);
#4650=AXIS2_PLACEMENT_3D('',#9170,#5220,#5221);
#4651=AXIS2_PLACEMENT_3D('',#9172,#5223,#5224);
#4652=AXIS2_PLACEMENT_3D('',#9174,#5225,#5226);
#4653=AXIS2_PLACEMENT_3D('',#9175,#5227,#5228);
#4654=AXIS2_PLACEMENT_3D('',#9177,#5229,#5230);
#4655=AXIS2_PLACEMENT_3D('',#9178,#5231,#5232);
#4656=AXIS2_PLACEMENT_3D('',#9179,#5233,#5234);
#4657=AXIS2_PLACEMENT_3D('',#9181,#5235,#5236);
#4658=AXIS2_PLACEMENT_3D('',#9183,#5238,#5239);
#4659=AXIS2_PLACEMENT_3D('',#9185,#5240,#5241);
#4660=AXIS2_PLACEMENT_3D('',#9186,#5242,#5243);
#4661=AXIS2_PLACEMENT_3D('',#9187,#5244,#5245);
#4662=AXIS2_PLACEMENT_3D('',#9188,#5246,#5247);
#4663=AXIS2_PLACEMENT_3D('',#9190,#5248,#5249);
#4664=AXIS2_PLACEMENT_3D('',#9192,#5251,#5252);
#4665=AXIS2_PLACEMENT_3D('',#9194,#5253,#5254);
#4666=AXIS2_PLACEMENT_3D('',#9195,#5255,#5256);
#4667=AXIS2_PLACEMENT_3D('',#9197,#5257,#5258);
#4668=AXIS2_PLACEMENT_3D('',#9199,#5260,#5261);
#4669=AXIS2_PLACEMENT_3D('',#9201,#5262,#5263);
#4670=AXIS2_PLACEMENT_3D('',#9202,#5264,#5265);
#4671=AXIS2_PLACEMENT_3D('',#9203,#5266,#5267);
#4672=AXIS2_PLACEMENT_3D('',#9205,#5268,#5269);
#4673=AXIS2_PLACEMENT_3D('',#9206,#5270,#5271);
#4674=AXIS2_PLACEMENT_3D('',#9208,#5272,#5273);
#4675=AXIS2_PLACEMENT_3D('',#9210,#5275,#5276);
#4676=AXIS2_PLACEMENT_3D('',#9211,#5277,#5278);
#4677=AXIS2_PLACEMENT_3D('',#9213,#5279,#5280);
#4678=AXIS2_PLACEMENT_3D('',#9215,#5282,#5283);
#4679=AXIS2_PLACEMENT_3D('',#9216,#5284,#5285);
#4680=AXIS2_PLACEMENT_3D('',#9220,#5288,#5289);
#4681=AXIS2_PLACEMENT_3D('',#9221,#5290,#5291);
#4682=AXIS2_PLACEMENT_3D('',#9223,#5293,#5294);
#4683=AXIS2_PLACEMENT_3D('',#9227,#5297,#5298);
#4684=AXIS2_PLACEMENT_3D('',#9231,#5301,#5302);
#4685=AXIS2_PLACEMENT_3D('',#9232,#5303,#5304);
#4686=AXIS2_PLACEMENT_3D('',#9234,#5306,#5307);
#4687=AXIS2_PLACEMENT_3D('',#9236,#5308,#5309);
#4688=AXIS2_PLACEMENT_3D('',#9238,#5311,#5312);
#4689=AXIS2_PLACEMENT_3D('',#9241,#5314,#5315);
#4690=AXIS2_PLACEMENT_3D('',#9242,#5316,#5317);
#4691=AXIS2_PLACEMENT_3D('',#9245,#5319,#5320);
#4692=AXIS2_PLACEMENT_3D('',#9246,#5321,#5322);
#4693=AXIS2_PLACEMENT_3D('',#9250,#5324,#5325);
#4694=AXIS2_PLACEMENT_3D('',#9252,#5327,#5328);
#4695=AXIS2_PLACEMENT_3D('',#9254,#5330,#5331);
#4696=AXIS2_PLACEMENT_3D('',#9256,#5333,#5334);
#4697=AXIS2_PLACEMENT_3D('',#9258,#5336,#5337);
#4698=AXIS2_PLACEMENT_3D('',#9259,#5338,#5339);
#4699=AXIS2_PLACEMENT_3D('',#9261,#5341,#5342);
#4700=AXIS2_PLACEMENT_3D('',#9262,#5343,#5344);
#4701=AXIS2_PLACEMENT_3D('',#9264,#5346,#5347);
#4702=AXIS2_PLACEMENT_3D('',#9265,#5348,#5349);
#4703=AXIS2_PLACEMENT_3D('',#9266,#5350,#5351);
#4704=AXIS2_PLACEMENT_3D('',#9293,#5352,#5353);
#4705=AXIS2_PLACEMENT_3D('',#9296,#5355,#5356);
#4706=AXIS2_PLACEMENT_3D('',#9297,#5357,#5358);
#4707=AXIS2_PLACEMENT_3D('',#9298,#5359,#5360);
#4708=AXIS2_PLACEMENT_3D('',#9325,#5361,#5362);
#4709=AXIS2_PLACEMENT_3D('',#9328,#5364,#5365);
#4710=AXIS2_PLACEMENT_3D('',#9329,#5366,#5367);
#4711=AXIS2_PLACEMENT_3D('',#9330,#5368,#5369);
#4712=AXIS2_PLACEMENT_3D('',#9331,#5370,#5371);
#4713=AXIS2_PLACEMENT_3D('',#9352,#5372,#5373);
#4714=AXIS2_PLACEMENT_3D('',#9367,#5374,#5375);
#4715=AXIS2_PLACEMENT_3D('',#9368,#5376,#5377);
#4716=AXIS2_PLACEMENT_3D('',#9370,#5378,#5379);
#4717=AXIS2_PLACEMENT_3D('',#9446,#5381,#5382);
#4718=AXIS2_PLACEMENT_3D('',#9518,#5383,#5384);
#4719=AXIS2_PLACEMENT_3D('',#9520,#5385,#5386);
#4720=AXIS2_PLACEMENT_3D('',#9521,#5387,#5388);
#4721=AXIS2_PLACEMENT_3D('',#9522,#5389,#5390);
#4722=AXIS2_PLACEMENT_3D('',#9524,#5391,#5392);
#4723=AXIS2_PLACEMENT_3D('',#9526,#5393,#5394);
#4724=AXIS2_PLACEMENT_3D('',#9527,#5395,#5396);
#4725=AXIS2_PLACEMENT_3D('',#9528,#5397,#5398);
#4726=AXIS2_PLACEMENT_3D('',#9529,#5399,#5400);
#4727=AXIS2_PLACEMENT_3D('',#9530,#5401,#5402);
#4728=AXIS2_PLACEMENT_3D('',#9588,#5404,#5405);
#4729=AXIS2_PLACEMENT_3D('',#9614,#5406,#5407);
#4730=AXIS2_PLACEMENT_3D('',#9650,#5410,#5411);
#4731=AXIS2_PLACEMENT_3D('',#9662,#5412,#5413);
#4732=AXIS2_PLACEMENT_3D('',#9680,#5414,#5415);
#4733=AXIS2_PLACEMENT_3D('',#9690,#5417,#5418);
#4734=AXIS2_PLACEMENT_3D('',#9704,#5419,#5420);
#4735=AXIS2_PLACEMENT_3D('',#9705,#5421,#5422);
#4736=AXIS2_PLACEMENT_3D('',#9708,#5424,#5425);
#4737=AXIS2_PLACEMENT_3D('',#9709,#5426,#5427);
#4738=AXIS2_PLACEMENT_3D('',#9710,#5428,#5429);
#4739=AXIS2_PLACEMENT_3D('',#9711,#5430,#5431);
#4740=AXIS2_PLACEMENT_3D('',#9712,#5432,#5433);
#4741=AXIS2_PLACEMENT_3D('',#9713,#5434,#5435);
#4742=AXIS2_PLACEMENT_3D('',#9714,#5436,#5437);
#4743=AXIS2_PLACEMENT_3D('',#9715,#5438,#5439);
#4744=AXIS2_PLACEMENT_3D('',#9758,#5441,#5442);
#4745=AXIS2_PLACEMENT_3D('',#9759,#5443,#5444);
#4746=AXIS2_PLACEMENT_3D('',#9762,#5446,#5447);
#4747=AXIS2_PLACEMENT_3D('',#9763,#5448,#5449);
#4748=AXIS2_PLACEMENT_3D('',#9764,#5450,#5451);
#4749=AXIS2_PLACEMENT_3D('',#9765,#5452,#5453);
#4750=AXIS2_PLACEMENT_3D('',#9766,#5454,#5455);
#4751=AXIS2_PLACEMENT_3D('',#9809,#5457,#5458);
#4752=AXIS2_PLACEMENT_3D('',#9810,#5459,#5460);
#4753=AXIS2_PLACEMENT_3D('',#9813,#5462,#5463);
#4754=AXIS2_PLACEMENT_3D('',#9814,#5464,#5465);
#4755=AXIS2_PLACEMENT_3D('',#9838,#5466,#5467);
#4756=AXIS2_PLACEMENT_3D('',#9862,#5468,#5469);
#4757=AXIS2_PLACEMENT_3D('',#9886,#5470,#5471);
#4758=AXIS2_PLACEMENT_3D('',#9887,#5472,#5473);
#4759=AXIS2_PLACEMENT_3D('',#9888,#5474,#5475);
#4760=AXIS2_PLACEMENT_3D('',#9889,#5476,#5477);
#4761=AXIS2_PLACEMENT_3D('',#9890,#5478,#5479);
#4762=AXIS2_PLACEMENT_3D('',#9900,#5480,#5481);
#4763=AXIS2_PLACEMENT_3D('',#9932,#5483,#5484);
#4764=AXIS2_PLACEMENT_3D('',#9933,#5485,#5486);
#4765=AXIS2_PLACEMENT_3D('',#9935,#5487,#5488);
#4766=AXIS2_PLACEMENT_3D('',#9938,#5490,#5491);
#4767=AXIS2_PLACEMENT_3D('',#9939,#5492,#5493);
#4768=AXIS2_PLACEMENT_3D('',#9940,#5494,#5495);
#4769=AXIS2_PLACEMENT_3D('',#9973,#5496,#5497);
#4770=AXIS2_PLACEMENT_3D('',#9974,#5498,#5499);
#4771=AXIS2_PLACEMENT_3D('',#9975,#5500,#5501);
#4772=AXIS2_PLACEMENT_3D('',#9977,#5502,#5503);
#4773=AXIS2_PLACEMENT_3D('',#9979,#5505,#5506);
#4774=AXIS2_PLACEMENT_3D('',#9980,#5507,#5508);
#4775=AXIS2_PLACEMENT_3D('',#9981,#5509,#5510);
#4776=AXIS2_PLACEMENT_3D('',#9982,#5511,#5512);
#4777=AXIS2_PLACEMENT_3D('',#9983,#5513,#5514);
#4778=AXIS2_PLACEMENT_3D('',#9987,#5516,#5517);
#4779=AXIS2_PLACEMENT_3D('',#9991,#5520,#5521);
#4780=AXIS2_PLACEMENT_3D('',#9994,#5523,#5524);
#4781=AXIS2_PLACEMENT_3D('',#9995,#5525,#5526);
#4782=AXIS2_PLACEMENT_3D('',#9998,#5529,#5530);
#4783=AXIS2_PLACEMENT_3D('',#10000,#5532,#5533);
#4784=AXIS2_PLACEMENT_3D('',#10002,#5535,#5536);
#4785=AXIS2_PLACEMENT_3D('',#10004,#5538,#5539);
#4786=AXIS2_PLACEMENT_3D('',#10006,#5540,#5541);
#4787=AXIS2_PLACEMENT_3D('',#10008,#5542,#5543);
#4788=AXIS2_PLACEMENT_3D('',#10010,#5544,#5545);
#4789=AXIS2_PLACEMENT_3D('',#10011,#5546,#5547);
#4790=AXIS2_PLACEMENT_3D('',#10012,#5548,#5549);
#4791=AXIS2_PLACEMENT_3D('',#10014,#5550,#5551);
#4792=AXIS2_PLACEMENT_3D('',#10016,#5553,#5554);
#4793=AXIS2_PLACEMENT_3D('',#10089,#5555,#5556);
#4794=AXIS2_PLACEMENT_3D('',#10090,#5557,#5558);
#4795=AXIS2_PLACEMENT_3D('',#10159,#5560,#5561);
#4796=AXIS2_PLACEMENT_3D('',#10160,#5562,#5563);
#4797=AXIS2_PLACEMENT_3D('',#10164,#5565,#5566);
#4798=AXIS2_PLACEMENT_3D('',#10166,#5568,#5569);
#4799=AXIS2_PLACEMENT_3D('',#10168,#5570,#5571);
#4800=AXIS2_PLACEMENT_3D('',#10169,#5572,#5573);
#4801=AXIS2_PLACEMENT_3D('',#10170,#5574,#5575);
#4802=AXIS2_PLACEMENT_3D('',#10171,#5576,#5577);
#4803=AXIS2_PLACEMENT_3D('',#10174,#5580,#5581);
#4804=AXIS2_PLACEMENT_3D('',#10177,#5584,#5585);
#4805=AXIS2_PLACEMENT_3D('',#10178,#5586,#5587);
#4806=AXIS2_PLACEMENT_3D('',#10180,#5589,#5590);
#4807=AXIS2_PLACEMENT_3D('',#10181,#5591,#5592);
#4808=AXIS2_PLACEMENT_3D('',#10182,#5593,#5594);
#4809=AXIS2_PLACEMENT_3D('',#10183,#5595,#5596);
#4810=AXIS2_PLACEMENT_3D('',#10185,#5598,#5599);
#4811=AXIS2_PLACEMENT_3D('',#10187,#5601,#5602);
#4812=AXIS2_PLACEMENT_3D('',#10189,#5604,#5605);
#4813=AXIS2_PLACEMENT_3D('',#10190,#5606,#5607);
#4814=AXIS2_PLACEMENT_3D('',#10264,#5608,#5609);
#4815=AXIS2_PLACEMENT_3D('',#12129,#5613,#5614);
#4816=AXIS2_PLACEMENT_3D('',#12132,#5616,#5617);
#4817=AXIS2_PLACEMENT_3D('',#12133,#5618,#5619);
#4818=AXIS2_PLACEMENT_3D('',#12137,#5622,#5623);
#4819=AXIS2_PLACEMENT_3D('',#12140,#5625,#5626);
#4820=AXIS2_PLACEMENT_3D('',#12141,#5627,#5628);
#4821=AXIS2_PLACEMENT_3D('',#12145,#5631,#5632);
#4822=AXIS2_PLACEMENT_3D('',#12149,#5635,#5636);
#4823=AXIS2_PLACEMENT_3D('',#12153,#5639,#5640);
#4824=AXIS2_PLACEMENT_3D('',#12156,#5642,#5643);
#4825=AXIS2_PLACEMENT_3D('',#12157,#5644,#5645);
#4826=AXIS2_PLACEMENT_3D('',#12161,#5648,#5649);
#4827=AXIS2_PLACEMENT_3D('',#12164,#5651,#5652);
#4828=AXIS2_PLACEMENT_3D('',#12165,#5653,#5654);
#4829=AXIS2_PLACEMENT_3D('',#12169,#5657,#5658);
#4830=AXIS2_PLACEMENT_3D('',#12173,#5661,#5662);
#4831=AXIS2_PLACEMENT_3D('',#12177,#5665,#5666);
#4832=AXIS2_PLACEMENT_3D('',#12180,#5668,#5669);
#4833=AXIS2_PLACEMENT_3D('',#12181,#5670,#5671);
#4834=AXIS2_PLACEMENT_3D('',#12185,#5674,#5675);
#4835=AXIS2_PLACEMENT_3D('',#12189,#5678,#5679);
#4836=AXIS2_PLACEMENT_3D('',#12193,#5682,#5683);
#4837=AXIS2_PLACEMENT_3D('',#12196,#5685,#5686);
#4838=AXIS2_PLACEMENT_3D('',#12197,#5687,#5688);
#4839=AXIS2_PLACEMENT_3D('',#12201,#5691,#5692);
#4840=AXIS2_PLACEMENT_3D('',#12205,#5695,#5696);
#4841=AXIS2_PLACEMENT_3D('',#12209,#5699,#5700);
#4842=AXIS2_PLACEMENT_3D('',#12212,#5702,#5703);
#4843=AXIS2_PLACEMENT_3D('',#12213,#5704,#5705);
#4844=AXIS2_PLACEMENT_3D('',#12217,#5708,#5709);
#4845=AXIS2_PLACEMENT_3D('',#12221,#5712,#5713);
#4846=AXIS2_PLACEMENT_3D('',#12225,#5716,#5717);
#4847=AXIS2_PLACEMENT_3D('',#12228,#5719,#5720);
#4848=AXIS2_PLACEMENT_3D('',#12229,#5721,#5722);
#4849=AXIS2_PLACEMENT_3D('',#12233,#5725,#5726);
#4850=AXIS2_PLACEMENT_3D('',#12237,#5729,#5730);
#4851=AXIS2_PLACEMENT_3D('',#12241,#5733,#5734);
#4852=AXIS2_PLACEMENT_3D('',#12244,#5736,#5737);
#4853=AXIS2_PLACEMENT_3D('',#12245,#5738,#5739);
#4854=AXIS2_PLACEMENT_3D('',#12249,#5742,#5743);
#4855=AXIS2_PLACEMENT_3D('',#12253,#5746,#5747);
#4856=AXIS2_PLACEMENT_3D('',#12257,#5750,#5751);
#4857=AXIS2_PLACEMENT_3D('',#12260,#5753,#5754);
#4858=AXIS2_PLACEMENT_3D('',#12261,#5755,#5756);
#4859=AXIS2_PLACEMENT_3D('',#12265,#5759,#5760);
#4860=AXIS2_PLACEMENT_3D('',#12267,#5762,#5763);
#4861=AXIS2_PLACEMENT_3D('',#12268,#5764,#5765);
#4862=DIRECTION('axis',(0.,0.,1.));
#4863=DIRECTION('refdir',(1.,0.,0.));
#4864=DIRECTION('center_axis',(0.,0.,-1.));
#4865=DIRECTION('ref_axis',(1.,0.,0.));
#4866=DIRECTION('',(0.,0.,-1.));
#4867=DIRECTION('center_axis',(0.,0.,-1.));
#4868=DIRECTION('ref_axis',(1.,0.,0.));
#4869=DIRECTION('',(0.,0.,-1.));
#4870=DIRECTION('center_axis',(0.,0.,1.));
#4871=DIRECTION('ref_axis',(1.,0.,0.));
#4872=DIRECTION('center_axis',(0.,0.,-1.));
#4873=DIRECTION('ref_axis',(1.,0.,0.));
#4874=DIRECTION('',(0.,0.,-1.));
#4875=DIRECTION('center_axis',(0.,0.,-1.));
#4876=DIRECTION('ref_axis',(1.,0.,0.));
#4877=DIRECTION('',(0.,0.,-1.));
#4878=DIRECTION('center_axis',(0.,0.,1.));
#4879=DIRECTION('ref_axis',(1.,0.,0.));
#4880=DIRECTION('center_axis',(0.,0.,-1.));
#4881=DIRECTION('ref_axis',(1.,0.,0.));
#4882=DIRECTION('',(0.,0.,-1.));
#4883=DIRECTION('center_axis',(0.,0.,-1.));
#4884=DIRECTION('ref_axis',(1.,0.,0.));
#4885=DIRECTION('',(0.,0.,-1.));
#4886=DIRECTION('center_axis',(0.,0.,-1.));
#4887=DIRECTION('ref_axis',(1.,0.,0.));
#4888=DIRECTION('center_axis',(0.,0.,-1.));
#4889=DIRECTION('ref_axis',(1.,0.,0.));
#4890=DIRECTION('',(0.,0.,-1.));
#4891=DIRECTION('center_axis',(0.,0.,1.));
#4892=DIRECTION('ref_axis',(1.,0.,0.));
#4893=DIRECTION('center_axis',(0.,0.,-1.));
#4894=DIRECTION('ref_axis',(1.,0.,0.));
#4895=DIRECTION('',(0.,0.,-1.));
#4896=DIRECTION('center_axis',(0.,0.,-1.));
#4897=DIRECTION('ref_axis',(1.,0.,0.));
#4898=DIRECTION('center_axis',(0.,0.,-1.));
#4899=DIRECTION('ref_axis',(1.,0.,0.));
#4900=DIRECTION('',(0.,0.,-1.));
#4901=DIRECTION('center_axis',(0.,0.,1.));
#4902=DIRECTION('ref_axis',(1.,0.,0.));
#4903=DIRECTION('center_axis',(0.,0.,-1.));
#4904=DIRECTION('ref_axis',(1.,0.,0.));
#4905=DIRECTION('',(0.,0.,-1.));
#4906=DIRECTION('center_axis',(0.,0.,-1.));
#4907=DIRECTION('ref_axis',(1.,0.,0.));
#4908=DIRECTION('center_axis',(0.,0.,-1.));
#4909=DIRECTION('ref_axis',(1.,0.,0.));
#4910=DIRECTION('',(0.,0.,-1.));
#4911=DIRECTION('center_axis',(0.,0.,1.));
#4912=DIRECTION('ref_axis',(1.,0.,0.));
#4913=DIRECTION('center_axis',(0.,0.,-1.));
#4914=DIRECTION('ref_axis',(1.,0.,0.));
#4915=DIRECTION('',(0.,0.,-1.));
#4916=DIRECTION('center_axis',(0.,0.,-1.));
#4917=DIRECTION('ref_axis',(1.,0.,0.));
#4918=DIRECTION('',(0.,0.,-1.));
#4919=DIRECTION('center_axis',(0.,0.,1.));
#4920=DIRECTION('ref_axis',(1.,0.,0.));
#4921=DIRECTION('center_axis',(0.,0.,-1.));
#4922=DIRECTION('ref_axis',(1.,0.,0.));
#4923=DIRECTION('',(0.,0.,-1.));
#4924=DIRECTION('center_axis',(0.,0.,-1.));
#4925=DIRECTION('ref_axis',(1.,0.,0.));
#4926=DIRECTION('',(0.,0.,-1.));
#4927=DIRECTION('center_axis',(0.,0.,-1.));
#4928=DIRECTION('ref_axis',(1.,0.,0.));
#4929=DIRECTION('center_axis',(0.,0.,-1.));
#4930=DIRECTION('ref_axis',(1.,0.,0.));
#4931=DIRECTION('',(0.,0.,-1.));
#4932=DIRECTION('center_axis',(0.,0.,1.));
#4933=DIRECTION('ref_axis',(1.,0.,0.));
#4934=DIRECTION('center_axis',(0.,0.,-1.));
#4935=DIRECTION('ref_axis',(1.,0.,0.));
#4936=DIRECTION('',(0.,0.,-1.));
#4937=DIRECTION('center_axis',(0.,0.,-1.));
#4938=DIRECTION('ref_axis',(1.,0.,0.));
#4939=DIRECTION('',(0.,0.,-1.));
#4940=DIRECTION('center_axis',(0.,0.,-1.));
#4941=DIRECTION('ref_axis',(1.,0.,0.));
#4942=DIRECTION('center_axis',(0.,0.,-1.));
#4943=DIRECTION('ref_axis',(1.,0.,0.));
#4944=DIRECTION('',(0.,0.,-1.));
#4945=DIRECTION('center_axis',(0.,0.,1.));
#4946=DIRECTION('ref_axis',(1.,0.,0.));
#4947=DIRECTION('center_axis',(0.,0.,-1.));
#4948=DIRECTION('ref_axis',(1.,0.,0.));
#4949=DIRECTION('center_axis',(0.,0.,-1.));
#4950=DIRECTION('ref_axis',(1.,0.,0.));
#4951=DIRECTION('',(0.,0.,-1.));
#4952=DIRECTION('center_axis',(0.,0.,-1.));
#4953=DIRECTION('ref_axis',(1.,0.,0.));
#4954=DIRECTION('',(0.,0.,-1.));
#4955=DIRECTION('center_axis',(0.,0.,-1.));
#4956=DIRECTION('ref_axis',(1.,0.,0.));
#4957=DIRECTION('center_axis',(0.,0.,-1.));
#4958=DIRECTION('ref_axis',(1.,0.,0.));
#4959=DIRECTION('',(0.,0.,-1.));
#4960=DIRECTION('center_axis',(0.,0.,1.));
#4961=DIRECTION('ref_axis',(1.,0.,0.));
#4962=DIRECTION('center_axis',(0.,0.,1.));
#4963=DIRECTION('ref_axis',(1.,0.,0.));
#4964=DIRECTION('center_axis',(0.,0.,-1.));
#4965=DIRECTION('ref_axis',(1.,0.,0.));
#4966=DIRECTION('center_axis',(0.,0.,-1.));
#4967=DIRECTION('ref_axis',(1.,0.,0.));
#4968=DIRECTION('center_axis',(0.,0.,-1.));
#4969=DIRECTION('ref_axis',(1.,0.,0.));
#4970=DIRECTION('',(0.,0.,-1.));
#4971=DIRECTION('center_axis',(0.,0.,1.));
#4972=DIRECTION('ref_axis',(1.,0.,0.));
#4973=DIRECTION('center_axis',(0.,0.,-1.));
#4974=DIRECTION('ref_axis',(1.,0.,0.));
#4975=DIRECTION('',(0.,0.,-1.));
#4976=DIRECTION('center_axis',(0.,0.,-1.));
#4977=DIRECTION('ref_axis',(1.,0.,0.));
#4978=DIRECTION('center_axis',(0.,0.,-1.));
#4979=DIRECTION('ref_axis',(1.,0.,0.));
#4980=DIRECTION('',(0.,0.,-1.));
#4981=DIRECTION('center_axis',(0.,0.,1.));
#4982=DIRECTION('ref_axis',(1.,0.,0.));
#4983=DIRECTION('center_axis',(0.,0.,1.));
#4984=DIRECTION('ref_axis',(0.,-1.,0.));
#4985=DIRECTION('center_axis',(0.,0.,1.));
#4986=DIRECTION('ref_axis',(1.,0.,0.));
#4987=DIRECTION('',(1.19937821991207E-16,-0.979366639219671,-0.202091528727869));
#4988=DIRECTION('center_axis',(0.,0.,1.));
#4989=DIRECTION('ref_axis',(1.,0.,0.));
#4990=DIRECTION('center_axis',(0.,0.,1.));
#4991=DIRECTION('ref_axis',(1.,0.,0.));
#4992=DIRECTION('center_axis',(0.,0.,1.));
#4993=DIRECTION('ref_axis',(1.,0.,0.));
#4994=DIRECTION('center_axis',(0.,0.,1.));
#4995=DIRECTION('ref_axis',(1.,0.,0.));
#4996=DIRECTION('center_axis',(0.,0.,1.));
#4997=DIRECTION('ref_axis',(1.,0.,0.));
#4998=DIRECTION('center_axis',(0.,0.,-1.));
#4999=DIRECTION('ref_axis',(-1.,0.,0.));
#5000=DIRECTION('center_axis',(0.,0.,1.));
#5001=DIRECTION('ref_axis',(1.,0.,0.));
#5002=DIRECTION('center_axis',(0.,0.,-1.));
#5003=DIRECTION('ref_axis',(1.,0.,0.));
#5004=DIRECTION('center_axis',(0.,0.,1.));
#5005=DIRECTION('ref_axis',(1.,0.,0.));
#5006=DIRECTION('center_axis',(0.,0.,-1.));
#5007=DIRECTION('ref_axis',(1.,0.,0.));
#5008=DIRECTION('center_axis',(0.,0.,1.));
#5009=DIRECTION('ref_axis',(1.,0.,0.));
#5010=DIRECTION('center_axis',(0.,0.,1.));
#5011=DIRECTION('ref_axis',(1.,0.,0.));
#5012=DIRECTION('center_axis',(0.,0.,1.));
#5013=DIRECTION('ref_axis',(1.,0.,0.));
#5014=DIRECTION('center_axis',(0.,0.,1.));
#5015=DIRECTION('ref_axis',(1.,0.,0.));
#5016=DIRECTION('center_axis',(0.,0.,1.));
#5017=DIRECTION('ref_axis',(1.,0.,0.));
#5018=DIRECTION('',(-1.00929365875012E-14,-1.,0.));
#5019=DIRECTION('center_axis',(0.,0.,1.));
#5020=DIRECTION('ref_axis',(-1.,0.,0.));
#5021=DIRECTION('center_axis',(0.,0.,1.));
#5022=DIRECTION('ref_axis',(1.,0.,0.));
#5023=DIRECTION('center_axis',(0.,0.,1.));
#5024=DIRECTION('ref_axis',(1.,0.,0.));
#5025=DIRECTION('center_axis',(0.,0.,1.));
#5026=DIRECTION('ref_axis',(1.,0.,0.));
#5027=DIRECTION('center_axis',(0.,0.,-1.));
#5028=DIRECTION('ref_axis',(-1.,0.,0.));
#5029=DIRECTION('center_axis',(0.,0.,1.));
#5030=DIRECTION('ref_axis',(1.,0.,0.));
#5031=DIRECTION('center_axis',(0.,0.,1.));
#5032=DIRECTION('ref_axis',(1.,0.,0.));
#5033=DIRECTION('center_axis',(0.,0.,1.));
#5034=DIRECTION('ref_axis',(1.,0.,0.));
#5035=DIRECTION('center_axis',(0.,0.,1.));
#5036=DIRECTION('ref_axis',(1.,0.,0.));
#5037=DIRECTION('center_axis',(0.,0.,1.));
#5038=DIRECTION('ref_axis',(1.,0.,0.));
#5039=DIRECTION('center_axis',(0.,0.,1.));
#5040=DIRECTION('ref_axis',(1.,0.,0.));
#5041=DIRECTION('center_axis',(0.,0.,1.));
#5042=DIRECTION('ref_axis',(1.,0.,0.));
#5043=DIRECTION('center_axis',(0.,0.,1.));
#5044=DIRECTION('ref_axis',(1.,0.,0.));
#5045=DIRECTION('center_axis',(0.,0.,1.));
#5046=DIRECTION('ref_axis',(1.,0.,0.));
#5047=DIRECTION('center_axis',(0.,0.,1.));
#5048=DIRECTION('ref_axis',(1.,0.,0.));
#5049=DIRECTION('center_axis',(0.,0.,1.));
#5050=DIRECTION('ref_axis',(1.,0.,0.));
#5051=DIRECTION('center_axis',(0.,0.,1.));
#5052=DIRECTION('ref_axis',(1.,0.,0.));
#5053=DIRECTION('center_axis',(0.,0.,1.));
#5054=DIRECTION('ref_axis',(1.,0.,0.));
#5055=DIRECTION('center_axis',(0.,0.,1.));
#5056=DIRECTION('ref_axis',(1.,0.,0.));
#5057=DIRECTION('center_axis',(0.,0.,1.));
#5058=DIRECTION('ref_axis',(1.,0.,0.));
#5059=DIRECTION('center_axis',(0.,0.,1.));
#5060=DIRECTION('ref_axis',(1.,0.,0.));
#5061=DIRECTION('center_axis',(0.,0.,1.));
#5062=DIRECTION('ref_axis',(1.,0.,0.));
#5063=DIRECTION('center_axis',(0.,0.,1.));
#5064=DIRECTION('ref_axis',(1.,0.,0.));
#5065=DIRECTION('',(-5.88754634270918E-15,1.,0.));
#5066=DIRECTION('center_axis',(0.,0.,1.));
#5067=DIRECTION('ref_axis',(0.,1.,0.));
#5068=DIRECTION('center_axis',(0.,0.,1.));
#5069=DIRECTION('ref_axis',(-1.,0.,0.));
#5070=DIRECTION('',(-1.00929365875012E-14,-1.,0.));
#5071=DIRECTION('center_axis',(0.,0.,1.));
#5072=DIRECTION('ref_axis',(-1.53134210293125E-15,-1.,0.));
#5073=DIRECTION('center_axis',(0.,0.,1.));
#5074=DIRECTION('ref_axis',(1.,0.,0.));
#5075=DIRECTION('center_axis',(0.,0.,-1.));
#5076=DIRECTION('ref_axis',(1.,0.,0.));
#5077=DIRECTION('',(0.,0.,-1.));
#5078=DIRECTION('center_axis',(0.,0.,-1.));
#5079=DIRECTION('ref_axis',(-1.,-1.22464677919113E-16,0.));
#5080=DIRECTION('',(0.,0.,-1.));
#5081=DIRECTION('center_axis',(0.,0.,-1.));
#5082=DIRECTION('ref_axis',(1.,0.,0.));
#5083=DIRECTION('',(0.,0.,-1.));
#5084=DIRECTION('center_axis',(0.,0.,-1.));
#5085=DIRECTION('ref_axis',(1.,0.,0.));
#5086=DIRECTION('',(0.,0.,-1.));
#5087=DIRECTION('center_axis',(0.,0.,-1.));
#5088=DIRECTION('ref_axis',(1.,0.,0.));
#5089=DIRECTION('',(0.,0.,-1.));
#5090=DIRECTION('center_axis',(0.,0.,-1.));
#5091=DIRECTION('ref_axis',(1.,0.,0.));
#5092=DIRECTION('',(0.,0.,-1.));
#5093=DIRECTION('center_axis',(0.,0.,-1.));
#5094=DIRECTION('ref_axis',(-1.,0.,0.));
#5095=DIRECTION('',(0.,0.,-1.));
#5096=DIRECTION('center_axis',(0.,0.,-1.));
#5097=DIRECTION('ref_axis',(1.,0.,0.));
#5098=DIRECTION('',(0.,0.,-1.));
#5099=DIRECTION('center_axis',(0.,0.,-1.));
#5100=DIRECTION('ref_axis',(-1.,-1.85037168013591E-16,0.));
#5101=DIRECTION('',(0.,0.,-1.));
#5102=DIRECTION('center_axis',(0.,0.,-1.));
#5103=DIRECTION('ref_axis',(-1.,0.,0.));
#5104=DIRECTION('',(0.,0.,-1.));
#5105=DIRECTION('center_axis',(0.,0.,-1.));
#5106=DIRECTION('ref_axis',(1.,0.,0.));
#5107=DIRECTION('',(0.,0.,-1.));
#5108=DIRECTION('center_axis',(0.,0.,-1.));
#5109=DIRECTION('ref_axis',(1.,0.,0.));
#5110=DIRECTION('',(0.,0.,-1.));
#5111=DIRECTION('center_axis',(0.,0.,-1.));
#5112=DIRECTION('ref_axis',(1.,0.,0.));
#5113=DIRECTION('',(0.,0.,-1.));
#5114=DIRECTION('center_axis',(0.,0.,-1.));
#5115=DIRECTION('ref_axis',(1.,0.,0.));
#5116=DIRECTION('',(0.,0.,-1.));
#5117=DIRECTION('center_axis',(0.,0.,-1.));
#5118=DIRECTION('ref_axis',(-1.,0.,0.));
#5119=DIRECTION('',(0.,0.,-1.));
#5120=DIRECTION('center_axis',(0.,0.,-1.));
#5121=DIRECTION('ref_axis',(1.,0.,0.));
#5122=DIRECTION('',(0.,0.,-1.));
#5123=DIRECTION('center_axis',(1.,0.,0.));
#5124=DIRECTION('ref_axis',(0.,0.,-1.));
#5125=DIRECTION('',(0.,0.717764922089124,0.696285513721486));
#5126=DIRECTION('',(0.,0.342020143325669,-0.939692620785908));
#5127=DIRECTION('',(0.,-0.717764922089125,-0.696285513721485));
#5128=DIRECTION('center_axis',(0.,-0.717764922089124,-0.696285513721486));
#5129=DIRECTION('ref_axis',(0.70710678118655,-0.492348208394417,0.507536443707055));
#5130=DIRECTION('',(0.,-0.717764922089124,-0.696285513721486));
#5131=DIRECTION('center_axis',(0.,0.939692620785908,0.342020143325669));
#5132=DIRECTION('ref_axis',(5.06607018527079E-16,-0.342020143325669,0.939692620785908));
#5133=DIRECTION('center_axis',(0.,-0.696285513721486,0.717764922089124));
#5134=DIRECTION('ref_axis',(0.,-0.717764922089124,-0.696285513721486));
#5135=DIRECTION('',(0.,0.717764922089124,0.696285513721486));
#5136=DIRECTION('',(1.,0.,0.));
#5137=DIRECTION('center_axis',(0.,0.717764922089124,0.696285513721486));
#5138=DIRECTION('ref_axis',(-0.70710678118655,-0.492348208394417,0.507536443707055));
#5139=DIRECTION('',(0.,-0.717764922089124,-0.696285513721486));
#5140=DIRECTION('center_axis',(0.,0.939692620785908,0.342020143325669));
#5141=DIRECTION('ref_axis',(-5.06607018527079E-16,-0.342020143325669,0.939692620785908));
#5142=DIRECTION('center_axis',(-1.,0.,0.));
#5143=DIRECTION('ref_axis',(0.,0.,1.));
#5144=DIRECTION('',(0.,0.717764922089125,0.696285513721485));
#5145=DIRECTION('',(0.,-0.342020143325669,0.939692620785908));
#5146=DIRECTION('center_axis',(0.,-0.717764922089126,-0.696285513721485));
#5147=DIRECTION('ref_axis',(-0.707106781186548,0.492348208394416,-0.507536443707058));
#5148=DIRECTION('',(0.,-0.717764922089125,-0.696285513721485));
#5149=DIRECTION('center_axis',(0.,0.939692620785908,0.342020143325669));
#5150=DIRECTION('ref_axis',(-1.2665175463177E-15,0.342020143325669,-0.939692620785908));
#5151=DIRECTION('center_axis',(0.,0.696285513721485,-0.717764922089125));
#5152=DIRECTION('ref_axis',(0.,0.717764922089125,0.696285513721485));
#5153=DIRECTION('',(0.,0.717764922089125,0.696285513721485));
#5154=DIRECTION('',(1.,0.,0.));
#5155=DIRECTION('center_axis',(0.,0.717764922089126,0.696285513721485));
#5156=DIRECTION('ref_axis',(0.707106781186548,0.492348208394416,-0.507536443707058));
#5157=DIRECTION('center_axis',(0.,0.939692620785908,0.342020143325669));
#5158=DIRECTION('ref_axis',(1.2665175463177E-15,0.342020143325669,-0.939692620785908));
#5159=DIRECTION('center_axis',(0.,-0.939692620785908,-0.342020143325669));
#5160=DIRECTION('ref_axis',(0.,0.342020143325669,-0.939692620785908));
#5161=DIRECTION('center_axis',(0.,0.,-1.));
#5162=DIRECTION('ref_axis',(1.,0.,0.));
#5163=DIRECTION('center_axis',(0.,0.,-1.));
#5164=DIRECTION('ref_axis',(1.,0.,0.));
#5165=DIRECTION('center_axis',(0.,0.,1.));
#5166=DIRECTION('ref_axis',(0.,-1.,0.));
#5167=DIRECTION('center_axis',(0.,0.,1.));
#5168=DIRECTION('ref_axis',(1.,0.,0.));
#5169=DIRECTION('',(-1.20654496357458E-16,0.985218729526441,0.171301065350762));
#5170=DIRECTION('center_axis',(0.,0.,1.));
#5171=DIRECTION('ref_axis',(1.,0.,0.));
#5172=DIRECTION('center_axis',(0.,0.,1.));
#5173=DIRECTION('ref_axis',(1.,0.,0.));
#5174=DIRECTION('center_axis',(0.,0.,1.));
#5175=DIRECTION('ref_axis',(1.,0.,0.));
#5176=DIRECTION('center_axis',(0.,0.,1.));
#5177=DIRECTION('ref_axis',(1.,0.,0.));
#5178=DIRECTION('center_axis',(0.,0.,1.));
#5179=DIRECTION('ref_axis',(0.,-1.,0.));
#5180=DIRECTION('center_axis',(0.,0.,1.));
#5181=DIRECTION('ref_axis',(0.,-1.,0.));
#5182=DIRECTION('center_axis',(0.,0.,1.));
#5183=DIRECTION('ref_axis',(0.,-1.,0.));
#5184=DIRECTION('center_axis',(0.,0.,1.));
#5185=DIRECTION('ref_axis',(0.,-1.,0.));
#5186=DIRECTION('center_axis',(0.,0.,1.));
#5187=DIRECTION('ref_axis',(0.,-1.,0.));
#5188=DIRECTION('center_axis',(0.,0.,1.));
#5189=DIRECTION('ref_axis',(0.,-1.,0.));
#5190=DIRECTION('center_axis',(0.,0.,1.));
#5191=DIRECTION('ref_axis',(0.,-1.,0.));
#5192=DIRECTION('center_axis',(0.,0.,1.));
#5193=DIRECTION('ref_axis',(0.,-1.,0.));
#5194=DIRECTION('center_axis',(0.,0.,1.));
#5195=DIRECTION('ref_axis',(0.,-1.,0.));
#5196=DIRECTION('center_axis',(0.,0.,1.));
#5197=DIRECTION('ref_axis',(0.,-1.,0.));
#5198=DIRECTION('center_axis',(0.,0.,1.));
#5199=DIRECTION('ref_axis',(0.,-1.,0.));
#5200=DIRECTION('center_axis',(0.,0.,1.));
#5201=DIRECTION('ref_axis',(0.,-1.,0.));
#5202=DIRECTION('center_axis',(0.,0.,-1.));
#5203=DIRECTION('ref_axis',(1.,0.,0.));
#5204=DIRECTION('center_axis',(0.,0.,-1.));
#5205=DIRECTION('ref_axis',(1.,0.,0.));
#5206=DIRECTION('center_axis',(0.,0.,-1.));
#5207=DIRECTION('ref_axis',(1.,0.,0.));
#5208=DIRECTION('center_axis',(0.,0.,-1.));
#5209=DIRECTION('ref_axis',(1.,0.,0.));
#5210=DIRECTION('center_axis',(0.,0.,-1.));
#5211=DIRECTION('ref_axis',(1.,0.,0.));
#5212=DIRECTION('center_axis',(0.,0.,-1.));
#5213=DIRECTION('ref_axis',(1.,0.,0.));
#5214=DIRECTION('center_axis',(0.,0.,-1.));
#5215=DIRECTION('ref_axis',(1.,0.,0.));
#5216=DIRECTION('center_axis',(0.,0.,-1.));
#5217=DIRECTION('ref_axis',(1.,0.,0.));
#5218=DIRECTION('center_axis',(0.,0.,1.));
#5219=DIRECTION('ref_axis',(1.,0.,0.));
#5220=DIRECTION('center_axis',(0.,0.,-1.));
#5221=DIRECTION('ref_axis',(1.,0.,0.));
#5222=DIRECTION('',(0.,0.,-1.));
#5223=DIRECTION('center_axis',(0.,0.,-1.));
#5224=DIRECTION('ref_axis',(1.,0.,0.));
#5225=DIRECTION('center_axis',(0.,0.,1.));
#5226=DIRECTION('ref_axis',(1.,0.,0.));
#5227=DIRECTION('center_axis',(0.,0.,-1.));
#5228=DIRECTION('ref_axis',(1.,0.,0.));
#5229=DIRECTION('center_axis',(0.,0.,-1.));
#5230=DIRECTION('ref_axis',(1.,0.,0.));
#5231=DIRECTION('center_axis',(0.,0.,-1.));
#5232=DIRECTION('ref_axis',(1.,0.,0.));
#5233=DIRECTION('center_axis',(0.,0.,1.));
#5234=DIRECTION('ref_axis',(1.,0.,0.));
#5235=DIRECTION('center_axis',(0.,0.,-1.));
#5236=DIRECTION('ref_axis',(1.,0.,0.));
#5237=DIRECTION('',(0.,0.,-1.));
#5238=DIRECTION('center_axis',(0.,0.,-1.));
#5239=DIRECTION('ref_axis',(1.,0.,0.));
#5240=DIRECTION('center_axis',(0.,0.,1.));
#5241=DIRECTION('ref_axis',(1.,0.,0.));
#5242=DIRECTION('center_axis',(0.,0.,-1.));
#5243=DIRECTION('ref_axis',(1.,0.,0.));
#5244=DIRECTION('center_axis',(0.,0.,-1.));
#5245=DIRECTION('ref_axis',(1.,0.,0.));
#5246=DIRECTION('center_axis',(0.,0.,1.));
#5247=DIRECTION('ref_axis',(1.,0.,0.));
#5248=DIRECTION('center_axis',(0.,0.,-1.));
#5249=DIRECTION('ref_axis',(1.,0.,0.));
#5250=DIRECTION('',(0.,0.,-1.));
#5251=DIRECTION('center_axis',(0.,0.,-1.));
#5252=DIRECTION('ref_axis',(1.,0.,0.));
#5253=DIRECTION('center_axis',(0.,0.,1.));
#5254=DIRECTION('ref_axis',(1.,0.,0.));
#5255=DIRECTION('center_axis',(0.,0.,1.));
#5256=DIRECTION('ref_axis',(1.,0.,0.));
#5257=DIRECTION('center_axis',(0.,0.,-1.));
#5258=DIRECTION('ref_axis',(1.,0.,0.));
#5259=DIRECTION('',(0.,0.,-1.));
#5260=DIRECTION('center_axis',(0.,0.,-1.));
#5261=DIRECTION('ref_axis',(1.,0.,0.));
#5262=DIRECTION('center_axis',(0.,0.,-1.));
#5263=DIRECTION('ref_axis',(1.,0.,0.));
#5264=DIRECTION('center_axis',(0.,0.,-1.));
#5265=DIRECTION('ref_axis',(1.,0.,0.));
#5266=DIRECTION('center_axis',(0.,0.,-1.));
#5267=DIRECTION('ref_axis',(1.,0.,0.));
#5268=DIRECTION('center_axis',(0.,0.,1.));
#5269=DIRECTION('ref_axis',(1.,0.,0.));
#5270=DIRECTION('center_axis',(0.,0.,1.));
#5271=DIRECTION('ref_axis',(1.,0.,0.));
#5272=DIRECTION('center_axis',(0.,0.,1.));
#5273=DIRECTION('ref_axis',(1.,0.,0.));
#5274=DIRECTION('',(0.,0.,1.));
#5275=DIRECTION('center_axis',(0.,0.,1.));
#5276=DIRECTION('ref_axis',(1.,0.,0.));
#5277=DIRECTION('center_axis',(0.,0.,1.));
#5278=DIRECTION('ref_axis',(1.,0.,0.));
#5279=DIRECTION('center_axis',(0.,0.,1.));
#5280=DIRECTION('ref_axis',(1.,0.,0.));
#5281=DIRECTION('',(0.,0.,1.));
#5282=DIRECTION('center_axis',(0.,0.,1.));
#5283=DIRECTION('ref_axis',(1.,0.,0.));
#5284=DIRECTION('center_axis',(-1.,0.,0.));
#5285=DIRECTION('ref_axis',(0.,-1.,0.));
#5286=DIRECTION('',(0.,1.,0.));
#5287=DIRECTION('',(0.,0.,1.));
#5288=DIRECTION('center_axis',(0.,0.,1.));
#5289=DIRECTION('ref_axis',(1.,0.,0.));
#5290=DIRECTION('center_axis',(0.,0.,1.));
#5291=DIRECTION('ref_axis',(1.,0.,0.));
#5292=DIRECTION('',(0.,0.,1.));
#5293=DIRECTION('center_axis',(1.33761807794349E-16,1.,0.));
#5294=DIRECTION('ref_axis',(-1.,1.33761807794349E-16,0.));
#5295=DIRECTION('',(1.,-1.33761807794349E-16,0.));
#5296=DIRECTION('',(0.,0.,1.));
#5297=DIRECTION('center_axis',(0.,-1.,0.));
#5298=DIRECTION('ref_axis',(1.,0.,0.));
#5299=DIRECTION('',(0.,0.,1.));
#5300=DIRECTION('',(-1.,0.,0.));
#5301=DIRECTION('center_axis',(0.,0.,1.));
#5302=DIRECTION('ref_axis',(1.,0.,0.));
#5303=DIRECTION('center_axis',(0.,0.,1.));
#5304=DIRECTION('ref_axis',(1.,0.,0.));
#5305=DIRECTION('',(0.,0.,1.));
#5306=DIRECTION('center_axis',(0.,0.,-1.));
#5307=DIRECTION('ref_axis',(1.,0.,0.));
#5308=DIRECTION('center_axis',(0.,0.,-1.));
#5309=DIRECTION('ref_axis',(1.,1.90323947078599E-15,0.));
#5310=DIRECTION('',(-1.33761807794349E-16,-1.,0.));
#5311=DIRECTION('center_axis',(0.,0.,-1.));
#5312=DIRECTION('ref_axis',(1.,0.,0.));
#5313=DIRECTION('',(-1.33761807794349E-16,-1.,0.));
#5314=DIRECTION('center_axis',(0.,0.,-1.));
#5315=DIRECTION('ref_axis',(-6.34413156928661E-16,1.,0.));
#5316=DIRECTION('center_axis',(0.,0.,-1.));
#5317=DIRECTION('ref_axis',(1.,0.,0.));
#5318=DIRECTION('',(1.,-1.33761807794349E-16,0.));
#5319=DIRECTION('center_axis',(0.,0.,-1.));
#5320=DIRECTION('ref_axis',(-1.,-2.53765262771464E-15,0.));
#5321=DIRECTION('center_axis',(0.,0.,-1.));
#5322=DIRECTION('ref_axis',(1.,0.,0.));
#5323=DIRECTION('',(0.,1.,0.));
#5324=DIRECTION('center_axis',(0.,0.,-1.));
#5325=DIRECTION('ref_axis',(1.26882631385732E-15,-1.,0.));
#5326=DIRECTION('',(-1.,0.,0.));
#5327=DIRECTION('center_axis',(1.,-1.33761807794349E-16,0.));
#5328=DIRECTION('ref_axis',(1.33761807794349E-16,1.,0.));
#5329=DIRECTION('',(0.,0.,1.));
#5330=DIRECTION('center_axis',(0.,-1.,0.));
#5331=DIRECTION('ref_axis',(1.,0.,0.));
#5332=DIRECTION('',(0.,0.,1.));
#5333=DIRECTION('center_axis',(0.,0.,1.));
#5334=DIRECTION('ref_axis',(1.26882631385732E-15,-1.,0.));
#5335=DIRECTION('',(0.,0.,1.));
#5336=DIRECTION('center_axis',(-1.,0.,0.));
#5337=DIRECTION('ref_axis',(0.,-1.,0.));
#5338=DIRECTION('center_axis',(0.,0.,1.));
#5339=DIRECTION('ref_axis',(-1.,-2.53765262771464E-15,0.));
#5340=DIRECTION('',(0.,0.,1.));
#5341=DIRECTION('center_axis',(1.33761807794349E-16,1.,0.));
#5342=DIRECTION('ref_axis',(-1.,1.33761807794349E-16,0.));
#5343=DIRECTION('center_axis',(0.,0.,1.));
#5344=DIRECTION('ref_axis',(-6.34413156928661E-16,1.,0.));
#5345=DIRECTION('',(0.,0.,1.));
#5346=DIRECTION('center_axis',(1.,-1.33761807794349E-16,0.));
#5347=DIRECTION('ref_axis',(1.33761807794349E-16,1.,0.));
#5348=DIRECTION('center_axis',(0.,0.,1.));
#5349=DIRECTION('ref_axis',(1.,1.90323947078599E-15,0.));
#5350=DIRECTION('center_axis',(0.,0.,-1.));
#5351=DIRECTION('ref_axis',(1.,0.,0.));
#5352=DIRECTION('center_axis',(0.,0.,1.));
#5353=DIRECTION('ref_axis',(1.,0.,0.));
#5354=DIRECTION('',(0.,0.,1.));
#5355=DIRECTION('center_axis',(0.,0.,1.));
#5356=DIRECTION('ref_axis',(1.,0.,0.));
#5357=DIRECTION('center_axis',(0.,0.,1.));
#5358=DIRECTION('ref_axis',(1.,0.,0.));
#5359=DIRECTION('center_axis',(0.,0.,-1.));
#5360=DIRECTION('ref_axis',(1.,0.,0.));
#5361=DIRECTION('center_axis',(0.,0.,-1.));
#5362=DIRECTION('ref_axis',(1.,0.,0.));
#5363=DIRECTION('',(0.,0.,1.));
#5364=DIRECTION('center_axis',(0.,0.,-1.));
#5365=DIRECTION('ref_axis',(1.,0.,0.));
#5366=DIRECTION('center_axis',(0.,0.,-1.));
#5367=DIRECTION('ref_axis',(1.,0.,0.));
#5368=DIRECTION('center_axis',(0.,0.,-1.));
#5369=DIRECTION('ref_axis',(1.,0.,0.));
#5370=DIRECTION('center_axis',(0.,0.,1.));
#5371=DIRECTION('ref_axis',(0.,-1.,0.));
#5372=DIRECTION('center_axis',(0.,0.,-1.));
#5373=DIRECTION('ref_axis',(1.,0.,0.));
#5374=DIRECTION('center_axis',(0.,0.,-1.));
#5375=DIRECTION('ref_axis',(1.,0.,0.));
#5376=DIRECTION('center_axis',(0.,0.,1.));
#5377=DIRECTION('ref_axis',(0.,-1.,0.));
#5378=DIRECTION('center_axis',(0.,0.,1.));
#5379=DIRECTION('ref_axis',(1.,0.,0.));
#5380=DIRECTION('',(1.18039304430475E-16,-0.963864066869388,-0.266394558123856));
#5381=DIRECTION('center_axis',(0.,0.,-1.));
#5382=DIRECTION('ref_axis',(0.,-1.,0.));
#5383=DIRECTION('center_axis',(0.,0.,-1.));
#5384=DIRECTION('ref_axis',(-1.,0.,0.));
#5385=DIRECTION('center_axis',(0.,0.,-1.));
#5386=DIRECTION('ref_axis',(1.,0.,0.));
#5387=DIRECTION('center_axis',(0.,0.,1.));
#5388=DIRECTION('ref_axis',(1.,0.,0.));
#5389=DIRECTION('center_axis',(0.,0.,-1.));
#5390=DIRECTION('ref_axis',(-1.,0.,0.));
#5391=DIRECTION('center_axis',(0.,0.,1.));
#5392=DIRECTION('ref_axis',(1.,0.,0.));
#5393=DIRECTION('center_axis',(0.,0.,1.));
#5394=DIRECTION('ref_axis',(1.,0.,0.));
#5395=DIRECTION('center_axis',(0.,0.,-1.));
#5396=DIRECTION('ref_axis',(1.,0.,0.));
#5397=DIRECTION('center_axis',(0.,0.,-1.));
#5398=DIRECTION('ref_axis',(-1.,0.,0.));
#5399=DIRECTION('center_axis',(0.,0.,1.));
#5400=DIRECTION('ref_axis',(1.,0.,0.));
#5401=DIRECTION('center_axis',(0.,0.,1.));
#5402=DIRECTION('ref_axis',(0.,-1.,0.));
#5403=DIRECTION('',(-1.18039079815464E-16,0.963862232748638,0.266401194218064));
#5404=DIRECTION('center_axis',(0.,0.,1.));
#5405=DIRECTION('ref_axis',(1.,0.,0.));
#5406=DIRECTION('center_axis',(0.,0.,1.));
#5407=DIRECTION('ref_axis',(1.,0.,0.));
#5408=DIRECTION('',(-7.65517736208192E-15,0.964289908775799,-0.26484896041548));
#5409=DIRECTION('',(-8.50575262453523E-15,-0.9642899087758,0.264848960415478));
#5410=DIRECTION('center_axis',(0.,0.,-1.));
#5411=DIRECTION('ref_axis',(0.,-1.,0.));
#5412=DIRECTION('center_axis',(0.,0.,-1.));
#5413=DIRECTION('ref_axis',(1.,0.,0.));
#5414=DIRECTION('center_axis',(0.,0.,1.));
#5415=DIRECTION('ref_axis',(1.,0.,0.));
#5416=DIRECTION('',(0.,0.,1.));
#5417=DIRECTION('center_axis',(0.,0.,1.));
#5418=DIRECTION('ref_axis',(1.,0.,0.));
#5419=DIRECTION('center_axis',(0.,0.,1.));
#5420=DIRECTION('ref_axis',(1.,0.,0.));
#5421=DIRECTION('center_axis',(0.,0.,-1.));
#5422=DIRECTION('ref_axis',(1.,0.,0.));
#5423=DIRECTION('',(0.,0.,1.));
#5424=DIRECTION('center_axis',(0.,0.,-1.));
#5425=DIRECTION('ref_axis',(1.,0.,0.));
#5426=DIRECTION('center_axis',(0.,0.,1.));
#5427=DIRECTION('ref_axis',(0.,-1.,0.));
#5428=DIRECTION('center_axis',(0.,0.,-1.));
#5429=DIRECTION('ref_axis',(1.,0.,0.));
#5430=DIRECTION('center_axis',(0.,0.,1.));
#5431=DIRECTION('ref_axis',(0.,-1.,0.));
#5432=DIRECTION('center_axis',(0.,0.,1.));
#5433=DIRECTION('ref_axis',(0.,-1.,0.));
#5434=DIRECTION('center_axis',(0.,0.,1.));
#5435=DIRECTION('ref_axis',(0.,-1.,0.));
#5436=DIRECTION('center_axis',(0.,0.,1.));
#5437=DIRECTION('ref_axis',(1.,0.,0.));
#5438=DIRECTION('center_axis',(0.,0.,-1.));
#5439=DIRECTION('ref_axis',(1.,0.,0.));
#5440=DIRECTION('',(0.,0.,1.));
#5441=DIRECTION('center_axis',(0.,0.,1.));
#5442=DIRECTION('ref_axis',(1.,0.,0.));
#5443=DIRECTION('center_axis',(0.,0.,-1.));
#5444=DIRECTION('ref_axis',(1.,0.,0.));
#5445=DIRECTION('',(0.,0.,1.));
#5446=DIRECTION('center_axis',(0.,0.,-1.));
#5447=DIRECTION('ref_axis',(1.,0.,0.));
#5448=DIRECTION('center_axis',(0.,0.,-1.));
#5449=DIRECTION('ref_axis',(1.,0.,0.));
#5450=DIRECTION('center_axis',(0.,0.,1.));
#5451=DIRECTION('ref_axis',(0.,-1.,0.));
#5452=DIRECTION('center_axis',(0.,0.,1.));
#5453=DIRECTION('ref_axis',(1.,0.,0.));
#5454=DIRECTION('center_axis',(0.,0.,-1.));
#5455=DIRECTION('ref_axis',(1.,0.,0.));
#5456=DIRECTION('',(0.,0.,1.));
#5457=DIRECTION('center_axis',(0.,0.,1.));
#5458=DIRECTION('ref_axis',(1.,0.,0.));
#5459=DIRECTION('center_axis',(0.,0.,-1.));
#5460=DIRECTION('ref_axis',(1.,0.,0.));
#5461=DIRECTION('',(0.,0.,1.));
#5462=DIRECTION('center_axis',(0.,0.,-1.));
#5463=DIRECTION('ref_axis',(1.,0.,0.));
#5464=DIRECTION('center_axis',(0.,0.,-1.));
#5465=DIRECTION('ref_axis',(-0.852369404375644,-0.522940148089922,0.));
#5466=DIRECTION('center_axis',(0.,0.,1.));
#5467=DIRECTION('ref_axis',(0.,-1.,0.));
#5468=DIRECTION('center_axis',(0.,0.,-1.));
#5469=DIRECTION('ref_axis',(-0.852369404375644,-0.522940148089922,0.));
#5470=DIRECTION('center_axis',(0.,0.,-1.));
#5471=DIRECTION('ref_axis',(1.,0.,0.));
#5472=DIRECTION('center_axis',(0.,0.,1.));
#5473=DIRECTION('ref_axis',(0.,-1.,0.));
#5474=DIRECTION('center_axis',(0.,0.,-1.));
#5475=DIRECTION('ref_axis',(-1.,0.,0.));
#5476=DIRECTION('center_axis',(0.,0.,1.));
#5477=DIRECTION('ref_axis',(0.,-1.,0.));
#5478=DIRECTION('center_axis',(0.,0.,-1.));
#5479=DIRECTION('ref_axis',(1.,0.,0.));
#5480=DIRECTION('center_axis',(0.,0.,1.));
#5481=DIRECTION('ref_axis',(1.,0.,0.));
#5482=DIRECTION('',(0.,0.,1.));
#5483=DIRECTION('center_axis',(0.,0.,1.));
#5484=DIRECTION('ref_axis',(1.,0.,0.));
#5485=DIRECTION('center_axis',(0.,0.,-1.));
#5486=DIRECTION('ref_axis',(1.,0.,0.));
#5487=DIRECTION('center_axis',(0.,0.,-1.));
#5488=DIRECTION('ref_axis',(1.,0.,0.));
#5489=DIRECTION('',(0.,0.,1.));
#5490=DIRECTION('center_axis',(0.,0.,-1.));
#5491=DIRECTION('ref_axis',(1.,0.,0.));
#5492=DIRECTION('center_axis',(0.,0.,-1.));
#5493=DIRECTION('ref_axis',(1.,0.,0.));
#5494=DIRECTION('center_axis',(0.,0.,1.));
#5495=DIRECTION('ref_axis',(0.,-1.,0.));
#5496=DIRECTION('center_axis',(0.,0.,-1.));
#5497=DIRECTION('ref_axis',(1.,0.,0.));
#5498=DIRECTION('center_axis',(0.,0.,-1.));
#5499=DIRECTION('ref_axis',(1.,0.,0.));
#5500=DIRECTION('center_axis',(0.,0.,-1.));
#5501=DIRECTION('ref_axis',(-1.,0.,0.));
#5502=DIRECTION('center_axis',(0.,0.,1.));
#5503=DIRECTION('ref_axis',(0.,1.,0.));
#5504=DIRECTION('',(-5.88754634270918E-15,1.,0.));
#5505=DIRECTION('center_axis',(0.,0.,-1.));
#5506=DIRECTION('ref_axis',(-1.,0.,0.));
#5507=DIRECTION('center_axis',(0.,0.,1.));
#5508=DIRECTION('ref_axis',(1.,0.,0.));
#5509=DIRECTION('center_axis',(0.,0.,1.));
#5510=DIRECTION('ref_axis',(0.,-1.,0.));
#5511=DIRECTION('center_axis',(0.,0.,1.));
#5512=DIRECTION('ref_axis',(0.,-1.,0.));
#5513=DIRECTION('center_axis',(1.,0.,0.));
#5514=DIRECTION('ref_axis',(0.,-1.,0.));
#5515=DIRECTION('',(0.,0.,-1.));
#5516=DIRECTION('center_axis',(1.,0.,0.));
#5517=DIRECTION('ref_axis',(0.,0.,-1.));
#5518=DIRECTION('',(0.,1.,0.));
#5519=DIRECTION('',(0.,0.,-1.));
#5520=DIRECTION('center_axis',(0.,1.,0.));
#5521=DIRECTION('ref_axis',(1.,0.,0.));
#5522=DIRECTION('',(-1.,0.,0.));
#5523=DIRECTION('center_axis',(0.,1.,0.));
#5524=DIRECTION('ref_axis',(0.,0.,1.));
#5525=DIRECTION('center_axis',(0.,-1.,0.));
#5526=DIRECTION('ref_axis',(-1.,0.,0.));
#5527=DIRECTION('',(0.,0.,-1.));
#5528=DIRECTION('',(0.,0.,-1.));
#5529=DIRECTION('center_axis',(0.,0.,-1.));
#5530=DIRECTION('ref_axis',(1.,0.,0.));
#5531=DIRECTION('',(0.,0.,-1.));
#5532=DIRECTION('center_axis',(1.,5.88754634270918E-15,0.));
#5533=DIRECTION('ref_axis',(5.88754634270918E-15,-1.,0.));
#5534=DIRECTION('',(0.,0.,-1.));
#5535=DIRECTION('center_axis',(0.,0.,-1.));
#5536=DIRECTION('ref_axis',(0.,1.,0.));
#5537=DIRECTION('',(0.,0.,-1.));
#5538=DIRECTION('center_axis',(0.,0.,1.));
#5539=DIRECTION('ref_axis',(1.,0.,0.));
#5540=DIRECTION('center_axis',(0.,0.,-1.));
#5541=DIRECTION('ref_axis',(6.12323399573677E-17,1.,0.));
#5542=DIRECTION('center_axis',(1.22464679914735E-16,-1.,0.));
#5543=DIRECTION('ref_axis',(-1.,-1.22464679914735E-16,0.));
#5544=DIRECTION('center_axis',(0.,0.,1.));
#5545=DIRECTION('ref_axis',(6.12323399573677E-17,1.,0.));
#5546=DIRECTION('center_axis',(0.,0.,1.));
#5547=DIRECTION('ref_axis',(6.12323399573677E-17,1.,0.));
#5548=DIRECTION('center_axis',(0.,0.,1.));
#5549=DIRECTION('ref_axis',(0.,-1.,0.));
#5550=DIRECTION('center_axis',(0.,0.,1.));
#5551=DIRECTION('ref_axis',(1.,0.,0.));
#5552=DIRECTION('',(0.,0.,-1.));
#5553=DIRECTION('center_axis',(0.,0.,-1.));
#5554=DIRECTION('ref_axis',(-1.,0.,0.));
#5555=DIRECTION('center_axis',(-0.920781935392085,0.320917842427695,-0.221748429232676));
#5556=DIRECTION('ref_axis',(-0.25680757754822,-0.0708232215577655,0.963864066869387));
#5557=DIRECTION('center_axis',(0.,1.,0.));
#5558=DIRECTION('ref_axis',(0.707106781186548,0.,-0.707106781186547));
#5559=DIRECTION('',(-1.,0.,0.));
#5560=DIRECTION('center_axis',(0.,0.,1.));
#5561=DIRECTION('ref_axis',(0.,-1.,0.));
#5562=DIRECTION('center_axis',(0.,0.,-1.));
#5563=DIRECTION('ref_axis',(0.707106781186548,0.707106781186548,0.));
#5564=DIRECTION('',(0.,0.,-1.));
#5565=DIRECTION('center_axis',(0.,0.,1.));
#5566=DIRECTION('ref_axis',(1.,0.,0.));
#5567=DIRECTION('',(0.,0.,1.));
#5568=DIRECTION('center_axis',(-0.408248290463864,-0.40824829046386,-0.816496580927727));
#5569=DIRECTION('ref_axis',(0.577350269189628,0.577350269189623,-0.577350269189626));
#5570=DIRECTION('center_axis',(0.,1.,0.));
#5571=DIRECTION('ref_axis',(0.707106781186547,0.,-0.707106781186548));
#5572=DIRECTION('center_axis',(1.,0.,0.));
#5573=DIRECTION('ref_axis',(0.,0.707106781186549,-0.707106781186546));
#5574=DIRECTION('center_axis',(0.,0.,-1.));
#5575=DIRECTION('ref_axis',(0.,1.,0.));
#5576=DIRECTION('center_axis',(1.,0.,0.));
#5577=DIRECTION('ref_axis',(0.,0.707106781186548,-0.707106781186547));
#5578=DIRECTION('',(-1.,0.,0.));
#5579=DIRECTION('',(1.,0.,0.));
#5580=DIRECTION('center_axis',(0.,-1.,0.));
#5581=DIRECTION('ref_axis',(0.707106781186548,0.,-0.707106781186547));
#5582=DIRECTION('',(0.,-1.,0.));
#5583=DIRECTION('',(0.,1.,0.));
#5584=DIRECTION('center_axis',(1.,0.,0.));
#5585=DIRECTION('ref_axis',(0.,-1.,0.));
#5586=DIRECTION('center_axis',(0.,0.,-1.));
#5587=DIRECTION('ref_axis',(-1.,0.,0.));
#5588=DIRECTION('',(1.,0.,0.));
#5589=DIRECTION('center_axis',(0.,1.,0.));
#5590=DIRECTION('ref_axis',(1.,0.,0.));
#5591=DIRECTION('center_axis',(0.,0.,-1.));
#5592=DIRECTION('ref_axis',(-1.,0.,0.));
#5593=DIRECTION('center_axis',(0.,-1.,0.));
#5594=DIRECTION('ref_axis',(-1.,0.,0.));
#5595=DIRECTION('center_axis',(6.89579518400718E-16,1.,0.));
#5596=DIRECTION('ref_axis',(1.,-6.89579518400718E-16,0.));
#5597=DIRECTION('',(0.,0.,-1.));
#5598=DIRECTION('center_axis',(0.,0.,-1.));
#5599=DIRECTION('ref_axis',(-1.,0.,0.));
#5600=DIRECTION('',(0.,0.,-1.));
#5601=DIRECTION('center_axis',(-1.,1.00929365875012E-14,0.));
#5602=DIRECTION('ref_axis',(1.00929365875012E-14,1.,0.));
#5603=DIRECTION('',(0.,0.,-1.));
#5604=DIRECTION('center_axis',(0.,0.,-1.));
#5605=DIRECTION('ref_axis',(-1.53134210293125E-15,-1.,0.));
#5606=DIRECTION('center_axis',(0.,0.,1.));
#5607=DIRECTION('ref_axis',(1.,0.,0.));
#5608=DIRECTION('center_axis',(-1.90768769880039E-16,1.,0.));
#5609=DIRECTION('ref_axis',(1.,1.90768769880039E-16,1.19230481175024E-17));
#5610=DIRECTION('',(0.,0.,-1.));
#5611=DIRECTION('',(-1.,-1.90768769880039E-16,-1.19230481175024E-17));
#5612=DIRECTION('',(0.,0.,-1.));
#5613=DIRECTION('center_axis',(0.,0.,-1.));
#5614=DIRECTION('ref_axis',(-0.998118112612513,-0.0613207409840625,0.));
#5615=DIRECTION('',(0.,0.,-1.));
#5616=DIRECTION('center_axis',(0.,0.,-1.));
#5617=DIRECTION('ref_axis',(-0.998118112612513,-0.0613207409840625,0.));
#5618=DIRECTION('center_axis',(-0.997290424077004,-0.0735650055686047,0.));
#5619=DIRECTION('ref_axis',(-0.0735650055686047,0.997290424077004,0.));
#5620=DIRECTION('',(0.,0.,-1.));
#5621=DIRECTION('',(-0.0735650055686047,0.997290424077004,0.));
#5622=DIRECTION('center_axis',(0.,0.,-1.));
#5623=DIRECTION('ref_axis',(-0.393992052143335,-0.919113846510803,0.));
#5624=DIRECTION('',(0.,0.,-1.));
#5625=DIRECTION('center_axis',(0.,0.,-1.));
#5626=DIRECTION('ref_axis',(-0.393992052143335,-0.919113846510803,0.));
#5627=DIRECTION('center_axis',(0.707106781186549,-0.707106781186546,0.));
#5628=DIRECTION('ref_axis',(-0.707106781186546,-0.707106781186549,-1.19230481175024E-17));
#5629=DIRECTION('',(0.,0.,-1.));
#5630=DIRECTION('',(-0.707106781186546,-0.707106781186549,-1.19230481175024E-17));
#5631=DIRECTION('center_axis',(-0.707106781186548,-0.707106781186548,0.));
#5632=DIRECTION('ref_axis',(-0.707106781186548,0.707106781186548,0.));
#5633=DIRECTION('',(0.,0.,-1.));
#5634=DIRECTION('',(-0.707106781186548,0.707106781186548,0.));
#5635=DIRECTION('center_axis',(-0.707106781186549,0.707106781186546,0.));
#5636=DIRECTION('ref_axis',(0.707106781186546,0.707106781186549,1.19230481175024E-17));
#5637=DIRECTION('',(0.,0.,-1.));
#5638=DIRECTION('',(-0.707106781186546,-0.707106781186549,-1.19230481175024E-17));
#5639=DIRECTION('center_axis',(0.,0.,-1.));
#5640=DIRECTION('ref_axis',(-0.393992052143335,-0.919113846510803,0.));
#5641=DIRECTION('',(0.,0.,-1.));
#5642=DIRECTION('center_axis',(0.,0.,-1.));
#5643=DIRECTION('ref_axis',(-0.393992052143335,-0.919113846510803,0.));
#5644=DIRECTION('center_axis',(-0.382683058994485,-0.923879687166366,0.));
#5645=DIRECTION('ref_axis',(-0.923879687166366,0.382683058994485,0.));
#5646=DIRECTION('',(0.,0.,-1.));
#5647=DIRECTION('',(-0.923879687166366,0.382683058994485,0.));
#5648=DIRECTION('center_axis',(0.,0.,-1.));
#5649=DIRECTION('ref_axis',(0.99992470188043,-0.0122715349216115,0.));
#5650=DIRECTION('',(0.,0.,-1.));
#5651=DIRECTION('center_axis',(0.,0.,-1.));
#5652=DIRECTION('ref_axis',(0.99992470188043,-0.0122715349216115,0.));
#5653=DIRECTION('center_axis',(1.,1.90768769880039E-16,0.));
#5654=DIRECTION('ref_axis',(1.90768769880039E-16,-1.,-1.19230481175024E-17));
#5655=DIRECTION('',(0.,0.,-1.));
#5656=DIRECTION('',(1.90768769880039E-16,-1.,-1.19230481175024E-17));
#5657=DIRECTION('center_axis',(0.,-1.,0.));
#5658=DIRECTION('ref_axis',(-1.,0.,0.));
#5659=DIRECTION('',(0.,0.,-1.));
#5660=DIRECTION('',(-1.,0.,0.));
#5661=DIRECTION('center_axis',(-1.,-1.90768769880039E-16,0.));
#5662=DIRECTION('ref_axis',(-1.90768769880039E-16,1.,1.19230481175024E-17));
#5663=DIRECTION('',(0.,0.,-1.));
#5664=DIRECTION('',(1.90768769880039E-16,-1.,-1.19230481175024E-17));
#5665=DIRECTION('center_axis',(0.,0.,-1.));
#5666=DIRECTION('ref_axis',(0.99992470188043,-0.0122715349216115,0.));
#5667=DIRECTION('',(0.,0.,-1.));
#5668=DIRECTION('center_axis',(0.,0.,-1.));
#5669=DIRECTION('ref_axis',(0.99992470188043,-0.0122715349216115,0.));
#5670=DIRECTION('center_axis',(0.707106781186549,0.707106781186546,0.));
#5671=DIRECTION('ref_axis',(0.707106781186546,-0.707106781186549,-1.19230481175024E-17));
#5672=DIRECTION('',(0.,0.,-1.));
#5673=DIRECTION('',(0.707106781186546,-0.707106781186549,-1.19230481175024E-17));
#5674=DIRECTION('center_axis',(0.707106781186548,-0.707106781186548,0.));
#5675=DIRECTION('ref_axis',(-0.707106781186548,-0.707106781186548,0.));
#5676=DIRECTION('',(0.,0.,-1.));
#5677=DIRECTION('',(-0.707106781186548,-0.707106781186548,0.));
#5678=DIRECTION('center_axis',(-0.707106781186549,-0.707106781186546,0.));
#5679=DIRECTION('ref_axis',(-0.707106781186546,0.707106781186549,1.19230481175024E-17));
#5680=DIRECTION('',(0.,0.,-1.));
#5681=DIRECTION('',(0.707106781186546,-0.707106781186549,-1.19230481175024E-17));
#5682=DIRECTION('center_axis',(0.,0.,-1.));
#5683=DIRECTION('ref_axis',(0.99992470188043,-0.0122715349216115,0.));
#5684=DIRECTION('',(0.,0.,-1.));
#5685=DIRECTION('center_axis',(0.,0.,-1.));
#5686=DIRECTION('ref_axis',(0.99992470188043,-0.0122715349216115,0.));
#5687=DIRECTION('center_axis',(0.,1.,0.));
#5688=DIRECTION('ref_axis',(1.,0.,-1.19230481175024E-17));
#5689=DIRECTION('',(0.,0.,-1.));
#5690=DIRECTION('',(1.,0.,-1.19230481175024E-17));
#5691=DIRECTION('center_axis',(1.,0.,0.));
#5692=DIRECTION('ref_axis',(0.,-1.,0.));
#5693=DIRECTION('',(0.,0.,-1.));
#5694=DIRECTION('',(0.,-1.,0.));
#5695=DIRECTION('center_axis',(0.,-1.,0.));
#5696=DIRECTION('ref_axis',(-1.,0.,1.19230481175024E-17));
#5697=DIRECTION('',(0.,0.,-1.));
#5698=DIRECTION('',(1.,0.,-1.19230481175024E-17));
#5699=DIRECTION('center_axis',(0.,0.,-1.));
#5700=DIRECTION('ref_axis',(0.923879532317831,0.382683432832134,0.));
#5701=DIRECTION('',(0.,0.,-1.));
#5702=DIRECTION('center_axis',(0.,0.,-1.));
#5703=DIRECTION('ref_axis',(-0.998118112612513,-0.0613207409840625,0.));
#5704=DIRECTION('center_axis',(-0.707106781186549,0.707106781186546,0.));
#5705=DIRECTION('ref_axis',(0.707106781186546,0.707106781186549,-1.19230481175024E-17));
#5706=DIRECTION('',(0.,0.,-1.));
#5707=DIRECTION('',(0.707106781186546,0.707106781186549,-1.19230481175024E-17));
#5708=DIRECTION('center_axis',(0.707106781186548,0.707106781186548,0.));
#5709=DIRECTION('ref_axis',(0.707106781186548,-0.707106781186548,0.));
#5710=DIRECTION('',(0.,0.,-1.));
#5711=DIRECTION('',(0.707106781186548,-0.707106781186548,0.));
#5712=DIRECTION('center_axis',(0.707106781186549,-0.707106781186546,0.));
#5713=DIRECTION('ref_axis',(-0.707106781186546,-0.707106781186549,1.19230481175024E-17));
#5714=DIRECTION('',(0.,0.,-1.));
#5715=DIRECTION('',(0.707106781186546,0.707106781186549,-1.19230481175024E-17));
#5716=DIRECTION('center_axis',(0.,0.,-1.));
#5717=DIRECTION('ref_axis',(-0.998118112612513,-0.0613207409840625,0.));
#5718=DIRECTION('',(0.,0.,-1.));
#5719=DIRECTION('center_axis',(0.,0.,-1.));
#5720=DIRECTION('ref_axis',(-0.998118112612513,-0.0613207409840625,0.));
#5721=DIRECTION('center_axis',(-1.,-1.90768769880039E-16,0.));
#5722=DIRECTION('ref_axis',(-1.90768769880039E-16,1.,-1.19230481175024E-17));
#5723=DIRECTION('',(0.,0.,-1.));
#5724=DIRECTION('',(-1.90768769880039E-16,1.,-1.19230481175024E-17));
#5725=DIRECTION('center_axis',(0.,1.,0.));
#5726=DIRECTION('ref_axis',(1.,0.,0.));
#5727=DIRECTION('',(0.,0.,-1.));
#5728=DIRECTION('',(1.,0.,0.));
#5729=DIRECTION('center_axis',(1.,1.90768769880039E-16,0.));
#5730=DIRECTION('ref_axis',(1.90768769880039E-16,-1.,1.19230481175024E-17));
#5731=DIRECTION('',(0.,0.,-1.));
#5732=DIRECTION('',(-1.90768769880039E-16,1.,-1.19230481175024E-17));
#5733=DIRECTION('center_axis',(0.,0.,-1.));
#5734=DIRECTION('ref_axis',(-0.998118112612513,-0.0613207409840625,0.));
#5735=DIRECTION('',(0.,0.,-1.));
#5736=DIRECTION('center_axis',(0.,0.,-1.));
#5737=DIRECTION('ref_axis',(-0.998118112612513,-0.0613207409840625,0.));
#5738=DIRECTION('center_axis',(-0.707106781186548,-0.707106781186548,0.));
#5739=DIRECTION('ref_axis',(-0.707106781186548,0.707106781186548,-1.19230481175025E-17));
#5740=DIRECTION('',(0.,0.,-1.));
#5741=DIRECTION('',(-0.707106781186547,0.707106781186547,-1.19230481175024E-17));
#5742=DIRECTION('center_axis',(-0.707106781186548,0.707106781186548,0.));
#5743=DIRECTION('ref_axis',(0.707106781186548,0.707106781186548,0.));
#5744=DIRECTION('',(0.,0.,-1.));
#5745=DIRECTION('',(0.707106781186548,0.707106781186548,0.));
#5746=DIRECTION('center_axis',(0.707106781186548,0.707106781186548,0.));
#5747=DIRECTION('ref_axis',(0.707106781186548,-0.707106781186548,1.19230481175025E-17));
#5748=DIRECTION('',(0.,0.,-1.));
#5749=DIRECTION('',(-0.707106781186547,0.707106781186547,-1.19230481175024E-17));
#5750=DIRECTION('center_axis',(0.,0.,-1.));
#5751=DIRECTION('ref_axis',(-0.998118112612513,-0.0613207409840625,0.));
#5752=DIRECTION('',(0.,0.,-1.));
#5753=DIRECTION('center_axis',(0.,0.,-1.));
#5754=DIRECTION('ref_axis',(-0.998118112612513,-0.0613207409840625,0.));
#5755=DIRECTION('center_axis',(1.90768769880039E-16,-1.,0.));
#5756=DIRECTION('ref_axis',(-1.,-1.90768769880039E-16,-1.19230481175024E-17));
#5757=DIRECTION('',(0.,0.,-1.));
#5758=DIRECTION('',(-1.,-1.90768769880039E-16,-1.19230481175024E-17));
#5759=DIRECTION('center_axis',(-1.,0.,0.));
#5760=DIRECTION('ref_axis',(0.,1.,0.));
#5761=DIRECTION('',(0.,1.,0.));
#5762=DIRECTION('center_axis',(0.,0.,-1.));
#5763=DIRECTION('ref_axis',(1.,0.,0.));
#5764=DIRECTION('center_axis',(0.,0.,-1.));
#5765=DIRECTION('ref_axis',(1.,0.,0.));
#5766=CARTESIAN_POINT('',(0.,0.,0.));
#5767=CARTESIAN_POINT('Origin',(-23.7500002980232,-36.7500004097819,-0.05));
#5768=CARTESIAN_POINT('',(-23.3269882804822,-37.0165728023256,-5.18131152044185));
#5769=CARTESIAN_POINT('',(-24.2500003054738,-36.7500004097809,-5.10495948807489));
#5770=CARTESIAN_POINT('Ctrl Pts',(-23.3269882804822,-37.0165728023256,-5.18131152044185));
#5771=CARTESIAN_POINT('Ctrl Pts',(-23.3604607590154,-37.0696888078554,-5.16395894598961));
#5772=CARTESIAN_POINT('Ctrl Pts',(-23.406855359723,-37.1198025756419,-5.14540582936302));
#5773=CARTESIAN_POINT('Ctrl Pts',(-23.5164912288619,-37.1971867294473,-5.11114310500742));
#5774=CARTESIAN_POINT('Ctrl Pts',(-23.5797399625713,-37.2244462606953,-5.09543287031392));
#5775=CARTESIAN_POINT('Ctrl Pts',(-23.7032761873947,-37.2517305727369,-5.07076562245738));
#5776=CARTESIAN_POINT('Ctrl Pts',(-23.7716199576106,-37.2540305221389,-5.06008465869522));
#5777=CARTESIAN_POINT('Ctrl Pts',(-23.903902930518,-37.230445769331,-5.04586461914784));
#5778=CARTESIAN_POINT('Ctrl Pts',(-23.9678395451047,-37.2045455052704,-5.04232728197646));
#5779=CARTESIAN_POINT('Ctrl Pts',(-24.0749384532352,-37.1353319250893,-5.04232728197646));
#5780=CARTESIAN_POINT('Ctrl Pts',(-24.1248167822588,-37.0876783139248,-5.04586461914784));
#5781=CARTESIAN_POINT('Ctrl Pts',(-24.2006596716191,-36.9767599582764,-5.06008465869523));
#5782=CARTESIAN_POINT('Ctrl Pts',(-24.2266373570382,-36.9135039660319,-5.07076562245738));
#5783=CARTESIAN_POINT('Ctrl Pts',(-24.2462865767179,-36.8194462218541,-5.08950065897204));
#5784=CARTESIAN_POINT('Ctrl Pts',(-24.2500003054739,-36.7849161285214,-5.09690472762421));
#5785=CARTESIAN_POINT('Ctrl Pts',(-24.2500003054738,-36.7500004097799,-5.10495948807489));
#5786=CARTESIAN_POINT('Ctrl Pts',(-24.2500003054738,-36.7500004097799,-5.10495948807489));
#5787=CARTESIAN_POINT('Ctrl Pts',(-24.2500003054737,-36.7182970522333,-5.11227318401827));
#5788=CARTESIAN_POINT('Ctrl Pts',(-24.2469497163683,-36.6862754088844,-5.12012182186732));
#5789=CARTESIAN_POINT('Ctrl Pts',(-24.2281197205522,-36.5890534981736,-5.14540582936302));
#5790=CARTESIAN_POINT('Ctrl Pts',(-24.2014876163077,-36.5261680489816,-5.16395894598961));
#5791=CARTESIAN_POINT('Ctrl Pts',(-24.1323236904025,-36.4217821855754,-5.19856842200014));
#5792=CARTESIAN_POINT('Ctrl Pts',(-24.0851031974804,-36.3729571180154,-5.21702817781735));
#5793=CARTESIAN_POINT('Ctrl Pts',(-23.9744596109424,-36.2982553327336,-5.25111838439574));
#5794=CARTESIAN_POINT('Ctrl Pts',(-23.9110288289621,-36.2723885597622,-5.26674567238312));
#5795=CARTESIAN_POINT('Ctrl Pts',(-23.788854285828,-36.2477890641649,-5.2909819633981));
#5796=CARTESIAN_POINT('Ctrl Pts',(-23.7221286039663,-36.2464817152401,-5.30139895395693));
#5797=CARTESIAN_POINT('Ctrl Pts',(-23.5931192151246,-36.2707340610872,-5.31526948817689));
#5798=CARTESIAN_POINT('Ctrl Pts',(-23.5308379404642,-36.2963103856917,-5.31871657199777));
#5799=CARTESIAN_POINT('Ctrl Pts',(-23.4263852532888,-36.3638138230763,-5.31871657199777));
#5800=CARTESIAN_POINT('Ctrl Pts',(-23.3774822597285,-36.4100912773542,-5.31526948817689));
#5801=CARTESIAN_POINT('Ctrl Pts',(-23.3023754449316,-36.5177507639751,-5.30139895395693));
#5802=CARTESIAN_POINT('Ctrl Pts',(-23.2761574609047,-36.5791237474017,-5.2909819633981));
#5803=CARTESIAN_POINT('Ctrl Pts',(-23.2483980911187,-36.7006193093072,-5.26674567238312));
#5804=CARTESIAN_POINT('Ctrl Pts',(-23.2459252182103,-36.7690768797152,-5.25111838439574));
#5805=CARTESIAN_POINT('Ctrl Pts',(-23.2685824609818,-36.9006405879187,-5.21702817781735));
#5806=CARTESIAN_POINT('Ctrl Pts',(-23.2937003514461,-36.9637496502844,-5.19856842200014));
#5807=CARTESIAN_POINT('Ctrl Pts',(-23.3269882804822,-37.0165728023256,-5.18131152044185));
#5808=CARTESIAN_POINT('',(-24.2500003054738,-36.7500004097809,-6.24301420686119));
#5809=CARTESIAN_POINT('',(-24.2500003054738,-36.7500004097819,-0.05));
#5810=CARTESIAN_POINT('',(-23.3269882804822,-37.0165728023256,-6.31936419200205));
#5811=CARTESIAN_POINT('Ctrl Pts',(-23.3269882804822,-37.0165728023256,-6.31936419200205));
#5812=CARTESIAN_POINT('Ctrl Pts',(-23.2937003552046,-36.9637496562485,-6.33662062890287));
#5813=CARTESIAN_POINT('Ctrl Pts',(-23.2685824711171,-36.9006406077058,-6.35507988558448));
#5814=CARTESIAN_POINT('Ctrl Pts',(-23.2459252249324,-36.7690769578137,-6.38916916498515));
#5815=CARTESIAN_POINT('Ctrl Pts',(-23.248398087521,-36.7006194320387,-6.40479602505675));
#5816=CARTESIAN_POINT('Ctrl Pts',(-23.2761574112754,-36.579123861916,-6.42903167503596));
#5817=CARTESIAN_POINT('Ctrl Pts',(-23.3023754050947,-36.5177508325017,-6.43944839558047));
#5818=CARTESIAN_POINT('Ctrl Pts',(-23.377482242588,-36.4100912905002,-6.45331856743536));
#5819=CARTESIAN_POINT('Ctrl Pts',(-23.4263852482425,-36.3638138263375,-6.45676555931801));
#5820=CARTESIAN_POINT('Ctrl Pts',(-23.5308379455105,-36.2963103824305,-6.45676555931801));
#5821=CARTESIAN_POINT('Ctrl Pts',(-23.5931192341513,-36.2707340508598,-6.45331856743537));
#5822=CARTESIAN_POINT('Ctrl Pts',(-23.7221286828087,-36.2464817070692,-6.43944839558047));
#5823=CARTESIAN_POINT('Ctrl Pts',(-23.7888544106214,-36.2477890659571,-6.42903167503596));
#5824=CARTESIAN_POINT('Ctrl Pts',(-23.9110289423383,-36.2723886068984,-6.40479602505675));
#5825=CARTESIAN_POINT('Ctrl Pts',(-23.974459679386,-36.2982553709441,-6.38916916498514));
#5826=CARTESIAN_POINT('Ctrl Pts',(-24.0851032113575,-36.3729571353843,-6.35507988558448));
#5827=CARTESIAN_POINT('Ctrl Pts',(-24.1323236942962,-36.4217821914521,-6.33662062890287));
#5828=CARTESIAN_POINT('Ctrl Pts',(-24.2014876294924,-36.5261680688806,-6.30201207622678));
#5829=CARTESIAN_POINT('Ctrl Pts',(-24.2281197339523,-36.5890535369547,-6.2834594526816));
#5830=CARTESIAN_POINT('Ctrl Pts',(-24.246949719763,-36.6862754408811,-6.25817612621115));
#5831=CARTESIAN_POINT('Ctrl Pts',(-24.2500003054737,-36.7182970701121,-6.25032770257816));
#5832=CARTESIAN_POINT('Ctrl Pts',(-24.2500003054738,-36.7500004097799,-6.24301420686119));
#5833=CARTESIAN_POINT('Ctrl Pts',(-24.2500003054738,-36.7500004097799,-6.24301420686119));
#5834=CARTESIAN_POINT('Ctrl Pts',(-24.2500003054739,-36.7849161342738,-6.23495966105571));
#5835=CARTESIAN_POINT('Ctrl Pts',(-24.2462865753892,-36.8194462282146,-6.22755579098885));
#5836=CARTESIAN_POINT('Ctrl Pts',(-24.2266373498154,-36.9135040006064,-6.2088212511968));
#5837=CARTESIAN_POINT('Ctrl Pts',(-24.2006596495982,-36.9767600014455,-6.19814057405979));
#5838=CARTESIAN_POINT('Ctrl Pts',(-24.1248167522879,-37.0876783467923,-6.18392091934627));
#5839=CARTESIAN_POINT('Ctrl Pts',(-24.0749384308743,-37.1353319395402,-6.18038368011933));
#5840=CARTESIAN_POINT('Ctrl Pts',(-23.9678395674656,-37.2045454908195,-6.18038368011933));
#5841=CARTESIAN_POINT('Ctrl Pts',(-23.9039029727961,-37.2304457555071,-6.18392091934627));
#5842=CARTESIAN_POINT('Ctrl Pts',(-23.771620006015,-37.254030519795,-6.19814057405979));
#5843=CARTESIAN_POINT('Ctrl Pts',(-23.7032762218844,-37.2517305803544,-6.2088212511968));
#5844=CARTESIAN_POINT('Ctrl Pts',(-23.5797399963261,-37.2244462681504,-6.23348783779746));
#5845=CARTESIAN_POINT('Ctrl Pts',(-23.5164912694039,-37.1971867509864,-6.24919764697399));
#5846=CARTESIAN_POINT('Ctrl Pts',(-23.4068553895765,-37.1198026037898,-6.2834594526816));
#5847=CARTESIAN_POINT('Ctrl Pts',(-23.3604607717419,-37.0696888280505,-6.30201207622678));
#5848=CARTESIAN_POINT('Ctrl Pts',(-23.3269882804822,-37.0165728023256,-6.31936419200205));
#5849=CARTESIAN_POINT('Origin',(-26.1250002980232,-34.3750004097819,-0.05));
#5850=CARTESIAN_POINT('',(-25.7234422931077,-34.6729117659583,-5.34178057692991));
#5851=CARTESIAN_POINT('',(-26.6250003054738,-34.3750004097807,-5.25685742211078));
#5852=CARTESIAN_POINT('Ctrl Pts',(-25.7234422931077,-34.6729117659583,-5.3417805769299));
#5853=CARTESIAN_POINT('Ctrl Pts',(-25.7608536595253,-34.7233389596464,-5.32442625191258));
#5854=CARTESIAN_POINT('Ctrl Pts',(-25.8109240351503,-34.7697902856328,-5.30587139387239));
#5855=CARTESIAN_POINT('Ctrl Pts',(-25.9261308880633,-34.8386316232133,-5.27160579217226));
#5856=CARTESIAN_POINT('Ctrl Pts',(-25.9912739806015,-34.8610102383517,-5.25589439533327));
#5857=CARTESIAN_POINT('Ctrl Pts',(-26.1165389530604,-34.8788312395534,-5.23122540467268));
#5858=CARTESIAN_POINT('Ctrl Pts',(-26.1848666450375,-34.8759301854736,-5.22054390318668));
#5859=CARTESIAN_POINT('Ctrl Pts',(-26.3149863147835,-34.8423545935353,-5.20632320770345));
#5860=CARTESIAN_POINT('Ctrl Pts',(-26.3767745275124,-34.8116647434328,-5.20278572071031));
#5861=CARTESIAN_POINT('Ctrl Pts',(-26.4783093448871,-34.7344982822676,-5.20278572071031));
#5862=CARTESIAN_POINT('Ctrl Pts',(-26.5244223730645,-34.6831831893235,-5.20632320770345));
#5863=CARTESIAN_POINT('Ctrl Pts',(-26.5916114250027,-34.5668041528587,-5.22054390318669));
#5864=CARTESIAN_POINT('Ctrl Pts',(-26.6127011938562,-34.5017479367422,-5.23122540467268));
#5865=CARTESIAN_POINT('Ctrl Pts',(-26.6235491001343,-34.4186032009708,-5.24757363113651));
#5866=CARTESIAN_POINT('Ctrl Pts',(-26.6250003054739,-34.3969244403923,-5.25206679486343));
#5867=CARTESIAN_POINT('Ctrl Pts',(-26.6250003054738,-34.3750004097795,-5.25685742211078));
#5868=CARTESIAN_POINT('Ctrl Pts',(-26.6250003054738,-34.3750004097795,-5.25685742211078));
#5869=CARTESIAN_POINT('Ctrl Pts',(-26.6250003054736,-34.3309962424707,-5.26647278739786));
#5870=CARTESIAN_POINT('Ctrl Pts',(-26.6190512172309,-34.2860074696166,-5.27730320332804));
#5871=CARTESIAN_POINT('Ctrl Pts',(-26.589469380734,-34.1780958232929,-5.30587139387239));
#5872=CARTESIAN_POINT('Ctrl Pts',(-26.5581203132974,-34.1174163030906,-5.32442625191258));
#5873=CARTESIAN_POINT('Ctrl Pts',(-26.4812022972926,-34.0186049436162,-5.35903573765877));
#5874=CARTESIAN_POINT('Ctrl Pts',(-26.4304040502128,-33.973524010548,-5.37749375914047));
#5875=CARTESIAN_POINT('Ctrl Pts',(-26.3144027614841,-33.907473449554,-5.41158110113805));
#5876=CARTESIAN_POINT('Ctrl Pts',(-26.249192807417,-33.8865143171576,-5.42720723408197));
#5877=CARTESIAN_POINT('Ctrl Pts',(-26.1255128102447,-33.8712893581011,-5.45144178084275));
#5878=CARTESIAN_POINT('Ctrl Pts',(-26.0588879897882,-33.8750641855437,-5.46185821890156));
#5879=CARTESIAN_POINT('Ctrl Pts',(-25.9321105189545,-33.9090598569028,-5.47572807963608));
#5880=CARTESIAN_POINT('Ctrl Pts',(-25.8719615576724,-33.9392971043854,-5.47917501073162));
#5881=CARTESIAN_POINT('Ctrl Pts',(-25.7729557620209,-34.0145415090419,-5.47917501073162));
#5882=CARTESIAN_POINT('Ctrl Pts',(-25.7277177185003,-34.0643983851682,-5.47572807963608));
#5883=CARTESIAN_POINT('Ctrl Pts',(-25.6610187934026,-34.1774447746415,-5.46185821890156));
#5884=CARTESIAN_POINT('Ctrl Pts',(-25.6395430949221,-34.2406263415567,-5.45144178084275));
#5885=CARTESIAN_POINT('Ctrl Pts',(-25.6210970419708,-34.3638670986516,-5.42720723408198));
#5886=CARTESIAN_POINT('Ctrl Pts',(-25.6238310661792,-34.4323079377163,-5.41158110113806));
#5887=CARTESIAN_POINT('Ctrl Pts',(-25.656410876176,-34.561758822514,-5.37749375914047));
#5888=CARTESIAN_POINT('Ctrl Pts',(-25.6862446988494,-34.6227727181229,-5.35903573765878));
#5889=CARTESIAN_POINT('Ctrl Pts',(-25.7234422931077,-34.6729117659583,-5.34178057692991));
#5890=CARTESIAN_POINT('',(-26.6250003054738,-34.3750004097807,-6.39490806805964));
#5891=CARTESIAN_POINT('',(-26.6250003054738,-34.3750004097819,-0.05));
#5892=CARTESIAN_POINT('',(-26.4704950533069,-34.0135680073587,-6.49999985471368));
#5893=CARTESIAN_POINT('Ctrl Pts',(-26.4704950533074,-34.0135680073583,-6.4999998547137));
#5894=CARTESIAN_POINT('Ctrl Pts',(-26.4884772336076,-34.030757249221,-6.49319826551171));
#5895=CARTESIAN_POINT('Ctrl Pts',(-26.5048931150663,-34.0490389307738,-6.48642417713505));
#5896=CARTESIAN_POINT('Ctrl Pts',(-26.5581203279633,-34.1174163219309,-6.46247507954045));
#5897=CARTESIAN_POINT('Ctrl Pts',(-26.5894693970524,-34.1780958609473,-6.44392071462787));
#5898=CARTESIAN_POINT('Ctrl Pts',(-26.6190512229112,-34.2860075049375,-6.41535329239082));
#5899=CARTESIAN_POINT('Ctrl Pts',(-26.6250003054736,-34.3309962644108,-6.40452317073603));
#5900=CARTESIAN_POINT('Ctrl Pts',(-26.6250003054738,-34.3750004097795,-6.39490806805964));
#5901=CARTESIAN_POINT('',(-25.6842585152523,-34.6111077759735,-6.49999985471368));
#5902=CARTESIAN_POINT('Origin',(-26.1250002980232,-34.3750004097819,-6.49999985471368));
#5903=CARTESIAN_POINT('Ctrl Pts',(-26.6250003054738,-34.3750004097795,-6.39490806805964));
#5904=CARTESIAN_POINT('Ctrl Pts',(-26.6250003054739,-34.3969244429528,-6.39011756870384));
#5905=CARTESIAN_POINT('Ctrl Pts',(-26.6235490997768,-34.4186032037111,-6.38562452547276));
#5906=CARTESIAN_POINT('Ctrl Pts',(-26.6127011892863,-34.5017479717684,-6.36927673100573));
#5907=CARTESIAN_POINT('Ctrl Pts',(-26.5916114063306,-34.5668041975798,-6.35859551615965));
#5908=CARTESIAN_POINT('Ctrl Pts',(-26.5244223456808,-34.6831832243764,-6.34437520552787));
#5909=CARTESIAN_POINT('Ctrl Pts',(-26.4783093236898,-34.7344982983776,-6.34083781648304));
#5910=CARTESIAN_POINT('Ctrl Pts',(-26.3767745487098,-34.8116647273228,-6.34083781648304));
#5911=CARTESIAN_POINT('Ctrl Pts',(-26.3149863558886,-34.8423545765367,-6.34437520552787));
#5912=CARTESIAN_POINT('Ctrl Pts',(-26.1848666931252,-34.8759301794572,-6.35859551615964));
#5913=CARTESIAN_POINT('Ctrl Pts',(-26.1165389880313,-34.8788312445286,-6.36927673100573));
#5914=CARTESIAN_POINT('Ctrl Pts',(-25.9912740148297,-34.8610102432213,-6.39394506036322));
#5915=CARTESIAN_POINT('Ctrl Pts',(-25.9261309301306,-34.8386316416137,-6.40965603165331));
#5916=CARTESIAN_POINT('Ctrl Pts',(-25.8109240670607,-34.7697903114373,-6.44392071462787));
#5917=CARTESIAN_POINT('Ctrl Pts',(-25.7608536737509,-34.7233389788213,-6.46247507954045));
#5918=CARTESIAN_POINT('Ctrl Pts',(-25.7234422931077,-34.6729117659583,-6.47982894583527));
#5919=CARTESIAN_POINT('Ctrl Pts',(-25.709224325511,-34.6537472105168,-6.48642417713697));
#5920=CARTESIAN_POINT('Ctrl Pts',(-25.696005456589,-34.6330357994427,-6.49319826551243));
#5921=CARTESIAN_POINT('Ctrl Pts',(-25.6842585152518,-34.6111077759738,-6.4999998547137));
#5922=CARTESIAN_POINT('Origin',(-19.0000002980232,-32.0000004097819,-0.05));
#5923=CARTESIAN_POINT('',(-18.5666821209292,-32.2494705780396,-6.28116148934842));
#5924=CARTESIAN_POINT('',(-19.5000003054738,-32.0000004097818,-6.23576467038477));
#5925=CARTESIAN_POINT('Ctrl Pts',(-18.5666821209292,-32.2494705780396,-6.28116148934842));
#5926=CARTESIAN_POINT('Ctrl Pts',(-18.5981885578373,-32.304195805922,-6.27018210251913));
#5927=CARTESIAN_POINT('Ctrl Pts',(-18.642811722468,-32.3562773918433,-6.25846435182916));
#5928=CARTESIAN_POINT('Ctrl Pts',(-18.7495692084834,-32.4379515891403,-6.23688681597581));
#5929=CARTESIAN_POINT('Ctrl Pts',(-18.8117068813971,-32.4675395108351,-6.22702586216787));
#5930=CARTESIAN_POINT('Ctrl Pts',(-18.9342557245714,-32.4996557203473,-6.21149322738792));
#5931=CARTESIAN_POINT('Ctrl Pts',(-19.0027088262734,-32.504494582475,-6.20477169281841));
#5932=CARTESIAN_POINT('Ctrl Pts',(-19.1358978597008,-32.485853843557,-6.19584635797824));
#5933=CARTESIAN_POINT('Ctrl Pts',(-19.2006329248858,-32.4623683609009,-6.19364191155066));
#5934=CARTESIAN_POINT('Ctrl Pts',(-19.3099064340107,-32.3974872146711,-6.19364191155066));
#5935=CARTESIAN_POINT('Ctrl Pts',(-19.3615148780308,-32.3518937385378,-6.19584635797824));
#5936=CARTESIAN_POINT('Ctrl Pts',(-19.4416386811416,-32.2438799803965,-6.20477169281841));
#5937=CARTESIAN_POINT('Ctrl Pts',(-19.4701587893456,-32.1814632747213,-6.21149322738792));
#5938=CARTESIAN_POINT('Ctrl Pts',(-19.4947783482278,-32.0820946063414,-6.22404479593964));
#5939=CARTESIAN_POINT('Ctrl Pts',(-19.5000003054738,-32.0412826594965,-6.22963526249864));
#5940=CARTESIAN_POINT('Ctrl Pts',(-19.5000003054738,-32.0000004097817,-6.23576467038477));
#5941=CARTESIAN_POINT('Ctrl Pts',(-19.5000003054738,-32.0000004097817,-6.23576467038477));
#5942=CARTESIAN_POINT('Ctrl Pts',(-19.5000003054738,-31.9744621569286,-6.23955647847461));
#5943=CARTESIAN_POINT('Ctrl Pts',(-19.4980289479525,-31.9487435445121,-6.24355220450999));
#5944=CARTESIAN_POINT('Ctrl Pts',(-19.4837900707877,-31.8569464960905,-6.25846435182915));
#5945=CARTESIAN_POINT('Ctrl Pts',(-19.4594246913258,-31.7928368501906,-6.27018210251913));
#5946=CARTESIAN_POINT('Ctrl Pts',(-19.3939497251128,-31.685863753524,-6.29198904250829));
#5947=CARTESIAN_POINT('Ctrl Pts',(-19.3486952976679,-31.6355658263618,-6.30355693435116));
#5948=CARTESIAN_POINT('Ctrl Pts',(-19.2416005221407,-31.5572475437172,-6.32488328477343));
#5949=CARTESIAN_POINT('Ctrl Pts',(-19.1797566776225,-31.5292314671093,-6.3346398984803));
#5950=CARTESIAN_POINT('Ctrl Pts',(-19.0588805134429,-31.4996598495629,-6.3499369348273));
#5951=CARTESIAN_POINT('Ctrl Pts',(-18.9918149522072,-31.4957445057557,-6.35655281649771));
#5952=CARTESIAN_POINT('Ctrl Pts',(-18.8614682655458,-31.5150778462357,-6.36534218216601));
#5953=CARTESIAN_POINT('Ctrl Pts',(-18.7981879122114,-31.5383329405411,-6.36751301526555));
#5954=CARTESIAN_POINT('Ctrl Pts',(-18.691273920985,-31.6018131230146,-6.36751301526555));
#5955=CARTESIAN_POINT('Ctrl Pts',(-18.6405641240316,-31.6462396806375,-6.36534218216601));
#5956=CARTESIAN_POINT('Ctrl Pts',(-18.5611928641674,-31.7514263712656,-6.35655281649771));
#5957=CARTESIAN_POINT('Ctrl Pts',(-18.5325261429999,-31.8121827579134,-6.34993693482729));
#5958=CARTESIAN_POINT('Ctrl Pts',(-18.5006259195389,-31.9324653558826,-6.3346398984803));
#5959=CARTESIAN_POINT('Ctrl Pts',(-18.4956187574283,-32.0001742177907,-6.32488328477343));
#5960=CARTESIAN_POINT('Ctrl Pts',(-18.5131142057906,-32.1316921010926,-6.30355693435116));
#5961=CARTESIAN_POINT('Ctrl Pts',(-18.5356113857593,-32.1955021439827,-6.29198904250829));
#5962=CARTESIAN_POINT('Ctrl Pts',(-18.5666821209292,-32.2494705780396,-6.28116148934842));
#5963=CARTESIAN_POINT('',(-19.5000003054738,-32.0000004097817,-7.00074226430502));
#5964=CARTESIAN_POINT('',(-19.5000003054738,-32.0000004097819,-0.05));
#5965=CARTESIAN_POINT('',(-18.5666821209292,-32.2494705780396,-7.05461894365751));
#5966=CARTESIAN_POINT('Ctrl Pts',(-18.5666821209292,-32.2494705780396,-7.05461894365751));
#5967=CARTESIAN_POINT('Ctrl Pts',(-18.5356004695395,-32.1954831830122,-7.06747353512362));
#5968=CARTESIAN_POINT('Ctrl Pts',(-18.5130847843276,-32.1316285400047,-7.08121212970613));
#5969=CARTESIAN_POINT('Ctrl Pts',(-18.4956069225127,-31.9999272717984,-7.10655306250084));
#5970=CARTESIAN_POINT('Ctrl Pts',(-18.5006521765668,-31.9320792150068,-7.1181530848454));
#5971=CARTESIAN_POINT('Ctrl Pts',(-18.5326944694733,-31.8118312868595,-7.13628640040611));
#5972=CARTESIAN_POINT('Ctrl Pts',(-18.5613251677171,-31.7512170424458,-7.14411641654923));
#5973=CARTESIAN_POINT('Ctrl Pts',(-18.6406195285367,-31.6462003301097,-7.1545252657917));
#5974=CARTESIAN_POINT('Ctrl Pts',(-18.6912906940899,-31.6018031639835,-7.15710042979783));
#5975=CARTESIAN_POINT('Ctrl Pts',(-18.7981711391065,-31.5383428995721,-7.15710042979783));
#5976=CARTESIAN_POINT('Ctrl Pts',(-18.8614071944782,-31.5151076530794,-7.1545252657917));
#5977=CARTESIAN_POINT('Ctrl Pts',(-18.9915678322807,-31.4957604596255,-7.14411641654923));
#5978=CARTESIAN_POINT('Ctrl Pts',(-19.058491351527,-31.4996393872411,-7.13628640040611));
#5979=CARTESIAN_POINT('Ctrl Pts',(-19.1794050850484,-31.5290696744352,-7.11815308484541));
#5980=CARTESIAN_POINT('Ctrl Pts',(-19.2413893742865,-31.5571189397825,-7.10655306250084));
#5981=CARTESIAN_POINT('Ctrl Pts',(-19.3486535764743,-31.6355095682389,-7.08121212970613));
#5982=CARTESIAN_POINT('Ctrl Pts',(-19.3939383033898,-31.685845092696,-7.06747353512362));
#5983=CARTESIAN_POINT('Ctrl Pts',(-19.4593843033162,-31.7927708642008,-7.04160463575985));
#5984=CARTESIAN_POINT('Ctrl Pts',(-19.4837517071052,-31.8568202608901,-7.02770846296987));
#5985=CARTESIAN_POINT('Ctrl Pts',(-19.4980208160672,-31.9486449340336,-7.01000270796119));
#5986=CARTESIAN_POINT('Ctrl Pts',(-19.5000003054738,-31.9744092972236,-7.00525167438771));
#5987=CARTESIAN_POINT('Ctrl Pts',(-19.5000003054738,-32.0000004097815,-7.00074226430502));
#5988=CARTESIAN_POINT('Ctrl Pts',(-19.5000003054738,-32.0000004097815,-7.00074226430502));
#5989=CARTESIAN_POINT('Ctrl Pts',(-19.5000003054738,-32.0412586015866,-6.9934721581032));
#5990=CARTESIAN_POINT('Ctrl Pts',(-19.4947849877983,-32.0820678079213,-6.98683720311829));
#5991=CARTESIAN_POINT('Ctrl Pts',(-19.4701852424436,-32.1813565055817,-6.97195306316495));
#5992=CARTESIAN_POINT('Ctrl Pts',(-19.4417116807458,-32.2437496034567,-6.96397524047951));
#5993=CARTESIAN_POINT('Ctrl Pts',(-19.3616103911095,-32.3517968787617,-6.95337447326231));
#5994=CARTESIAN_POINT('Ctrl Pts',(-19.309975868072,-32.3974459881971,-6.95075122037378));
#5995=CARTESIAN_POINT('Ctrl Pts',(-19.2005634908245,-32.4624095873749,-6.95075122037378));
#5996=CARTESIAN_POINT('Ctrl Pts',(-19.1357670967703,-32.4858913351617,-6.95337447326231));
#5997=CARTESIAN_POINT('Ctrl Pts',(-19.0025594132074,-32.5044962630585,-6.96397524047951));
#5998=CARTESIAN_POINT('Ctrl Pts',(-18.9341493204719,-32.4996278351689,-6.97195306316495));
#5999=CARTESIAN_POINT('Ctrl Pts',(-18.811601184153,-32.4675118109014,-6.99038699699014));
#6000=CARTESIAN_POINT('Ctrl Pts',(-18.7494425553809,-32.4378780159137,-7.00210023996577));
#6001=CARTESIAN_POINT('Ctrl Pts',(-18.6427192554048,-32.3561832805253,-7.02770846296987));
#6002=CARTESIAN_POINT('Ctrl Pts',(-18.5981499573222,-32.3041287586074,-7.04160463575985));
#6003=CARTESIAN_POINT('Ctrl Pts',(-18.5666821209292,-32.2494705780396,-7.05461894365751));
#6004=CARTESIAN_POINT('Origin',(-28.5000002980232,-32.0000004097819,-0.05));
#6005=CARTESIAN_POINT('',(-28.1227629173903,-32.3281649509862,-5.43144402132079));
#6006=CARTESIAN_POINT('',(-29.0000003054738,-32.0000004097818,-5.33828004840219));
#6007=CARTESIAN_POINT('Ctrl Pts',(-28.1227629173903,-32.3281649509862,-5.43144402132079));
#6008=CARTESIAN_POINT('Ctrl Pts',(-28.1639758159121,-32.3755407150757,-5.414088697494));
#6009=CARTESIAN_POINT('Ctrl Pts',(-28.217502245442,-32.4179696464394,-5.39553284588564));
#6010=CARTESIAN_POINT('Ctrl Pts',(-28.3377101089049,-32.4776669528073,-5.36126560252421));
#6011=CARTESIAN_POINT('Ctrl Pts',(-28.4043972511819,-32.4949234491045,-5.34555354262823));
#6012=CARTESIAN_POINT('Ctrl Pts',(-28.5306749144164,-32.5029682258927,-5.32088355758699));
#6013=CARTESIAN_POINT('Ctrl Pts',(-28.5985750489874,-32.4947711915483,-5.31020174929262));
#6014=CARTESIAN_POINT('Ctrl Pts',(-28.7257019813208,-32.4511920078092,-5.29598067953697));
#6015=CARTESIAN_POINT('Ctrl Pts',(-28.7849238360824,-32.4157948892338,-5.2924431070485));
#6016=CARTESIAN_POINT('Ctrl Pts',(-28.8801645294287,-32.3309711469215,-5.2924431070485));
#6017=CARTESIAN_POINT('Ctrl Pts',(-28.9221547661948,-32.2762262466917,-5.29598067953697));
#6018=CARTESIAN_POINT('Ctrl Pts',(-28.9801030627673,-32.1549728050737,-5.31020174929262));
#6019=CARTESIAN_POINT('Ctrl Pts',(-28.996075421882,-32.0884708999046,-5.32088355758699));
#6020=CARTESIAN_POINT('Ctrl Pts',(-28.9997720060245,-32.0173819068697,-5.33476234566879));
#6021=CARTESIAN_POINT('Ctrl Pts',(-29.0000003054738,-32.0087192457061,-5.33649442335391));
#6022=CARTESIAN_POINT('Ctrl Pts',(-29.0000003054738,-32.0000004097817,-5.33828004840219));
#6023=CARTESIAN_POINT('Ctrl Pts',(-29.0000003054738,-32.0000004097817,-5.33828004840219));
#6024=CARTESIAN_POINT('Ctrl Pts',(-29.0000003054738,-31.9438524639583,-5.34977919568976));
#6025=CARTESIAN_POINT('Ctrl Pts',(-28.9901413409826,-31.8853883367313,-5.36356855685925));
#6026=CARTESIAN_POINT('Ctrl Pts',(-28.9477578753101,-31.7675857276157,-5.39553284588564));
#6027=CARTESIAN_POINT('Ctrl Pts',(-28.9117844789285,-31.709523626141,-5.414088697494));
#6028=CARTESIAN_POINT('Ctrl Pts',(-28.8274167051244,-31.6169917411349,-5.44869818881579));
#6029=CARTESIAN_POINT('Ctrl Pts',(-28.7732706758262,-31.575998559674,-5.46715522074929));
#6030=CARTESIAN_POINT('Ctrl Pts',(-28.6524928795899,-31.5191675057877,-5.50124092830624));
#6031=CARTESIAN_POINT('Ctrl Pts',(-28.5858550344661,-31.5033406312095,-5.51686640221585));
#6032=CARTESIAN_POINT('Ctrl Pts',(-28.4613732807724,-31.4977727783417,-5.5410999537839));
#6033=CARTESIAN_POINT('Ctrl Pts',(-28.3952469994739,-31.5067121249315,-5.55151607661149));
#6034=CARTESIAN_POINT('Ctrl Pts',(-28.2715004883079,-31.5504512772404,-5.56538555310114));
#6035=CARTESIAN_POINT('Ctrl Pts',(-28.2138852100811,-31.5852671544421,-5.56883239706982));
#6036=CARTESIAN_POINT('Ctrl Pts',(-28.1210276165007,-31.6679684485303,-5.56883239706982));
#6037=CARTESIAN_POINT('Ctrl Pts',(-28.0798000083818,-31.7211845167735,-5.56538555310114));
#6038=CARTESIAN_POINT('Ctrl Pts',(-28.0220826289096,-31.8390616416848,-5.55151607661149));
#6039=CARTESIAN_POINT('Ctrl Pts',(-28.005577464296,-31.9037159264375,-5.5410999537839));
#6040=CARTESIAN_POINT('Ctrl Pts',(-27.9967533672252,-32.0280093023636,-5.51686640221585));
#6041=CARTESIAN_POINT('Ctrl Pts',(-28.0047902114644,-32.0960276932321,-5.50124092830623));
#6042=CARTESIAN_POINT('Ctrl Pts',(-28.0473144556542,-32.2225533167461,-5.46715522074928));
#6043=CARTESIAN_POINT('Ctrl Pts',(-28.0817902302112,-32.2810653187949,-5.44869818881579));
#6044=CARTESIAN_POINT('Ctrl Pts',(-28.1227629173903,-32.3281649509862,-5.43144402132079));
#6045=CARTESIAN_POINT('',(-29.0000003054738,-32.0000004097819,-6.47632851116714));
#6046=CARTESIAN_POINT('',(-29.0000003054738,-32.0000004097819,-0.05));
#6047=CARTESIAN_POINT('',(-28.9887532932562,-31.8945465473502,-6.49999985471368));
#6048=CARTESIAN_POINT('Ctrl Pts',(-28.9887532932558,-31.8945465473503,-6.49999985471373));
#6049=CARTESIAN_POINT('Ctrl Pts',(-28.9963160792777,-31.9295982205206,-6.49142500771131));
#6050=CARTESIAN_POINT('Ctrl Pts',(-29.0000003054738,-31.9652503634135,-6.48344515953637));
#6051=CARTESIAN_POINT('Ctrl Pts',(-29.0000003054738,-32.0000004097819,-6.47632851116714));
#6052=CARTESIAN_POINT('',(-28.3388886335746,-32.4733322585197,-6.49999985471368));
#6053=CARTESIAN_POINT('Origin',(-28.5000002980232,-32.0000004097819,-6.49999985471368));
#6054=CARTESIAN_POINT('Ctrl Pts',(-29.0000003054738,-32.0000004097819,-6.47632851116714));
#6055=CARTESIAN_POINT('Ctrl Pts',(-29.0000003054738,-32.0087202167679,-6.4745427351279));
#6056=CARTESIAN_POINT('Ctrl Pts',(-28.9997719442825,-32.0173830942284,-6.47281067095068));
#6057=CARTESIAN_POINT('Ctrl Pts',(-28.9960754200477,-32.0884709351812,-6.45893247991698));
#6058=CARTESIAN_POINT('Ctrl Pts',(-28.9801030476257,-32.154972851111,-6.44825095827093));
#6059=CARTESIAN_POINT('Ctrl Pts',(-28.9221547416164,-32.2762262837661,-6.4340302733768));
#6060=CARTESIAN_POINT('Ctrl Pts',(-28.8801645095463,-32.3309711646292,-6.43049279883884));
#6061=CARTESIAN_POINT('Ctrl Pts',(-28.7849238559648,-32.415794871526,-6.43049279883884));
#6062=CARTESIAN_POINT('Ctrl Pts',(-28.7257020209821,-32.45119198767,-6.43403027337679));
#6063=CARTESIAN_POINT('Ctrl Pts',(-28.5985750964636,-32.4947711818166,-6.44825095827093));
#6064=CARTESIAN_POINT('Ctrl Pts',(-28.5306749496691,-32.5029682281385,-6.45893247991698));
#6065=CARTESIAN_POINT('Ctrl Pts',(-28.4254575764082,-32.4962651401937,-6.4794875120515));
#6066=CARTESIAN_POINT('Ctrl Pts',(-28.3813523338579,-32.4877859603979,-6.48927332681848));
#6067=CARTESIAN_POINT('Ctrl Pts',(-28.3388886335747,-32.4733322585194,-6.49999985471372));
#6068=CARTESIAN_POINT('Origin',(-19.0000002980232,-29.6250004097819,-0.05));
#6069=CARTESIAN_POINT('',(-18.5753304241262,-29.8889237048031,-6.63263400165091));
#6070=CARTESIAN_POINT('',(-19.5000003054738,-29.6250004097817,-6.58464921364379));
#6071=CARTESIAN_POINT('Ctrl Pts',(-18.5753304241262,-29.8889237048031,-6.63263400165091));
#6072=CARTESIAN_POINT('Ctrl Pts',(-18.6086791460825,-29.9425839834332,-6.62164903138985));
#6073=CARTESIAN_POINT('Ctrl Pts',(-18.655059003306,-29.9931535926777,-6.60992576234577));
#6074=CARTESIAN_POINT('Ctrl Pts',(-18.7645738566654,-30.0712017692849,-6.58833915653712));
#6075=CARTESIAN_POINT('Ctrl Pts',(-18.8277120353206,-30.098675522671,-6.57847456064771));
#6076=CARTESIAN_POINT('Ctrl Pts',(-18.9513469941309,-30.12661251341,-6.56293643688671));
#6077=CARTESIAN_POINT('Ctrl Pts',(-19.0199595004411,-30.1291111473043,-6.55621321510518));
#6078=CARTESIAN_POINT('Ctrl Pts',(-19.152494683983,-30.1059073318262,-6.54728580567125));
#6079=CARTESIAN_POINT('Ctrl Pts',(-19.2164162902299,-30.0801990498967,-6.54508087909827));
#6080=CARTESIAN_POINT('Ctrl Pts',(-19.3234440543121,-30.0115567706957,-6.54508087909827));
#6081=CARTESIAN_POINT('Ctrl Pts',(-19.3734711530807,-29.9641840264882,-6.54728580567125));
#6082=CARTESIAN_POINT('Ctrl Pts',(-19.4498409678548,-29.8534065769753,-6.55621321510518));
#6083=CARTESIAN_POINT('Ctrl Pts',(-19.476188538123,-29.7900052778209,-6.56293643688671));
#6084=CARTESIAN_POINT('Ctrl Pts',(-19.496194542108,-29.6952249406007,-6.57481126354051));
#6085=CARTESIAN_POINT('Ctrl Pts',(-19.5000003054738,-29.6603363897411,-6.5795172749097));
#6086=CARTESIAN_POINT('Ctrl Pts',(-19.5000003054738,-29.6250004097815,-6.58464921364379));
#6087=CARTESIAN_POINT('Ctrl Pts',(-19.5000003054738,-29.6250004097815,-6.58464921364379));
#6088=CARTESIAN_POINT('Ctrl Pts',(-19.5000003054738,-29.5937285182209,-6.58919091396658));
#6089=CARTESIAN_POINT('Ctrl Pts',(-19.4970323836647,-29.5621060340362,-6.5940650854164));
#6090=CARTESIAN_POINT('Ctrl Pts',(-19.478475748804,-29.4650550882573,-6.60992576234577));
#6091=CARTESIAN_POINT('Ctrl Pts',(-19.4518602651438,-29.4018095938348,-6.62164903138985));
#6092=CARTESIAN_POINT('Ctrl Pts',(-19.3826578786155,-29.2972090381857,-6.64345599351298));
#6093=CARTESIAN_POINT('Ctrl Pts',(-19.3356880634013,-29.2485561793119,-6.6550183678519));
#6094=CARTESIAN_POINT('Ctrl Pts',(-19.2259682108976,-29.1740735452232,-6.67633563814599));
#6095=CARTESIAN_POINT('Ctrl Pts',(-19.1632148220219,-29.1482481556713,-6.68608860663378));
#6096=CARTESIAN_POINT('Ctrl Pts',(-19.0414450291144,-29.1229188270903,-6.70138015824191));
#6097=CARTESIAN_POINT('Ctrl Pts',(-18.9743180297755,-29.121336620914,-6.70799433697424));
#6098=CARTESIAN_POINT('Ctrl Pts',(-18.8447825031232,-29.145162700453,-6.716781622957));
#6099=CARTESIAN_POINT('Ctrl Pts',(-18.7823749656251,-29.1705773802555,-6.71895198281316));
#6100=CARTESIAN_POINT('Ctrl Pts',(-18.6777658819258,-29.2376684382798,-6.71895198281316));
#6101=CARTESIAN_POINT('Ctrl Pts',(-18.628637148667,-29.2837875693907,-6.716781622957));
#6102=CARTESIAN_POINT('Ctrl Pts',(-18.5529529490909,-29.3915792048074,-6.70799433697424));
#6103=CARTESIAN_POINT('Ctrl Pts',(-18.5263920843032,-29.4532481425181,-6.70138015824191));
#6104=CARTESIAN_POINT('Ctrl Pts',(-18.4986223427683,-29.5744846832399,-6.68608860663378));
#6105=CARTESIAN_POINT('Ctrl Pts',(-18.4959193653651,-29.6422905271919,-6.67633563814599));
#6106=CARTESIAN_POINT('Ctrl Pts',(-18.5178491260055,-29.7730773553226,-6.6550183678519));
#6107=CARTESIAN_POINT('Ctrl Pts',(-18.5424764801423,-29.8360595563485,-6.64345599351298));
#6108=CARTESIAN_POINT('Ctrl Pts',(-18.5753304241262,-29.8889237048031,-6.63263400165091));
#6109=CARTESIAN_POINT('',(-19.5000003054738,-29.6250004097816,-7.4147964006371));
#6110=CARTESIAN_POINT('',(-19.5000003054738,-29.6250004097819,-0.05));
#6111=CARTESIAN_POINT('',(-18.5753304241262,-29.8889237048031,-7.47174446652087));
#6112=CARTESIAN_POINT('Ctrl Pts',(-18.5753304241262,-29.8889237048031,-7.47174446652087));
#6113=CARTESIAN_POINT('Ctrl Pts',(-18.5424648786274,-29.8360408887508,-7.48459247853591));
#6114=CARTESIAN_POINT('Ctrl Pts',(-18.5178175267693,-29.7730146688698,-7.49832453726692));
#6115=CARTESIAN_POINT('Ctrl Pts',(-18.4958991521079,-29.6420439119041,-7.52365470284268));
#6116=CARTESIAN_POINT('Ctrl Pts',(-18.4986354948491,-29.5740976757508,-7.53525039741437));
#6117=CARTESIAN_POINT('Ctrl Pts',(-18.5265483585131,-29.4528909750562,-7.5533771952194));
#6118=CARTESIAN_POINT('Ctrl Pts',(-18.5530780739134,-29.3913653628534,-7.5612051763222));
#6119=CARTESIAN_POINT('Ctrl Pts',(-18.6286912059214,-29.2837462995916,-7.57161154219757));
#6120=CARTESIAN_POINT('Ctrl Pts',(-18.6777823235056,-29.2376578934691,-7.5741861419422));
#6121=CARTESIAN_POINT('Ctrl Pts',(-18.7823585240453,-29.1705879250662,-7.5741861419422));
#6122=CARTESIAN_POINT('Ctrl Pts',(-18.8447224472454,-29.1451946171355,-7.57161154219757));
#6123=CARTESIAN_POINT('Ctrl Pts',(-18.9740714876066,-29.1213611476637,-7.5612051763222));
#6124=CARTESIAN_POINT('Ctrl Pts',(-19.0410552317301,-29.1229118827612,-7.5533771952194));
#6125=CARTESIAN_POINT('Ctrl Pts',(-19.1628576009108,-29.1480986871074,-7.53525039741437));
#6126=CARTESIAN_POINT('Ctrl Pts',(-19.2257525033185,-29.1739523102603,-7.52365470284268));
#6127=CARTESIAN_POINT('Ctrl Pts',(-19.335644270372,-29.248501313351,-7.49832453726692));
#6128=CARTESIAN_POINT('Ctrl Pts',(-19.3826457514223,-29.2971907077319,-7.48459247853592));
#6129=CARTESIAN_POINT('Ctrl Pts',(-19.4518175325752,-29.4017450028482,-7.45872354920123));
#6130=CARTESIAN_POINT('Ctrl Pts',(-19.478432941277,-29.4649301650838,-7.44482083292511));
#6131=CARTESIAN_POINT('Ctrl Pts',(-19.4970217164632,-29.562003875509,-7.42598991216321));
#6132=CARTESIAN_POINT('Ctrl Pts',(-19.5000003054738,-29.5936717344777,-7.42019625134789));
#6133=CARTESIAN_POINT('Ctrl Pts',(-19.5000003054738,-29.6250004097812,-7.4147964006371));
#6134=CARTESIAN_POINT('Ctrl Pts',(-19.5000003054738,-29.6250004097812,-7.4147964006371));
#6135=CARTESIAN_POINT('Ctrl Pts',(-19.5000003054739,-29.6603178516598,-7.40870904099665));
#6136=CARTESIAN_POINT('Ctrl Pts',(-19.4961988500498,-29.6952045313188,-7.40312381364267));
#6137=CARTESIAN_POINT('Ctrl Pts',(-19.4762112621649,-29.7898976205217,-7.38904381177848));
#6138=CARTESIAN_POINT('Ctrl Pts',(-19.4499094083084,-29.8532737280321,-7.38106398281932));
#6139=CARTESIAN_POINT('Ctrl Pts',(-19.3735632653296,-29.964083916845,-7.3704607535065));
#6140=CARTESIAN_POINT('Ctrl Pts',(-19.3235120319126,-30.0115131732472,-7.36783693251815));
#6141=CARTESIAN_POINT('Ctrl Pts',(-19.2163483126294,-30.0802426473453,-7.36783693251815));
#6142=CARTESIAN_POINT('Ctrl Pts',(-19.1523652781187,-30.1059492928718,-7.3704607535065));
#6143=CARTESIAN_POINT('Ctrl Pts',(-19.0198102127359,-30.1291179383619,-7.38106398281933));
#6144=CARTESIAN_POINT('Ctrl Pts',(-18.9512396705335,-30.1265882621919,-7.38904381177848));
#6145=CARTESIAN_POINT('Ctrl Pts',(-18.8276053855168,-30.0986514237057,-7.4074842657224));
#6146=CARTESIAN_POINT('Ctrl Pts',(-18.7644446829205,-30.0711324855823,-7.41920184012288));
#6147=CARTESIAN_POINT('Ctrl Pts',(-18.6549633208676,-29.9930625808398,-7.44482083292511));
#6148=CARTESIAN_POINT('Ctrl Pts',(-18.6086382658455,-29.9425182044534,-7.45872354920123));
#6149=CARTESIAN_POINT('Ctrl Pts',(-18.5753304241262,-29.8889237048031,-7.47174446652087));
#6150=CARTESIAN_POINT('Origin',(-26.1250002980232,-27.2500004097819,-0.05));
#6151=CARTESIAN_POINT('',(-25.7595236959855,-27.5912142149152,-6.18819845493679));
#6152=CARTESIAN_POINT('',(-26.6250003054738,-27.2500003884871,-6.12716176578994));
#6153=CARTESIAN_POINT('Ctrl Pts',(-25.7595236959855,-27.5912142149152,-6.18819845493679));
#6154=CARTESIAN_POINT('Ctrl Pts',(-25.8026113455332,-27.6373657114536,-6.17722044485832));
#6155=CARTESIAN_POINT('Ctrl Pts',(-25.8578725155382,-27.6779708002566,-6.16550405498721));
#6156=CARTESIAN_POINT('Ctrl Pts',(-25.9803499104136,-27.7333141508688,-6.143928755853));
#6157=CARTESIAN_POINT('Ctrl Pts',(-26.0475683392039,-27.7480470882384,-6.13406870021751));
#6158=CARTESIAN_POINT('Ctrl Pts',(-26.1741910839036,-27.7515550350213,-6.11853741890063));
#6159=CARTESIAN_POINT('Ctrl Pts',(-26.2419517832224,-27.7407579840631,-6.11181630034564));
#6160=CARTESIAN_POINT('Ctrl Pts',(-26.36743880462,-27.6924303105556,-6.10289147695127));
#6161=CARTESIAN_POINT('Ctrl Pts',(-26.4251629501457,-27.654894151681,-6.10068714885107));
#6162=CARTESIAN_POINT('Ctrl Pts',(-26.516886841084,-27.5669570272016,-6.10068714885107));
#6163=CARTESIAN_POINT('Ctrl Pts',(-26.5568219197649,-27.5108657650436,-6.10289147695127));
#6164=CARTESIAN_POINT('Ctrl Pts',(-26.6103941755046,-27.3875265175153,-6.11181630034564));
#6165=CARTESIAN_POINT('Ctrl Pts',(-26.6240367922607,-27.3202809400428,-6.11853741890063));
#6166=CARTESIAN_POINT('Ctrl Pts',(-26.6249828200399,-27.254823201001,-6.12656408721463));
#6167=CARTESIAN_POINT('Ctrl Pts',(-26.6250003055782,-27.2524145212918,-6.12686153349147));
#6168=CARTESIAN_POINT('Ctrl Pts',(-26.6250003054738,-27.2500003881626,-6.12716176318201));
#6169=CARTESIAN_POINT('Ctrl Pts',(-26.6250003054738,-27.2500003881626,-6.12716176318201));
#6170=CARTESIAN_POINT('Ctrl Pts',(-26.625000302815,-27.1885088806228,-6.13480905324072));
#6171=CARTESIAN_POINT('Ctrl Pts',(-26.6130328359555,-27.1234879465081,-6.14433627578292));
#6172=CARTESIAN_POINT('Ctrl Pts',(-26.5638462605475,-27.0011427627736,-6.16550405498721));
#6173=CARTESIAN_POINT('Ctrl Pts',(-26.5256057099536,-26.9442197407412,-6.17722044485832));
#6174=CARTESIAN_POINT('Ctrl Pts',(-26.437617304053,-26.8548427452017,-6.1990273795057));
#6175=CARTESIAN_POINT('Ctrl Pts',(-26.3821449523864,-26.8160897744855,-6.21059663184595));
#6176=CARTESIAN_POINT('Ctrl Pts',(-26.2600857528569,-26.7640438963869,-6.23192522114375));
#6177=CARTESIAN_POINT('Ctrl Pts',(-26.1934964703978,-26.7507559511657,-6.24168273363473));
#6178=CARTESIAN_POINT('Ctrl Pts',(-26.0690479329704,-26.7493229994169,-6.25698112248777));
#6179=CARTESIAN_POINT('Ctrl Pts',(-26.0028297411761,-26.7606984437899,-6.26359742410132));
#6180=CARTESIAN_POINT('Ctrl Pts',(-25.8802340435879,-26.8090564908983,-6.27238730270321));
#6181=CARTESIAN_POINT('Ctrl Pts',(-25.8238587418228,-26.8460451584864,-6.27455825256597));
#6182=CARTESIAN_POINT('Ctrl Pts',(-25.7340926590405,-26.9321053017587,-6.27455825256597));
#6183=CARTESIAN_POINT('Ctrl Pts',(-25.6947614200943,-26.9868719870884,-6.27238730270322));
#6184=CARTESIAN_POINT('Ctrl Pts',(-25.6412806461193,-27.1073211988015,-6.26359742410133));
#6185=CARTESIAN_POINT('Ctrl Pts',(-25.6271251444929,-27.173001267566,-6.25698112248777));
#6186=CARTESIAN_POINT('Ctrl Pts',(-25.623313078539,-27.2973996597248,-6.24168273363473));
#6187=CARTESIAN_POINT('Ctrl Pts',(-25.6337834264985,-27.3644897025048,-6.23192522114376));
#6188=CARTESIAN_POINT('Ctrl Pts',(-25.6806400138677,-27.4886334975047,-6.21059663184595));
#6189=CARTESIAN_POINT('Ctrl Pts',(-25.7170211929391,-27.5456894730736,-6.19902737950571));
#6190=CARTESIAN_POINT('Ctrl Pts',(-25.7595236959855,-27.5912142149152,-6.18819845493679));
#6191=CARTESIAN_POINT('',(-26.6250003054738,-27.2500003801731,-6.87185297448757));
#6192=CARTESIAN_POINT('',(-26.6250003054738,-27.2500004097819,-0.05));
#6193=CARTESIAN_POINT('',(-25.7595236959855,-27.5912142149152,-6.94429095788734));
#6194=CARTESIAN_POINT('Ctrl Pts',(-25.7595236959855,-27.5912142149152,-6.94429095788734));
#6195=CARTESIAN_POINT('Ctrl Pts',(-25.7170062790879,-27.5456734987385,-6.95714717183822));
#6196=CARTESIAN_POINT('Ctrl Pts',(-25.6805969685293,-27.4885782960325,-6.97088737802296));
#6197=CARTESIAN_POINT('Ctrl Pts',(-25.6337159397802,-27.3642519168928,-6.99623096568092));
#6198=CARTESIAN_POINT('Ctrl Pts',(-25.6232511381254,-27.2970176652676,-7.00783205510484));
#6199=CARTESIAN_POINT('Ctrl Pts',(-25.6272094438985,-27.1726208353893,-7.02596697790676));
#6200=CARTESIAN_POINT('Ctrl Pts',(-25.6413620680235,-27.1070873654598,-7.03379749588662));
#6201=CARTESIAN_POINT('Ctrl Pts',(-25.6948064618897,-26.9868211189032,-7.04420695762217));
#6202=CARTESIAN_POINT('Ctrl Pts',(-25.7341067355541,-26.9320918063857,-7.04678226084716));
#6203=CARTESIAN_POINT('Ctrl Pts',(-25.8238446653092,-26.8460586538594,-7.04678226084716));
#6204=CARTESIAN_POINT('Ctrl Pts',(-25.8801813227047,-26.8090993493174,-7.04420695762217));
#6205=CARTESIAN_POINT('Ctrl Pts',(-26.0025926847226,-26.7607699406156,-7.03379749588662));
#6206=CARTESIAN_POINT('Ctrl Pts',(-26.0686642866319,-26.7493911941217,-7.02596697790676));
#6207=CARTESIAN_POINT('Ctrl Pts',(-26.1931174251055,-26.7506779701003,-7.00783205510484));
#6208=CARTESIAN_POINT('Ctrl Pts',(-26.2598510220349,-26.7639664503049,-6.99623096568092));
#6209=CARTESIAN_POINT('Ctrl Pts',(-26.3820916136912,-26.8160444414151,-6.97088737802296));
#6210=CARTESIAN_POINT('Ctrl Pts',(-26.4376019723127,-26.8548271715034,-6.95714717183822));
#6211=CARTESIAN_POINT('Ctrl Pts',(-26.5255514488089,-26.944164623274,-6.93127827972788));
#6212=CARTESIAN_POINT('Ctrl Pts',(-26.5637803306365,-27.0010285145389,-6.9173837205517));
#6213=CARTESIAN_POINT('Ctrl Pts',(-26.6129968579393,-27.1233506881914,-6.89226099402998));
#6214=CARTESIAN_POINT('Ctrl Pts',(-26.6250003017485,-27.1884054599868,-6.88094399245937));
#6215=CARTESIAN_POINT('Ctrl Pts',(-26.6250003054738,-27.2500003795414,-6.87185297021072));
#6216=CARTESIAN_POINT('Ctrl Pts',(-26.6250003054738,-27.2500003795414,-6.87185297021072));
#6217=CARTESIAN_POINT('Ctrl Pts',(-26.6250003056198,-27.2524143944567,-6.87149667681083));
#6218=CARTESIAN_POINT('Ctrl Pts',(-26.6249828218457,-27.2548230760538,-6.87114366877772));
#6219=CARTESIAN_POINT('Ctrl Pts',(-26.6240383817166,-27.3201709620978,-6.86163365255039));
#6220=CARTESIAN_POINT('Ctrl Pts',(-26.6104357506986,-27.3873830004451,-6.85365632455071));
#6221=CARTESIAN_POINT('Ctrl Pts',(-26.5568930108606,-27.5107497904039,-6.84305616430945));
#6222=CARTESIAN_POINT('Ctrl Pts',(-26.5169451300841,-27.5669011446283,-6.84043305142311));
#6223=CARTESIAN_POINT('Ctrl Pts',(-26.4251046611455,-27.6549500342543,-6.84043305142311));
#6224=CARTESIAN_POINT('Ctrl Pts',(-26.3673199374945,-27.6924964518244,-6.84305616430945));
#6225=CARTESIAN_POINT('Ctrl Pts',(-26.2418066418049,-27.7407934751199,-6.85365632455071));
#6226=CARTESIAN_POINT('Ctrl Pts',(-26.1740811366579,-27.7515519890513,-6.86163365255039));
#6227=CARTESIAN_POINT('Ctrl Pts',(-26.0474591322545,-27.7480440627775,-6.88006597865542));
#6228=CARTESIAN_POINT('Ctrl Pts',(-25.9802099036377,-27.733271206402,-6.89177815345945));
#6229=CARTESIAN_POINT('Ctrl Pts',(-25.8577611467814,-27.6779001149519,-6.9173837205517));
#6230=CARTESIAN_POINT('Ctrl Pts',(-25.8025585633558,-27.6373091760774,-6.93127827972788));
#6231=CARTESIAN_POINT('Ctrl Pts',(-25.7595236959855,-27.5912142149152,-6.94429095788734));
#6232=CARTESIAN_POINT('Origin',(-28.5000002980232,-27.2500004097819,-0.05));
#6233=CARTESIAN_POINT('',(-28.9593232763926,-27.4475413143873,-5.81383605880682));
#6234=CARTESIAN_POINT('',(-29.0000003054738,-27.2500004097819,-5.83226601314867));
#6235=CARTESIAN_POINT('Ctrl Pts',(-28.9593232763928,-27.4475413143873,-5.81383605880679));
#6236=CARTESIAN_POINT('Ctrl Pts',(-28.9619400364232,-27.4414568124799,-5.81423358749485));
#6237=CARTESIAN_POINT('Ctrl Pts',(-28.9644366270352,-27.435318460751,-5.81465246904592));
#6238=CARTESIAN_POINT('Ctrl Pts',(-28.9890681655789,-27.3711305022406,-5.8192163139356));
#6239=CARTESIAN_POINT('Ctrl Pts',(-29.0000003054738,-27.308855411876,-5.82525856831784));
#6240=CARTESIAN_POINT('Ctrl Pts',(-29.0000003054738,-27.2500004097819,-5.83226601314867));
#6241=CARTESIAN_POINT('',(-28.7179297762924,-27.7000079096658,-5.81383605880682));
#6242=CARTESIAN_POINT('Origin',(-28.5000002980232,-27.2500004097819,-5.81383605880682));
#6243=CARTESIAN_POINT('Ctrl Pts',(-29.0000003054738,-27.2500004097819,-5.83226601314867));
#6244=CARTESIAN_POINT('Ctrl Pts',(-29.0000003054738,-27.2451838027727,-5.8328394921511));
#6245=CARTESIAN_POINT('Ctrl Pts',(-28.9999306817911,-27.2403900441249,-5.8334189919688));
#6246=CARTESIAN_POINT('Ctrl Pts',(-28.9979652036749,-27.1720637035029,-5.84180097670748));
#6247=CARTESIAN_POINT('Ctrl Pts',(-28.9831711522141,-27.1048842827312,-5.85165836688481));
#6248=CARTESIAN_POINT('Ctrl Pts',(-28.9277344807882,-26.9825004398966,-5.87322702827364));
#6249=CARTESIAN_POINT('Ctrl Pts',(-28.8870971747274,-26.9272938012469,-5.88493937985729));
#6250=CARTESIAN_POINT('Ctrl Pts',(-28.7953543604453,-26.8417751456553,-5.90674629892393));
#6251=CARTESIAN_POINT('Ctrl Pts',(-28.7382466004893,-26.8054291424927,-5.91831958833707));
#6252=CARTESIAN_POINT('Ctrl Pts',(-28.6140160612984,-26.7586702576674,-5.93965482095919));
#6253=CARTESIAN_POINT('Ctrl Pts',(-28.5468910707599,-26.7482624464484,-5.949415000346));
#6254=CARTESIAN_POINT('Ctrl Pts',(-28.4224495517523,-26.7522079546536,-5.96471740276433));
#6255=CARTESIAN_POINT('Ctrl Pts',(-28.3567611518158,-26.7664430715261,-5.97133495057927));
#6256=CARTESIAN_POINT('Ctrl Pts',(-28.2363334394937,-26.8200876975646,-5.98012635153366));
#6257=CARTESIAN_POINT('Ctrl Pts',(-28.1815965921257,-26.8595031592525,-5.98229764804065));
#6258=CARTESIAN_POINT('Ctrl Pts',(-28.0956244581706,-26.9494189686651,-5.98229764804065));
#6259=CARTESIAN_POINT('Ctrl Pts',(-28.0587019403639,-27.0058674297484,-5.98012635153366));
#6260=CARTESIAN_POINT('Ctrl Pts',(-28.010508855947,-27.1285784985741,-5.97133495057927));
#6261=CARTESIAN_POINT('Ctrl Pts',(-27.9992322323135,-27.1948389105711,-5.96471740276433));
#6262=CARTESIAN_POINT('Ctrl Pts',(-28.0008682217658,-27.3193322125052,-5.949415000346));
#6263=CARTESIAN_POINT('Ctrl Pts',(-28.0142741501849,-27.3859232627475,-5.93965482095919));
#6264=CARTESIAN_POINT('Ctrl Pts',(-28.0665541213626,-27.5079332000126,-5.91831958833707));
#6265=CARTESIAN_POINT('Ctrl Pts',(-28.1054231978846,-27.5633545233766,-5.90674629892393));
#6266=CARTESIAN_POINT('Ctrl Pts',(-28.1499061869459,-27.6069795700134,-5.8959133046399));
#6267=CARTESIAN_POINT('Ctrl Pts',(-28.1949678719486,-27.6511721512958,-5.88493937985729));
#6268=CARTESIAN_POINT('Ctrl Pts',(-28.2519404158904,-27.6892942293042,-5.87322702827364));
#6269=CARTESIAN_POINT('Ctrl Pts',(-28.3766859698191,-27.7391898834313,-5.85165836688481));
#6270=CARTESIAN_POINT('Ctrl Pts',(-28.4444609559934,-27.7509580516372,-5.84180097670748));
#6271=CARTESIAN_POINT('Ctrl Pts',(-28.5710685467738,-27.7489223522013,-5.82627371158841));
#6272=CARTESIAN_POINT('Ctrl Pts',(-28.6382684078027,-27.7351802034641,-5.81955382745865));
#6273=CARTESIAN_POINT('Ctrl Pts',(-28.7059483889368,-27.7056639562394,-5.81465246904592));
#6274=CARTESIAN_POINT('Ctrl Pts',(-28.7119686734948,-27.7028947504918,-5.81423358749485));
#6275=CARTESIAN_POINT('Ctrl Pts',(-28.7179297762925,-27.7000079096659,-5.81383605880679));
#6276=CARTESIAN_POINT('',(-29.0000003054738,-27.2500004097819,-6.52187241678355));
#6277=CARTESIAN_POINT('',(-29.0000003054738,-27.2500004097819,-0.05));
#6278=CARTESIAN_POINT('',(-28.7179297762924,-27.7000079096658,-6.49999985471368));
#6279=CARTESIAN_POINT('Ctrl Pts',(-28.7179297762925,-27.7000079096659,-6.49999985471364));
#6280=CARTESIAN_POINT('Ctrl Pts',(-28.7119258626708,-27.7029154829031,-6.50047502765078));
#6281=CARTESIAN_POINT('Ctrl Pts',(-28.7058622906127,-27.7057035417794,-6.50097587772562));
#6282=CARTESIAN_POINT('Ctrl Pts',(-28.638124968067,-27.7352219935048,-6.50680093160488));
#6283=CARTESIAN_POINT('Ctrl Pts',(-28.5709585950379,-27.7489241200944,-6.51477679173998));
#6284=CARTESIAN_POINT('Ctrl Pts',(-28.4443517739922,-27.7509598071538,-6.53320434717514));
#6285=CARTESIAN_POINT('Ctrl Pts',(-28.3765442920514,-27.7391531399117,-6.54491335202272));
#6286=CARTESIAN_POINT('Ctrl Pts',(-28.251826123588,-27.6892285491303,-6.57051103736554));
#6287=CARTESIAN_POINT('Ctrl Pts',(-28.1949126939618,-27.6511180375257,-6.58440080807764));
#6288=CARTESIAN_POINT('Ctrl Pts',(-28.1499061869459,-27.6069795700134,-6.59740865023804));
#6289=CARTESIAN_POINT('Ctrl Pts',(-28.1054076472724,-27.5633392726887,-6.61026967898295));
#6290=CARTESIAN_POINT('Ctrl Pts',(-28.0665087510733,-27.5078800469199,-6.6240146673622));
#6291=CARTESIAN_POINT('Ctrl Pts',(-28.0141963403074,-27.3856888161936,-6.64936613269695));
#6292=CARTESIAN_POINT('Ctrl Pts',(-28.0007896122562,-27.3189534450724,-6.66097038838968));
#6293=CARTESIAN_POINT('Ctrl Pts',(-27.9992998183759,-27.1944552750513,-6.67911008068186));
#6294=CARTESIAN_POINT('Ctrl Pts',(-28.0105799684843,-27.1283414217406,-6.68694208788043));
#6295=CARTESIAN_POINT('Ctrl Pts',(-28.0587447043569,-27.0058146824473,-6.69735336744381));
#6296=CARTESIAN_POINT('Ctrl Pts',(-28.0956379216919,-26.9494048875512,-6.69992908397606));
#6297=CARTESIAN_POINT('Ctrl Pts',(-28.1815831286044,-26.8595172403664,-6.69992908397606));
#6298=CARTESIAN_POINT('Ctrl Pts',(-28.2362826619047,-26.8201327827433,-6.69735336744381));
#6299=CARTESIAN_POINT('Ctrl Pts',(-28.3565275005316,-26.7665247385045,-6.68694208788043));
#6300=CARTESIAN_POINT('Ctrl Pts',(-28.4220693310067,-26.7522926675363,-6.67911008068186));
#6301=CARTESIAN_POINT('Ctrl Pts',(-28.5465091606488,-26.7482008924874,-6.66097038838968));
#6302=CARTESIAN_POINT('Ctrl Pts',(-28.6137783628716,-26.7586030339991,-6.64936613269695));
#6303=CARTESIAN_POINT('Ctrl Pts',(-28.7381914672929,-26.8053862001468,-6.62401466736221));
#6304=CARTESIAN_POINT('Ctrl Pts',(-28.7953384280971,-26.8417602942142,-6.61026967898295));
#6305=CARTESIAN_POINT('Ctrl Pts',(-28.8870406422329,-26.9272411041178,-6.58440080807764));
#6306=CARTESIAN_POINT('Ctrl Pts',(-28.9276637439796,-26.9823892062707,-6.57051103736554));
#6307=CARTESIAN_POINT('Ctrl Pts',(-28.9831280955495,-27.1047443942051,-6.54491335202273));
#6308=CARTESIAN_POINT('Ctrl Pts',(-28.9979620638341,-27.1719545525404,-6.53320434717514));
#6309=CARTESIAN_POINT('Ctrl Pts',(-28.9999306678242,-27.240389558589,-6.52324083599645));
#6310=CARTESIAN_POINT('Ctrl Pts',(-29.0000003054738,-27.2451833244946,-6.52255308589321));
#6311=CARTESIAN_POINT('Ctrl Pts',(-29.0000003054738,-27.2500004097819,-6.52187241678355));
#6312=CARTESIAN_POINT('',(-28.9593232763926,-27.4475413143873,-6.49999985471368));
#6313=CARTESIAN_POINT('Origin',(-28.5000002980232,-27.2500004097819,-6.49999985471368));
#6314=CARTESIAN_POINT('Ctrl Pts',(-29.0000003054738,-27.2500004097819,-6.52187241678355));
#6315=CARTESIAN_POINT('Ctrl Pts',(-29.0000003054738,-27.3087566493932,-6.51356997766994));
#6316=CARTESIAN_POINT('Ctrl Pts',(-28.9891016492198,-27.3709941379535,-6.50639940155037));
#6317=CARTESIAN_POINT('Ctrl Pts',(-28.964472313823,-27.4352306747068,-6.50097587772562));
#6318=CARTESIAN_POINT('Ctrl Pts',(-28.9619588291965,-27.4414131154411,-6.50047502765077));
#6319=CARTESIAN_POINT('Ctrl Pts',(-28.9593232763928,-27.4475413143873,-6.49999985471364));
#6320=CARTESIAN_POINT('Origin',(-19.0000002980232,-27.2500004097819,-0.05));
#6321=CARTESIAN_POINT('',(-18.5855969219671,-27.5297679013957,-6.97596449114262));
#6322=CARTESIAN_POINT('',(-19.5000003054738,-27.2500004097817,-6.92515130623207));
#6323=CARTESIAN_POINT('Ctrl Pts',(-18.5855969219671,-27.5297679013957,-6.97596449114262));
#6324=CARTESIAN_POINT('Ctrl Pts',(-18.620967343365,-27.582160057308,-6.96497341034935));
#6325=CARTESIAN_POINT('Ctrl Pts',(-18.6692545654987,-27.6309639607476,-6.95324410285059));
#6326=CARTESIAN_POINT('Ctrl Pts',(-18.7817118593897,-27.7048367802706,-6.93164757284574));
#6327=CARTESIAN_POINT('Ctrl Pts',(-18.8458849190093,-27.7299007506494,-6.92177899190766));
#6328=CARTESIAN_POINT('Ctrl Pts',(-18.9705658966912,-27.7531106532903,-6.90623486099133));
#6329=CARTESIAN_POINT('Ctrl Pts',(-19.0392610479293,-27.7529808325492,-6.89950979260701));
#6330=CARTESIAN_POINT('Ctrl Pts',(-19.1708762509631,-27.7246920158256,-6.89058011195822));
#6331=CARTESIAN_POINT('Ctrl Pts',(-19.2337950055935,-27.6965272502697,-6.8883746594209));
#6332=CARTESIAN_POINT('Ctrl Pts',(-19.3381517398024,-27.6237647566457,-6.8883746594209));
#6333=CARTESIAN_POINT('Ctrl Pts',(-19.3863339243309,-27.5744646471416,-6.89058011195822));
#6334=CARTESIAN_POINT('Ctrl Pts',(-19.4583846650444,-27.4607478516192,-6.89950979260701));
#6335=CARTESIAN_POINT('Ctrl Pts',(-19.4822581864611,-27.3963343776234,-6.90623486099133));
#6336=CARTESIAN_POINT('Ctrl Pts',(-19.4975089819841,-27.3069515279881,-6.91734845115314));
#6337=CARTESIAN_POINT('Ctrl Pts',(-19.5000003054738,-27.2786637239663,-6.92109839869667));
#6338=CARTESIAN_POINT('Ctrl Pts',(-19.5000003054738,-27.2500004097814,-6.92515130623207));
#6339=CARTESIAN_POINT('Ctrl Pts',(-19.5000003054738,-27.2500004097814,-6.92515130623207));
#6340=CARTESIAN_POINT('Ctrl Pts',(-19.5000003054738,-27.2123742335494,-6.93047153585365));
#6341=CARTESIAN_POINT('Ctrl Pts',(-19.4956791166243,-27.1741013745125,-6.93631670004026));
#6342=CARTESIAN_POINT('Ctrl Pts',(-19.4718248892644,-27.0713736428972,-6.95324410285059));
#6343=CARTESIAN_POINT('Ctrl Pts',(-19.4427265383708,-27.0091903429879,-6.96497341034935));
#6344=CARTESIAN_POINT('Ctrl Pts',(-19.369452448643,-26.9074004097313,-6.98678039756084));
#6345=CARTESIAN_POINT('Ctrl Pts',(-19.3206319940801,-26.8606583764901,-6.99833673354145));
#6346=CARTESIAN_POINT('Ctrl Pts',(-19.2081339272351,-26.7905743589684,-7.0196440658817));
#6347=CARTESIAN_POINT('Ctrl Pts',(-19.1444531296205,-26.7672368744797,-7.02939304467912));
#6348=CARTESIAN_POINT('Ctrl Pts',(-19.0218574422088,-26.7466898695897,-7.04467859443822));
#6349=CARTESIAN_POINT('Ctrl Pts',(-18.9547570399258,-26.7477203914732,-7.05129090973656));
#6350=CARTESIAN_POINT('Ctrl Pts',(-18.8263122308382,-26.77654014266,-7.06007592066365));
#6351=CARTESIAN_POINT('Ctrl Pts',(-18.7649690575897,-26.8043357389975,-7.0622457631358));
#6352=CARTESIAN_POINT('Ctrl Pts',(-18.6630853891073,-26.8753738932147,-7.0622457631358));
#6353=CARTESIAN_POINT('Ctrl Pts',(-18.6157943706847,-26.923323237908,-7.06007592066365));
#6354=CARTESIAN_POINT('Ctrl Pts',(-18.5443416212959,-27.0338816009784,-7.05129090973656));
#6355=CARTESIAN_POINT('Ctrl Pts',(-18.5201743424925,-27.096487260444,-7.04467859443822));
#6356=CARTESIAN_POINT('Ctrl Pts',(-18.4970660062338,-27.2186260617205,-7.02939304467912));
#6357=CARTESIAN_POINT('Ctrl Pts',(-18.496946176948,-27.2864483870127,-7.01964406588171));
#6358=CARTESIAN_POINT('Ctrl Pts',(-18.5238109504431,-27.4162400219546,-6.99833673354145));
#6359=CARTESIAN_POINT('Ctrl Pts',(-18.5507902296128,-27.4782107646541,-6.98678039756084));
#6360=CARTESIAN_POINT('Ctrl Pts',(-18.5855969219671,-27.5297679013957,-6.97596449114262));
#6361=CARTESIAN_POINT('',(-19.5000003054738,-27.2500004097814,-7.81890229351762));
#6362=CARTESIAN_POINT('',(-19.5000003054738,-27.2500004097819,-0.05));
#6363=CARTESIAN_POINT('',(-18.5855969219671,-27.5297679013957,-7.87920708431133));
#6364=CARTESIAN_POINT('Ctrl Pts',(-18.5855969219671,-27.5297679013957,-7.87920708431133));
#6365=CARTESIAN_POINT('Ctrl Pts',(-18.5507778702966,-27.4781924575152,-7.89204789677251));
#6366=CARTESIAN_POINT('Ctrl Pts',(-18.523776942118,-27.416178408659,-7.90577280268266));
#6367=CARTESIAN_POINT('Ctrl Pts',(-18.4969165850744,-27.2862024857511,-7.93109118385865));
#6368=CARTESIAN_POINT('Ctrl Pts',(-18.4970644377276,-27.2182386166714,-7.94268214169455));
#6369=CARTESIAN_POINT('Ctrl Pts',(-18.5203168819615,-27.0961242050263,-7.9608018072317));
#6370=CARTESIAN_POINT('Ctrl Pts',(-18.5444585183131,-27.0336629975175,-7.96862756147995));
#6371=CARTESIAN_POINT('Ctrl Pts',(-18.6158468386705,-26.9232798736674,-7.97903121066157));
#6372=CARTESIAN_POINT('Ctrl Pts',(-18.6631014344499,-26.8753627056364,-7.9816051935054));
#6373=CARTESIAN_POINT('Ctrl Pts',(-18.7649530122471,-26.8043469265759,-7.9816051935054));
#6374=CARTESIAN_POINT('Ctrl Pts',(-18.8262534000181,-26.7765743812566,-7.97903121066157));
#6375=CARTESIAN_POINT('Ctrl Pts',(-18.954511501135,-26.7477544955483,-7.96862756147995));
#6376=CARTESIAN_POINT('Ctrl Pts',(-19.0214674945609,-26.7466980895931,-7.9608018072317));
#6377=CARTESIAN_POINT('Ctrl Pts',(-19.1440901226632,-26.7671014415618,-7.94268214169455));
#6378=CARTESIAN_POINT('Ctrl Pts',(-19.2079134235417,-26.7904615705355,-7.93109118385865));
#6379=CARTESIAN_POINT('Ctrl Pts',(-19.3205859393564,-26.8606051625183,-7.90577280268266));
#6380=CARTESIAN_POINT('Ctrl Pts',(-19.3694395438996,-26.9073824828902,-7.89204789677251));
#6381=CARTESIAN_POINT('Ctrl Pts',(-19.4426812389949,-27.0091274145986,-7.86617893361801));
#6382=CARTESIAN_POINT('Ctrl Pts',(-19.4717771598445,-27.0712503775497,-7.85226905712768));
#6383=CARTESIAN_POINT('Ctrl Pts',(-19.4956650733322,-27.1739942844472,-7.83217296208241));
#6384=CARTESIAN_POINT('Ctrl Pts',(-19.5000003054737,-27.2123117220575,-7.82522680093151));
#6385=CARTESIAN_POINT('Ctrl Pts',(-19.5000003054738,-27.250000409781,-7.81890229351762));
#6386=CARTESIAN_POINT('Ctrl Pts',(-19.5000003054738,-27.250000409781,-7.81890229351762));
#6387=CARTESIAN_POINT('Ctrl Pts',(-19.5000003054739,-27.2786507743924,-7.81409449960541));
#6388=CARTESIAN_POINT('Ctrl Pts',(-19.4975113787386,-27.3069374809345,-7.8096439835423));
#6389=CARTESIAN_POINT('Ctrl Pts',(-19.482276698505,-27.3962258810384,-7.79646837690457));
#6390=CARTESIAN_POINT('Ctrl Pts',(-19.4584478992901,-27.4606124235335,-7.78848635214242));
#6391=CARTESIAN_POINT('Ctrl Pts',(-19.3864220956379,-27.5743610389157,-7.7778804273873));
#6392=CARTESIAN_POINT('Ctrl Pts',(-19.3382179895126,-27.6237185641872,-7.77525598408135));
#6393=CARTESIAN_POINT('Ctrl Pts',(-19.2337287558833,-27.6965734427282,-7.77525598408135));
#6394=CARTESIAN_POINT('Ctrl Pts',(-19.1707485471111,-27.7247389260593,-7.7778804273873));
#6395=CARTESIAN_POINT('Ctrl Pts',(-19.0391121088347,-27.7529933418386,-7.78848635214242));
#6396=CARTESIAN_POINT('Ctrl Pts',(-18.9704576910251,-27.7530905103381,-7.79646837690457));
#6397=CARTESIAN_POINT('Ctrl Pts',(-18.8457773495184,-27.729880726124,-7.81491596647589));
#6398=CARTESIAN_POINT('Ctrl Pts',(-18.7815800361945,-27.7047724076669,-7.82663828017939));
#6399=CARTESIAN_POINT('Ctrl Pts',(-18.6691554052693,-27.630876555414,-7.85226905712769));
#6400=CARTESIAN_POINT('Ctrl Pts',(-18.620923958596,-27.5820957939633,-7.86617893361801));
#6401=CARTESIAN_POINT('Ctrl Pts',(-18.5855969219671,-27.5297679013957,-7.87920708431133));
#6402=CARTESIAN_POINT('Origin',(-26.1250002980232,-29.6250004097819,-0.05));
#6403=CARTESIAN_POINT('',(-26.6145523001508,-29.7266805192599,-5.81383605880682));
#6404=CARTESIAN_POINT('',(-26.6250003054738,-29.6250004097819,-5.82578340015665));
#6405=CARTESIAN_POINT('Ctrl Pts',(-26.6145523001508,-29.7266805192599,-5.81383605880682));
#6406=CARTESIAN_POINT('Ctrl Pts',(-26.6196766075338,-29.7020088804139,-5.81643769685308));
#6407=CARTESIAN_POINT('Ctrl Pts',(-26.6228438775028,-29.6773116405599,-5.81926692927597));
#6408=CARTESIAN_POINT('Ctrl Pts',(-26.6247308670875,-29.6438711517992,-5.82337411148601));
#6409=CARTESIAN_POINT('Ctrl Pts',(-26.6250003054738,-29.634471260185,-5.82455864176063));
#6410=CARTESIAN_POINT('Ctrl Pts',(-26.6250003054738,-29.6250004097819,-5.82578340015665));
#6411=CARTESIAN_POINT('',(-26.1646549420217,-30.1234254459307,-5.81383605880682));
#6412=CARTESIAN_POINT('Origin',(-26.1250002980232,-29.6250004097819,-5.81383605880682));
#6413=CARTESIAN_POINT('Ctrl Pts',(-26.6250003054738,-29.6250004097819,-5.82578340015665));
#6414=CARTESIAN_POINT('Ctrl Pts',(-26.6250003054738,-29.5698111794985,-5.83292040161714));
#6415=CARTESIAN_POINT('Ctrl Pts',(-26.6154770556963,-29.5122171514638,-5.84146606497257));
#6416=CARTESIAN_POINT('Ctrl Pts',(-26.5739310502182,-29.3948399792389,-5.86145489389007));
#6417=CARTESIAN_POINT('Ctrl Pts',(-26.5381357512137,-29.3363786325439,-5.87316709001905));
#6418=CARTESIAN_POINT('Ctrl Pts',(-26.4539972832707,-29.2433684084544,-5.89497400849401));
#6419=CARTESIAN_POINT('Ctrl Pts',(-26.4001861689318,-29.2022974784826,-5.90654745330729));
#6420=CARTESIAN_POINT('Ctrl Pts',(-26.2803797882426,-29.1451439249767,-5.92788294164656));
#6421=CARTESIAN_POINT('Ctrl Pts',(-26.2143818877184,-29.1290661658314,-5.93764322368757));
#6422=CARTESIAN_POINT('Ctrl Pts',(-26.0900537028395,-29.1224167907028,-5.9529457806073));
#6423=CARTESIAN_POINT('Ctrl Pts',(-26.0233919120934,-29.1310155847132,-5.95956337639509));
#6424=CARTESIAN_POINT('Ctrl Pts',(-25.8988377334492,-29.1742279994679,-5.96835483595874));
#6425=CARTESIAN_POINT('Ctrl Pts',(-25.8409472956145,-29.2088477603284,-5.97052614581419));
#6426=CARTESIAN_POINT('Ctrl Pts',(-25.747641015134,-29.2911305138015,-5.97052614581419));
#6427=CARTESIAN_POINT('Ctrl Pts',(-25.7060528626068,-29.3442365982373,-5.96835483595874));
#6428=CARTESIAN_POINT('Ctrl Pts',(-25.6476020494733,-29.4624083319586,-5.95956337639509));
#6429=CARTESIAN_POINT('Ctrl Pts',(-25.6307335408514,-29.5274712785625,-5.9529457806073));
#6430=CARTESIAN_POINT('Ctrl Pts',(-25.6217812783966,-29.6516548875527,-5.93764322368757));
#6431=CARTESIAN_POINT('Ctrl Pts',(-25.6294785992732,-29.7191453940262,-5.92788294164656));
#6432=CARTESIAN_POINT('Ctrl Pts',(-25.6711994988155,-29.8451591396003,-5.90654745330729));
#6433=CARTESIAN_POINT('Ctrl Pts',(-25.7052179218367,-29.9036843838141,-5.89497400849401));
#6434=CARTESIAN_POINT('Ctrl Pts',(-25.7458327929962,-29.9509329343666,-5.88414085754546));
#6435=CARTESIAN_POINT('Ctrl Pts',(-25.7869748537259,-29.9987947810431,-5.87316709001905));
#6436=CARTESIAN_POINT('Ctrl Pts',(-25.8405003426336,-30.0416206438529,-5.86145489389007));
#6437=CARTESIAN_POINT('Ctrl Pts',(-25.9605518933808,-30.1019378961895,-5.83988648802816));
#6438=CARTESIAN_POINT('Ctrl Pts',(-26.0270803841966,-30.1194240656821,-5.83002920046098));
#6439=CARTESIAN_POINT('Ctrl Pts',(-26.1146366890844,-30.1254774722976,-5.819266929276));
#6440=CARTESIAN_POINT('Ctrl Pts',(-26.1395361345605,-30.1254238956379,-5.81643769685309));
#6441=CARTESIAN_POINT('Ctrl Pts',(-26.1646549420217,-30.1234254459307,-5.81383605880682));
#6442=CARTESIAN_POINT('',(-26.6250003054738,-29.6250004097819,-6.51417888958252));
#6443=CARTESIAN_POINT('',(-26.6250003054738,-29.6250004097819,-0.05));
#6444=CARTESIAN_POINT('',(-26.1646549420217,-30.1234254459307,-6.49999985471368));
#6445=CARTESIAN_POINT('Ctrl Pts',(-26.1646549420217,-30.1234254459307,-6.49999985471367));
#6446=CARTESIAN_POINT('Ctrl Pts',(-26.139525648266,-30.1254247299264,-6.50308875251501));
#6447=CARTESIAN_POINT('Ctrl Pts',(-26.1146253335338,-30.1254766872055,-6.50644683657022));
#6448=CARTESIAN_POINT('Ctrl Pts',(-26.0269714501536,-30.1194165342764,-6.5192336717197));
#6449=CARTESIAN_POINT('Ctrl Pts',(-25.9604138543942,-30.1018892442442,-6.53094255453583));
#6450=CARTESIAN_POINT('Ctrl Pts',(-25.8403920491472,-30.0415454889515,-6.55653993646258));
#6451=CARTESIAN_POINT('Ctrl Pts',(-25.7869244761015,-29.9987361751762,-6.5704295228419));
#6452=CARTESIAN_POINT('Ctrl Pts',(-25.7458327929962,-29.9509329343666,-6.58343717884905));
#6453=CARTESIAN_POINT('Ctrl Pts',(-25.7052037255067,-29.9036678687792,-6.59629839294048));
#6454=CARTESIAN_POINT('Ctrl Pts',(-25.6711588123921,-29.845102326757,-6.6100435654022));
#6455=CARTESIAN_POINT('Ctrl Pts',(-25.6294209996418,-29.7189051880973,-6.63539533396749));
#6456=CARTESIAN_POINT('Ctrl Pts',(-25.621735148491,-29.6512708147206,-6.64699971153638));
#6457=CARTESIAN_POINT('Ctrl Pts',(-25.6308334923498,-29.527094781169,-6.66513958742908));
#6458=CARTESIAN_POINT('Ctrl Pts',(-25.6476930564222,-29.4621781615504,-6.67297165195534));
#6459=CARTESIAN_POINT('Ctrl Pts',(-25.70609995499,-29.3441876785017,-6.68338300150321));
#6460=CARTESIAN_POINT('Ctrl Pts',(-25.7476556264533,-29.291117628714,-6.68595873395087));
#6461=CARTESIAN_POINT('Ctrl Pts',(-25.8409326842952,-29.2088606454158,-6.68595873395087));
#6462=CARTESIAN_POINT('Ctrl Pts',(-25.8987833080889,-29.174268603818,-6.68338300150321));
#6463=CARTESIAN_POINT('Ctrl Pts',(-26.0231521669111,-29.1310770902343,-6.67297165195534));
#6464=CARTESIAN_POINT('Ctrl Pts',(-26.0896676609255,-29.1224688697774,-6.66513958742908));
#6465=CARTESIAN_POINT('Ctrl Pts',(-26.2140065998977,-29.1289723630588,-6.64699971153638));
#6466=CARTESIAN_POINT('Ctrl Pts',(-26.2801486722051,-29.1450567356248,-6.63539533396749));
#6467=CARTESIAN_POINT('Ctrl Pts',(-26.4001348907239,-29.2022500060737,-6.61004356540219));
#6468=CARTESIAN_POINT('Ctrl Pts',(-26.4539826734092,-29.243352258095,-6.59629839294048));
#6469=CARTESIAN_POINT('Ctrl Pts',(-26.5380839061159,-29.3363213207781,-6.5704295228419));
#6470=CARTESIAN_POINT('Ctrl Pts',(-26.5738700294232,-29.3947231366056,-6.55653993646258));
#6471=CARTESIAN_POINT('Ctrl Pts',(-26.6154488588799,-29.5120901639396,-6.53281433916257));
#6472=CARTESIAN_POINT('Ctrl Pts',(-26.6250003054738,-29.5697225170144,-6.52266264864216));
#6473=CARTESIAN_POINT('Ctrl Pts',(-26.6250003054738,-29.6250004097818,-6.51417888958252));
#6474=CARTESIAN_POINT('',(-26.6145523001508,-29.7266805192599,-6.49999985471368));
#6475=CARTESIAN_POINT('Origin',(-26.1250002980232,-29.6250004097819,-6.49999985471368));
#6476=CARTESIAN_POINT('Ctrl Pts',(-26.6250003054738,-29.6250004097818,-6.51417888958252));
#6477=CARTESIAN_POINT('Ctrl Pts',(-26.6250003054738,-29.6344695409973,-6.51272561733001));
#6478=CARTESIAN_POINT('Ctrl Pts',(-26.6247309670854,-29.6438693796753,-6.51131981818287));
#6479=CARTESIAN_POINT('Ctrl Pts',(-26.6228445187866,-29.6773002759803,-6.50644683657027));
#6480=CARTESIAN_POINT('Ctrl Pts',(-26.6196787467674,-29.7019985807977,-6.50308875251503));
#6481=CARTESIAN_POINT('Ctrl Pts',(-26.6145523001508,-29.7266805192599,-6.49999985471367));
#6482=CARTESIAN_POINT('Origin',(-21.3750002980232,-32.0000004097819,-0.05));
#6483=CARTESIAN_POINT('',(-20.9556518045157,-32.2722995989902,-6.0608904196384));
#6484=CARTESIAN_POINT('',(-21.8750003054738,-32.0000004097817,-6.01164958635777));
#6485=CARTESIAN_POINT('Ctrl Pts',(-20.9556518045157,-32.2722995989902,-6.0608904196384));
#6486=CARTESIAN_POINT('Ctrl Pts',(-20.9900313730467,-32.3252451120226,-6.04991423285078));
#6487=CARTESIAN_POINT('Ctrl Pts',(-21.0373612569217,-32.3748528910163,-6.03819964524103));
#6488=CARTESIAN_POINT('Ctrl Pts',(-21.148297498322,-32.4506891549692,-6.01662730845472));
#6489=CARTESIAN_POINT('Ctrl Pts',(-21.2119069570182,-32.4769127855888,-6.00676844237853));
#6490=CARTESIAN_POINT('Ctrl Pts',(-21.3359567488936,-32.5024454803418,-5.99123895351272));
#6491=CARTESIAN_POINT('Ctrl Pts',(-21.4045508531192,-32.5036332203756,-5.98451838589498));
#6492=CARTESIAN_POINT('Ctrl Pts',(-21.5365241982228,-32.4779431603835,-5.97559423976773));
#6493=CARTESIAN_POINT('Ctrl Pts',(-21.5999022628287,-32.4510595240045,-5.97339006833354));
#6494=CARTESIAN_POINT('Ctrl Pts',(-21.7055479076087,-32.3804915346377,-5.97339006833354));
#6495=CARTESIAN_POINT('Ctrl Pts',(-21.7546528906986,-32.3322400101656,-5.97559423976773));
#6496=CARTESIAN_POINT('Ctrl Pts',(-21.8289239552165,-32.2201652495118,-5.98451838589498));
#6497=CARTESIAN_POINT('Ctrl Pts',(-21.8540949776278,-32.1563453349735,-5.99123895351272));
#6498=CARTESIAN_POINT('Ctrl Pts',(-21.8718368543451,-32.0640924022673,-6.00275803858308));
#6499=CARTESIAN_POINT('Ctrl Pts',(-21.8750003054738,-32.0322563295519,-6.00701962555414));
#6500=CARTESIAN_POINT('Ctrl Pts',(-21.8750003054738,-32.0000004097815,-6.01164958635777));
#6501=CARTESIAN_POINT('Ctrl Pts',(-21.8750003054738,-32.0000004097815,-6.01164958635777));
#6502=CARTESIAN_POINT('Ctrl Pts',(-21.8750003054738,-31.9658500963882,-6.01655146525528));
#6503=CARTESIAN_POINT('Ctrl Pts',(-21.8714521746961,-31.9312292123446,-6.02186654226975));
#6504=CARTESIAN_POINT('Ctrl Pts',(-21.8505765814786,-31.8316504665735,-6.03819964524103));
#6505=CARTESIAN_POINT('Ctrl Pts',(-21.822875534416,-31.7689312379755,-6.04991423285078));
#6506=CARTESIAN_POINT('Ctrl Pts',(-21.751861807875,-31.6655520938348,-6.07172116049447));
#6507=CARTESIAN_POINT('Ctrl Pts',(-21.7040067640027,-31.6176943265454,-6.08329221460216));
#6508=CARTESIAN_POINT('Ctrl Pts',(-21.5929002225052,-31.5451127102687,-6.10462376888932));
#6509=CARTESIAN_POINT('Ctrl Pts',(-21.5296454632321,-31.520393326009,-6.11438247165098));
#6510=CARTESIAN_POINT('Ctrl Pts',(-21.4073390854177,-31.4972439698304,-6.12968265174186));
#6511=CARTESIAN_POINT('Ctrl Pts',(-21.3401407548569,-31.4968818833506,-6.13629950952651));
#6512=CARTESIAN_POINT('Ctrl Pts',(-21.2109647657379,-31.5230981309425,-6.14509006750733));
#6513=CARTESIAN_POINT('Ctrl Pts',(-21.1489882197084,-31.5496828166934,-6.14726117204844));
#6514=CARTESIAN_POINT('Ctrl Pts',(-21.0455628019471,-31.6187677637921,-6.14726117204844));
#6515=CARTESIAN_POINT('Ctrl Pts',(-20.997270693732,-31.665839093265,-6.14509006750733));
#6516=CARTESIAN_POINT('Ctrl Pts',(-20.9235848055591,-31.7751282404245,-6.13629950952651));
#6517=CARTESIAN_POINT('Ctrl Pts',(-20.8981855841653,-31.8373425980067,-6.12968265174186));
#6518=CARTESIAN_POINT('Ctrl Pts',(-20.872732810407,-31.9591904500747,-6.11438247165098));
#6519=CARTESIAN_POINT('Ctrl Pts',(-20.871344288399,-32.0270895261767,-6.10462376888932));
#6520=CARTESIAN_POINT('Ctrl Pts',(-20.8958444704853,-32.1575214841572,-6.08329221460216));
#6521=CARTESIAN_POINT('Ctrl Pts',(-20.921727801152,-32.2200556692685,-6.07172116049447));
#6522=CARTESIAN_POINT('Ctrl Pts',(-20.9556518045157,-32.2722995989902,-6.0608904196384));
#6523=CARTESIAN_POINT('',(-21.8750003054738,-32.0000004097815,-6.73476379277704));
#6524=CARTESIAN_POINT('',(-21.8750003054738,-32.0000004097819,-0.05));
#6525=CARTESIAN_POINT('',(-20.9556518045157,-32.2722995989902,-6.79320252584846));
#6526=CARTESIAN_POINT('Ctrl Pts',(-20.9556518045157,-32.2722995989902,-6.79320252584846));
#6527=CARTESIAN_POINT('Ctrl Pts',(-20.9217159172464,-32.220037367716,-6.80606088861015));
#6528=CARTESIAN_POINT('Ctrl Pts',(-20.8958117225312,-32.157459675125,-6.81980322911315));
#6529=CARTESIAN_POINT('Ctrl Pts',(-20.8713192976691,-32.0268436855999,-6.84515033266399));
#6530=CARTESIAN_POINT('Ctrl Pts',(-20.872738418392,-31.9588035717246,-6.85675283523478));
#6531=CARTESIAN_POINT('Ctrl Pts',(-20.8983349332353,-31.8369827518115,-6.87488988664121));
#6532=CARTESIAN_POINT('Ctrl Pts',(-20.9237057510571,-31.7749122321123,-6.88272106925021));
#6533=CARTESIAN_POINT('Ctrl Pts',(-20.9973239086285,-31.6657968778121,-6.89313134222815));
#6534=CARTESIAN_POINT('Ctrl Pts',(-21.0455790107306,-31.6187569368313,-6.89570682987816));
#6535=CARTESIAN_POINT('Ctrl Pts',(-21.1489720109249,-31.5496936436542,-6.89570682987816));
#6536=CARTESIAN_POINT('Ctrl Pts',(-21.2109053897078,-31.5231311227102,-6.89313134222816));
#6537=CARTESIAN_POINT('Ctrl Pts',(-21.3398948969314,-31.496910888263,-6.88272106925021));
#6538=CARTESIAN_POINT('Ctrl Pts',(-21.4069494774054,-31.4972441301241,-6.87488988664121));
#6539=CARTESIAN_POINT('Ctrl Pts',(-21.5292859296413,-31.5202503508212,-6.85675283523478));
#6540=CARTESIAN_POINT('Ctrl Pts',(-21.5926826929817,-31.5449954795894,-6.84515033266399));
#6541=CARTESIAN_POINT('Ctrl Pts',(-21.7039622076505,-31.6176404051543,-6.81980322911315));
#6542=CARTESIAN_POINT('Ctrl Pts',(-21.7518494524388,-31.66553410725,-6.80606088861015));
#6543=CARTESIAN_POINT('Ctrl Pts',(-21.8228317564843,-31.7688675076893,-6.78019200602259));
#6544=CARTESIAN_POINT('Ctrl Pts',(-21.8505316410792,-31.8315264923957,-6.76629958390726));
#6545=CARTESIAN_POINT('Ctrl Pts',(-21.8714400757212,-31.9311251017155,-6.74690835149699));
#6546=CARTESIAN_POINT('Ctrl Pts',(-21.8750003054737,-31.9657909770922,-6.74059138499438));
#6547=CARTESIAN_POINT('Ctrl Pts',(-21.8750003054738,-32.0000004097811,-6.73476379277704));
#6548=CARTESIAN_POINT('Ctrl Pts',(-21.8750003054738,-32.0000004097811,-6.73476379277704));
#6549=CARTESIAN_POINT('Ctrl Pts',(-21.8750003054739,-32.032240445773,-6.72927168817122));
#6550=CARTESIAN_POINT('Ctrl Pts',(-21.8718401954931,-32.0640750292068,-6.72421393033877));
#6551=CARTESIAN_POINT('Ctrl Pts',(-21.8541157479137,-32.156237335137,-6.71055657732461));
#6552=CARTESIAN_POINT('Ctrl Pts',(-21.8289899473252,-32.2200312018438,-6.70257990444848));
#6553=CARTESIAN_POINT('Ctrl Pts',(-21.7547431333363,-32.3321382277477,-6.69198054797738));
#6554=CARTESIAN_POINT('Ctrl Pts',(-21.705615053165,-32.3804466835043,-6.68935762045411));
#6555=CARTESIAN_POINT('Ctrl Pts',(-21.5998351172723,-32.451104375138,-6.68935762045411));
#6556=CARTESIAN_POINT('Ctrl Pts',(-21.53639561628,-32.4779875459472,-6.69198054797738));
#6557=CARTESIAN_POINT('Ctrl Pts',(-21.4044017523351,-32.5036428480385,-6.70257990444848));
#6558=CARTESIAN_POINT('Ctrl Pts',(-21.3358490280413,-32.5024233085703,-6.71055657732461));
#6559=CARTESIAN_POINT('Ctrl Pts',(-21.2117999743265,-32.4768907657501,-6.728986774254));
#6560=CARTESIAN_POINT('Ctrl Pts',(-21.1481671556454,-32.450622473298,-6.7406975343479));
#6561=CARTESIAN_POINT('Ctrl Pts',(-21.0372639434866,-32.3747639003896,-6.76629958390726));
#6562=CARTESIAN_POINT('Ctrl Pts',(-20.9899892658478,-32.3251802657392,-6.78019200602259));
#6563=CARTESIAN_POINT('Ctrl Pts',(-20.9556518045157,-32.2722995989902,-6.79320252584846));
#6564=CARTESIAN_POINT('Origin',(-23.7500002980232,-34.3750004097819,-0.05));
#6565=CARTESIAN_POINT('',(-23.2518327870324,-34.3322319816589,-5.81383605880682));
#6566=CARTESIAN_POINT('',(-24.2500003054738,-34.3750004097806,-5.64722970694247));
#6567=CARTESIAN_POINT('Ctrl Pts',(-23.2518327870327,-34.332231981659,-5.81383605880677));
#6568=CARTESIAN_POINT('Ctrl Pts',(-23.2478115897504,-34.3790709684826,-5.80374043342397));
#6569=CARTESIAN_POINT('Ctrl Pts',(-23.2504757132928,-34.4277520642462,-5.7921782854781));
#6570=CARTESIAN_POINT('Ctrl Pts',(-23.273387693862,-34.5402064896793,-5.76287121800494));
#6571=CARTESIAN_POINT('Ctrl Pts',(-23.3004018606847,-34.6025017505212,-5.74441755869804));
#6572=CARTESIAN_POINT('Ctrl Pts',(-23.3352633711501,-34.6542731956713,-5.72716677628484));
#6573=CARTESIAN_POINT('Ctrl Pts',(-23.3703430251748,-34.7063685971608,-5.70980804825982));
#6574=CARTESIAN_POINT('Ctrl Pts',(-23.4182552690825,-34.7550666277784,-5.69124881042483));
#6575=CARTESIAN_POINT('Ctrl Pts',(-23.5302337848856,-34.8291014704273,-5.65697597212342));
#6576=CARTESIAN_POINT('Ctrl Pts',(-23.5943071745019,-34.8544271833094,-5.64126165247646));
#6577=CARTESIAN_POINT('Ctrl Pts',(-23.7186646760919,-34.8779290248421,-5.61658827833491));
#6578=CARTESIAN_POINT('Ctrl Pts',(-23.7870707043407,-34.8781331532309,-5.60590542434536));
#6579=CARTESIAN_POINT('Ctrl Pts',(-23.9186105899177,-34.8504868364831,-5.59168307886977));
#6580=CARTESIAN_POINT('Ctrl Pts',(-23.9817413760283,-34.8226209436337,-5.58814521492351));
#6581=CARTESIAN_POINT('Ctrl Pts',(-24.0866910986851,-34.7501102261163,-5.58814521492351));
#6582=CARTESIAN_POINT('Ctrl Pts',(-24.1350887726217,-34.7009200919756,-5.59168307886978));
#6583=CARTESIAN_POINT('Ctrl Pts',(-24.2074821856461,-34.5876670386922,-5.60590542434536));
#6584=CARTESIAN_POINT('Ctrl Pts',(-24.2314912869726,-34.5236124571022,-5.61658827833491));
#6585=CARTESIAN_POINT('Ctrl Pts',(-24.2473403206464,-34.4338766354878,-5.63435356992231));
#6586=CARTESIAN_POINT('Ctrl Pts',(-24.250000305474,-34.404610434685,-5.64054238126212));
#6587=CARTESIAN_POINT('Ctrl Pts',(-24.2500003054738,-34.3750004097793,-5.64722970694247));
#6588=CARTESIAN_POINT('',(-23.8862345347788,-33.8939180465773,-5.81383605880682));
#6589=CARTESIAN_POINT('Origin',(-23.7500002980232,-34.3750004097819,-5.81383605880682));
#6590=CARTESIAN_POINT('Ctrl Pts',(-24.2500003054738,-34.3750004097793,-5.64722970694247));
#6591=CARTESIAN_POINT('Ctrl Pts',(-24.2500003054736,-34.3382145351721,-5.65553767442033));
#6592=CARTESIAN_POINT('Ctrl Pts',(-24.2458750962125,-34.3008986801674,-5.66461815788442));
#6593=CARTESIAN_POINT('Ctrl Pts',(-24.2228500813124,-34.1991647571617,-5.69124881042483));
#6594=CARTESIAN_POINT('Ctrl Pts',(-24.1942511753992,-34.1371229657395,-5.70980804825982));
#6595=CARTESIAN_POINT('Ctrl Pts',(-24.1218442749377,-34.0349597184994,-5.74441755869804));
#6596=CARTESIAN_POINT('Ctrl Pts',(-24.073134319087,-33.9876542755408,-5.76287121800494));
#6597=CARTESIAN_POINT('Ctrl Pts',(-23.9760576448443,-33.9264409112234,-5.7921782854781));
#6598=CARTESIAN_POINT('Ctrl Pts',(-23.9314671321964,-33.9067271388599,-5.80374043342397));
#6599=CARTESIAN_POINT('Ctrl Pts',(-23.8862345347787,-33.8939180465776,-5.81383605880677));
#6600=CARTESIAN_POINT('',(-24.2500003054738,-34.3750004097819,-6.49999985471368));
#6601=CARTESIAN_POINT('',(-24.2500003054738,-34.3750004097819,-0.05));
#6602=CARTESIAN_POINT('Origin',(-23.7500002980232,-34.3750004097819,-6.49999985471368));
#6603=CARTESIAN_POINT('Origin',(-26.1250002980232,-36.7500004097819,-0.05));
#6604=CARTESIAN_POINT('',(-25.7142915541258,-37.0351641086231,-4.81279505581092));
#6605=CARTESIAN_POINT('',(-26.6250003054738,-36.7500004097806,-4.73145295398584));
#6606=CARTESIAN_POINT('Ctrl Pts',(-25.7142915541258,-37.0351641086231,-4.81279505581092));
#6607=CARTESIAN_POINT('Ctrl Pts',(-25.7500905287539,-37.0867237985909,-4.79544633081338));
#6608=CARTESIAN_POINT('Ctrl Pts',(-25.798660358611,-37.1347112828804,-4.77689704367278));
#6609=CARTESIAN_POINT('Ctrl Pts',(-25.9116070956614,-37.2071257235234,-4.74264064691214));
#6610=CARTESIAN_POINT('Ctrl Pts',(-25.9759909864587,-37.2315415174163,-4.72693296791965));
#6611=CARTESIAN_POINT('Ctrl Pts',(-26.100588986312,-37.2533080958983,-4.70226955245674));
#6612=CARTESIAN_POINT('Ctrl Pts',(-26.1689525675854,-37.252573867203,-4.69158977111808));
#6613=CARTESIAN_POINT('Ctrl Pts',(-26.300032857478,-37.2231552313723,-4.67737117381028));
#6614=CARTESIAN_POINT('Ctrl Pts',(-26.3627462945077,-37.1944553752822,-4.67383416599613));
#6615=CARTESIAN_POINT('Ctrl Pts',(-26.4666553434998,-37.1205880581226,-4.67383416599613));
#6616=CARTESIAN_POINT('Ctrl Pts',(-26.5143685225099,-37.0707873606132,-4.67737117381028));
#6617=CARTESIAN_POINT('Ctrl Pts',(-26.5852251575788,-36.9566521960092,-4.69158977111808));
#6618=CARTESIAN_POINT('Ctrl Pts',(-26.608382129751,-36.8923258951975,-4.70226955245674));
#6619=CARTESIAN_POINT('Ctrl Pts',(-26.6227258516727,-36.8044830283759,-4.71962495950576));
#6620=CARTESIAN_POINT('Ctrl Pts',(-26.625000305474,-36.7774014179994,-4.72532000807554));
#6621=CARTESIAN_POINT('Ctrl Pts',(-26.6250003054738,-36.7500004097792,-4.73145295398584));
#6622=CARTESIAN_POINT('Ctrl Pts',(-26.6250003054738,-36.7500004097792,-4.73145295398584));
#6623=CARTESIAN_POINT('Ctrl Pts',(-26.6250003054736,-36.7111595030521,-4.74014639979447));
#6624=CARTESIAN_POINT('Ctrl Pts',(-26.6203918847963,-36.6716781367138,-4.74972573654142));
#6625=CARTESIAN_POINT('Ctrl Pts',(-26.5955810270643,-36.5681928483581,-4.77689704367278));
#6626=CARTESIAN_POINT('Ctrl Pts',(-26.5662176476004,-36.5065517989897,-4.79544633081338));
#6627=CARTESIAN_POINT('Ctrl Pts',(-26.4925377950115,-36.405303010368,-4.83005578557847));
#6628=CARTESIAN_POINT('Ctrl Pts',(-26.4432067193184,-36.3585899712477,-4.84851935517173));
#6629=CARTESIAN_POINT('Ctrl Pts',(-26.3293607267429,-36.288812515531,-4.88261586079227));
#6630=CARTESIAN_POINT('Ctrl Pts',(-26.2648385745157,-36.2657583856183,-4.898245688632));
#6631=CARTESIAN_POINT('Ctrl Pts',(-26.1416706374389,-36.2465625414269,-4.92248581534971));
#6632=CARTESIAN_POINT('Ctrl Pts',(-26.0749372517498,-36.2482002013612,-4.93290402088677));
#6633=CARTESIAN_POINT('Ctrl Pts',(-25.9470970614429,-36.2781315760307,-4.94677603625701));
#6634=CARTESIAN_POINT('Ctrl Pts',(-25.8859934250894,-36.3064417816217,-4.95022345601745));
#6635=CARTESIAN_POINT('Ctrl Pts',(-25.784606128996,-36.3785164241012,-4.95022345601745));
#6636=CARTESIAN_POINT('Ctrl Pts',(-25.7377899269912,-36.4269247430771,-4.94677603625701));
#6637=CARTESIAN_POINT('Ctrl Pts',(-25.6675136846174,-36.5378312406556,-4.93290402088677));
#6638=CARTESIAN_POINT('Ctrl Pts',(-25.6440391101359,-36.600321008206,-4.92248581534971));
#6639=CARTESIAN_POINT('Ctrl Pts',(-25.6216974525395,-36.7229573465965,-4.898245688632));
#6640=CARTESIAN_POINT('Ctrl Pts',(-25.6222701948939,-36.7914721114304,-4.88261586079228));
#6641=CARTESIAN_POINT('Ctrl Pts',(-25.6507645936234,-36.9219246797947,-4.84851935517173));
#6642=CARTESIAN_POINT('Ctrl Pts',(-25.6786741570492,-36.9838659368232,-4.83005578557847));
#6643=CARTESIAN_POINT('Ctrl Pts',(-25.7142915541258,-37.0351641086231,-4.81279505581092));
#6644=CARTESIAN_POINT('',(-26.6250003054738,-36.7500004097806,-5.86951768759824));
#6645=CARTESIAN_POINT('',(-26.6250003054738,-36.7500004097819,-0.05));
#6646=CARTESIAN_POINT('',(-25.7142915541258,-37.0351641086231,-5.95085760839854));
#6647=CARTESIAN_POINT('Ctrl Pts',(-25.7142915541258,-37.0351641086231,-5.95085760839854));
#6648=CARTESIAN_POINT('Ctrl Pts',(-25.6786741610621,-36.983865942603,-5.96811787340966));
#6649=CARTESIAN_POINT('Ctrl Pts',(-25.6507646046225,-36.9219246990905,-5.98658094376725));
#6650=CARTESIAN_POINT('Ctrl Pts',(-25.6222702050801,-36.7914721891248,-6.02067652204271));
#6651=CARTESIAN_POINT('Ctrl Pts',(-25.6216974544034,-36.722957469341,-6.03630592189819));
#6652=CARTESIAN_POINT('Ctrl Pts',(-25.6440390656419,-36.6003211247897,-6.06054540747588));
#6653=CARTESIAN_POINT('Ctrl Pts',(-25.6675136478656,-36.5378313108667,-6.07096334296357));
#6654=CARTESIAN_POINT('Ctrl Pts',(-25.7377899104542,-36.4269247569637,-6.08483499592634));
#6655=CARTESIAN_POINT('Ctrl Pts',(-25.7846061241016,-36.3785164275805,-6.08828232373907));
#6656=CARTESIAN_POINT('Ctrl Pts',(-25.8859934299837,-36.3064417781424,-6.08828232373907));
#6657=CARTESIAN_POINT('Ctrl Pts',(-25.9470970799923,-36.278131564975,-6.08483499592634));
#6658=CARTESIAN_POINT('Ctrl Pts',(-26.0749373301385,-36.2482001897206,-6.07096334296357));
#6659=CARTESIAN_POINT('Ctrl Pts',(-26.1416707621693,-36.2465625377116,-6.06054540747587));
#6660=CARTESIAN_POINT('Ctrl Pts',(-26.2648386898322,-36.2657584277112,-6.03630592189819));
#6661=CARTESIAN_POINT('Ctrl Pts',(-26.329360796776,-36.2888125506811,-6.02067652204271));
#6662=CARTESIAN_POINT('Ctrl Pts',(-26.4432067339285,-36.3585899879764,-5.98658094376725));
#6663=CARTESIAN_POINT('Ctrl Pts',(-26.4925377991516,-36.4053030160573,-5.96811787340966));
#6664=CARTESIAN_POINT('Ctrl Pts',(-26.5662176616394,-36.5065518182817,-5.93350934197784));
#6665=CARTESIAN_POINT('Ctrl Pts',(-26.5955810421502,-36.5681928864975,-5.91496054781708));
#6666=CARTESIAN_POINT('Ctrl Pts',(-26.6203918894028,-36.671678170459,-5.88778997191036));
#6667=CARTESIAN_POINT('Ctrl Pts',(-26.6250003054736,-36.7111595230258,-5.8782108958392));
#6668=CARTESIAN_POINT('Ctrl Pts',(-26.6250003054738,-36.7500004097792,-5.86951768759824));
#6669=CARTESIAN_POINT('Ctrl Pts',(-26.6250003054738,-36.7500004097792,-5.86951768759824));
#6670=CARTESIAN_POINT('Ctrl Pts',(-26.625000305474,-36.7774014217946,-5.86338490528113));
#6671=CARTESIAN_POINT('Ctrl Pts',(-26.6227258509998,-36.8044830324967,-5.8576900094479));
#6672=CARTESIAN_POINT('Ctrl Pts',(-26.6083821240597,-36.892325930052,-5.84033506167718));
#6673=CARTESIAN_POINT('Ctrl Pts',(-26.5852251374857,-36.9566522401052,-5.82965556693122));
#6674=CARTESIAN_POINT('Ctrl Pts',(-26.5143684940213,-37.0707873947721,-5.81543735441859));
#6675=CARTESIAN_POINT('Ctrl Pts',(-26.4666553218008,-37.1205880735481,-5.81190044454039));
#6676=CARTESIAN_POINT('Ctrl Pts',(-26.3627463162067,-37.1944553598568,-5.81190044454039));
#6677=CARTESIAN_POINT('Ctrl Pts',(-26.3000328991012,-37.2231552156899,-5.8154373544186));
#6678=CARTESIAN_POINT('Ctrl Pts',(-26.1689526158353,-37.2525738627151,-5.82965556693122));
#6679=CARTESIAN_POINT('Ctrl Pts',(-26.1005890211013,-37.2533081019758,-5.84033506167718));
#6680=CARTESIAN_POINT('Ctrl Pts',(-25.9759910205012,-37.2315415233633,-5.86499781598806));
#6681=CARTESIAN_POINT('Ctrl Pts',(-25.9116071371072,-37.2071257432321,-5.88070506953378));
#6682=CARTESIAN_POINT('Ctrl Pts',(-25.7986603896757,-37.1347113096608,-5.91496054781708));
#6683=CARTESIAN_POINT('Ctrl Pts',(-25.7500905423616,-37.0867238181895,-5.93350934197784));
#6684=CARTESIAN_POINT('Ctrl Pts',(-25.7142915541258,-37.0351641086231,-5.95085760839854));
#6685=CARTESIAN_POINT('Origin',(-21.3750002980232,-36.7500004097819,-0.05));
#6686=CARTESIAN_POINT('',(-20.9398646553106,-36.9962867875857,-5.5246863832886));
#6687=CARTESIAN_POINT('',(-21.8750003054738,-36.7500004097815,-5.45378944075798));
#6688=CARTESIAN_POINT('Ctrl Pts',(-20.9398646553106,-36.9962867875857,-5.5246863832886));
#6689=CARTESIAN_POINT('Ctrl Pts',(-20.9707966761292,-37.0509370889109,-5.50733000461025));
#6690=CARTESIAN_POINT('Ctrl Pts',(-21.0147830467449,-37.1031965016249,-5.4887731037013));
#6691=CARTESIAN_POINT('Ctrl Pts',(-21.1206685443759,-37.1856829843683,-5.4545041266046));
#6692=CARTESIAN_POINT('Ctrl Pts',(-21.1825756330584,-37.2158995495617,-5.43879136646515));
#6693=CARTESIAN_POINT('Ctrl Pts',(-21.3047172435642,-37.2489776946298,-5.41412033125016));
#6694=CARTESIAN_POINT('Ctrl Pts',(-21.3728918598275,-37.2544914188857,-5.40343819893074));
#6695=CARTESIAN_POINT('Ctrl Pts',(-21.5061646150603,-37.237146738589,-5.38921673388768));
#6696=CARTESIAN_POINT('Ctrl Pts',(-21.5712608950275,-37.2142726842538,-5.38567907109703));
#6697=CARTESIAN_POINT('Ctrl Pts',(-21.6815134676272,-37.1501461877667,-5.38567907109703));
#6698=CARTESIAN_POINT('Ctrl Pts',(-21.7335819180132,-37.1048734089511,-5.38921673388768));
#6699=CARTESIAN_POINT('Ctrl Pts',(-21.8145531406409,-36.9976067956545,-5.40343819893075));
#6700=CARTESIAN_POINT('Ctrl Pts',(-21.8434685967237,-36.9356223148764,-5.41412033125016));
#6701=CARTESIAN_POINT('Ctrl Pts',(-21.8693631576246,-36.8353466865605,-5.4343118050795));
#6702=CARTESIAN_POINT('Ctrl Pts',(-21.8750003054739,-36.7928662989152,-5.44360882010024));
#6703=CARTESIAN_POINT('Ctrl Pts',(-21.8750003054738,-36.7500004097811,-5.45378944075798));
#6704=CARTESIAN_POINT('Ctrl Pts',(-21.8750003054738,-36.7500004097811,-5.45378944075798));
#6705=CARTESIAN_POINT('Ctrl Pts',(-21.8750003054738,-36.7259613765542,-5.45949869544054));
#6706=CARTESIAN_POINT('Ctrl Pts',(-21.8732554479426,-36.701800199451,-5.46548216918451));
#6707=CARTESIAN_POINT('Ctrl Pts',(-21.8601078500052,-36.6115279922334,-5.4887731037013));
#6708=CARTESIAN_POINT('Ctrl Pts',(-21.8364317607205,-36.5474554566715,-5.50733000461025));
#6709=CARTESIAN_POINT('Ctrl Pts',(-21.7722057111019,-36.4399608479683,-5.54193950183686));
#6710=CARTESIAN_POINT('Ctrl Pts',(-21.7273227174283,-36.3889980949742,-5.56039548870069));
#6711=CARTESIAN_POINT('Ctrl Pts',(-21.6203079106594,-36.3092307029996,-5.59447947009939));
#6712=CARTESIAN_POINT('Ctrl Pts',(-21.5581679466622,-36.2804356252345,-5.61010424799065));
#6713=CARTESIAN_POINT('Ctrl Pts',(-21.4373042206087,-36.2501580441561,-5.63433674853939));
#6714=CARTESIAN_POINT('Ctrl Pts',(-21.3707275840026,-36.2457308167487,-5.64475253845277));
#6715=CARTESIAN_POINT('Ctrl Pts',(-21.240751503941,-36.2639105622103,-5.65862160915509));
#6716=CARTESIAN_POINT('Ctrl Pts',(-21.1773537059115,-36.2865342753238,-5.66206836111834));
#6717=CARTESIAN_POINT('Ctrl Pts',(-21.0698731235267,-36.3490484917834,-5.66206836111834));
#6718=CARTESIAN_POINT('Ctrl Pts',(-21.0188620655628,-36.3929687053009,-5.65862160915509));
#6719=CARTESIAN_POINT('Ctrl Pts',(-20.9387949915843,-36.496956917122,-5.64475253845276));
#6720=CARTESIAN_POINT('Ctrl Pts',(-20.9097252382845,-36.5570152082014,-5.63433674853939));
#6721=CARTESIAN_POINT('Ctrl Pts',(-20.876283408399,-36.6770419394133,-5.61010424799065));
#6722=CARTESIAN_POINT('Ctrl Pts',(-20.8705881730234,-36.7452921842707,-5.59447947009939));
#6723=CARTESIAN_POINT('Ctrl Pts',(-20.8870109700557,-36.8777508473617,-5.5603954887007));
#6724=CARTESIAN_POINT('Ctrl Pts',(-20.9091166616185,-36.941961623049,-5.54193950183686));
#6725=CARTESIAN_POINT('Ctrl Pts',(-20.9398646553106,-36.9962867875857,-5.5246863832886));
#6726=CARTESIAN_POINT('',(-21.8750003054738,-36.7500004097819,-6.49999985471368));
#6727=CARTESIAN_POINT('',(-21.8750003054738,-36.7500004097819,-0.05));
#6728=CARTESIAN_POINT('Origin',(-21.3750002980232,-36.7500004097819,-6.49999985471368));
#6729=CARTESIAN_POINT('Origin',(-28.5000002980232,-34.3750004097819,-0.05));
#6730=CARTESIAN_POINT('',(-28.1115384808086,-34.6897978430893,-4.93349212958266));
#6731=CARTESIAN_POINT('',(-29.0000003054738,-34.3750004097813,-4.84405970982389));
#6732=CARTESIAN_POINT('Ctrl Pts',(-28.1115384808086,-34.6897978430893,-4.93349212958266));
#6733=CARTESIAN_POINT('Ctrl Pts',(-28.1510604392558,-34.7385681638539,-4.91614216913234));
#6734=CARTESIAN_POINT('Ctrl Pts',(-28.2030550239234,-34.7828291961861,-4.89759165292452));
#6735=CARTESIAN_POINT('Ctrl Pts',(-28.321064182797,-34.846681107747,-4.86333322531466));
#6736=CARTESIAN_POINT('Ctrl Pts',(-28.3870848913302,-34.8662603336208,-4.84762472606443));
#6737=CARTESIAN_POINT('Ctrl Pts',(-28.5129624930094,-34.8787335587048,-4.82296008062355));
#6738=CARTESIAN_POINT('Ctrl Pts',(-28.5810883425391,-34.8729333520908,-4.81227991979812));
#6739=CARTESIAN_POINT('Ctrl Pts',(-28.7096353640301,-34.8338747118072,-4.79806085963699));
#6740=CARTESIAN_POINT('Ctrl Pts',(-28.7700521272277,-34.8006011198223,-4.79452374613279));
#6741=CARTESIAN_POINT('Ctrl Pts',(-28.8682034316709,-34.7192247657122,-4.79452374613279));
#6742=CARTESIAN_POINT('Ctrl Pts',(-28.9120939185756,-34.6660181650115,-4.79806085963698));
#6743=CARTESIAN_POINT('Ctrl Pts',(-28.9742912059809,-34.54693243306,-4.81227991979812));
#6744=CARTESIAN_POINT('Ctrl Pts',(-28.9926120856228,-34.4810604425021,-4.82296008062355));
#6745=CARTESIAN_POINT('Ctrl Pts',(-28.9993456578699,-34.4043634982294,-4.83797247860178));
#6746=CARTESIAN_POINT('Ctrl Pts',(-29.0000003054738,-34.389750519897,-4.84094369288037));
#6747=CARTESIAN_POINT('Ctrl Pts',(-29.0000003054738,-34.3750004097807,-4.84405970982389));
#6748=CARTESIAN_POINT('Ctrl Pts',(-29.0000003054738,-34.3750004097807,-4.84405970982389));
#6749=CARTESIAN_POINT('Ctrl Pts',(-29.0000003054737,-34.3243693886363,-4.85475570588833));
#6750=CARTESIAN_POINT('Ctrl Pts',(-28.9920540389011,-34.2721304780566,-4.86719760919661));
#6751=CARTESIAN_POINT('Ctrl Pts',(-28.9557817325598,-34.1587503259394,-4.89759165292451));
#6752=CARTESIAN_POINT('Ctrl Pts',(-28.9219194699651,-34.0994559502379,-4.91614216913234));
#6753=CARTESIAN_POINT('Ctrl Pts',(-28.8409227999674,-34.0039594399329,-4.95075163069157));
#6754=CARTESIAN_POINT('Ctrl Pts',(-28.7882625823709,-33.9610418175334,-4.96921397628136));
#6755=CARTESIAN_POINT('Ctrl Pts',(-28.6695578836007,-33.8999140107594,-5.00330846028925));
#6756=CARTESIAN_POINT('Ctrl Pts',(-28.6035069478952,-33.8817146178006,-5.01893747299242));
#6757=CARTESIAN_POINT('Ctrl Pts',(-28.4792630562169,-33.8717142065073,-5.04317636865211));
#6758=CARTESIAN_POINT('Ctrl Pts',(-28.4128399854113,-33.8782990471215,-5.05359418424488));
#6759=CARTESIAN_POINT('Ctrl Pts',(-28.2875815353458,-33.9176302827462,-5.06746572422583));
#6760=CARTESIAN_POINT('Ctrl Pts',(-28.228750538224,-33.9503928931058,-5.0709130361541));
#6761=CARTESIAN_POINT('Ctrl Pts',(-28.1329950949702,-34.0297828604873,-5.0709130361541));
#6762=CARTESIAN_POINT('Ctrl Pts',(-28.0899005252176,-34.0815258109034,-5.06746572422584));
#6763=CARTESIAN_POINT('Ctrl Pts',(-28.0280446060694,-34.197329397527,-5.05359418424488));
#6764=CARTESIAN_POINT('Ctrl Pts',(-28.0092681338637,-34.2613827233788,-5.04317636865211));
#6765=CARTESIAN_POINT('Ctrl Pts',(-27.9960778550452,-34.3853285558626,-5.01893747299242));
#6766=CARTESIAN_POINT('Ctrl Pts',(-28.0017255263967,-34.4536077461034,-5.00330846028925));
#6767=CARTESIAN_POINT('Ctrl Pts',(-28.0398037901739,-34.5815821970647,-4.96921397628136));
#6768=CARTESIAN_POINT('Ctrl Pts',(-28.0722225822162,-34.6412818013536,-4.95075163069157));
#6769=CARTESIAN_POINT('Ctrl Pts',(-28.1115384808086,-34.6897978430893,-4.93349212958266));
#6770=CARTESIAN_POINT('',(-29.0000003054738,-34.3750004097813,-5.98212142411273));
#6771=CARTESIAN_POINT('',(-29.0000003054738,-34.3750004097819,-0.05));
#6772=CARTESIAN_POINT('',(-28.1115384808086,-34.6897978430893,-6.07155144592114));
#6773=CARTESIAN_POINT('Ctrl Pts',(-28.1115384808086,-34.6897978430893,-6.07155144592114));
#6774=CARTESIAN_POINT('Ctrl Pts',(-28.0722225866489,-34.6412818068236,-6.08881048230536));
#6775=CARTESIAN_POINT('Ctrl Pts',(-28.0398038025749,-34.581582215499,-6.10727232869161));
#6776=CARTESIAN_POINT('Ctrl Pts',(-28.0017255423129,-34.4536078228384,-6.14136588540812));
#6777=CARTESIAN_POINT('Ctrl Pts',(-27.9960778659991,-34.3853286781398,-6.15699447014903));
#6778=CARTESIAN_POINT('Ctrl Pts',(-28.0092680981326,-34.2613828429464,-6.18123272470215));
#6779=CARTESIAN_POINT('Ctrl Pts',(-28.0280445746217,-34.1973294702744,-6.19165027025681));
#6780=CARTESIAN_POINT('Ctrl Pts',(-28.0899005097546,-34.0815258259799,-6.2055214478439));
#6781=CARTESIAN_POINT('Ctrl Pts',(-28.1329950903466,-34.0297828643207,-6.2089686678275));
#6782=CARTESIAN_POINT('Ctrl Pts',(-28.2287505428477,-33.9503928892724,-6.2089686678275));
#6783=CARTESIAN_POINT('Ctrl Pts',(-28.287581553026,-33.9176302703439,-6.2055214478439));
#6784=CARTESIAN_POINT('Ctrl Pts',(-28.4128400627253,-33.8782990296955,-6.19165027025681));
#6785=CARTESIAN_POINT('Ctrl Pts',(-28.4792631803343,-33.871714193546,-6.18123272470215));
#6786=CARTESIAN_POINT('Ctrl Pts',(-28.6035070660264,-33.8817146512181,-6.15699447014903));
#6787=CARTESIAN_POINT('Ctrl Pts',(-28.6695579560586,-33.8999140406161,-6.14136588540812));
#6788=CARTESIAN_POINT('Ctrl Pts',(-28.7882625981887,-33.9610418331349,-6.10727232869161));
#6789=CARTESIAN_POINT('Ctrl Pts',(-28.8409228045215,-34.0039594453022,-6.08881048230536));
#6790=CARTESIAN_POINT('Ctrl Pts',(-28.9219194854006,-34.0994559684365,-6.05420194407979));
#6791=CARTESIAN_POINT('Ctrl Pts',(-28.9557817504384,-34.158750362858,-6.0356519208844));
#6792=CARTESIAN_POINT('Ctrl Pts',(-28.9920540462697,-34.2721305157769,-6.00525869381494));
#6793=CARTESIAN_POINT('Ctrl Pts',(-29.0000003054737,-34.3243694137569,-5.99281712807887));
#6794=CARTESIAN_POINT('Ctrl Pts',(-29.0000003054738,-34.3750004097807,-5.98212142411273));
#6795=CARTESIAN_POINT('Ctrl Pts',(-29.0000003054738,-34.3750004097807,-5.98212142411273));
#6796=CARTESIAN_POINT('Ctrl Pts',(-29.0000003054738,-34.3897505211437,-5.97900549045559));
#6797=CARTESIAN_POINT('Ctrl Pts',(-28.9993456577551,-34.4043634995367,-5.9760343558516));
#6798=CARTESIAN_POINT('Ctrl Pts',(-28.992612082534,-34.4810604776844,-5.9610223537702));
#6799=CARTESIAN_POINT('Ctrl Pts',(-28.9742911892149,-34.5469324785263,-5.95034247954788));
#6800=CARTESIAN_POINT('Ctrl Pts',(-28.9120938926994,-34.66601820119,-5.93612380419435));
#6801=CARTESIAN_POINT('Ctrl Pts',(-28.8682034111756,-34.7192247827047,-5.93258678862882));
#6802=CARTESIAN_POINT('Ctrl Pts',(-28.7700521477231,-34.8006011028298,-5.93258678862882));
#6803=CARTESIAN_POINT('Ctrl Pts',(-28.7096354043762,-34.8338746930813,-5.93612380419434));
#6804=CARTESIAN_POINT('Ctrl Pts',(-28.5810883903245,-34.8729333440382,-5.95034247954788));
#6805=CARTESIAN_POINT('Ctrl Pts',(-28.5129625281549,-34.8787335621874,-5.96102235377021));
#6806=CARTESIAN_POINT('Ctrl Pts',(-28.3870849257231,-34.8662603370288,-5.98568633802573));
#6807=CARTESIAN_POINT('Ctrl Pts',(-28.3210642255937,-34.8466811243324,-6.00139441180665));
#6808=CARTESIAN_POINT('Ctrl Pts',(-28.2030550568907,-34.7828292205948,-6.0356519208844));
#6809=CARTESIAN_POINT('Ctrl Pts',(-28.1510604542799,-34.7385681823937,-6.05420194407979));
#6810=CARTESIAN_POINT('Ctrl Pts',(-28.1115384808086,-34.6897978430893,-6.07155144592114));
#6811=CARTESIAN_POINT('Origin',(-19.0000002980232,-34.3750004097819,-0.05));
#6812=CARTESIAN_POINT('',(-18.5593535776599,-34.6112851432787,-5.92280408473042));
#6813=CARTESIAN_POINT('',(-19.5000003054738,-34.3750004097819,-5.87977435314414));
#6814=CARTESIAN_POINT('Ctrl Pts',(-18.5593535776599,-34.6112851432787,-5.92280408473042));
#6815=CARTESIAN_POINT('Ctrl Pts',(-18.589180917489,-34.6669100635956,-5.91182979870648));
#6816=CARTESIAN_POINT('Ctrl Pts',(-18.6321884474555,-34.7202937421806,-5.90011709002211));
#6817=CARTESIAN_POINT('Ctrl Pts',(-18.7363732886558,-34.8051327643232,-5.87854784165445));
#6818=CARTESIAN_POINT('Ctrl Pts',(-18.7975540988494,-34.8365835347997,-5.86869021576834));
#6819=CARTESIAN_POINT('Ctrl Pts',(-18.9190089604304,-34.8724081568599,-5.85316259551761));
#6820=CARTESIAN_POINT('Ctrl Pts',(-18.9872509106698,-34.8793368386609,-5.84644260223612));
#6821=CARTESIAN_POINT('Ctrl Pts',(-19.1208913134082,-34.8647994938432,-5.83751916207746));
#6822=CARTESIAN_POINT('Ctrl Pts',(-19.1862890844179,-34.8433275475067,-5.83531515391747));
#6823=CARTESIAN_POINT('Ctrl Pts',(-19.297461788483,-34.7818793617558,-5.83531515391747));
#6824=CARTESIAN_POINT('Ctrl Pts',(-19.3504331649894,-34.7379254517644,-5.83751916207746));
#6825=CARTESIAN_POINT('Ctrl Pts',(-19.4338357071584,-34.6324972411271,-5.84644260223612));
#6826=CARTESIAN_POINT('Ctrl Pts',(-19.4642715228824,-34.571026666661,-5.85316259551761));
#6827=CARTESIAN_POINT('Ctrl Pts',(-19.4933127762842,-34.4677414262118,-5.86631895174453));
#6828=CARTESIAN_POINT('Ctrl Pts',(-19.5000003054738,-34.4215950713594,-5.87272773133466));
#6829=CARTESIAN_POINT('Ctrl Pts',(-19.5000003054738,-34.3750004097818,-5.87977435314414));
#6830=CARTESIAN_POINT('Ctrl Pts',(-19.5000003054738,-34.3750004097818,-5.87977435314414));
#6831=CARTESIAN_POINT('Ctrl Pts',(-19.5000003054738,-34.3546381908087,-5.88285378008806));
#6832=CARTESIAN_POINT('Ctrl Pts',(-19.498750628627,-34.3341899685341,-5.88605275989368));
#6833=CARTESIAN_POINT('Ctrl Pts',(-19.4880470598863,-34.2472373437107,-5.90011709002211));
#6834=CARTESIAN_POINT('Ctrl Pts',(-19.4657225446099,-34.1824215987813,-5.91182979870648));
#6835=CARTESIAN_POINT('Ctrl Pts',(-19.4036581018122,-34.0734344833459,-5.93363671913457));
#6836=CARTESIAN_POINT('Ctrl Pts',(-19.3599899583398,-34.0217128743803,-5.94520965157009));
#6837=CARTESIAN_POINT('Ctrl Pts',(-19.255361298611,-33.9400344365159,-5.9665442967695));
#6838=CARTESIAN_POINT('Ctrl Pts',(-19.1943971590828,-33.9100817869509,-5.97630424034314));
#6839=CARTESIAN_POINT('Ctrl Pts',(-19.0744464461774,-33.876734456437,-5.99160628785009));
#6840=CARTESIAN_POINT('Ctrl Pts',(-19.0075042684891,-33.8707300763047,-5.99822372546484));
#6841=CARTESIAN_POINT('Ctrl Pts',(-18.8765619468453,-33.886013853441,-6.00701499178741));
#6842=CARTESIAN_POINT('Ctrl Pts',(-18.8125623800027,-33.9073084284491,-6.00918625763236));
#6843=CARTESIAN_POINT('Ctrl Pts',(-18.7036879391893,-33.9674863014161,-6.00918625763236));
#6844=CARTESIAN_POINT('Ctrl Pts',(-18.6516105586088,-34.0103506212252,-6.00701499178741));
#6845=CARTESIAN_POINT('Ctrl Pts',(-18.5690112675057,-34.1130971177606,-5.99822372546484));
#6846=CARTESIAN_POINT('Ctrl Pts',(-18.5384842296905,-34.1729753917558,-5.99160628785009));
#6847=CARTESIAN_POINT('Ctrl Pts',(-18.5029111506155,-34.2922849639789,-5.97630424034314));
#6848=CARTESIAN_POINT('Ctrl Pts',(-18.495842750781,-34.3598410536241,-5.9665442967695));
#6849=CARTESIAN_POINT('Ctrl Pts',(-18.5093455271628,-34.4918872526554,-5.94520965157009));
#6850=CARTESIAN_POINT('Ctrl Pts',(-18.5299112369999,-34.5563782068057,-5.93363671913457));
#6851=CARTESIAN_POINT('Ctrl Pts',(-18.5593535776599,-34.6112851432787,-5.92280408473042));
#6852=CARTESIAN_POINT('',(-19.5000003054738,-34.3750004097818,-6.57825503695252));
#6853=CARTESIAN_POINT('',(-19.5000003054738,-34.3750004097819,-0.05));
#6854=CARTESIAN_POINT('',(-18.5593535776599,-34.6112851432787,-6.62932247084375));
#6855=CARTESIAN_POINT('Ctrl Pts',(-18.5593535776599,-34.6112851432787,-6.62932247084375));
#6856=CARTESIAN_POINT('Ctrl Pts',(-18.5299009409778,-34.5563590057837,-6.64218307382231));
#6857=CARTESIAN_POINT('Ctrl Pts',(-18.5093180765155,-34.4918229749434,-6.65592763933634));
#6858=CARTESIAN_POINT('Ctrl Pts',(-18.4958384202967,-34.3595940564465,-6.68127840810267));
#6859=CARTESIAN_POINT('Ctrl Pts',(-18.5029491094893,-34.2918999792272,-6.69288238382634));
#6860=CARTESIAN_POINT('Ctrl Pts',(-18.538663177413,-34.1726293717599,-6.71102165436239));
#6861=CARTESIAN_POINT('Ctrl Pts',(-18.5691498638824,-34.112892038626,-6.71885352987137));
#6862=CARTESIAN_POINT('Ctrl Pts',(-18.651667111856,-34.0103130282033,-6.7292646486727));
#6863=CARTESIAN_POINT('Ctrl Pts',(-18.7037049913079,-33.9674768762451,-6.73184032864649));
#6864=CARTESIAN_POINT('Ctrl Pts',(-18.8125453278841,-33.9073178536201,-6.73184032864649));
#6865=CARTESIAN_POINT('Ctrl Pts',(-18.8765000297822,-33.8860417421909,-6.7292646486727));
#6866=CARTESIAN_POINT('Ctrl Pts',(-19.0072568858969,-33.8707383382737,-6.71885352987137));
#6867=CARTESIAN_POINT('Ctrl Pts',(-19.0740582544099,-33.8767019099057,-6.71102165436238));
#6868=CARTESIAN_POINT('Ctrl Pts',(-19.1940509754559,-33.9099091282367,-6.69288238382634));
#6869=CARTESIAN_POINT('Ctrl Pts',(-19.2551544543937,-33.9398993742021,-6.68127840810267));
#6870=CARTESIAN_POINT('Ctrl Pts',(-19.3599501333513,-34.0216554363042,-6.65592763933634));
#6871=CARTESIAN_POINT('Ctrl Pts',(-19.4036473202985,-34.0734155506684,-6.64218307382231));
#6872=CARTESIAN_POINT('Ctrl Pts',(-19.4656842974849,-34.1823544356258,-6.61631420106115));
#6873=CARTESIAN_POINT('Ctrl Pts',(-19.4880127135501,-34.2471100685756,-6.60242400691132));
#6874=CARTESIAN_POINT('Ctrl Pts',(-19.4987444692297,-34.3340938881496,-6.58572408142265));
#6875=CARTESIAN_POINT('Ctrl Pts',(-19.5000003054738,-34.3545880118419,-6.58191868905377));
#6876=CARTESIAN_POINT('Ctrl Pts',(-19.5000003054738,-34.3750004097817,-6.57825503695252));
#6877=CARTESIAN_POINT('Ctrl Pts',(-19.5000003054738,-34.3750004097817,-6.57825503695252));
#6878=CARTESIAN_POINT('Ctrl Pts',(-19.5000003054738,-34.4215657041579,-6.56989741825971));
#6879=CARTESIAN_POINT('Ctrl Pts',(-19.4933220577493,-34.4677084166737,-6.56229123536681));
#6880=CARTESIAN_POINT('Ctrl Pts',(-19.4643012889055,-34.5709208037768,-6.54668836213133));
#6881=CARTESIAN_POINT('Ctrl Pts',(-19.4339127167463,-34.6323692127425,-6.538712372203));
#6882=CARTESIAN_POINT('Ctrl Pts',(-19.3505316282167,-34.7378316024583,-6.52811385356452));
#6883=CARTESIAN_POINT('Ctrl Pts',(-19.2975324573332,-34.7818403011548,-6.52549111922244));
#6884=CARTESIAN_POINT('Ctrl Pts',(-19.1862184155677,-34.8433666081077,-6.52549111922244));
#6885=CARTESIAN_POINT('Ctrl Pts',(-19.1207594657329,-34.8648329436547,-6.52811385356452));
#6886=CARTESIAN_POINT('Ctrl Pts',(-18.9871015341592,-34.8793339400476,-6.538712372203));
#6887=CARTESIAN_POINT('Ctrl Pts',(-18.9189034850542,-34.8723770455858,-6.54668836213133));
#6888=CARTESIAN_POINT('Ctrl Pts',(-18.7974493593747,-34.8365526405889,-6.56511633941237));
#6889=CARTESIAN_POINT('Ctrl Pts',(-18.7362490160002,-34.8050554270337,-6.57682562458203));
#6890=CARTESIAN_POINT('Ctrl Pts',(-18.6320989469298,-34.7201969522702,-6.60242400691133));
#6891=CARTESIAN_POINT('Ctrl Pts',(-18.5891443926324,-34.6668419484955,-6.61631420106115));
#6892=CARTESIAN_POINT('Ctrl Pts',(-18.5593535776599,-34.6112851432787,-6.62932247084375));
#6893=CARTESIAN_POINT('Origin',(-26.1250002980232,-32.0000004097819,-0.05));
#6894=CARTESIAN_POINT('',(-25.8524191648387,-32.4191656913629,-5.81383605880682));
#6895=CARTESIAN_POINT('',(-26.6250003054738,-32.0000004097812,-5.76879584812707));
#6896=CARTESIAN_POINT('Ctrl Pts',(-25.8524191648389,-32.4191656913625,-5.81383605880686));
#6897=CARTESIAN_POINT('Ctrl Pts',(-25.8625134653274,-32.425729965616,-5.81067809622708));
#6898=CARTESIAN_POINT('Ctrl Pts',(-25.8728684617618,-32.4319441271483,-5.80755072395967));
#6899=CARTESIAN_POINT('Ctrl Pts',(-25.9422138947662,-32.4702077941615,-5.7873299214611));
#6900=CARTESIAN_POINT('Ctrl Pts',(-26.008111668976,-32.4903351630952,-5.77161456854811));
#6901=CARTESIAN_POINT('Ctrl Pts',(-26.1339609775772,-32.5038253112223,-5.74693964465955));
#6902=CARTESIAN_POINT('Ctrl Pts',(-26.2021704770481,-32.4985606340834,-5.7362563124933));
#6903=CARTESIAN_POINT('Ctrl Pts',(-26.3310899478987,-32.4604834061612,-5.72203338361019));
#6904=CARTESIAN_POINT('Ctrl Pts',(-26.3917956218626,-32.427655709659,-5.71849538635278));
#6905=CARTESIAN_POINT('Ctrl Pts',(-26.4906185303024,-32.3469760696784,-5.71849538635278));
#6906=CARTESIAN_POINT('Ctrl Pts',(-26.5349298431904,-32.2940672418783,-5.72203338361019));
#6907=CARTESIAN_POINT('Ctrl Pts',(-26.5980345160775,-32.1753747589214,-5.7362563124933));
#6908=CARTESIAN_POINT('Ctrl Pts',(-26.6168418555214,-32.1095983450143,-5.74693964465955));
#6909=CARTESIAN_POINT('Ctrl Pts',(-26.6242337036357,-32.0317608654018,-5.76218236311719));
#6910=CARTESIAN_POINT('Ctrl Pts',(-26.6250003054739,-32.0159581469489,-5.76540540148439));
#6911=CARTESIAN_POINT('Ctrl Pts',(-26.6250003054738,-32.0000004097805,-5.76879584812707));
#6912=CARTESIAN_POINT('',(-26.5902328089379,-31.8168100218272,-5.81383605880682));
#6913=CARTESIAN_POINT('Origin',(-26.1250002980232,-32.0000004097819,-5.81383605880682));
#6914=CARTESIAN_POINT('Ctrl Pts',(-26.6250003054738,-32.0000004097805,-5.76879584812707));
#6915=CARTESIAN_POINT('Ctrl Pts',(-26.6250003054737,-31.9504423290415,-5.77932516232037));
#6916=CARTESIAN_POINT('Ctrl Pts',(-26.6173994954736,-31.8993961544077,-5.79150416355699));
#6917=CARTESIAN_POINT('Ctrl Pts',(-26.5986607594299,-31.8394027599585,-5.80755072395966));
#6918=CARTESIAN_POINT('Ctrl Pts',(-26.5946443833304,-31.8280137091758,-5.81067809622708));
#6919=CARTESIAN_POINT('Ctrl Pts',(-26.5902328089375,-31.8168100218273,-5.81383605880686));
#6920=CARTESIAN_POINT('',(-26.6250003054738,-32.0000004097819,-6.49999985471368));
#6921=CARTESIAN_POINT('',(-26.6250003054738,-32.0000004097819,-0.05));
#6922=CARTESIAN_POINT('Origin',(-26.1250002980232,-32.0000004097819,-6.49999985471368));
#6923=CARTESIAN_POINT('Origin',(-21.3750002980232,-29.6250004097819,-0.05));
#6924=CARTESIAN_POINT('',(-20.9655591447878,-29.9119811573728,-6.40016137924139));
#6925=CARTESIAN_POINT('',(-21.8750003054738,-29.6250004097817,-6.34831091968897));
#6926=CARTESIAN_POINT('Ctrl Pts',(-20.9655591447878,-29.9119811573728,-6.40016137924139));
#6927=CARTESIAN_POINT('Ctrl Pts',(-21.0018089323493,-29.9636994518867,-6.38918017122368));
#6928=CARTESIAN_POINT('Ctrl Pts',(-21.050892137324,-30.0116168448189,-6.37746062049006));
#6929=CARTESIAN_POINT('Ctrl Pts',(-21.1645057364202,-30.0834874945041,-6.35588012603151));
#6930=CARTESIAN_POINT('Ctrl Pts',(-21.2290390489452,-30.1074357779439,-6.34601798417676));
#6931=CARTESIAN_POINT('Ctrl Pts',(-21.3539800576891,-30.1285252398809,-6.33048355901492));
#6932=CARTESIAN_POINT('Ctrl Pts',(-21.4226032830478,-30.1272524026065,-6.32376147412574));
#6933=CARTESIAN_POINT('Ctrl Pts',(-21.5536241238431,-30.09682308548,-6.31483546267406));
#6934=CARTESIAN_POINT('Ctrl Pts',(-21.6160203516961,-30.0676608297643,-6.31263085968106));
#6935=CARTESIAN_POINT('Ctrl Pts',(-21.7190959505141,-29.9932898280774,-6.31263085968106));
#6936=CARTESIAN_POINT('Ctrl Pts',(-21.7664431358314,-29.9432701274461,-6.31483546267406));
#6937=CARTESIAN_POINT('Ctrl Pts',(-21.8366286769892,-29.8285252196032,-6.32376147412574));
#6938=CARTESIAN_POINT('Ctrl Pts',(-21.8594720766416,-29.7638031502166,-6.33048355901493));
#6939=CARTESIAN_POINT('Ctrl Pts',(-21.8729509830336,-29.6767017564915,-6.34128927837135));
#6940=CARTESIAN_POINT('Ctrl Pts',(-21.8750003054738,-29.6510199839265,-6.34467150886047));
#6941=CARTESIAN_POINT('Ctrl Pts',(-21.8750003054738,-29.6250004097814,-6.34831091968897));
#6942=CARTESIAN_POINT('Ctrl Pts',(-21.8750003054738,-29.6250004097814,-6.34831091968897));
#6943=CARTESIAN_POINT('Ctrl Pts',(-21.8750003054738,-29.5849501588122,-6.35391282986046));
#6944=CARTESIAN_POINT('Ctrl Pts',(-21.8700916726985,-29.5441002732686,-6.36012953394715));
#6945=CARTESIAN_POINT('Ctrl Pts',(-21.8440834624669,-29.4393142430704,-6.37746062049006));
#6946=CARTESIAN_POINT('Ctrl Pts',(-21.8140848226856,-29.3776269739844,-6.38918017122368));
#6947=CARTESIAN_POINT('Ctrl Pts',(-21.7393142835271,-29.2769314359457,-6.4109871183495));
#6948=CARTESIAN_POINT('Ctrl Pts',(-21.6897565607439,-29.2308838252439,-6.42255321050601));
#6949=CARTESIAN_POINT('Ctrl Pts',(-21.5761149373005,-29.1624506402041,-6.44387659925662));
#6950=CARTESIAN_POINT('Ctrl Pts',(-21.5120279336131,-29.1400696356893,-6.45363202400909));
#6951=CARTESIAN_POINT('Ctrl Pts',(-21.3890163022299,-29.1214035363808,-6.46892727129426));
#6952=CARTESIAN_POINT('Ctrl Pts',(-21.3218799280151,-29.1234848423103,-6.47554259747912));
#6953=CARTESIAN_POINT('Ctrl Pts',(-21.1937963498436,-29.1543574800381,-6.48433128470901));
#6954=CARTESIAN_POINT('Ctrl Pts',(-21.1328504853907,-29.1831551323401,-6.48650196339595));
#6955=CARTESIAN_POINT('Ctrl Pts',(-21.032034404492,-29.2558958489459,-6.48650196339595));
#6956=CARTESIAN_POINT('Ctrl Pts',(-20.9854904969023,-29.3046541081262,-6.48433128470901));
#6957=CARTESIAN_POINT('Ctrl Pts',(-20.9158103028923,-29.4164717870514,-6.47554259747912));
#6958=CARTESIAN_POINT('Ctrl Pts',(-20.8926684406385,-29.479527942885,-6.46892727129426));
#6959=CARTESIAN_POINT('Ctrl Pts',(-20.8715995354114,-29.6021508850756,-6.45363202400909));
#6960=CARTESIAN_POINT('Ctrl Pts',(-20.8726337832191,-29.6700256501669,-6.44387659925661));
#6961=CARTESIAN_POINT('Ctrl Pts',(-20.9017479589045,-29.7994469937223,-6.42255321050601));
#6962=CARTESIAN_POINT('Ctrl Pts',(-20.9298225717048,-29.8609950761857,-6.4109871183495));
#6963=CARTESIAN_POINT('Ctrl Pts',(-20.9655591447878,-29.9119811573728,-6.40016137924139));
#6964=CARTESIAN_POINT('',(-21.8750003054738,-29.6250004097814,-7.13431149502464));
#6965=CARTESIAN_POINT('',(-21.8750003054738,-29.6250004097819,-0.05));
#6966=CARTESIAN_POINT('',(-20.9655591447878,-29.9119811573728,-7.19584731729934));
#6967=CARTESIAN_POINT('Ctrl Pts',(-20.9655591447878,-29.9119811573728,-7.19584731729934));
#6968=CARTESIAN_POINT('Ctrl Pts',(-20.929809995363,-29.8609771332683,-7.20869976259978));
#6969=CARTESIAN_POINT('Ctrl Pts',(-20.901712986646,-29.7993862491962,-7.22243622533208));
#6970=CARTESIAN_POINT('Ctrl Pts',(-20.8726000300494,-29.6697806656071,-7.24777364617276));
#6971=CARTESIAN_POINT('Ctrl Pts',(-20.8715913518057,-29.6017638743545,-7.25937225693473));
#6972=CARTESIAN_POINT('Ctrl Pts',(-20.8928048331766,-29.4791628355414,-7.27750344647555));
#6973=CARTESIAN_POINT('Ctrl Pts',(-20.9159234654889,-29.4162514755397,-7.28533279880567));
#6974=CARTESIAN_POINT('Ctrl Pts',(-20.9855421880767,-29.3046099661742,-7.29574083792332));
#6975=CARTESIAN_POINT('Ctrl Pts',(-21.0320502303811,-29.2558844302664,-7.29831581781981));
#6976=CARTESIAN_POINT('Ctrl Pts',(-21.1328346595016,-29.1831665510196,-7.29831581781981));
#6977=CARTESIAN_POINT('Ctrl Pts',(-21.1937381620233,-29.154392617867,-7.29574083792332));
#6978=CARTESIAN_POINT('Ctrl Pts',(-21.321635174805,-29.123522773849,-7.28533279880567));
#6979=CARTESIAN_POINT('Ctrl Pts',(-21.3886268140096,-29.1214178619895,-7.27750344647555));
#6980=CARTESIAN_POINT('Ctrl Pts',(-21.5116632409675,-29.1399398530095,-7.25937225693473));
#6981=CARTESIAN_POINT('Ctrl Pts',(-21.5758930888851,-29.1623413699355,-7.24777364617276));
#6982=CARTESIAN_POINT('Ctrl Pts',(-21.6897099402797,-29.2308314851193,-7.22243622533208));
#6983=CARTESIAN_POINT('Ctrl Pts',(-21.7393012207768,-29.2769138439812,-7.20869976259978));
#6984=CARTESIAN_POINT('Ctrl Pts',(-21.8140386847661,-29.3775648387815,-7.18283085355794));
#6985=CARTESIAN_POINT('Ctrl Pts',(-21.8440339648775,-29.439191902334,-7.16893254633524));
#6986=CARTESIAN_POINT('Ctrl Pts',(-21.8700761630343,-29.5439911485986,-7.14835776009349));
#6987=CARTESIAN_POINT('Ctrl Pts',(-21.8750003054737,-29.5848850800805,-7.14097061229178));
#6988=CARTESIAN_POINT('Ctrl Pts',(-21.8750003054738,-29.625000409781,-7.13431149502465));
#6989=CARTESIAN_POINT('Ctrl Pts',(-21.8750003054738,-29.625000409781,-7.13431149502465));
#6990=CARTESIAN_POINT('Ctrl Pts',(-21.8750003054739,-29.6510090378763,-7.12999408056645));
#6991=CARTESIAN_POINT('Ctrl Pts',(-21.8729528090722,-29.6766899565355,-7.1259799894961));
#6992=CARTESIAN_POINT('Ctrl Pts',(-21.8594889000599,-29.7636944364134,-7.11317009381262));
#6993=CARTESIAN_POINT('Ctrl Pts',(-21.8366897621644,-29.8283888465929,-7.10519161673852));
#6994=CARTESIAN_POINT('Ctrl Pts',(-21.7665296369336,-29.943165137971,-7.09459004652928));
#6995=CARTESIAN_POINT('Ctrl Pts',(-21.7191614370634,-29.9932425782886,-7.09196660839576));
#6996=CARTESIAN_POINT('Ctrl Pts',(-21.6159548651468,-30.0677080795531,-7.09196660839576));
#6997=CARTESIAN_POINT('Ctrl Pts',(-21.5534972169399,-30.0968720739328,-7.09459004652928));
#6998=CARTESIAN_POINT('Ctrl Pts',(-21.422454606317,-30.1272673767942,-7.10519161673852));
#6999=CARTESIAN_POINT('Ctrl Pts',(-21.3538715843298,-30.1285069300817,-7.11317009381262));
#7000=CARTESIAN_POINT('Ctrl Pts',(-21.2289312832682,-30.1074175875982,-7.1316061543543));
#7001=CARTESIAN_POINT('Ctrl Pts',(-21.1643730101076,-30.0834254605623,-7.14332081024082));
#7002=CARTESIAN_POINT('Ctrl Pts',(-21.0507916416566,-30.0115313001641,-7.16893254633524));
#7003=CARTESIAN_POINT('Ctrl Pts',(-21.0017645124354,-29.9636360771101,-7.18283085355794));
#7004=CARTESIAN_POINT('Ctrl Pts',(-20.9655591447878,-29.9119811573728,-7.19584731729934));
#7005=CARTESIAN_POINT('Origin',(-23.7500002980232,-27.2500004097819,-0.05));
#7006=CARTESIAN_POINT('',(-23.3685619213237,-27.573272388511,-6.46692871049072));
#7007=CARTESIAN_POINT('',(-24.2500003054738,-27.2500004097819,-6.40886915832414));
#7008=CARTESIAN_POINT('Ctrl Pts',(-23.3685619213237,-27.573272388511,-6.46692871049072));
#7009=CARTESIAN_POINT('Ctrl Pts',(-23.4093997242885,-27.6214581463119,-6.45594645044039));
#7010=CARTESIAN_POINT('Ctrl Pts',(-23.4626707647771,-27.6646821148364,-6.44422585992491));
#7011=CARTESIAN_POINT('Ctrl Pts',(-23.5824018764074,-27.7258469668771,-6.42264365647527));
#7012=CARTESIAN_POINT('Ctrl Pts',(-23.6488643961309,-27.7437826283378,-6.41278082836669));
#7013=CARTESIAN_POINT('Ctrl Pts',(-23.7752246145172,-27.7533329096093,-6.39724536896855));
#7014=CARTESIAN_POINT('Ctrl Pts',(-23.8434485809263,-27.7457738831595,-6.3905229661756));
#7015=CARTESIAN_POINT('Ctrl Pts',(-23.9711388729617,-27.7034556436586,-6.38159656383815));
#7016=CARTESIAN_POINT('Ctrl Pts',(-24.0306032870549,-27.6686908093629,-6.37939187038238));
#7017=CARTESIAN_POINT('Ctrl Pts',(-24.12643175413,-27.5851705859733,-6.37939187038238));
#7018=CARTESIAN_POINT('Ctrl Pts',(-24.1689941805963,-27.5310129447734,-6.38159656383815));
#7019=CARTESIAN_POINT('Ctrl Pts',(-24.2283596364626,-27.4103009456832,-6.3905229661756));
#7020=CARTESIAN_POINT('Ctrl Pts',(-24.2451679732689,-27.3437492493317,-6.39724536896855));
#7021=CARTESIAN_POINT('Ctrl Pts',(-24.2496780209337,-27.2706311562169,-6.40622640221641));
#7022=CARTESIAN_POINT('Ctrl Pts',(-24.2500003054738,-27.2603572261644,-6.40752394131845));
#7023=CARTESIAN_POINT('Ctrl Pts',(-24.2500003054738,-27.2500004097818,-6.40886915832414));
#7024=CARTESIAN_POINT('Ctrl Pts',(-24.2500003054738,-27.2500004097818,-6.40886915832414));
#7025=CARTESIAN_POINT('Ctrl Pts',(-24.2500003054738,-27.195559533477,-6.41594032671264));
#7026=CARTESIAN_POINT('Ctrl Pts',(-24.2407464332479,-27.1388328275815,-6.42436843176424));
#7027=CARTESIAN_POINT('Ctrl Pts',(-24.2000467569529,-27.0220149672923,-6.4442258599249));
#7028=CARTESIAN_POINT('Ctrl Pts',(-24.1645054628995,-26.9633384675096,-6.45594645044039));
#7029=CARTESIAN_POINT('Ctrl Pts',(-24.080800109617,-26.8699380138747,-6.47775340172538));
#7030=CARTESIAN_POINT('Ctrl Pts',(-24.0272273287203,-26.8286409874402,-6.48931845427114));
#7031=CARTESIAN_POINT('Ctrl Pts',(-23.9077921920454,-26.7709385057778,-6.51064013214822));
#7032=CARTESIAN_POINT('Ctrl Pts',(-23.8419271643222,-26.75453788379,-6.52039487007148));
#7033=CARTESIAN_POINT('Ctrl Pts',(-23.717733562955,-26.7472436413988,-6.53568908391098));
#7034=CARTESIAN_POINT('Ctrl Pts',(-23.6510779568308,-26.7554771925983,-6.54230408922399));
#7035=CARTESIAN_POINT('Ctrl Pts',(-23.5263791688367,-26.7979689589626,-6.55109238458606));
#7036=CARTESIAN_POINT('Ctrl Pts',(-23.4683379004832,-26.8322333478894,-6.55326297409727));
#7037=CARTESIAN_POINT('Ctrl Pts',(-23.3746282504248,-26.913906895902,-6.55326297409727));
#7038=CARTESIAN_POINT('Ctrl Pts',(-23.3327559955787,-26.9667231003729,-6.55109238458606));
#7039=CARTESIAN_POINT('Ctrl Pts',(-23.2736273135741,-27.0844479359021,-6.54230408922399));
#7040=CARTESIAN_POINT('Ctrl Pts',(-23.2563650319432,-27.1493538279769,-6.53568908391098));
#7041=CARTESIAN_POINT('Ctrl Pts',(-23.246624614265,-27.2733795545664,-6.52039487007148));
#7042=CARTESIAN_POINT('Ctrl Pts',(-23.2538735551773,-27.3408675915376,-6.51064013214822));
#7043=CARTESIAN_POINT('Ctrl Pts',(-23.2947188454469,-27.4670658107221,-6.48931845427114));
#7044=CARTESIAN_POINT('Ctrl Pts',(-23.3283100418591,-27.525777979554,-6.47775340172538));
#7045=CARTESIAN_POINT('Ctrl Pts',(-23.3685619213237,-27.573272388511,-6.46692871049072));
#7046=CARTESIAN_POINT('',(-24.2500003054738,-27.2500004097818,-7.20618165860836));
#7047=CARTESIAN_POINT('',(-24.2500003054738,-27.2500004097819,-0.05));
#7048=CARTESIAN_POINT('',(-23.3685619213237,-27.573272388511,-7.27508639569872));
#7049=CARTESIAN_POINT('Ctrl Pts',(-23.3685619213237,-27.573272388511,-7.27508639569872));
#7050=CARTESIAN_POINT('Ctrl Pts',(-23.3282958629289,-27.5257612494058,-7.28793760128274));
#7051=CARTESIAN_POINT('Ctrl Pts',(-23.2946784428761,-27.4670084973623,-7.30167283252651));
#7052=CARTESIAN_POINT('Ctrl Pts',(-23.2538174894512,-27.3406266907676,-7.32700822461244));
#7053=CARTESIAN_POINT('Ctrl Pts',(-23.2465810007403,-27.2729948844982,-7.33860601993884));
#7054=CARTESIAN_POINT('Ctrl Pts',(-23.2564673858282,-27.1489777250146,-7.35673598139095));
#7055=CARTESIAN_POINT('Ctrl Pts',(-23.2737198093822,-27.084218155339,-7.36456495027394));
#7056=CARTESIAN_POINT('Ctrl Pts',(-23.3328034266361,-26.9666743956309,-7.37497252145991));
#7057=CARTESIAN_POINT('Ctrl Pts',(-23.374642965838,-26.9138940705419,-7.37754739502976));
#7058=CARTESIAN_POINT('Ctrl Pts',(-23.46832318507,-26.8322461732495,-7.37754739502976));
#7059=CARTESIAN_POINT('Ctrl Pts',(-23.5263244410882,-26.7980092917117,-7.37497252145991));
#7060=CARTESIAN_POINT('Ctrl Pts',(-23.6508376945381,-26.7555374305627,-7.36456495027394));
#7061=CARTESIAN_POINT('Ctrl Pts',(-23.7173470033526,-26.7472936556952,-7.35673598139095));
#7062=CARTESIAN_POINT('Ctrl Pts',(-23.84155205876,-26.7544421287995,-7.33860601993884));
#7063=CARTESIAN_POINT('Ctrl Pts',(-23.9075612090153,-26.7708500558688,-7.32700822461244));
#7064=CARTESIAN_POINT('Ctrl Pts',(-24.0271760721462,-26.8285931339914,-7.30167283252651));
#7065=CARTESIAN_POINT('Ctrl Pts',(-24.0807854733239,-26.8699216823456,-7.28793760128274));
#7066=CARTESIAN_POINT('Ctrl Pts',(-24.1644538013355,-26.9632808222895,-7.26206868660711));
#7067=CARTESIAN_POINT('Ctrl Pts',(-24.1999862219359,-27.0218976700012,-7.24816914644478));
#7068=CARTESIAN_POINT('Ctrl Pts',(-24.2407190347049,-27.1387068503777,-7.22459925813465));
#7069=CARTESIAN_POINT('Ctrl Pts',(-24.2500003054738,-27.1954723866394,-7.21458711353452));
#7070=CARTESIAN_POINT('Ctrl Pts',(-24.2500003054738,-27.2500004097818,-7.20618165860836));
#7071=CARTESIAN_POINT('Ctrl Pts',(-24.2500003054738,-27.2500004097818,-7.20618165860836));
#7072=CARTESIAN_POINT('Ctrl Pts',(-24.2500003054738,-27.2603551916918,-7.20458547654272));
#7073=CARTESIAN_POINT('Ctrl Pts',(-24.2496781506284,-27.270629053572,-7.20304555761814));
#7074=CARTESIAN_POINT('Ctrl Pts',(-24.2451747462376,-27.3436394441604,-7.19240261997494));
#7075=CARTESIAN_POINT('Ctrl Pts',(-24.2284079497027,-27.4101595387192,-7.18442376487956));
#7076=CARTESIAN_POINT('Ctrl Pts',(-24.1690706849561,-27.5309004605596,-7.17382173077316));
#7077=CARTESIAN_POINT('Ctrl Pts',(-24.1264926314182,-27.5851175277865,-7.17119818560571));
#7078=CARTESIAN_POINT('Ctrl Pts',(-24.0305424097667,-27.6687438675498,-7.17119818560571));
#7079=CARTESIAN_POINT('Ctrl Pts',(-23.9710169919456,-27.7035160641298,-7.17382173077317));
#7080=CARTESIAN_POINT('Ctrl Pts',(-23.8433018995506,-27.7458024256309,-7.18442376487956));
#7081=CARTESIAN_POINT('Ctrl Pts',(-23.7751149135368,-27.7533246184301,-7.19240261997494));
#7082=CARTESIAN_POINT('Ctrl Pts',(-23.648755403297,-27.7437743906801,-7.21083990904046));
#7083=CARTESIAN_POINT('Ctrl Pts',(-23.5822640048693,-27.7257973486998,-7.22255538106935));
#7084=CARTESIAN_POINT('Ctrl Pts',(-23.4625628369628,-27.6646061231943,-7.24816914644478));
#7085=CARTESIAN_POINT('Ctrl Pts',(-23.4093496770734,-27.6213990940905,-7.26206868660711));
#7086=CARTESIAN_POINT('Ctrl Pts',(-23.3685619213237,-27.573272388511,-7.27508639569872));
#7087=CARTESIAN_POINT('Origin',(-28.5000002980232,-29.6250004097819,-0.05));
#7088=CARTESIAN_POINT('',(-28.4927602908138,-30.1249479967814,-5.81383605880682));
#7089=CARTESIAN_POINT('',(-28.9998536081298,-29.6371113893645,-5.81383605880682));
#7090=CARTESIAN_POINT('Ctrl Pts',(-28.4927602908138,-30.124947996781,-5.8138360588069));
#7091=CARTESIAN_POINT('Ctrl Pts',(-28.5538004903615,-30.1258319524121,-5.80206572785402));
#7092=CARTESIAN_POINT('Ctrl Pts',(-28.6192582630978,-30.1149354319549,-5.79180156580833));
#7093=CARTESIAN_POINT('Ctrl Pts',(-28.7428366969966,-30.0672088990834,-5.77778530061834));
#7094=CARTESIAN_POINT('Ctrl Pts',(-28.8006753464152,-30.0295540320767,-5.77424724540133));
#7095=CARTESIAN_POINT('Ctrl Pts',(-28.8926162575972,-29.9411045482001,-5.77424724540133));
#7096=CARTESIAN_POINT('Ctrl Pts',(-28.9324810006512,-29.8847662784618,-5.77778530061834));
#7097=CARTESIAN_POINT('Ctrl Pts',(-28.9849536796405,-29.7631271843165,-5.79180156580833));
#7098=CARTESIAN_POINT('Ctrl Pts',(-28.9983749399057,-29.6981400783449,-5.80206572785402));
#7099=CARTESIAN_POINT('Ctrl Pts',(-28.9998536081294,-29.6371113893645,-5.8138360588069));
#7100=CARTESIAN_POINT('',(-29.0000003054738,-29.6250004097819,-5.81383605880682));
#7101=CARTESIAN_POINT('Origin',(-28.5000002980232,-29.6250004097819,-5.81383605880682));
#7102=CARTESIAN_POINT('',(-29.0000003054738,-29.6250004097819,-6.49999985471368));
#7103=CARTESIAN_POINT('',(-29.0000003054738,-29.6250004097819,-0.05));
#7104=CARTESIAN_POINT('Origin',(-28.5000002980232,-29.6250004097819,-6.49999985471368));
#7105=CARTESIAN_POINT('Origin',(-28.5000002980232,-29.6250004097819,-5.81383605880682));
#7106=CARTESIAN_POINT('Origin',(-21.3750002980232,-27.2500004097819,-0.05));
#7107=CARTESIAN_POINT('',(-20.9771766123698,-27.5528804563081,-6.73022130838012));
#7108=CARTESIAN_POINT('',(-21.8750003054738,-27.2500004097817,-6.67555345874904));
#7109=CARTESIAN_POINT('Ctrl Pts',(-20.9771766123698,-27.5528804563081,-6.73022130838012));
#7110=CARTESIAN_POINT('Ctrl Pts',(-21.0154536211176,-27.6031561376232,-6.7192346721949));
#7111=CARTESIAN_POINT('Ctrl Pts',(-21.066414355256,-27.6491210194182,-6.70750975678854));
#7112=CARTESIAN_POINT('Ctrl Pts',(-21.1828361447641,-27.716471719662,-6.68592044512299));
#7113=CARTESIAN_POINT('Ctrl Pts',(-21.248299910281,-27.7378524409635,-6.67605476269425));
#7114=CARTESIAN_POINT('Ctrl Pts',(-21.3740429128071,-27.7539668214813,-6.66051500119208));
#7115=CARTESIAN_POINT('Ctrl Pts',(-21.442593995137,-27.749958788618,-6.65379127597982));
#7116=CARTESIAN_POINT('Ctrl Pts',(-21.5723549539413,-27.7143046507896,-6.64486324742085));
#7117=CARTESIAN_POINT('Ctrl Pts',(-21.6335632113965,-27.6826528457116,-6.64265817750427));
#7118=CARTESIAN_POINT('Ctrl Pts',(-21.7336211439692,-27.6041670363024,-6.64265817750427));
#7119=CARTESIAN_POINT('Ctrl Pts',(-21.7789400074447,-27.5522585768888,-6.64486324742085));
#7120=CARTESIAN_POINT('Ctrl Pts',(-21.8444731217461,-27.4347233272653,-6.65379127597982));
#7121=CARTESIAN_POINT('Ctrl Pts',(-21.8646925230586,-27.3690994670725,-6.66051500119208));
#7122=CARTESIAN_POINT('Ctrl Pts',(-21.8739005023622,-27.28797527226,-6.67052314029719));
#7123=CARTESIAN_POINT('Ctrl Pts',(-21.8750003054738,-27.2690996370069,-6.67296382717632));
#7124=CARTESIAN_POINT('Ctrl Pts',(-21.8750003054738,-27.2500004097816,-6.67555345874903));
#7125=CARTESIAN_POINT('Ctrl Pts',(-21.8750003054738,-27.2500004097816,-6.67555345874903));
#7126=CARTESIAN_POINT('Ctrl Pts',(-21.8750003054738,-27.2034970999098,-6.68185876304531));
#7127=CARTESIAN_POINT('Ctrl Pts',(-21.8683301384025,-27.1556701351166,-6.68906315261104));
#7128=CARTESIAN_POINT('Ctrl Pts',(-21.8361311907525,-27.045352309667,-6.70750975678854));
#7129=CARTESIAN_POINT('Ctrl Pts',(-21.8036262390177,-26.9849106444429,-6.7192346721949));
#7130=CARTESIAN_POINT('Ctrl Pts',(-21.7248022314227,-26.8873553672485,-6.7410416410683));
#7131=CARTESIAN_POINT('Ctrl Pts',(-21.673432878925,-26.8433884740283,-6.75260236915763));
#7132=CARTESIAN_POINT('Ctrl Pts',(-21.5571553771255,-26.7796656362913,-6.77391693011597));
#7133=CARTESIAN_POINT('Ctrl Pts',(-21.4922443051489,-26.7599143720836,-6.78366881092409));
#7134=CARTESIAN_POINT('Ctrl Pts',(-21.3686400247751,-26.746252513552,-6.79895872616896));
#7135=CARTESIAN_POINT('Ctrl Pts',(-21.3016756525702,-26.751042468521,-6.80557239684253));
#7136=CARTESIAN_POINT('Ctrl Pts',(-21.1750007421981,-26.7870363631467,-6.81435906247371));
#7137=CARTESIAN_POINT('Ctrl Pts',(-21.1152917948219,-26.8182465787164,-6.81652928121916));
#7138=CARTESIAN_POINT('Ctrl Pts',(-21.0175250419053,-26.8949351783973,-6.81652928121916));
#7139=CARTESIAN_POINT('Ctrl Pts',(-20.9729921490371,-26.9454926447646,-6.81435906247371));
#7140=CARTESIAN_POINT('Ctrl Pts',(-20.907864054158,-27.0599497311574,-6.80557239684253));
#7141=CARTESIAN_POINT('Ctrl Pts',(-20.8872631357068,-27.1238463114443,-6.79895872616896));
#7142=CARTESIAN_POINT('Ctrl Pts',(-20.8710932204659,-27.2471475618288,-6.78366881092409));
#7143=CARTESIAN_POINT('Ctrl Pts',(-20.8748163510566,-27.31489487175,-6.77391693011597));
#7144=CARTESIAN_POINT('Ctrl Pts',(-20.9090118609174,-27.4430031251115,-6.75260236915763));
#7145=CARTESIAN_POINT('Ctrl Pts',(-20.9394789984707,-27.5033657924216,-6.74104164106831));
#7146=CARTESIAN_POINT('Ctrl Pts',(-20.9771766123698,-27.5528804563081,-6.73022130838012));
#7147=CARTESIAN_POINT('',(-21.8750003054738,-27.2500004097816,-7.52268102729429));
#7148=CARTESIAN_POINT('',(-21.8750003054738,-27.2500004097819,-0.05));
#7149=CARTESIAN_POINT('',(-20.9771766123698,-27.5528804563081,-7.58756051164366));
#7150=CARTESIAN_POINT('Ctrl Pts',(-20.9771766123698,-27.5528804563081,-7.58756051164366));
#7151=CARTESIAN_POINT('Ctrl Pts',(-20.9394656663986,-27.5033482811523,-7.60040656072651));
#7152=CARTESIAN_POINT('Ctrl Pts',(-20.9089744579984,-27.4429436621754,-7.61413666936799));
#7153=CARTESIAN_POINT('Ctrl Pts',(-20.8747728931286,-27.3146512110559,-7.63946362221745));
#7154=CARTESIAN_POINT('Ctrl Pts',(-20.8710697043635,-27.2467609863058,-7.65105802544706));
#7155=CARTESIAN_POINT('Ctrl Pts',(-20.8873849104627,-27.12347590852,-7.66918287868862));
#7156=CARTESIAN_POINT('Ctrl Pts',(-20.9079683864906,-27.0597249694317,-7.67701025264926));
#7157=CARTESIAN_POINT('Ctrl Pts',(-20.9730420643261,-26.9454464277087,-7.68741587775275));
#7158=CARTESIAN_POINT('Ctrl Pts',(-21.0175404164621,-26.8949231185385,-7.68999030924552));
#7159=CARTESIAN_POINT('Ctrl Pts',(-21.1152764202651,-26.8182586385752,-7.68999030924552));
#7160=CARTESIAN_POINT('Ctrl Pts',(-21.1749439668441,-26.7870738346226,-7.68741587775275));
#7161=CARTESIAN_POINT('Ctrl Pts',(-21.3014325099497,-26.7510902674234,-7.67701025264926));
#7162=CARTESIAN_POINT('Ctrl Pts',(-21.3682512777121,-26.7462825658155,-7.66918287868862));
#7163=CARTESIAN_POINT('Ctrl Pts',(-21.4918744545688,-26.7597994625955,-7.65105802544706));
#7164=CARTESIAN_POINT('Ctrl Pts',(-21.5569290783513,-26.7795653966278,-7.63946362221744));
#7165=CARTESIAN_POINT('Ctrl Pts',(-21.6733840352971,-26.8433379852262,-7.61413666936799));
#7166=CARTESIAN_POINT('Ctrl Pts',(-21.7247883993389,-26.8873382481903,-7.60040656072651));
#7167=CARTESIAN_POINT('Ctrl Pts',(-21.8035775496822,-26.9848503848625,-7.57453762227711));
#7168=CARTESIAN_POINT('Ctrl Pts',(-21.8360767025595,-27.0452319824864,-7.56063295379613));
#7169=CARTESIAN_POINT('Ctrl Pts',(-21.868310034467,-27.1555543088288,-7.53873546958518));
#7170=CARTESIAN_POINT('Ctrl Pts',(-21.8750003054737,-27.2034236298297,-7.53017594803838));
#7171=CARTESIAN_POINT('Ctrl Pts',(-21.8750003054738,-27.2500004097812,-7.52268102729429));
#7172=CARTESIAN_POINT('Ctrl Pts',(-21.8750003054738,-27.2500004097812,-7.52268102729429));
#7173=CARTESIAN_POINT('Ctrl Pts',(-21.8750003054738,-27.2690933281464,-7.5196086828757));
#7174=CARTESIAN_POINT('Ctrl Pts',(-21.8739012608297,-27.2879685900056,-7.51671205312922));
#7175=CARTESIAN_POINT('Ctrl Pts',(-21.8647049333188,-27.3689901301232,-7.50484948208428));
#7176=CARTESIAN_POINT('Ctrl Pts',(-21.8445286593653,-27.4345845819771,-7.49686905449323));
#7177=CARTESIAN_POINT('Ctrl Pts',(-21.7790222178093,-27.5521501855945,-7.48626509041246));
#7178=CARTESIAN_POINT('Ctrl Pts',(-21.7336846865361,-27.6041171932798,-7.48364109982147));
#7179=CARTESIAN_POINT('Ctrl Pts',(-21.6334996688297,-27.6827026887341,-7.48364109982147));
#7180=CARTESIAN_POINT('Ctrl Pts',(-21.5722301018155,-27.7143586800726,-7.48626509041246));
#7181=CARTESIAN_POINT('Ctrl Pts',(-21.442446015094,-27.7499796833307,-7.49686905449323));
#7182=CARTESIAN_POINT('Ctrl Pts',(-21.3739337664203,-27.7539528340118,-7.50484948208428));
#7183=CARTESIAN_POINT('Ctrl Pts',(-21.2481914372568,-27.7378385397876,-7.52329188142746));
#7184=CARTESIAN_POINT('Ctrl Pts',(-21.1827009663418,-27.7164149530366,-7.53501074801803));
#7185=CARTESIAN_POINT('Ctrl Pts',(-21.0663104679943,-27.6490394410482,-7.56063295379613));
#7186=CARTESIAN_POINT('Ctrl Pts',(-21.015406691838,-27.6030944974485,-7.57453762227711));
#7187=CARTESIAN_POINT('Ctrl Pts',(-20.9771766123698,-27.5528804563081,-7.58756051164366));
#7188=CARTESIAN_POINT('Origin',(-23.7500002980232,-29.6250004097819,-0.05));
#7189=CARTESIAN_POINT('',(-23.3558027059251,-29.9325849767462,-6.15002016307018));
#7190=CARTESIAN_POINT('',(-24.2500003054738,-29.6250004097818,-6.09472415930633));
#7191=CARTESIAN_POINT('Ctrl Pts',(-23.3558027059251,-29.9325849767462,-6.15002016307018));
#7192=CARTESIAN_POINT('Ctrl Pts',(-23.3946417763588,-29.9823607772534,-6.13904270716232));
#7193=CARTESIAN_POINT('Ctrl Pts',(-23.4460958414319,-30.0276883314508,-6.12732686506171));
#7194=CARTESIAN_POINT('Ctrl Pts',(-23.5631970689789,-30.0936367658997,-6.10575246628313));
#7195=CARTESIAN_POINT('Ctrl Pts',(-23.6288468982823,-30.1142525385759,-6.09589277219353));
#7196=CARTESIAN_POINT('Ctrl Pts',(-23.7546574231473,-30.128939575841,-6.08036203567367));
#7197=CARTESIAN_POINT('Ctrl Pts',(-23.8231039793169,-30.1241758016247,-6.0736410845715));
#7198=CARTESIAN_POINT('Ctrl Pts',(-23.9523665374612,-30.0871347248362,-6.0647164670331));
#7199=CARTESIAN_POINT('Ctrl Pts',(-24.0131808611053,-30.0548517135673,-6.06251218655477));
#7200=CARTESIAN_POINT('Ctrl Pts',(-24.1123174105735,-29.975375155024,-6.06251218655477));
#7201=CARTESIAN_POINT('Ctrl Pts',(-24.1570549785773,-29.9230385064306,-6.0647164670331));
#7202=CARTESIAN_POINT('Ctrl Pts',(-24.2213245563187,-29.8049272381934,-6.0736410845715));
#7203=CARTESIAN_POINT('Ctrl Pts',(-24.2408617730361,-29.7391554983716,-6.08036203567367));
#7204=CARTESIAN_POINT('Ctrl Pts',(-24.2490883667382,-29.6596029702764,-6.09016820864538));
#7205=CARTESIAN_POINT('Ctrl Pts',(-24.2500003054738,-29.642399079957,-6.09238328113337));
#7206=CARTESIAN_POINT('Ctrl Pts',(-24.2500003054738,-29.6250004097816,-6.09472415930633));
#7207=CARTESIAN_POINT('Ctrl Pts',(-24.2500003054738,-29.6250004097816,-6.09472415930633));
#7208=CARTESIAN_POINT('Ctrl Pts',(-24.2500003054738,-29.5769867245948,-6.10118408908972));
#7209=CARTESIAN_POINT('Ctrl Pts',(-24.2428744703365,-29.5274919539323,-6.1086216937135));
#7210=CARTESIAN_POINT('Ctrl Pts',(-24.2091483628012,-29.415958462784,-6.12732686506171));
#7211=CARTESIAN_POINT('Ctrl Pts',(-24.1760975234932,-29.355877267697,-6.13904270716232));
#7212=CARTESIAN_POINT('Ctrl Pts',(-24.0963657352857,-29.2590627761654,-6.16084963967249));
#7213=CARTESIAN_POINT('Ctrl Pts',(-24.0445383670883,-29.2155500966049,-6.17241943964132));
#7214=CARTESIAN_POINT('Ctrl Pts',(-23.9275583544453,-29.152903629434,-6.19374893012345));
#7215=CARTESIAN_POINT('Ctrl Pts',(-23.8624028466714,-29.1337745702788,-6.20350680438842));
#7216=CARTESIAN_POINT('Ctrl Pts',(-23.7385627772032,-29.12133572548,-6.2188057376632));
#7217=CARTESIAN_POINT('Ctrl Pts',(-23.6715944898761,-29.1268086718954,-6.2254222083166));
#7218=CARTESIAN_POINT('Ctrl Pts',(-23.5451956085419,-29.1641343580461,-6.23421229339928));
#7219=CARTESIAN_POINT('Ctrl Pts',(-23.4857666736672,-29.1959933323333,-6.23638329026966));
#7220=CARTESIAN_POINT('Ctrl Pts',(-23.3887362467469,-29.2737814382032,-6.23638329026966));
#7221=CARTESIAN_POINT('Ctrl Pts',(-23.3447138933648,-29.3248580957454,-6.23421229339928));
#7222=CARTESIAN_POINT('Ctrl Pts',(-23.2807893850516,-29.4401123420276,-6.2254222083166));
#7223=CARTESIAN_POINT('Ctrl Pts',(-23.2608815056993,-29.5042869553079,-6.2188057376632));
#7224=CARTESIAN_POINT('Ctrl Pts',(-23.2460866774702,-29.6278677010715,-6.20350680438842));
#7225=CARTESIAN_POINT('Ctrl Pts',(-23.2505860995315,-29.6956240018749,-6.19374893012345));
#7226=CARTESIAN_POINT('Ctrl Pts',(-23.286288978558,-29.823429352452,-6.17241943964133));
#7227=CARTESIAN_POINT('Ctrl Pts',(-23.3174871974823,-29.8834801685394,-6.16084963967249));
#7228=CARTESIAN_POINT('Ctrl Pts',(-23.3558027059251,-29.9325849767462,-6.15002016307018));
#7229=CARTESIAN_POINT('',(-24.2500003054738,-29.6250004097816,-6.83335621029159));
#7230=CARTESIAN_POINT('',(-24.2500003054738,-29.6250004097819,-0.05));
#7231=CARTESIAN_POINT('',(-23.3558027059251,-29.9325849767462,-6.89898118429348));
#7232=CARTESIAN_POINT('Ctrl Pts',(-23.3558027059251,-29.9325849767462,-6.89898118429348));
#7233=CARTESIAN_POINT('Ctrl Pts',(-23.3174737596201,-29.883462946697,-6.91183805134334));
#7234=CARTESIAN_POINT('Ctrl Pts',(-23.2862509862516,-29.8233705777706,-6.92557890623188));
#7235=CARTESIAN_POINT('Ctrl Pts',(-23.2505398970558,-29.6953812028843,-6.95092356251649));
#7236=CARTESIAN_POINT('Ctrl Pts',(-23.246058743882,-29.6274817465757,-6.96252508145589));
#7237=CARTESIAN_POINT('Ctrl Pts',(-23.2609991055098,-29.5039154812543,-6.98066065121752));
#7238=CARTESIAN_POINT('Ctrl Pts',(-23.28089115773,-29.4398866347982,-6.98849137120161));
#7239=CARTESIAN_POINT('Ctrl Pts',(-23.3447632536791,-29.3248114141034,-6.99890107949499));
#7240=CARTESIAN_POINT('Ctrl Pts',(-23.388751459641,-29.2737692422122,-7.00147643876788));
#7241=CARTESIAN_POINT('Ctrl Pts',(-23.4857514607731,-29.1960055283243,-7.00147643876788));
#7242=CARTESIAN_POINT('Ctrl Pts',(-23.5451393083671,-29.1641723831252,-6.99890107949499));
#7243=CARTESIAN_POINT('Ctrl Pts',(-23.6713520501731,-29.12685891552,-6.98849137120161));
#7244=CARTESIAN_POINT('Ctrl Pts',(-23.7381746179745,-29.1213697122589,-6.98066065121753));
#7245=CARTESIAN_POINT('Ctrl Pts',(-23.8620322079661,-29.1336633582816,-6.96252508145589));
#7246=CARTESIAN_POINT('Ctrl Pts',(-23.9273314175587,-29.152805723009,-6.95092356251649));
#7247=CARTESIAN_POINT('Ctrl Pts',(-24.0444892630533,-29.2155002300603,-6.92557890623188));
#7248=CARTESIAN_POINT('Ctrl Pts',(-24.0963518485559,-29.2590459141746,-6.91183805134334));
#7249=CARTESIAN_POINT('Ctrl Pts',(-24.1760483592626,-29.3558175699266,-6.88596916213739));
#7250=CARTESIAN_POINT('Ctrl Pts',(-24.209092807715,-29.4158388385745,-6.87207525248912));
#7251=CARTESIAN_POINT('Ctrl Pts',(-24.2428531454644,-29.5273744729136,-6.84987125083251));
#7252=CARTESIAN_POINT('Ctrl Pts',(-24.2500003054737,-29.57691099512,-6.84103490933133));
#7253=CARTESIAN_POINT('Ctrl Pts',(-24.2500003054738,-29.6250004097813,-6.83335621029158));
#7254=CARTESIAN_POINT('Ctrl Pts',(-24.2500003054738,-29.6250004097813,-6.83335621029158));
#7255=CARTESIAN_POINT('Ctrl Pts',(-24.2500003054738,-29.64239374957,-6.83057892089279));
#7256=CARTESIAN_POINT('Ctrl Pts',(-24.2490889479383,-29.6595973499747,-6.82795005688748));
#7257=CARTESIAN_POINT('Ctrl Pts',(-24.2408730864751,-29.7390460955372,-6.81632733070009));
#7258=CARTESIAN_POINT('Ctrl Pts',(-24.2213786638509,-29.804787963499,-6.80835020181975));
#7259=CARTESIAN_POINT('Ctrl Pts',(-24.1571360486726,-29.9229292750343,-6.79775028588519));
#7260=CARTESIAN_POINT('Ctrl Pts',(-24.1123804129074,-29.9753246468238,-6.79512722934383));
#7261=CARTESIAN_POINT('Ctrl Pts',(-24.0131178587714,-30.0549022217674,-6.79512722934383));
#7262=CARTESIAN_POINT('Ctrl Pts',(-23.9522422879809,-30.0871900956311,-6.79775028588519));
#7263=CARTESIAN_POINT('Ctrl Pts',(-23.8229562703025,-30.1241983207859,-6.80835020181975));
#7264=CARTESIAN_POINT('Ctrl Pts',(-23.7545481787785,-30.1289268227258,-6.81632733070009));
#7265=CARTESIAN_POINT('Ctrl Pts',(-23.6287383934389,-30.1142398717924,-6.83475900966421));
#7266=CARTESIAN_POINT('Ctrl Pts',(-23.5630614160417,-30.0935816186055,-6.84647075449169));
#7267=CARTESIAN_POINT('Ctrl Pts',(-23.4459911646577,-30.0276080874974,-6.87207525248912));
#7268=CARTESIAN_POINT('Ctrl Pts',(-23.3945942012876,-29.9822998054735,-6.88596916213739));
#7269=CARTESIAN_POINT('Ctrl Pts',(-23.3558027059251,-29.9325849767462,-6.89898118429348));
#7270=CARTESIAN_POINT('Origin',(-23.7500002980232,-32.0000004097819,-0.05));
#7271=CARTESIAN_POINT('',(-24.177416852376,-31.7405488795965,-5.81383605880682));
#7272=CARTESIAN_POINT('',(-23.3778794101614,-32.3339555748374,-5.81383605880682));
#7273=CARTESIAN_POINT('Ctrl Pts',(-24.1774168523762,-31.7405488795964,-5.81383605880682));
#7274=CARTESIAN_POINT('Ctrl Pts',(-24.168163991858,-31.7253058561393,-5.81691925191239));
#7275=CARTESIAN_POINT('Ctrl Pts',(-24.1582072422198,-31.7107496843122,-5.81998158622751));
#7276=CARTESIAN_POINT('Ctrl Pts',(-24.1099700748267,-31.6474322069289,-5.83382147168677));
#7277=CARTESIAN_POINT('Ctrl Pts',(-24.0598053090912,-31.6019721441859,-5.84539571524416));
#7278=CARTESIAN_POINT('Ctrl Pts',(-23.9452288603963,-31.5349289595284,-5.86673251794178));
#7279=CARTESIAN_POINT('Ctrl Pts',(-23.8808141442024,-31.5133504647447,-5.87649332761317));
#7280=CARTESIAN_POINT('Ctrl Pts',(-23.75747763423,-31.4962581898975,-5.89179667866486));
#7281=CARTESIAN_POINT('Ctrl Pts',(-23.690323733862,-31.4992164330193,-5.89841452103211));
#7282=CARTESIAN_POINT('Ctrl Pts',(-23.5625661363309,-31.5317971219375,-5.90720628185308));
#7283=CARTESIAN_POINT('Ctrl Pts',(-23.5019638660615,-31.5614258480019,-5.90937766032436));
#7284=CARTESIAN_POINT('Ctrl Pts',(-23.4020592835243,-31.6355737803346,-5.90937766032436));
#7285=CARTESIAN_POINT('Ctrl Pts',(-23.3561486721225,-31.6849975836153,-5.90720628185308));
#7286=CARTESIAN_POINT('Ctrl Pts',(-23.2879629695987,-31.7978435626692,-5.89841452103211));
#7287=CARTESIAN_POINT('Ctrl Pts',(-23.2656822806331,-31.8612625538013,-5.89179667866486));
#7288=CARTESIAN_POINT('Ctrl Pts',(-23.2463210600666,-31.9842633005056,-5.87649332761317));
#7289=CARTESIAN_POINT('Ctrl Pts',(-23.2483188205547,-32.0521668795902,-5.86673251794178));
#7290=CARTESIAN_POINT('Ctrl Pts',(-23.2793047768741,-32.1812498827917,-5.84539571524415));
#7291=CARTESIAN_POINT('Ctrl Pts',(-23.308287665397,-32.2424308700244,-5.83382147168677));
#7292=CARTESIAN_POINT('Ctrl Pts',(-23.3447924739154,-32.2929280915268,-5.82298751548605));
#7293=CARTESIAN_POINT('Ctrl Pts',(-23.3549208951454,-32.3069387698751,-5.81998158622792));
#7294=CARTESIAN_POINT('Ctrl Pts',(-23.3659695148538,-32.3206845693857,-5.81691925191264));
#7295=CARTESIAN_POINT('Ctrl Pts',(-23.3778794101612,-32.3339555748376,-5.81383605880682));
#7296=CARTESIAN_POINT('',(-24.2500003054738,-32.0000004097819,-5.81383605880682));
#7297=CARTESIAN_POINT('Origin',(-23.7500002980232,-32.0000004097819,-5.81383605880682));
#7298=CARTESIAN_POINT('',(-24.2500003054738,-32.0000004097819,-6.49999985471368));
#7299=CARTESIAN_POINT('',(-24.2500003054738,-32.0000004097819,-0.05));
#7300=CARTESIAN_POINT('',(-24.177416852376,-31.7405488795965,-6.49999985471368));
#7301=CARTESIAN_POINT('Origin',(-23.7500002980232,-32.0000004097819,-6.49999985471368));
#7302=CARTESIAN_POINT('',(-23.3778794101614,-32.3339555748374,-6.49999985471368));
#7303=CARTESIAN_POINT('Ctrl Pts',(-23.3778794101612,-32.3339555748376,-6.49999985471368));
#7304=CARTESIAN_POINT('Ctrl Pts',(-23.3659677687149,-32.3206826236912,-6.50365950673894));
#7305=CARTESIAN_POINT('Ctrl Pts',(-23.3549193636175,-32.3069366513075,-6.50729387016255));
#7306=CARTESIAN_POINT('Ctrl Pts',(-23.3447924739154,-32.2929280915268,-6.51086075000042));
#7307=CARTESIAN_POINT('Ctrl Pts',(-23.3082749151207,-32.2424132325254,-6.52372291676886));
#7308=CARTESIAN_POINT('Ctrl Pts',(-23.2792690162201,-32.1811898742807,-6.53746903539972));
#7309=CARTESIAN_POINT('Ctrl Pts',(-23.2482816153476,-32.0519227132995,-6.56282236253737));
#7310=CARTESIAN_POINT('Ctrl Pts',(-23.2463073722201,-31.9838767382495,-6.57442736653534));
#7311=CARTESIAN_POINT('Ctrl Pts',(-23.2658135266585,-31.8608958153513,-6.59256818612836));
#7312=CARTESIAN_POINT('Ctrl Pts',(-23.2880730002241,-31.7976218759093,-6.60040054531756));
#7313=CARTESIAN_POINT('Ctrl Pts',(-23.3561997070193,-31.6849528038752,-6.61081225459217));
#7314=CARTESIAN_POINT('Ctrl Pts',(-23.4020749239596,-31.635562172199,-6.61338806885062));
#7315=CARTESIAN_POINT('Ctrl Pts',(-23.5019482256262,-31.5614374561375,-6.61338806885062));
#7316=CARTESIAN_POINT('Ctrl Pts',(-23.56250849498,-31.53183300035,-6.61081225459217));
#7317=CARTESIAN_POINT('Ctrl Pts',(-23.6900796810708,-31.4992575425452,-6.60040054531756));
#7318=CARTESIAN_POINT('Ctrl Pts',(-23.7570886020522,-31.4962775954264,-6.59256818612836));
#7319=CARTESIAN_POINT('Ctrl Pts',(-23.8804481138508,-31.5132254066915,-6.57442736653534));
#7320=CARTESIAN_POINT('Ctrl Pts',(-23.9450059342257,-31.5348226330153,-6.56282236253738));
#7321=CARTESIAN_POINT('Ctrl Pts',(-24.0597582295393,-31.6019205364195,-6.53746903539973));
#7322=CARTESIAN_POINT('Ctrl Pts',(-24.1099568860081,-31.6474148949105,-6.52372291676886));
#7323=CARTESIAN_POINT('Ctrl Pts',(-24.158205658012,-31.710747604836,-6.5072938701632));
#7324=CARTESIAN_POINT('Ctrl Pts',(-24.1681626352717,-31.7253036213194,-6.50365950673935));
#7325=CARTESIAN_POINT('Ctrl Pts',(-24.1774168523762,-31.7405488795964,-6.49999985471367));
#7326=CARTESIAN_POINT('Origin',(-23.7500002980232,-32.0000004097819,-6.49999985471368));
#7327=CARTESIAN_POINT('Origin',(-23.7500002980232,-32.0000004097819,-5.81383605880682));
#7328=CARTESIAN_POINT('Origin',(-21.3750002980232,-34.3750004097819,-0.05));
#7329=CARTESIAN_POINT('',(-21.8750003054738,-34.3750004097819,-5.81383605880682));
#7330=CARTESIAN_POINT('Origin',(-21.3750002980232,-34.3750004097819,-5.81383605880682));
#7331=CARTESIAN_POINT('',(-21.8750003054738,-34.3750004097819,-6.49999985471368));
#7332=CARTESIAN_POINT('',(-21.8750003054738,-34.3750004097819,-0.05));
#7333=CARTESIAN_POINT('Origin',(-21.3750002980232,-34.3750004097819,-6.49999985471368));
#7334=CARTESIAN_POINT('Origin',(-28.5000002980232,-36.7500004097819,-0.05));
#7335=CARTESIAN_POINT('',(-28.1016189058278,-37.0521465231162,-4.42129935448357));
#7336=CARTESIAN_POINT('',(-29.0000003054738,-36.7500004097808,-4.33540667085993));
#7337=CARTESIAN_POINT('Ctrl Pts',(-28.1016189058278,-37.0521465231162,-4.42129935448357));
#7338=CARTESIAN_POINT('Ctrl Pts',(-28.1395414121025,-37.102147566249,-4.40395447708397));
#7339=CARTESIAN_POINT('Ctrl Pts',(-28.1900691759489,-37.1480469323209,-4.38540901779544));
#7340=CARTESIAN_POINT('Ctrl Pts',(-28.3059251450473,-37.2156538956442,-4.35115894609532));
#7341=CARTESIAN_POINT('Ctrl Pts',(-28.3712598695447,-37.2373500611022,-4.33545382180246));
#7342=CARTESIAN_POINT('Ctrl Pts',(-28.4966305284301,-37.2538867313421,-4.31079423689224));
#7343=CARTESIAN_POINT('Ctrl Pts',(-28.5648889432278,-37.2502997854617,-4.30011563738003));
#7344=CARTESIAN_POINT('Ctrl Pts',(-28.6946011563479,-37.2154469775886,-4.28589848141141));
#7345=CARTESIAN_POINT('Ctrl Pts',(-28.7560510446027,-37.1841657993024,-4.28236180266162));
#7346=CARTESIAN_POINT('Ctrl Pts',(-28.8567730796041,-37.1060548334372,-4.28236180266162));
#7347=CARTESIAN_POINT('Ctrl Pts',(-28.9023644062961,-37.0543244573323,-4.28589848141141));
#7348=CARTESIAN_POINT('Ctrl Pts',(-28.9684050941446,-36.937368893131,-4.30011563738003));
#7349=CARTESIAN_POINT('Ctrl Pts',(-28.9888683164043,-36.8721513041984,-4.31079423689224));
#7350=CARTESIAN_POINT('Ctrl Pts',(-28.9987531950451,-36.790443744543,-4.32684374454847));
#7351=CARTESIAN_POINT('Ctrl Pts',(-29.0000003054739,-36.7703329706351,-4.33099509554588));
#7352=CARTESIAN_POINT('Ctrl Pts',(-29.0000003054738,-36.7500004097798,-4.33540667085993));
#7353=CARTESIAN_POINT('Ctrl Pts',(-29.0000003054738,-36.7500004097798,-4.33540667085993));
#7354=CARTESIAN_POINT('Ctrl Pts',(-29.0000003054736,-36.7045474426956,-4.34526864491057));
#7355=CARTESIAN_POINT('Ctrl Pts',(-28.9936414368294,-36.6579903983339,-4.35645184020862));
#7356=CARTESIAN_POINT('Ctrl Pts',(-28.9626607230634,-36.5488943043619,-4.38540901779544));
#7357=CARTESIAN_POINT('Ctrl Pts',(-28.9307818754446,-36.4885325134705,-4.40395447708397));
#7358=CARTESIAN_POINT('Ctrl Pts',(-28.8529847685674,-36.3904120314193,-4.4385639108379));
#7359=CARTESIAN_POINT('Ctrl Pts',(-28.8017542226005,-36.3457679428416,-4.45703129238109));
#7360=CARTESIAN_POINT('Ctrl Pts',(-28.6850947285582,-36.2807463519683,-4.49113409385585));
#7361=CARTESIAN_POINT('Ctrl Pts',(-28.6196589856093,-36.260379439905,-4.50676646023615));
#7362=CARTESIAN_POINT('Ctrl Pts',(-28.495773027478,-36.2463026464061,-4.53101042097935));
#7363=CARTESIAN_POINT('Ctrl Pts',(-28.4291501277809,-36.2507090505924,-4.54142984096737));
#7364=CARTESIAN_POINT('Ctrl Pts',(-28.3026364237766,-36.2859324091575,-4.55530333700776));
#7365=CARTESIAN_POINT('Ctrl Pts',(-28.2427494733947,-36.3167656930336,-4.55875109268293));
#7366=CARTESIAN_POINT('Ctrl Pts',(-28.1444275944915,-36.3930153133545,-4.55875109268293));
#7367=CARTESIAN_POINT('Ctrl Pts',(-28.0996590741275,-36.4433434148986,-4.55530333700776));
#7368=CARTESIAN_POINT('Ctrl Pts',(-28.0340555884779,-36.5571088971863,-4.54142984096737));
#7369=CARTESIAN_POINT('Ctrl Pts',(-28.0132057667968,-36.6205384809605,-4.53101042097935));
#7370=CARTESIAN_POINT('Ctrl Pts',(-27.9960050169241,-36.7440294561009,-4.50676646023615));
#7371=CARTESIAN_POINT('Ctrl Pts',(-27.9994443860645,-36.8124751886354,-4.49113409385586));
#7372=CARTESIAN_POINT('Ctrl Pts',(-28.0333838576588,-36.9416470009545,-4.45703129238109));
#7373=CARTESIAN_POINT('Ctrl Pts',(-28.0638720119412,-37.0023770259294,-4.4385639108379));
#7374=CARTESIAN_POINT('Ctrl Pts',(-28.1016189058278,-37.0521465231162,-4.42129935448357));
#7375=CARTESIAN_POINT('',(-29.0000003054738,-36.7500004097808,-5.47348202365644));
#7376=CARTESIAN_POINT('',(-29.0000003054738,-36.7500004097819,-0.05));
#7377=CARTESIAN_POINT('',(-28.1016189058278,-37.0521465231162,-5.55937240424061));
#7378=CARTESIAN_POINT('Ctrl Pts',(-28.1016189058278,-37.0521465231162,-5.55937240424061));
#7379=CARTESIAN_POINT('Ctrl Pts',(-28.0638720161852,-37.0023770315251,-5.57663649573959));
#7380=CARTESIAN_POINT('Ctrl Pts',(-28.0333838694489,-36.9416470197522,-5.59510337794709));
#7381=CARTESIAN_POINT('Ctrl Pts',(-27.9994443994901,-36.8124752658076,-5.62920525190949));
#7382=CARTESIAN_POINT('Ctrl Pts',(-27.9960050239227,-36.7440295786343,-5.64483719023712));
#7383=CARTESIAN_POINT('Ctrl Pts',(-28.013205727214,-36.6205385992803,-5.66908050973605));
#7384=CARTESIAN_POINT('Ctrl Pts',(-28.0340555546944,-36.557108968855,-5.6794996596397));
#7385=CARTESIAN_POINT('Ctrl Pts',(-28.0996590581879,-36.4433434294567,-5.69337279323023));
#7386=CARTESIAN_POINT('Ctrl Pts',(-28.1444275897489,-36.3930153170325,-5.69682045694821));
#7387=CARTESIAN_POINT('Ctrl Pts',(-28.2427494781373,-36.3167656893556,-5.69682045694821));
#7388=CARTESIAN_POINT('Ctrl Pts',(-28.3026364418437,-36.2859323973429,-5.69337279323022));
#7389=CARTESIAN_POINT('Ctrl Pts',(-28.4291502056027,-36.25070903571,-5.6794996596397));
#7390=CARTESIAN_POINT('Ctrl Pts',(-28.4957731519263,-36.2463026375181,-5.66908050973606));
#7391=CARTESIAN_POINT('Ctrl Pts',(-28.6196591025447,-36.2603794771813,-5.64483719023712));
#7392=CARTESIAN_POINT('Ctrl Pts',(-28.6850947999603,-36.2807463841792,-5.62920525190948));
#7393=CARTESIAN_POINT('Ctrl Pts',(-28.8017542378721,-36.3457679589393,-5.59510337794709));
#7394=CARTESIAN_POINT('Ctrl Pts',(-28.8529847729307,-36.3904120369224,-5.57663649573959));
#7395=CARTESIAN_POINT('Ctrl Pts',(-28.9307818902611,-36.4885325321578,-5.54202798531775));
#7396=CARTESIAN_POINT('Ctrl Pts',(-28.9626607397067,-36.5488943418302,-5.52348301890753));
#7397=CARTESIAN_POINT('Ctrl Pts',(-28.9936414428437,-36.6579904341188,-5.49452661993296));
#7398=CARTESIAN_POINT('Ctrl Pts',(-29.0000003054736,-36.7045474652556,-5.48334372838336));
#7399=CARTESIAN_POINT('Ctrl Pts',(-29.0000003054738,-36.7500004097798,-5.47348202365644));
#7400=CARTESIAN_POINT('Ctrl Pts',(-29.0000003054738,-36.7500004097798,-5.47348202365644));
#7401=CARTESIAN_POINT('Ctrl Pts',(-29.0000003054739,-36.7703329728733,-5.4690705661443));
#7402=CARTESIAN_POINT('Ctrl Pts',(-28.9987531947566,-36.7904437469279,-5.46491932647417));
#7403=CARTESIAN_POINT('Ctrl Pts',(-28.9888683121633,-36.8721513392543,-5.44887024273593));
#7404=CARTESIAN_POINT('Ctrl Pts',(-28.9684050759006,-36.9373689380204,-5.43819192978398));
#7405=CARTESIAN_POINT('Ctrl Pts',(-28.9023643792529,-37.054324492645,-5.42397515857187));
#7406=CARTESIAN_POINT('Ctrl Pts',(-28.8567730585666,-37.1060548497519,-5.42043857774953));
#7407=CARTESIAN_POINT('Ctrl Pts',(-28.7560510656401,-37.1841657829877,-5.42043857774953));
#7408=CARTESIAN_POINT('Ctrl Pts',(-28.6946011972802,-37.2154469601855,-5.42397515857187));
#7409=CARTESIAN_POINT('Ctrl Pts',(-28.5648889912454,-37.2502997789645,-5.43819192978398));
#7410=CARTESIAN_POINT('Ctrl Pts',(-28.4966305634384,-37.2538867359598,-5.44887024273593));
#7411=CARTESIAN_POINT('Ctrl Pts',(-28.3712599037959,-37.23735006562,-5.47352916659791));
#7412=CARTESIAN_POINT('Ctrl Pts',(-28.3059251872674,-37.2156539135953,-5.48923386551417));
#7413=CARTESIAN_POINT('Ctrl Pts',(-28.1900692080957,-37.1480469577661,-5.52348301890753));
#7414=CARTESIAN_POINT('Ctrl Pts',(-28.1395414265138,-37.1021475852505,-5.54202798531775));
#7415=CARTESIAN_POINT('Ctrl Pts',(-28.1016189058278,-37.0521465231162,-5.55937240424061));
#7416=CARTESIAN_POINT('Origin',(-19.0000002980232,-36.7500004097819,-0.05));
#7417=CARTESIAN_POINT('',(-18.6051183515307,-37.0567058968292,-5.81383605880682));
#7418=CARTESIAN_POINT('',(-19.5000003054738,-36.7500004097819,-5.77569677861146));
#7419=CARTESIAN_POINT('Ctrl Pts',(-18.6051183515307,-37.0567058968292,-5.81383605880682));
#7420=CARTESIAN_POINT('Ctrl Pts',(-18.6252199522485,-37.0825866180888,-5.80495050474533));
#7421=CARTESIAN_POINT('Ctrl Pts',(-18.6482111600539,-37.106867658956,-5.79610141704171));
#7422=CARTESIAN_POINT('Ctrl Pts',(-18.7242685852737,-37.1724667123257,-5.77045854343961));
#7423=CARTESIAN_POINT('Ctrl Pts',(-18.7846057859959,-37.2057374272608,-5.75474332558537));
#7424=CARTESIAN_POINT('Ctrl Pts',(-18.9049750778194,-37.2448639662681,-5.73006860426823));
#7425=CARTESIAN_POINT('Ctrl Pts',(-18.9728052489332,-37.2537641079439,-5.71938533460596));
#7426=CARTESIAN_POINT('Ctrl Pts',(-19.1068022445445,-37.243063061434,-5.70516248198348));
#7427=CARTESIAN_POINT('Ctrl Pts',(-19.1729679843672,-37.223446166222,-5.70162450215276));
#7428=CARTESIAN_POINT('Ctrl Pts',(-19.2862911377547,-37.1648573247491,-5.70162450215276));
#7429=CARTESIAN_POINT('Ctrl Pts',(-19.3405515745234,-37.1222130671554,-5.70516248198348));
#7430=CARTESIAN_POINT('Ctrl Pts',(-19.4267549195766,-37.019069039064,-5.71938533460596));
#7431=CARTESIAN_POINT('Ctrl Pts',(-19.4587100164366,-36.9585792348004,-5.73006860426823));
#7432=CARTESIAN_POINT('Ctrl Pts',(-19.4918790671408,-36.8521804464224,-5.75179571789991));
#7433=CARTESIAN_POINT('Ctrl Pts',(-19.5000003054738,-36.8012303988713,-5.76318906874382));
#7434=CARTESIAN_POINT('Ctrl Pts',(-19.5000003054738,-36.7500004097818,-5.77569677861146));
#7435=CARTESIAN_POINT('',(-19.4785540043121,-36.6051337205542,-5.81383605880682));
#7436=CARTESIAN_POINT('Origin',(-19.0000002980232,-36.7500004097819,-5.81383605880682));
#7437=CARTESIAN_POINT('Ctrl Pts',(-19.5000003054738,-36.7500004097818,-5.77569677861146));
#7438=CARTESIAN_POINT('Ctrl Pts',(-19.5000003054738,-36.7341412303951,-5.77956876878818));
#7439=CARTESIAN_POINT('Ctrl Pts',(-19.4992437142722,-36.7182545444418,-5.78354494100644));
#7440=CARTESIAN_POINT('Ctrl Pts',(-19.4945673686399,-36.6692957396075,-5.79610141704171));
#7441=CARTESIAN_POINT('Ctrl Pts',(-19.4880486252665,-36.6364983225327,-5.80495050474533));
#7442=CARTESIAN_POINT('Ctrl Pts',(-19.4785540043121,-36.6051337205542,-5.81383605880683));
#7443=CARTESIAN_POINT('',(-19.5000003054738,-36.7500004097819,-6.49999985471368));
#7444=CARTESIAN_POINT('',(-19.5000003054738,-36.7500004097819,-0.05));
#7445=CARTESIAN_POINT('Origin',(-19.0000002980232,-36.7500004097819,-6.49999985471368));
#7446=CARTESIAN_POINT('Origin',(0.,0.,-8.44999981112778));
#7447=CARTESIAN_POINT('',(-4.88634061937974E-15,39.8999991081657,-6.49999985471364));
#7448=CARTESIAN_POINT('Origin',(0.,0.,-6.49999985471368));
#7449=CARTESIAN_POINT('',(-2.57175822072616E-15,20.9999995306134,-10.3999997675419));
#7450=CARTESIAN_POINT('',(-3.72904942005294E-15,30.4499993193895,-8.44999981112778));
#7451=CARTESIAN_POINT('Origin',(0.,0.,-10.3999997675419));
#7452=CARTESIAN_POINT('',(3.49612770891081,-39.7465346901412,-6.49999985471368));
#7453=CARTESIAN_POINT('Origin',(0.,0.,-6.49999985471368));
#7454=CARTESIAN_POINT('',(3.22,-39.72,-6.51025421674167));
#7455=CARTESIAN_POINT('Ctrl Pts',(3.49612770891082,-39.7465346901411,-6.49999985471369));
#7456=CARTESIAN_POINT('Ctrl Pts',(3.4041140983263,-39.7286856373378,-6.50533250442906));
#7457=CARTESIAN_POINT('Ctrl Pts',(3.3109259496385,-39.72,-6.50873816204004));
#7458=CARTESIAN_POINT('Ctrl Pts',(3.22,-39.72,-6.51025421674167));
#7459=CARTESIAN_POINT('',(-3.22,-39.72,-6.51025421674167));
#7460=CARTESIAN_POINT('Ctrl Pts',(3.22,-39.72,-6.51025421674167));
#7461=CARTESIAN_POINT('Ctrl Pts',(-8.93729534823251E-14,-39.72,-6.5639429179172));
#7462=CARTESIAN_POINT('Ctrl Pts',(-3.22,-39.72,-6.51025421674167));
#7463=CARTESIAN_POINT('',(-3.49612770891081,-39.7465346901412,-6.49999985471368));
#7464=CARTESIAN_POINT('Ctrl Pts',(-3.22,-39.72,-6.51025421674167));
#7465=CARTESIAN_POINT('Ctrl Pts',(-3.31089994990532,-39.72,-6.50873859554684));
#7466=CARTESIAN_POINT('Ctrl Pts',(-3.40409227040164,-39.7286814030971,-6.50533376946665));
#7467=CARTESIAN_POINT('Ctrl Pts',(-3.49612770891082,-39.7465346901411,-6.49999985471369));
#7468=CARTESIAN_POINT('Origin',(0.,0.,-6.49999985471368));
#7469=CARTESIAN_POINT('Origin',(0.,0.,-6.49999985471368));
#7470=CARTESIAN_POINT('Origin',(0.,0.,-6.49999985471368));
#7471=CARTESIAN_POINT('Origin',(0.,-41.4650440829207,-5.81383605880682));
#7472=CARTESIAN_POINT('',(-37.3913088174544,13.9247963629407,-5.81383605880682));
#7473=CARTESIAN_POINT('Origin',(0.,0.,-5.81383605880682));
#7474=CARTESIAN_POINT('',(-38.8440922948638,14.5081485581953,-5.81383605880682));
#7475=CARTESIAN_POINT('Origin',(-37.,17.,-5.81383605880682));
#7476=CARTESIAN_POINT('',(-36.520187228441,-19.6373573985447,-5.81383605880682));
#7477=CARTESIAN_POINT('Origin',(0.,0.,-5.81383605880682));
#7478=CARTESIAN_POINT('',(-34.0523390756559,-23.6598411718067,-5.81383605880682));
#7479=CARTESIAN_POINT('Origin',(-37.,-22.7,-5.81383605880682));
#7480=CARTESIAN_POINT('Origin',(0.,0.,-5.81383605880682));
#7481=CARTESIAN_POINT('Origin',(0.,0.,-5.81383605880682));
#7482=CARTESIAN_POINT('Origin',(0.,0.,-5.81383605880682));
#7483=CARTESIAN_POINT('Origin',(0.,0.,-5.81383605880682));
#7484=CARTESIAN_POINT('',(-4.67,-41.2012254769025,-5.81383605880682));
#7485=CARTESIAN_POINT('Origin',(0.,0.,-5.81383605880682));
#7486=CARTESIAN_POINT('',(-4.67,-41.17,-5.81383605880682));
#7487=CARTESIAN_POINT('',(-4.67000000000001,-41.6475220414603,-5.81383605880682));
#7488=CARTESIAN_POINT('',(-3.49612770891081,-39.7465346901412,-5.81383605880682));
#7489=CARTESIAN_POINT('Origin',(-3.22,-41.17,-5.81383605880682));
#7490=CARTESIAN_POINT('Origin',(0.,0.,-5.81383605880682));
#7491=CARTESIAN_POINT('Origin',(0.,0.,-5.81383605880682));
#7492=CARTESIAN_POINT('Origin',(0.,0.,-5.81383605880682));
#7493=CARTESIAN_POINT('Origin',(0.,-43.0999990366399,-6.49999985471368));
#7494=CARTESIAN_POINT('Origin',(0.,0.,-6.49999985471368));
#7495=CARTESIAN_POINT('',(-35.0373939851433,-25.0996203096423,-6.49999985471368));
#7496=CARTESIAN_POINT('Origin',(0.,0.,-6.49999985471368));
#7497=CARTESIAN_POINT('',(-36.0073102868656,-23.6872016680685,-6.49999985471368));
#7498=CARTESIAN_POINT('Origin',(0.,0.,-6.49999985471368));
#7499=CARTESIAN_POINT('',(-37.4303118028655,-21.3677718842801,-6.49999985471368));
#7500=CARTESIAN_POINT('Origin',(0.,0.,-6.49999985471368));
#7501=CARTESIAN_POINT('',(-38.2500123734636,-19.8631938617193,-6.49999985471368));
#7502=CARTESIAN_POINT('Origin',(0.,0.,-6.49999985471368));
#7503=CARTESIAN_POINT('',(-39.972245220402,16.1192285484886,-6.49999985471368));
#7504=CARTESIAN_POINT('Origin',(0.,0.,-6.49999985471368));
#7505=CARTESIAN_POINT('',(-38.2678011773419,19.8289008775018,-6.49999985471368));
#7506=CARTESIAN_POINT('Origin',(0.,0.,-6.49999985471368));
#7507=CARTESIAN_POINT('',(-5.27822758634749E-15,43.0999990366398,-6.49999985471373));
#7508=CARTESIAN_POINT('Origin',(0.,0.,-6.49999985471368));
#7509=CARTESIAN_POINT('',(10.7613795753364,41.7349089683193,-6.49999985471368));
#7510=CARTESIAN_POINT('Origin',(0.,0.,-6.49999985471368));
#7511=CARTESIAN_POINT('',(12.9904798884999,41.0957096206507,-6.49999985471368));
#7512=CARTESIAN_POINT('Origin',(0.,0.,-6.49999985471368));
#7513=CARTESIAN_POINT('',(14.0186657956304,40.756434170187,-6.49999985471368));
#7514=CARTESIAN_POINT('Origin',(0.,0.,-6.49999985471368));
#7515=CARTESIAN_POINT('',(16.19042503195,39.9434607194115,-6.49999985471368));
#7516=CARTESIAN_POINT('Origin',(0.,0.,-6.49999985471368));
#7517=CARTESIAN_POINT('',(29.1715357329891,-31.727455301951,-6.49999985471368));
#7518=CARTESIAN_POINT('Origin',(0.,0.,-6.49999985471368));
#7519=CARTESIAN_POINT('',(27.8417961166273,-32.9005213630197,-6.49999985471368));
#7520=CARTESIAN_POINT('Origin',(0.,0.,-6.49999985471368));
#7521=CARTESIAN_POINT('',(25.8094582311297,-34.5178473079353,-6.49999985471368));
#7522=CARTESIAN_POINT('Origin',(0.,0.,-6.49999985471368));
#7523=CARTESIAN_POINT('',(24.3677863511108,-35.5502588641065,-6.49999985471368));
#7524=CARTESIAN_POINT('Origin',(0.,0.,-6.49999985471368));
#7525=CARTESIAN_POINT('',(4.20464156895248,-42.8944157931426,-6.49999985471368));
#7526=CARTESIAN_POINT('Origin',(0.,0.,-6.49999985471368));
#7527=CARTESIAN_POINT('',(4.67,-41.83,-6.49999985471368));
#7528=CARTESIAN_POINT('Origin',(3.22,-41.83,-6.49999985471368));
#7529=CARTESIAN_POINT('',(4.67,-41.17,-6.49999985471368));
#7530=CARTESIAN_POINT('',(4.67,-42.13499951832,-6.49999985471368));
#7531=CARTESIAN_POINT('Origin',(3.22,-41.17,-6.49999985471368));
#7532=CARTESIAN_POINT('',(-4.67,-41.17,-6.49999985471368));
#7533=CARTESIAN_POINT('Origin',(-3.22,-41.17,-6.49999985471368));
#7534=CARTESIAN_POINT('',(-4.67,-41.83,-6.49999985471368));
#7535=CARTESIAN_POINT('',(-4.67000000000001,-42.4649995183199,-6.49999985471368));
#7536=CARTESIAN_POINT('',(-4.20464156895248,-42.8944157931426,-6.49999985471368));
#7537=CARTESIAN_POINT('Origin',(-3.22,-41.83,-6.49999985471368));
#7538=CARTESIAN_POINT('Origin',(0.,0.,-6.49999985471368));
#7539=CARTESIAN_POINT('Origin',(48.0000006258488,-20.0000005066395,-0.05));
#7540=CARTESIAN_POINT('',(48.5367428021137,-18.5993193022898,-2.90806772256643));
#7541=CARTESIAN_POINT('',(46.5000006258488,-20.0000005066395,-3.28387103841884));
#7542=CARTESIAN_POINT('Ctrl Pts',(48.5367428021137,-18.5993193022898,-2.90806772256643));
#7543=CARTESIAN_POINT('Ctrl Pts',(48.7146342702233,-18.6674874574957,-2.85541409693805));
#7544=CARTESIAN_POINT('Ctrl Pts',(48.890960548439,-18.7762417777804,-2.79916280845333));
#7545=CARTESIAN_POINT('Ctrl Pts',(49.1847494932469,-19.0577876246123,-2.69539720968547));
#7546=CARTESIAN_POINT('Ctrl Pts',(49.3021820641118,-19.2306064652289,-2.64787180530673));
#7547=CARTESIAN_POINT('Ctrl Pts',(49.4534720661883,-19.5834796951841,-2.57327679896777));
#7548=CARTESIAN_POINT('Ctrl Pts',(49.4985652026713,-19.7859778895543,-2.54105074337484));
#7549=CARTESIAN_POINT('Ctrl Pts',(49.5013652070824,-20.1934064643275,-2.49816651656923));
#7550=CARTESIAN_POINT('Ctrl Pts',(49.4590272603454,-20.3983365860431,-2.48750297348425));
#7551=CARTESIAN_POINT('Ctrl Pts',(49.3102047555469,-20.7555105931684,-2.48750297348425));
#7552=CARTESIAN_POINT('Ctrl Pts',(49.1945041685565,-20.9298729477359,-2.49816651656922));
#7553=CARTESIAN_POINT('Ctrl Pts',(48.9032341690417,-21.2147723527004,-2.54105074337484));
#7554=CARTESIAN_POINT('Ctrl Pts',(48.727696496089,-21.3253410420089,-2.57327679896777));
#7555=CARTESIAN_POINT('Ctrl Pts',(48.3706059750842,-21.4663890514095,-2.64787180530673));
#7556=CARTESIAN_POINT('Ctrl Pts',(48.1652051652415,-21.5046939817443,-2.69539720968547));
#7557=CARTESIAN_POINT('Ctrl Pts',(47.758421815912,-21.4943347024304,-2.79916280845333));
#7558=CARTESIAN_POINT('Ctrl Pts',(47.5570410734854,-21.4457110955128,-2.85541409693805));
#7559=CARTESIAN_POINT('Ctrl Pts',(47.2145761765315,-21.2912775337385,-2.95924672469577));
#7560=CARTESIAN_POINT('Ctrl Pts',(47.0488494760598,-21.1766707012797,-3.01403567223603));
#7561=CARTESIAN_POINT('Ctrl Pts',(46.7759968639358,-20.8894138316322,-3.11533057134425));
#7562=CARTESIAN_POINT('Ctrl Pts',(46.6688943099478,-20.7167353931811,-3.16181889444563));
#7563=CARTESIAN_POINT('Ctrl Pts',(46.5375477232676,-20.3769711487674,-3.23291417512522));
#7564=CARTESIAN_POINT('Ctrl Pts',(46.5000006258488,-20.1890412739925,-3.26322693982994));
#7565=CARTESIAN_POINT('Ctrl Pts',(46.5000006258488,-20.0000005066395,-3.28387103841884));
#7566=CARTESIAN_POINT('Ctrl Pts',(46.5000006258488,-20.0000005066395,-3.28387103841884));
#7567=CARTESIAN_POINT('Ctrl Pts',(46.5000006258488,-19.994375305547,-3.2844853355758));
#7568=CARTESIAN_POINT('Ctrl Pts',(46.5000322700469,-19.988749164711,-3.2850914821606));
#7569=CARTESIAN_POINT('Ctrl Pts',(46.5022865696601,-19.7884129696544,-3.30638102802207));
#7570=CARTESIAN_POINT('Ctrl Pts',(46.5444788801415,-19.5932526942448,-3.31667083119262));
#7571=CARTESIAN_POINT('Ctrl Pts',(46.6862916073612,-19.2529021531016,-3.31667083119262));
#7572=CARTESIAN_POINT('Ctrl Pts',(46.7951575739221,-19.0855225680666,-3.30638102802207));
#7573=CARTESIAN_POINT('Ctrl Pts',(47.0685829022155,-18.8082045079469,-3.26499777510635));
#7574=CARTESIAN_POINT('Ctrl Pts',(47.2331071434473,-18.6982268816025,-3.23393466223653));
#7575=CARTESIAN_POINT('Ctrl Pts',(47.5716369390536,-18.550153109962,-3.16181889444563));
#7576=CARTESIAN_POINT('Ctrl Pts',(47.7696642562482,-18.5046121193999,-3.11533057134425));
#7577=CARTESIAN_POINT('Ctrl Pts',(48.1657606184555,-18.4960839924836,-3.01403567223603));
#7578=CARTESIAN_POINT('Ctrl Pts',(48.3638333829327,-18.5330602722838,-2.95924672469577));
#7579=CARTESIAN_POINT('Ctrl Pts',(48.5367428021137,-18.5993193022898,-2.90806772256643));
#7580=CARTESIAN_POINT('',(46.5000006258488,-20.0000005066395,-4.42197458602732));
#7581=CARTESIAN_POINT('',(46.5000006258488,-20.0000005066395,-0.05));
#7582=CARTESIAN_POINT('',(48.5367428021136,-18.5993193022898,-4.04618134658459));
#7583=CARTESIAN_POINT('Ctrl Pts',(48.5367428021136,-18.5993193022898,-4.04618134658459));
#7584=CARTESIAN_POINT('Ctrl Pts',(48.363833404606,-18.533060280589,-4.09735897003712));
#7585=CARTESIAN_POINT('Ctrl Pts',(48.165760685911,-18.4960840112225,-4.15214643565512));
#7586=CARTESIAN_POINT('Ctrl Pts',(47.7696644944356,-18.5046120940804,-4.25343857914706));
#7587=CARTESIAN_POINT('Ctrl Pts',(47.5716373024146,-18.5501530285618,-4.29992562910606));
#7588=CARTESIAN_POINT('Ctrl Pts',(47.2331074564358,-18.6982266702961,-4.3720394899146));
#7589=CARTESIAN_POINT('Ctrl Pts',(47.0685830843774,-18.8082043511537,-4.40310179816358));
#7590=CARTESIAN_POINT('Ctrl Pts',(46.7951576041162,-19.0855225094804,-4.44448397053082));
#7591=CARTESIAN_POINT('Ctrl Pts',(46.6862916144979,-19.2529021359735,-4.45477349934066));
#7592=CARTESIAN_POINT('Ctrl Pts',(46.5444788730048,-19.5932527113729,-4.45477349934066));
#7593=CARTESIAN_POINT('Ctrl Pts',(46.5022865493214,-19.788413032347,-4.44448397053083));
#7594=CARTESIAN_POINT('Ctrl Pts',(46.5000322694803,-19.9887492654802,-4.42319498618896));
#7595=CARTESIAN_POINT('Ctrl Pts',(46.5000006258488,-19.9943753559033,-4.42258886121416));
#7596=CARTESIAN_POINT('Ctrl Pts',(46.5000006258488,-20.0000005066395,-4.42197458602732));
#7597=CARTESIAN_POINT('Ctrl Pts',(46.5000006258488,-20.0000005066395,-4.42197458602732));
#7598=CARTESIAN_POINT('Ctrl Pts',(46.5000006258488,-20.1890414157872,-4.40133102548418));
#7599=CARTESIAN_POINT('Ctrl Pts',(46.5375477797083,-20.376971478359,-4.37101903829419));
#7600=CARTESIAN_POINT('Ctrl Pts',(46.6688945080066,-20.7167357085062,-4.29992562910607));
#7601=CARTESIAN_POINT('Ctrl Pts',(46.7759970136753,-20.8894140185879,-4.25343857914706));
#7602=CARTESIAN_POINT('Ctrl Pts',(47.0488495368637,-21.1766707359823,-4.15214643565512));
#7603=CARTESIAN_POINT('Ctrl Pts',(47.2145761976899,-21.2912775432797,-4.09735897003712));
#7604=CARTESIAN_POINT('Ctrl Pts',(47.5570411403426,-21.4457111256619,-3.99352911248719));
#7605=CARTESIAN_POINT('Ctrl Pts',(47.7584219397514,-21.4943347234449,-3.93727931895026));
#7606=CARTESIAN_POINT('Ctrl Pts',(48.1652053045907,-21.5046939674324,-3.83351650248835));
#7607=CARTESIAN_POINT('Ctrl Pts',(48.3706060729958,-21.4663890127352,-3.78599238550197));
#7608=CARTESIAN_POINT('Ctrl Pts',(48.7276965953148,-21.3253410028155,-3.71139937900346));
#7609=CARTESIAN_POINT('Ctrl Pts',(48.9032342855814,-21.2147722650144,-3.67917418831195));
#7610=CARTESIAN_POINT('Ctrl Pts',(49.1945042499834,-20.9298728417853,-3.63629112201997));
#7611=CARTESIAN_POINT('Ctrl Pts',(49.3102047863211,-20.7555105193104,-3.62562787409985));
#7612=CARTESIAN_POINT('Ctrl Pts',(49.4590272295712,-20.3983366599012,-3.62562787409985));
#7613=CARTESIAN_POINT('Ctrl Pts',(49.5013651891872,-20.1934065967498,-3.63629112201997));
#7614=CARTESIAN_POINT('Ctrl Pts',(49.4985652224695,-19.7859780340478,-3.67917418831195));
#7615=CARTESIAN_POINT('Ctrl Pts',(49.4534721082277,-19.5834797932381,-3.71139937900346));
#7616=CARTESIAN_POINT('Ctrl Pts',(49.3021821055944,-19.2306065619842,-3.78599238550197));
#7617=CARTESIAN_POINT('Ctrl Pts',(49.1847495812062,-19.0577877336362,-3.83351650248835));
#7618=CARTESIAN_POINT('Ctrl Pts',(48.890960650561,-18.7762418509166,-3.93727931895026));
#7619=CARTESIAN_POINT('Ctrl Pts',(48.7146343387079,-18.6674874837391,-3.99352911248718));
#7620=CARTESIAN_POINT('Ctrl Pts',(48.5367428021137,-18.5993193022898,-4.04618134658459));
#7621=CARTESIAN_POINT('Origin',(49.9999991059303,-7.45058012507904E-8,-0.05));
#7622=CARTESIAN_POINT('',(49.9549991060187,1.49932479591528,-3.46108609386504));
#7623=CARTESIAN_POINT('',(51.4999991282821,-7.45058012507904E-8,-3.04028199975281));
#7624=CARTESIAN_POINT('Ctrl Pts',(49.9549991060187,1.49932479591528,-3.46108609386504));
#7625=CARTESIAN_POINT('Ctrl Pts',(50.1455615604335,1.50504424378211,-3.40839295592061));
#7626=CARTESIAN_POINT('Ctrl Pts',(50.3503356426524,1.47265662492733,-3.35210247865605));
#7627=CARTESIAN_POINT('Ctrl Pts',(50.730207156494,1.32598998174646,-3.24827221426477));
#7628=CARTESIAN_POINT('Ctrl Pts',(50.9052871712679,1.21167415123552,-3.20072070149812));
#7629=CARTESIAN_POINT('Ctrl Pts',(51.1810235880357,0.944089386187196,-3.12608635499998));
#7630=CARTESIAN_POINT('Ctrl Pts',(51.3006934278219,0.77443796397088,-3.09384814453458));
#7631=CARTESIAN_POINT('Ctrl Pts',(51.4602018648843,0.399209013371733,-3.05094899777526));
#7632=CARTESIAN_POINT('Ctrl Pts',(51.4999991285706,0.193614608610265,-3.04028199975281));
#7633=CARTESIAN_POINT('Ctrl Pts',(51.4999991282821,-7.67409751370463E-8,
-3.04028199975281));
#7634=CARTESIAN_POINT('Ctrl Pts',(51.4999991282821,-7.67409756227688E-8,
-3.04028199975281));
#7635=CARTESIAN_POINT('Ctrl Pts',(51.4999991279936,-0.193614762092216,-3.04028199975281));
#7636=CARTESIAN_POINT('Ctrl Pts',(51.4602018636946,-0.39920916673508,-3.05094899777526));
#7637=CARTESIAN_POINT('Ctrl Pts',(51.3006934255139,-0.774438116858856,-3.09384814453458));
#7638=CARTESIAN_POINT('Ctrl Pts',(51.1810235852221,-0.944089538718525,-3.12608635499998));
#7639=CARTESIAN_POINT('Ctrl Pts',(50.9052871676569,-1.21167430294509,-3.20072070149812));
#7640=CARTESIAN_POINT('Ctrl Pts',(50.7302071525423,-1.32599013293425,-3.24827221426477));
#7641=CARTESIAN_POINT('Ctrl Pts',(50.3503356382635,-1.47265677498302,-3.35210247865605));
#7642=CARTESIAN_POINT('Ctrl Pts',(50.1455615559481,-1.50504439322752,-3.40839295592061));
#7643=CARTESIAN_POINT('Ctrl Pts',(49.7700541066265,-1.49377409604307,-3.51222592705232));
#7644=CARTESIAN_POINT('Ctrl Pts',(49.5731862079602,-1.45155629883029,-3.56697573878716));
#7645=CARTESIAN_POINT('Ctrl Pts',(49.2112395731859,-1.29114032152253,-3.66820590099934));
#7646=CARTESIAN_POINT('Ctrl Pts',(49.0461713521552,-1.17290696736575,-3.71466810467218));
#7647=CARTESIAN_POINT('Ctrl Pts',(48.7909891242975,-0.906081185004861,-3.78674459157991));
#7648=CARTESIAN_POINT('Ctrl Pts',(48.681576406136,-0.74136505171477,-3.81779526312443));
#7649=CARTESIAN_POINT('Ctrl Pts',(48.5360575953228,-0.380441528413918,-3.85916343944093));
#7650=CARTESIAN_POINT('Ctrl Pts',(48.4999990833041,-0.18421139554764,-3.86944986981674));
#7651=CARTESIAN_POINT('Ctrl Pts',(48.4999990838531,0.184211251006386,-3.86944986981674));
#7652=CARTESIAN_POINT('Ctrl Pts',(48.5360575964566,0.380441383765203,-3.85916343944092));
#7653=CARTESIAN_POINT('Ctrl Pts',(48.6815764083454,0.741364906632378,-3.81779526312442));
#7654=CARTESIAN_POINT('Ctrl Pts',(48.7909891269978,0.906081039596388,-3.78674459157991));
#7655=CARTESIAN_POINT('Ctrl Pts',(49.0461713556508,1.17290682119677,-3.71466810467218));
#7656=CARTESIAN_POINT('Ctrl Pts',(49.2112395770338,1.29114017486161,-3.66820590099934));
#7657=CARTESIAN_POINT('Ctrl Pts',(49.5731862122862,1.45155615109069,-3.56697573878716));
#7658=CARTESIAN_POINT('Ctrl Pts',(49.7700541110783,1.49377394771676,-3.51222592705232));
#7659=CARTESIAN_POINT('Ctrl Pts',(49.9549991060187,1.49932479591528,-3.46108609386504));
#7660=CARTESIAN_POINT('',(51.4999991282821,-7.56233889398494E-8,-4.17839207871118));
#7661=CARTESIAN_POINT('',(51.4999991282821,-7.45058012507904E-8,-0.05));
#7662=CARTESIAN_POINT('',(49.9549991060187,1.49932479591528,-4.59918488980842));
#7663=CARTESIAN_POINT('Ctrl Pts',(49.9549991060187,1.49932479591528,-4.59918488980842));
#7664=CARTESIAN_POINT('Ctrl Pts',(49.7700541344146,1.49377394841716,-4.65032334533136));
#7665=CARTESIAN_POINT('Ctrl Pts',(49.573186281966,1.45155615987132,-4.70507167617019));
#7666=CARTESIAN_POINT('Ctrl Pts',(49.2112397873198,1.29114029016274,-4.80629908448506));
#7667=CARTESIAN_POINT('Ctrl Pts',(49.0461716598008,1.17290703648935,-4.8527600157192));
#7668=CARTESIAN_POINT('Ctrl Pts',(48.7909893346335,0.906081355291551,-4.92483459671263));
#7669=CARTESIAN_POINT('Ctrl Pts',(48.6815765161935,0.741365121617422,-4.95588446399573));
#7670=CARTESIAN_POINT('Ctrl Pts',(48.5360576018034,0.380441449531995,-4.99725156019663));
#7671=CARTESIAN_POINT('Ctrl Pts',(48.4999990838531,0.184211269597405,-5.00753771630722));
#7672=CARTESIAN_POINT('Ctrl Pts',(48.4999990833041,-0.184211414138659,-5.00753771630722));
#7673=CARTESIAN_POINT('Ctrl Pts',(48.5360576006696,-0.380441594180718,-4.99725156019663));
#7674=CARTESIAN_POINT('Ctrl Pts',(48.681576513984,-0.741365266699821,-4.95588446399573));
#7675=CARTESIAN_POINT('Ctrl Pts',(48.7909893319332,-0.906081500700024,-4.92483459671263));
#7676=CARTESIAN_POINT('Ctrl Pts',(49.0461716563053,-1.17290718265833,-4.85276001571919));
#7677=CARTESIAN_POINT('Ctrl Pts',(49.2112397834718,-1.29114043682366,-4.80629908448506));
#7678=CARTESIAN_POINT('Ctrl Pts',(49.57318627764,-1.45155630761092,-4.70507167617019));
#7679=CARTESIAN_POINT('Ctrl Pts',(49.7700541299628,-1.49377409674347,-4.65032334533136));
#7680=CARTESIAN_POINT('Ctrl Pts',(50.1455616293709,-1.5050443954312,-4.5464931444226));
#7681=CARTESIAN_POINT('Ctrl Pts',(50.3503357608486,-1.47265674682946,-4.49020416314564));
#7682=CARTESIAN_POINT('Ctrl Pts',(50.7302072758556,-1.32599006614755,-4.3863766828046));
#7683=CARTESIAN_POINT('Ctrl Pts',(50.9052872432785,-1.21167422955902,-4.33882645814738));
#7684=CARTESIAN_POINT('Ctrl Pts',(51.181023661818,-0.944089464386993,-4.26419411255536));
#7685=CARTESIAN_POINT('Ctrl Pts',(51.3006934994256,-0.774437991096274,-4.23195676732483));
#7686=CARTESIAN_POINT('Ctrl Pts',(51.4602018981343,-0.399209037610839,-4.1890587814794));
#7687=CARTESIAN_POINT('Ctrl Pts',(51.4999991279936,-0.193614682069753,-4.17839207871118));
#7688=CARTESIAN_POINT('Ctrl Pts',(51.4999991282821,-7.67409765595195E-8,
-4.17839207871118));
#7689=CARTESIAN_POINT('Ctrl Pts',(51.4999991282821,-7.67409766982974E-8,
-4.17839207871118));
#7690=CARTESIAN_POINT('Ctrl Pts',(51.4999991285706,0.1936145285878,-4.17839207871118));
#7691=CARTESIAN_POINT('Ctrl Pts',(51.460201899324,0.399208884247481,-4.1890587814794));
#7692=CARTESIAN_POINT('Ctrl Pts',(51.3006935017337,0.774437838208295,-4.23195676732483));
#7693=CARTESIAN_POINT('Ctrl Pts',(51.1810236646316,0.944089311855663,-4.26419411255536));
#7694=CARTESIAN_POINT('Ctrl Pts',(50.9052872468896,1.21167407784945,-4.33882645814738));
#7695=CARTESIAN_POINT('Ctrl Pts',(50.7302072798074,1.32598991495977,-4.3863766828046));
#7696=CARTESIAN_POINT('Ctrl Pts',(50.3503357652374,1.47265659677378,-4.49020416314565));
#7697=CARTESIAN_POINT('Ctrl Pts',(50.1455616338562,1.50504424598578,-4.54649314442259));
#7698=CARTESIAN_POINT('Ctrl Pts',(49.9549991060187,1.49932479591528,-4.59918488980842));
#7699=CARTESIAN_POINT('Origin',(-55.0000008195639,-2.5000000372529,-0.05));
#7700=CARTESIAN_POINT('',(-54.8910898674792,-3.9960409697047,-2.0628718322947));
#7701=CARTESIAN_POINT('',(-56.5000008419156,-2.5000000372529,-1.64305555352564));
#7702=CARTESIAN_POINT('Ctrl Pts',(-54.8910898674792,-3.9960409697047,-2.0628718322947));
#7703=CARTESIAN_POINT('Ctrl Pts',(-55.080894487625,-4.00985864102755,-2.01027303997534));
#7704=CARTESIAN_POINT('Ctrl Pts',(-55.2865115687337,-3.98634647210734,-1.95407614823943));
#7705=CARTESIAN_POINT('Ctrl Pts',(-55.6717334147492,-3.85649900115303,-1.85040031834255));
#7706=CARTESIAN_POINT('Ctrl Pts',(-55.8513227870873,-3.7501261985555,-1.80291115828582));
#7707=CARTESIAN_POINT('Ctrl Pts',(-56.1380532221769,-3.49540425352028,-1.72837074463115));
#7708=CARTESIAN_POINT('Ctrl Pts',(-56.2649100455645,-3.33151980253366,-1.69616155426501));
#7709=CARTESIAN_POINT('Ctrl Pts',(-56.4407427638708,-2.96441700377429,-1.65329801937531));
#7710=CARTESIAN_POINT('Ctrl Pts',(-56.4896778300713,-2.76117961665322,-1.64263926284467));
#7711=CARTESIAN_POINT('Ctrl Pts',(-56.4994778320414,-2.54557957331147,-1.64263926284467));
#7712=CARTESIAN_POINT('Ctrl Pts',(-56.5000008419156,-2.52285985653632,-1.64277626002611));
#7713=CARTESIAN_POINT('Ctrl Pts',(-56.5000008419156,-2.5000000372529,-1.64305555352564));
#7714=CARTESIAN_POINT('Ctrl Pts',(-56.5000008419156,-2.5000000372529,-1.64305555352564));
#7715=CARTESIAN_POINT('Ctrl Pts',(-56.5000008419156,-2.32698243191791,-1.64516942380061));
#7716=CARTESIAN_POINT('Ctrl Pts',(-56.4686596667343,-2.14594087207837,-1.65579920771628));
#7717=CARTESIAN_POINT('Ctrl Pts',(-56.3351307697302,-1.78666387088883,-1.69616155426501));
#7718=CARTESIAN_POINT('Ctrl Pts',(-56.2236649349821,-1.61194657180513,-1.72837074463114));
#7719=CARTESIAN_POINT('Ctrl Pts',(-55.9612256884528,-1.3322623685145,-1.80291115828581));
#7720=CARTESIAN_POINT('Ctrl Pts',(-55.792027206958,-1.21003557256094,-1.85040031834255));
#7721=CARTESIAN_POINT('Ctrl Pts',(-55.4201738813837,-1.04577559380709,-1.95407614823943));
#7722=CARTESIAN_POINT('Ctrl Pts',(-55.2175377685115,-1.00370646152411,-2.01027303997535));
#7723=CARTESIAN_POINT('Ctrl Pts',(-54.8419261813179,-0.996878852175247,
-2.1141052079244));
#7724=CARTESIAN_POINT('Ctrl Pts',(-54.6429091856882,-1.02969207064955,-2.1689484711127));
#7725=CARTESIAN_POINT('Ctrl Pts',(-54.2731175936258,-1.17298807729928,-2.27033320673611));
#7726=CARTESIAN_POINT('Ctrl Pts',(-54.1023521938768,-1.2835065561167,-2.31685777444486));
#7727=CARTESIAN_POINT('Ctrl Pts',(-53.8344625853352,-1.53857748787614,-2.38902806744012));
#7728=CARTESIAN_POINT('Ctrl Pts',(-53.7173006407568,-1.69832977725794,-2.42010845020065));
#7729=CARTESIAN_POINT('Ctrl Pts',(-53.5550103864706,-2.05278912036519,-2.46151264074715));
#7730=CARTESIAN_POINT('Ctrl Pts',(-53.5099283399753,-2.2475207776372,-2.47180713290861));
#7731=CARTESIAN_POINT('Ctrl Pts',(-53.4931676338642,-2.61625631208277,-2.47180713290861));
#7732=CARTESIAN_POINT('Ctrl Pts',(-53.5203973978585,-2.8142748698316,-2.46151264074714));
#7733=CARTESIAN_POINT('Ctrl Pts',(-53.6498612777008,-3.18199576449013,-2.42010845020065));
#7734=CARTESIAN_POINT('Ctrl Pts',(-53.7520470890381,-3.35171840641356,-2.38902806744012));
#7735=CARTESIAN_POINT('Ctrl Pts',(-53.9956915424982,-3.6300408864458,-2.31685777444486));
#7736=CARTESIAN_POINT('Ctrl Pts',(-54.1557263363349,-3.75559573769892,-2.27033320673611));
#7737=CARTESIAN_POINT('Ctrl Pts',(-54.5109929645278,-3.93184893617845,-2.16894847111271));
#7738=CARTESIAN_POINT('Ctrl Pts',(-54.7062124022108,-3.9825819925306,-2.1141052079244));
#7739=CARTESIAN_POINT('Ctrl Pts',(-54.8910898674792,-3.9960409697047,-2.0628718322947));
#7740=CARTESIAN_POINT('',(-56.5000008419156,-2.5000000372529,-2.78120309629952));
#7741=CARTESIAN_POINT('',(-56.5000008419156,-2.5000000372529,-0.05));
#7742=CARTESIAN_POINT('',(-54.8910898674792,-3.9960409697047,-3.20100811853986));
#7743=CARTESIAN_POINT('Ctrl Pts',(-54.8910898674792,-3.9960409697047,-3.20100811853986));
#7744=CARTESIAN_POINT('Ctrl Pts',(-54.7062124251705,-3.98258199420206,-3.25224011408724));
#7745=CARTESIAN_POINT('Ctrl Pts',(-54.5109930332601,-3.93184894777359,-3.30708189392893));
#7746=CARTESIAN_POINT('Ctrl Pts',(-54.1557265408239,-3.75559586165304,-3.40846387155048));
#7747=CARTESIAN_POINT('Ctrl Pts',(-53.9956918364881,-3.63004111436905,-3.45498716514038));
#7748=CARTESIAN_POINT('Ctrl Pts',(-53.7520472821652,-3.35171873058558,-3.52715554967073));
#7749=CARTESIAN_POINT('Ctrl Pts',(-53.6498613756876,-3.18199598369598,-3.55823512731157));
#7750=CARTESIAN_POINT('Ctrl Pts',(-53.5203974002014,-2.81427493559581,-3.59963823670857));
#7751=CARTESIAN_POINT('Ctrl Pts',(-53.4931676330238,-2.61625633056974,-3.60993245437659));
#7752=CARTESIAN_POINT('Ctrl Pts',(-53.5099283408156,-2.24752075915024,-3.60993245437659));
#7753=CARTESIAN_POINT('Ctrl Pts',(-53.5550103947701,-2.05278905508471,-3.59963823670857));
#7754=CARTESIAN_POINT('Ctrl Pts',(-53.7173007582263,-1.69832956784555,-3.55823512731157));
#7755=CARTESIAN_POINT('Ctrl Pts',(-53.8344628070754,-1.53857718256171,-3.52715554967073));
#7756=CARTESIAN_POINT('Ctrl Pts',(-54.102352507332,-1.28350635580459,-3.45498716514038));
#7757=CARTESIAN_POINT('Ctrl Pts',(-54.2731178085168,-1.1729879724079,-3.40846387155048));
#7758=CARTESIAN_POINT('Ctrl Pts',(-54.642909255189,-1.02969206533774,-3.30708189392893));
#7759=CARTESIAN_POINT('Ctrl Pts',(-54.8419262043346,-0.996878852593628,
-3.25224011408724));
#7760=CARTESIAN_POINT('Ctrl Pts',(-55.2175378416804,-1.00370646285413,-3.14841071632536));
#7761=CARTESIAN_POINT('Ctrl Pts',(-55.4201740021036,-1.04577562766538,-3.09221531809393));
#7762=CARTESIAN_POINT('Ctrl Pts',(-55.792027326661,-1.2100356449055,-2.98854226808164));
#7763=CARTESIAN_POINT('Ctrl Pts',(-55.9612257603894,-1.33226244517809,-2.94105439442178));
#7764=CARTESIAN_POINT('Ctrl Pts',(-56.2236650079384,-1.61194664955536,-2.8665159791287));
#7765=CARTESIAN_POINT('Ctrl Pts',(-56.3351308377069,-1.78666399987413,-2.83430765320129));
#7766=CARTESIAN_POINT('Ctrl Pts',(-56.4686596942881,-2.14594099383839,-2.79394639990081));
#7767=CARTESIAN_POINT('Ctrl Pts',(-56.5000008419156,-2.32698250435442,-2.78331690901032));
#7768=CARTESIAN_POINT('Ctrl Pts',(-56.5000008419156,-2.5000000372529,-2.78120309629952));
#7769=CARTESIAN_POINT('Ctrl Pts',(-56.5000008419156,-2.5000000372529,-2.78120309629952));
#7770=CARTESIAN_POINT('Ctrl Pts',(-56.5000008419156,-2.52285985706496,-2.78092381028222));
#7771=CARTESIAN_POINT('Ctrl Pts',(-56.4994778320171,-2.5455795738455,-2.78078681678054));
#7772=CARTESIAN_POINT('Ctrl Pts',(-56.4896778337039,-2.76117953673606,-2.78078681678054));
#7773=CARTESIAN_POINT('Ctrl Pts',(-56.440742804074,-2.96441687635746,-2.79144527827014));
#7774=CARTESIAN_POINT('Ctrl Pts',(-56.2649101249627,-3.33151968024723,-2.83430765320129));
#7775=CARTESIAN_POINT('Ctrl Pts',(-56.1380533018859,-3.49540418270938,-2.8665159791287));
#7776=CARTESIAN_POINT('Ctrl Pts',(-55.8513228656823,-3.75012612873426,-2.94105439442178));
#7777=CARTESIAN_POINT('Ctrl Pts',(-55.6717335405219,-3.85649893996645,-2.98854226808164));
#7778=CARTESIAN_POINT('Ctrl Pts',(-55.2865116920275,-3.98634644934058,-3.09221531809393));
#7779=CARTESIAN_POINT('Ctrl Pts',(-55.0808945606128,-4.00985864634102,-3.14841071632537));
#7780=CARTESIAN_POINT('Ctrl Pts',(-54.8910898674792,-3.9960409697047,-3.20100811853986));
#7781=CARTESIAN_POINT('Origin',(-10.0000001490116,-53.0000007897615,-0.05));
#7782=CARTESIAN_POINT('',(-8.02227807878713,-53.2976842003625,-2.37748568078366));
#7783=CARTESIAN_POINT('',(-12.0000001490116,-53.0000007897629,-2.25491787721355));
#7784=CARTESIAN_POINT('Ctrl Pts',(-8.02227807878713,-53.2976842003625,-2.37748568078366));
#7785=CARTESIAN_POINT('Ctrl Pts',(-8.06028749785929,-53.5502077347565,-2.30690468217358));
#7786=CARTESIAN_POINT('Ctrl Pts',(-8.15213831920891,-53.8122445552428,-2.23153010272654));
#7787=CARTESIAN_POINT('Ctrl Pts',(-8.43697507550803,-54.2772188049438,-2.09256086594892));
#7788=CARTESIAN_POINT('Ctrl Pts',(-8.63000484762467,-54.480123137828,-2.02894532887731));
#7789=CARTESIAN_POINT('Ctrl Pts',(-9.04966180423505,-54.778111395562,-1.92911077731992));
#7790=CARTESIAN_POINT('Ctrl Pts',(-9.30235925883859,-54.8941551794764,-1.88602694890978));
#7791=CARTESIAN_POINT('Ctrl Pts',(-9.83550723149551,-55.0118322292119,-1.82870572074832));
#7792=CARTESIAN_POINT('Ctrl Pts',(-10.1159688704307,-55.0134084363107,-1.81445463435934));
#7793=CARTESIAN_POINT('Ctrl Pts',(-10.6256628643838,-54.9172397582063,-1.81445463435934));
#7794=CARTESIAN_POINT('Ctrl Pts',(-10.8862678146591,-54.8135755154075,-1.82870572074832));
#7795=CARTESIAN_POINT('Ctrl Pts',(-11.3398808037302,-54.5097171521383,-1.88602694890977));
#7796=CARTESIAN_POINT('Ctrl Pts',(-11.5329199902451,-54.3095721151828,-1.92911077731992));
#7797=CARTESIAN_POINT('Ctrl Pts',(-11.8151417648272,-53.8791539081671,-2.02894532887731));
#7798=CARTESIAN_POINT('Ctrl Pts',(-11.920964748604,-53.6198622628502,-2.09256086594892));
#7799=CARTESIAN_POINT('Ctrl Pts',(-11.989666074882,-53.2350012969642,-2.19219600531091));
#7800=CARTESIAN_POINT('Ctrl Pts',(-12.0000001490116,-53.1168190554017,-2.223427627532));
#7801=CARTESIAN_POINT('Ctrl Pts',(-12.0000001490116,-53.0000007897642,-2.25491787721355));
#7802=CARTESIAN_POINT('Ctrl Pts',(-12.0000001490116,-53.0000007897642,-2.25491787721355));
#7803=CARTESIAN_POINT('Ctrl Pts',(-12.0000001490116,-52.8476007352313,-2.29599977260495));
#7804=CARTESIAN_POINT('Ctrl Pts',(-11.9822729800366,-52.6975244805624,-2.33753094059229));
#7805=CARTESIAN_POINT('Ctrl Pts',(-11.8957793873279,-52.3171293563008,-2.44535167000496));
#7806=CARTESIAN_POINT('Ctrl Pts',(-11.7907456512005,-52.0714126109933,-2.51803102404242));
#7807=CARTESIAN_POINT('Ctrl Pts',(-11.4901130224455,-51.6403651335202,-2.65247439753065));
#7808=CARTESIAN_POINT('Ctrl Pts',(-11.2944706783367,-51.455055862151,-2.71421005486148));
#7809=CARTESIAN_POINT('Ctrl Pts',(-10.8828289601615,-51.1894323072641,-2.80999058081141));
#7810=CARTESIAN_POINT('Ctrl Pts',(-10.6408528155127,-51.0879332434439,-2.85128965979041));
#7811=CARTESIAN_POINT('Ctrl Pts',(-10.1341344285026,-50.9878620171477,-2.90632401387172));
#7812=CARTESIAN_POINT('Ctrl Pts',(-9.86937341242832,-50.989358806451,-2.9200117779705));
#7813=CARTESIAN_POINT('Ctrl Pts',(-9.38899544880362,-51.0799961580783,-2.9200117779705));
#7814=CARTESIAN_POINT('Ctrl Pts',(-9.14189191177831,-51.1750775863409,-2.90632401387172));
#7815=CARTESIAN_POINT('Ctrl Pts',(-8.70647609516211,-51.4529099831327,-2.85128965979041));
#7816=CARTESIAN_POINT('Ctrl Pts',(-8.51812120750175,-51.6356035813508,-2.80999058081141));
#7817=CARTESIAN_POINT('Ctrl Pts',(-8.2315703493523,-52.0329615846009,-2.71421005486149));
#7818=CARTESIAN_POINT('Ctrl Pts',(-8.11690301262517,-52.2768198523542,-2.65247439753066));
#7819=CARTESIAN_POINT('Ctrl Pts',(-7.99400735598168,-52.7877783270723,-2.51803102404243));
#7820=CARTESIAN_POINT('Ctrl Pts',(-7.98573075194482,-53.0548743818448,-2.44535167000496));
#7821=CARTESIAN_POINT('Ctrl Pts',(-8.02227807878713,-53.2976842003625,-2.37748568078366));
#7822=CARTESIAN_POINT('',(-12.0000001490116,-53.0000007897629,-3.39304901413047));
#7823=CARTESIAN_POINT('',(-12.0000001490116,-53.0000007897615,-0.05));
#7824=CARTESIAN_POINT('',(-8.02227807878713,-53.2976842003625,-3.51561353129157));
#7825=CARTESIAN_POINT('Ctrl Pts',(-8.02227807878713,-53.2976842003625,-3.51561353129157));
#7826=CARTESIAN_POINT('Ctrl Pts',(-7.9857307567446,-53.0548744137331,-3.5834776919103));
#7827=CARTESIAN_POINT('Ctrl Pts',(-7.99400736092753,-52.7877784223986,-3.65615507982016));
#7828=CARTESIAN_POINT('Ctrl Pts',(-8.11690291120374,-52.2768201581408,-3.79059479552116));
#7829=CARTESIAN_POINT('Ctrl Pts',(-8.23157013930629,-52.0329620373171,-3.85232876203023));
#7830=CARTESIAN_POINT('Ctrl Pts',(-8.51812084306934,-51.6356039318026,-3.94810675550204));
#7831=CARTESIAN_POINT('Ctrl Pts',(-8.70647583860915,-51.452910177905,-3.98940476507518));
#7832=CARTESIAN_POINT('Ctrl Pts',(-9.14189182634302,-51.1750776097862,-4.04443768254239));
#7833=CARTESIAN_POINT('Ctrl Pts',(-9.38899542415703,-51.0799961627286,-4.05812508173285));
#7834=CARTESIAN_POINT('Ctrl Pts',(-9.8693734370749,-50.9893588018007,-4.05812508173285));
#7835=CARTESIAN_POINT('Ctrl Pts',(-10.1341345166072,-50.9878620078496,-4.04443768254239));
#7836=CARTESIAN_POINT('Ctrl Pts',(-10.6408531253995,-51.0879333313408,-3.98940476507517));
#7837=CARTESIAN_POINT('Ctrl Pts',(-10.8828294272382,-51.1894325008274,-3.94810675550204));
#7838=CARTESIAN_POINT('Ctrl Pts',(-11.2944710389053,-51.4550562072041,-3.85232876203023));
#7839=CARTESIAN_POINT('Ctrl Pts',(-11.4901132283184,-51.6403653813267,-3.79059479552116));
#7840=CARTESIAN_POINT('Ctrl Pts',(-11.7907456813303,-52.0714127015679,-3.65615507982016));
#7841=CARTESIAN_POINT('Ctrl Pts',(-11.8957793944778,-52.3171293877457,-3.5834776919103));
#7842=CARTESIAN_POINT('Ctrl Pts',(-11.9822729830985,-52.6975244940285,-3.47565985858936));
#7843=CARTESIAN_POINT('Ctrl Pts',(-12.0000001490116,-52.8476007497167,-3.43412980408882));
#7844=CARTESIAN_POINT('Ctrl Pts',(-12.0000001490116,-53.0000007897642,-3.39304901413048));
#7845=CARTESIAN_POINT('Ctrl Pts',(-12.0000001490116,-53.0000007897642,-3.39304901413048));
#7846=CARTESIAN_POINT('Ctrl Pts',(-12.0000001490116,-53.116819122828,-3.36155959062126));
#7847=CARTESIAN_POINT('Ctrl Pts',(-11.9896660627318,-53.2350014246132,-3.33032879031529));
#7848=CARTESIAN_POINT('Ctrl Pts',(-11.9209646920391,-53.6198624424057,-3.23069631110568));
#7849=CARTESIAN_POINT('Ctrl Pts',(-11.8151416873233,-53.8791540263689,-3.16708249737748));
#7850=CARTESIAN_POINT('Ctrl Pts',(-11.5329199119963,-54.3095722345205,-3.06725062241922));
#7851=CARTESIAN_POINT('Ctrl Pts',(-11.3398806573316,-54.5097172805656,-3.02416795038639));
#7852=CARTESIAN_POINT('Ctrl Pts',(-10.8862676539879,-54.8135755926747,-2.96684827339267));
#7853=CARTESIAN_POINT('Ctrl Pts',(-10.6256627594594,-54.9172397780033,-2.95259758141178));
#7854=CARTESIAN_POINT('Ctrl Pts',(-10.1159689753551,-55.0134084165136,-2.95259758141178));
#7855=CARTESIAN_POINT('Ctrl Pts',(-9.83550740927538,-55.0118322426205,-2.96684827339267));
#7856=CARTESIAN_POINT('Ctrl Pts',(-9.3023594419691,-54.8941552457284,-3.02416795038639));
#7857=CARTESIAN_POINT('Ctrl Pts',(-9.04966192058909,-54.7781114781822,-3.06725062241922));
#7858=CARTESIAN_POINT('Ctrl Pts',(-8.6300049628712,-54.4801232196617,-3.16708249737748));
#7859=CARTESIAN_POINT('Ctrl Pts',(-8.43697519361159,-54.277218951543,-3.23069631110568));
#7860=CARTESIAN_POINT('Ctrl Pts',(-8.15213838604242,-53.8122447105392,-3.36966182154961));
#7861=CARTESIAN_POINT('Ctrl Pts',(-8.06028751257753,-53.5502078325402,-3.44503439783888));
#7862=CARTESIAN_POINT('Ctrl Pts',(-8.02227807878713,-53.2976842003625,-3.51561353129157));
#7863=CARTESIAN_POINT('Origin',(-50.0000007450581,5.00000007450581,-0.05));
#7864=CARTESIAN_POINT('',(-50.104635354872,3.50365396966097,-3.39212931980618));
#7865=CARTESIAN_POINT('',(-51.5000007674098,5.0000000745057,-2.97335411149105));
#7866=CARTESIAN_POINT('Ctrl Pts',(-50.104635354872,3.50365396966097,-3.39212931980618));
#7867=CARTESIAN_POINT('Ctrl Pts',(-50.29480080936,3.51695162056274,-3.33944128047256));
#7868=CARTESIAN_POINT('Ctrl Pts',(-50.4953101355913,3.56957548100774,-3.28315585963581));
#7869=CARTESIAN_POINT('Ctrl Pts',(-50.8586489471368,3.75333686488099,-3.17933393856314));
#7870=CARTESIAN_POINT('Ctrl Pts',(-51.0214574581199,3.88450927832623,-3.1317857943268));
#7871=CARTESIAN_POINT('Ctrl Pts',(-51.2691536355875,4.17819255646956,-3.05715652421562));
#7872=CARTESIAN_POINT('Ctrl Pts',(-51.3713288345963,4.35889811660713,-3.02491988224025));
#7873=CARTESIAN_POINT('Ctrl Pts',(-51.4772836355171,4.69871554021052,-2.98746629209578));
#7874=CARTESIAN_POINT('Ctrl Pts',(-51.5000007674098,4.85167005844288,-2.97731575860861));
#7875=CARTESIAN_POINT('Ctrl Pts',(-51.5000007674098,5.00000007450559,-2.97335411149105));
#7876=CARTESIAN_POINT('Ctrl Pts',(-51.5000007674098,5.00000007450559,-2.97335411149105));
#7877=CARTESIAN_POINT('Ctrl Pts',(-51.5000007674098,5.05045024019956,-2.97200667178325));
#7878=CARTESIAN_POINT('Ctrl Pts',(-51.4974456087617,5.10036509378286,-2.97135610916059));
#7879=CARTESIAN_POINT('Ctrl Pts',(-51.4732930386824,5.34189079457565,-2.97135610916059));
#7880=CARTESIAN_POINT('Ctrl Pts',(-51.4132453253036,5.54248712933087,-2.98202266110916));
#7881=CARTESIAN_POINT('Ctrl Pts',(-51.2172229401701,5.8999570608695,-3.02491988224025));
#7882=CARTESIAN_POINT('Ctrl Pts',(-51.0812877331936,6.05685158040854,-3.05715652421561));
#7883=CARTESIAN_POINT('Ctrl Pts',(-50.7803413259445,6.29567060008021,-3.1317857943268));
#7884=CARTESIAN_POINT('Ctrl Pts',(-50.5947820105362,6.39200623088631,-3.17933393856313));
#7885=CARTESIAN_POINT('Ctrl Pts',(-50.202249634096,6.50018049596099,-3.2831558596358));
#7886=CARTESIAN_POINT('Ctrl Pts',(-49.9952902231475,6.51205748268801,-3.33944128047255));
#7887=CARTESIAN_POINT('Ctrl Pts',(-49.6227607103558,6.46353423998916,-3.44327420705263));
#7888=CARTESIAN_POINT('Ctrl Pts',(-49.4310440818438,6.4019559722463,-3.49802906898393));
#7889=CARTESIAN_POINT('Ctrl Pts',(-49.0868016955842,6.20634145881867,-3.59926758541353));
#7890=CARTESIAN_POINT('Ctrl Pts',(-48.9342899166924,6.07227125811258,-3.64573315984535));
#7891=CARTESIAN_POINT('Ctrl Pts',(-48.7068794403586,5.78136562970565,-3.71781471544886));
#7892=CARTESIAN_POINT('Ctrl Pts',(-48.6143804970633,5.60656766011303,-3.74886699240423));
#7893=CARTESIAN_POINT('Ctrl Pts',(-48.5054726610975,5.23292391479629,-3.79023711386624));
#7894=CARTESIAN_POINT('Ctrl Pts',(-48.48911336123,5.03406025647326,-3.80052397922452));
#7895=CARTESIAN_POINT('Ctrl Pts',(-48.5257765137746,4.6674287310272,-3.80052397922452));
#7896=CARTESIAN_POINT('Ctrl Pts',(-48.5811908093523,4.4757424322487,-3.79023711386624));
#7897=CARTESIAN_POINT('Ctrl Pts',(-48.7619309149656,4.13106348108987,-3.74886699240423));
#7898=CARTESIAN_POINT('Ctrl Pts',(-48.8872116553427,3.97804347986447,-3.71781471544886));
#7899=CARTESIAN_POINT('Ctrl Pts',(-49.1677240288594,3.7379301364426,-3.64573315984535));
#7900=CARTESIAN_POINT('Ctrl Pts',(-49.3437643271209,3.63671514345185,-3.59926758541353));
#7901=CARTESIAN_POINT('Ctrl Pts',(-49.7199255796778,3.51314099390587,-3.49802906898393));
#7902=CARTESIAN_POINT('Ctrl Pts',(-49.9200395556931,3.49074578661573,-3.44327420705263));
#7903=CARTESIAN_POINT('Ctrl Pts',(-50.104635354872,3.50365396966097,-3.39212931980618));
#7904=CARTESIAN_POINT('',(-51.5000007674098,5.0000000745057,-4.11146598498607));
#7905=CARTESIAN_POINT('',(-51.5000007674098,5.00000007450581,-0.05));
#7906=CARTESIAN_POINT('',(-50.104635354872,3.50365396966097,-4.5302299646867));
#7907=CARTESIAN_POINT('Ctrl Pts',(-50.104635354872,3.50365396966097,-4.5302299646867));
#7908=CARTESIAN_POINT('Ctrl Pts',(-49.9200395789654,3.49074578824308,-4.58137347413817));
#7909=CARTESIAN_POINT('Ctrl Pts',(-49.7199256498574,3.51314099211676,-4.63612685504102));
#7910=CARTESIAN_POINT('Ctrl Pts',(-49.3437645478116,3.63671504968607,-4.73736261735148));
#7911=CARTESIAN_POINT('Ctrl Pts',(-49.1677243529112,3.73792995253328,-4.78382691925379));
#7912=CARTESIAN_POINT('Ctrl Pts',(-48.887211893358,3.9780431864304,-4.85590656880518));
#7913=CARTESIAN_POINT('Ctrl Pts',(-48.7619310436673,4.13106327792749,-4.88695804145275));
#7914=CARTESIAN_POINT('Ctrl Pts',(-48.5811908212145,4.47574236734975,-4.92832708274331));
#7915=CARTESIAN_POINT('Ctrl Pts',(-48.525776515624,4.66742871253302,-4.93861367382407));
#7916=CARTESIAN_POINT('Ctrl Pts',(-48.4891133593805,5.03406027496744,-4.93861367382407));
#7917=CARTESIAN_POINT('Ctrl Pts',(-48.5054726598736,5.23292398075908,-4.92832708274331));
#7918=CARTESIAN_POINT('Ctrl Pts',(-48.6143805829862,5.60656788473788,-4.88695804145275));
#7919=CARTESIAN_POINT('Ctrl Pts',(-48.706879615555,5.7813659644609,-4.85590656880518));
#7920=CARTESIAN_POINT('Ctrl Pts',(-48.9342901979096,6.0722715025488,-4.78382691925379));
#7921=CARTESIAN_POINT('Ctrl Pts',(-49.0868018933374,6.20634159442884,-4.73736261735148));
#7922=CARTESIAN_POINT('Ctrl Pts',(-49.4310441502794,6.40195598789692,-4.63612685504102));
#7923=CARTESIAN_POINT('Ctrl Pts',(-49.6227607334895,6.4635342430024,-4.58137347413817));
#7924=CARTESIAN_POINT('Ctrl Pts',(-49.9952902959733,6.51205749217382,-4.47754331777907));
#7925=CARTESIAN_POINT('Ctrl Pts',(-50.2022497588508,6.50018048013223,-4.42125939279576));
#7926=CARTESIAN_POINT('Ctrl Pts',(-50.5947821398593,6.39200617669617,-4.31744025554828));
#7927=CARTESIAN_POINT('Ctrl Pts',(-50.7803414084778,6.29567053458512,-4.26989339932885));
#7928=CARTESIAN_POINT('Ctrl Pts',(-51.0812878167959,6.0568515140651,-4.19526612998627));
#7929=CARTESIAN_POINT('Ctrl Pts',(-51.2172230262209,5.89995694308458,-4.16303035320276));
#7930=CARTESIAN_POINT('Ctrl Pts',(-51.4132453724172,5.54248700427469,-4.12013429293389));
#7931=CARTESIAN_POINT('Ctrl Pts',(-51.4732930466448,5.34189071495155,-4.10946803622802));
#7932=CARTESIAN_POINT('Ctrl Pts',(-51.4974456085188,5.10036509621222,-4.10946803622802));
#7933=CARTESIAN_POINT('Ctrl Pts',(-51.5000007674098,5.05045024260908,-4.1101185813428));
#7934=CARTESIAN_POINT('Ctrl Pts',(-51.5000007674098,5.00000007450559,-4.11146598498607));
#7935=CARTESIAN_POINT('Ctrl Pts',(-51.5000007674098,5.00000007450559,-4.11146598498607));
#7936=CARTESIAN_POINT('Ctrl Pts',(-51.5000007674098,4.8516701236454,-4.11542752413863));
#7937=CARTESIAN_POINT('Ctrl Pts',(-51.47728365636,4.6987156542329,-4.12557777858735));
#7938=CARTESIAN_POINT('Ctrl Pts',(-51.3713288956194,4.35889824909945,-4.16303035320276));
#7939=CARTESIAN_POINT('Ctrl Pts',(-51.269153704397,4.17819263805419,-4.19526612998627));
#7940=CARTESIAN_POINT('Ctrl Pts',(-51.0214575260495,3.8845093588676,-4.26989339932886));
#7941=CARTESIAN_POINT('Ctrl Pts',(-50.8586490631682,3.75333694360657,-4.31744025554828));
#7942=CARTESIAN_POINT('Ctrl Pts',(-50.4953102547413,3.56957552122698,-4.42125939279576));
#7943=CARTESIAN_POINT('Ctrl Pts',(-50.2948008826221,3.51695162568571,-4.47754331777907));
#7944=CARTESIAN_POINT('Ctrl Pts',(-50.104635354872,3.50365396966097,-4.5302299646867));
#7945=CARTESIAN_POINT('Origin',(-50.0000007450581,-5.00000007450581,-0.05));
#7946=CARTESIAN_POINT('',(-49.8062572230252,-6.48743528812875,-3.39212931980618));
#7947=CARTESIAN_POINT('',(-51.5000007674098,-5.0000000745057,-2.97335411149105));
#7948=CARTESIAN_POINT('Ctrl Pts',(-49.8062572230252,-6.48743528812875,-3.39212931980618));
#7949=CARTESIAN_POINT('Ctrl Pts',(-49.9952902231475,-6.51205748268801,-3.33944128047255));
#7950=CARTESIAN_POINT('Ctrl Pts',(-50.202249634096,-6.50018049596099,-3.2831558596358));
#7951=CARTESIAN_POINT('Ctrl Pts',(-50.5947820105362,-6.39200623088631,-3.17933393856313));
#7952=CARTESIAN_POINT('Ctrl Pts',(-50.7803413259445,-6.29567060008021,-3.1317857943268));
#7953=CARTESIAN_POINT('Ctrl Pts',(-51.0812877331936,-6.05685158040854,-3.05715652421561));
#7954=CARTESIAN_POINT('Ctrl Pts',(-51.2172229401701,-5.8999570608695,-3.02491988224025));
#7955=CARTESIAN_POINT('Ctrl Pts',(-51.4132453253036,-5.54248712933088,-2.98202266110916));
#7956=CARTESIAN_POINT('Ctrl Pts',(-51.4732930386824,-5.34189079457565,-2.97135610916059));
#7957=CARTESIAN_POINT('Ctrl Pts',(-51.4974456087617,-5.10036509378287,-2.97135610916059));
#7958=CARTESIAN_POINT('Ctrl Pts',(-51.5000007674098,-5.05045024019956,-2.97200667178325));
#7959=CARTESIAN_POINT('Ctrl Pts',(-51.5000007674098,-5.00000007450559,-2.97335411149105));
#7960=CARTESIAN_POINT('Ctrl Pts',(-51.5000007674098,-5.00000007450559,-2.97335411149105));
#7961=CARTESIAN_POINT('Ctrl Pts',(-51.5000007674098,-4.85167005844288,-2.97731575860861));
#7962=CARTESIAN_POINT('Ctrl Pts',(-51.4772836355171,-4.69871554021052,-2.98746629209578));
#7963=CARTESIAN_POINT('Ctrl Pts',(-51.3713288345963,-4.35889811660713,-3.02491988224025));
#7964=CARTESIAN_POINT('Ctrl Pts',(-51.2691536355875,-4.17819255646956,-3.05715652421562));
#7965=CARTESIAN_POINT('Ctrl Pts',(-51.0214574581199,-3.88450927832623,-3.1317857943268));
#7966=CARTESIAN_POINT('Ctrl Pts',(-50.8586489471368,-3.75333686488099,-3.17933393856313));
#7967=CARTESIAN_POINT('Ctrl Pts',(-50.4953101355913,-3.56957548100774,-3.28315585963581));
#7968=CARTESIAN_POINT('Ctrl Pts',(-50.29480080936,-3.51695162056274,-3.33944128047255));
#7969=CARTESIAN_POINT('Ctrl Pts',(-49.9200395556931,-3.49074578661573,-3.44327420705263));
#7970=CARTESIAN_POINT('Ctrl Pts',(-49.7199255796778,-3.51314099390587,-3.49802906898393));
#7971=CARTESIAN_POINT('Ctrl Pts',(-49.3437643271209,-3.63671514345185,-3.59926758541353));
#7972=CARTESIAN_POINT('Ctrl Pts',(-49.1677240288594,-3.7379301364426,-3.64573315984535));
#7973=CARTESIAN_POINT('Ctrl Pts',(-48.8872116553427,-3.97804347986447,-3.71781471544886));
#7974=CARTESIAN_POINT('Ctrl Pts',(-48.7619309149656,-4.13106348108987,-3.74886699240423));
#7975=CARTESIAN_POINT('Ctrl Pts',(-48.5811908093523,-4.4757424322487,-3.79023711386624));
#7976=CARTESIAN_POINT('Ctrl Pts',(-48.5257765137746,-4.6674287310272,-3.80052397922452));
#7977=CARTESIAN_POINT('Ctrl Pts',(-48.48911336123,-5.03406025647326,-3.80052397922452));
#7978=CARTESIAN_POINT('Ctrl Pts',(-48.5054726610975,-5.23292391479629,-3.79023711386624));
#7979=CARTESIAN_POINT('Ctrl Pts',(-48.6143804970633,-5.60656766011302,-3.74886699240423));
#7980=CARTESIAN_POINT('Ctrl Pts',(-48.7068794403586,-5.78136562970565,-3.71781471544886));
#7981=CARTESIAN_POINT('Ctrl Pts',(-48.9342899166924,-6.07227125811258,-3.64573315984535));
#7982=CARTESIAN_POINT('Ctrl Pts',(-49.0868016955842,-6.20634145881867,-3.59926758541353));
#7983=CARTESIAN_POINT('Ctrl Pts',(-49.4310440818438,-6.4019559722463,-3.49802906898393));
#7984=CARTESIAN_POINT('Ctrl Pts',(-49.6227607103558,-6.46353423998916,-3.44327420705263));
#7985=CARTESIAN_POINT('Ctrl Pts',(-49.8062572230252,-6.48743528812875,-3.39212931980618));
#7986=CARTESIAN_POINT('',(-51.5000007674098,-5.0000000745057,-4.11146598498607));
#7987=CARTESIAN_POINT('',(-51.5000007674098,-5.00000007450581,-0.05));
#7988=CARTESIAN_POINT('',(-49.8062572230252,-6.48743528812875,-4.5302299646867));
#7989=CARTESIAN_POINT('Ctrl Pts',(-49.8062572230252,-6.48743528812875,-4.5302299646867));
#7990=CARTESIAN_POINT('Ctrl Pts',(-49.6227607334895,-6.4635342430024,-4.58137347413817));
#7991=CARTESIAN_POINT('Ctrl Pts',(-49.4310441502794,-6.40195598789692,-4.63612685504102));
#7992=CARTESIAN_POINT('Ctrl Pts',(-49.0868018933374,-6.20634159442884,-4.73736261735148));
#7993=CARTESIAN_POINT('Ctrl Pts',(-48.9342901979096,-6.0722715025488,-4.78382691925379));
#7994=CARTESIAN_POINT('Ctrl Pts',(-48.706879615555,-5.7813659644609,-4.85590656880518));
#7995=CARTESIAN_POINT('Ctrl Pts',(-48.6143805829862,-5.60656788473787,-4.88695804145275));
#7996=CARTESIAN_POINT('Ctrl Pts',(-48.5054726598736,-5.23292398075907,-4.92832708274331));
#7997=CARTESIAN_POINT('Ctrl Pts',(-48.4891133593805,-5.03406027496744,-4.93861367382407));
#7998=CARTESIAN_POINT('Ctrl Pts',(-48.525776515624,-4.66742871253302,-4.93861367382407));
#7999=CARTESIAN_POINT('Ctrl Pts',(-48.5811908212145,-4.47574236734973,-4.92832708274331));
#8000=CARTESIAN_POINT('Ctrl Pts',(-48.7619310436673,-4.13106327792748,-4.88695804145275));
#8001=CARTESIAN_POINT('Ctrl Pts',(-48.887211893358,-3.9780431864304,-4.85590656880518));
#8002=CARTESIAN_POINT('Ctrl Pts',(-49.1677243529112,-3.73792995253328,-4.78382691925379));
#8003=CARTESIAN_POINT('Ctrl Pts',(-49.3437645478116,-3.63671504968607,-4.73736261735148));
#8004=CARTESIAN_POINT('Ctrl Pts',(-49.7199256498574,-3.51314099211676,-4.63612685504102));
#8005=CARTESIAN_POINT('Ctrl Pts',(-49.9200395789654,-3.49074578824308,-4.58137347413817));
#8006=CARTESIAN_POINT('Ctrl Pts',(-50.2948008826221,-3.51695162568571,-4.47754331777907));
#8007=CARTESIAN_POINT('Ctrl Pts',(-50.4953102547413,-3.56957552122698,-4.42125939279576));
#8008=CARTESIAN_POINT('Ctrl Pts',(-50.8586490631682,-3.75333694360657,-4.31744025554828));
#8009=CARTESIAN_POINT('Ctrl Pts',(-51.0214575260495,-3.8845093588676,-4.26989339932886));
#8010=CARTESIAN_POINT('Ctrl Pts',(-51.269153704397,-4.17819263805418,-4.19526612998627));
#8011=CARTESIAN_POINT('Ctrl Pts',(-51.3713288956194,-4.35889824909945,-4.16303035320276));
#8012=CARTESIAN_POINT('Ctrl Pts',(-51.47728365636,-4.69871565423291,-4.12557777858735));
#8013=CARTESIAN_POINT('Ctrl Pts',(-51.5000007674098,-4.8516701236454,-4.11542752413863));
#8014=CARTESIAN_POINT('Ctrl Pts',(-51.5000007674098,-5.00000007450559,-4.11146598498607));
#8015=CARTESIAN_POINT('Ctrl Pts',(-51.5000007674098,-5.00000007450559,-4.11146598498607));
#8016=CARTESIAN_POINT('Ctrl Pts',(-51.5000007674098,-5.05045024260908,-4.1101185813428));
#8017=CARTESIAN_POINT('Ctrl Pts',(-51.4974456085188,-5.10036509621222,-4.10946803622802));
#8018=CARTESIAN_POINT('Ctrl Pts',(-51.4732930466448,-5.34189071495155,-4.10946803622802));
#8019=CARTESIAN_POINT('Ctrl Pts',(-51.4132453724172,-5.54248700427469,-4.12013429293389));
#8020=CARTESIAN_POINT('Ctrl Pts',(-51.2172230262209,-5.89995694308458,-4.16303035320276));
#8021=CARTESIAN_POINT('Ctrl Pts',(-51.0812878167959,-6.0568515140651,-4.19526612998627));
#8022=CARTESIAN_POINT('Ctrl Pts',(-50.7803414084778,-6.29567053458512,-4.26989339932885));
#8023=CARTESIAN_POINT('Ctrl Pts',(-50.5947821398593,-6.39200617669617,-4.31744025554828));
#8024=CARTESIAN_POINT('Ctrl Pts',(-50.2022497588508,-6.50018048013223,-4.42125939279576));
#8025=CARTESIAN_POINT('Ctrl Pts',(-49.9952902959732,-6.51205749217382,-4.47754331777907));
#8026=CARTESIAN_POINT('Ctrl Pts',(-49.8062572230252,-6.48743528812875,-4.5302299646867));
#8027=CARTESIAN_POINT('Origin',(49.9999991059303,-5.00000014901161,-0.05));
#8028=CARTESIAN_POINT('',(50.1046337213649,-3.5036540445598,-3.39212976874621));
#8029=CARTESIAN_POINT('',(51.4999991282821,-5.0000001490115,-2.97335456041829));
#8030=CARTESIAN_POINT('Ctrl Pts',(50.1046337213649,-3.5036540445598,-3.39212976874621));
#8031=CARTESIAN_POINT('Ctrl Pts',(50.2947991759222,-3.51695169618421,-3.33944172937956));
#8032=CARTESIAN_POINT('Ctrl Pts',(50.4953085020723,-3.56957555743858,-3.28315630851005));
#8033=CARTESIAN_POINT('Ctrl Pts',(50.8586473130973,-3.75333694287182,-3.17933438738333));
#8034=CARTESIAN_POINT('Ctrl Pts',(51.021455823641,-3.88450935706759,-3.13178624312518));
#8035=CARTESIAN_POINT('Ctrl Pts',(51.269152000021,-4.17819263644716,-3.0571569729811));
#8036=CARTESIAN_POINT('Ctrl Pts',(51.3713271983048,-4.35889819714167,-3.02492033099557));
#8037=CARTESIAN_POINT('Ctrl Pts',(51.4772819970546,-4.69871561913914,-2.98746674109156));
#8038=CARTESIAN_POINT('Ctrl Pts',(51.4999991282821,-4.85167013504062,-2.97731620766337));
#8039=CARTESIAN_POINT('Ctrl Pts',(51.4999991282821,-5.00000014901139,-2.97335456041829));
#8040=CARTESIAN_POINT('Ctrl Pts',(51.4999991282821,-5.00000014901139,-2.97335456041829));
#8041=CARTESIAN_POINT('Ctrl Pts',(51.4999991282821,-5.05045031711548,-2.97200712058374));
#8042=CARTESIAN_POINT('Ctrl Pts',(51.4974439693889,-5.10036517307029,-2.97135655790056));
#8043=CARTESIAN_POINT('Ctrl Pts',(51.4732913979285,-5.34189087615806,-2.97135655790056));
#8044=CARTESIAN_POINT('Ctrl Pts',(51.4132436835414,-5.5424872107449,-2.98202310985201));
#8045=CARTESIAN_POINT('Ctrl Pts',(51.2172212965186,-5.89995714152098,-3.02492033099557));
#8046=CARTESIAN_POINT('Ctrl Pts',(51.0812860886609,-6.05685166046594,-3.0571569729811));
#8047=CARTESIAN_POINT('Ctrl Pts',(50.7803396799782,-6.29567067872312,-3.13178624312518));
#8048=CARTESIAN_POINT('Ctrl Pts',(50.5947803639424,-6.39200630859979,-3.17933438738333));
#8049=CARTESIAN_POINT('Ctrl Pts',(50.2022479866819,-6.5001805716002,-3.28315630851005));
#8050=CARTESIAN_POINT('Ctrl Pts',(49.9952885755406,-6.51205755718246,-3.33944172937956));
#8051=CARTESIAN_POINT('Ctrl Pts',(49.6227590630237,-6.46353431236524,-3.44327465595992));
#8052=CARTESIAN_POINT('Ctrl Pts',(49.4310424349746,-6.40195604359352,-3.4980295178585));
#8053=CARTESIAN_POINT('Ctrl Pts',(49.0868000499885,-6.20634152840857,-3.59926803423398));
#8054=CARTESIAN_POINT('Ctrl Pts',(48.9342882719072,-6.07227132697411,-3.64573360864396));
#8055=CARTESIAN_POINT('Ctrl Pts',(48.7068777972372,-5.78136569757431,-3.71781516421464));
#8056=CARTESIAN_POINT('Ctrl Pts',(48.6143788548908,-5.60656772762478,-3.74886744115961));
#8057=CARTESIAN_POINT('Ctrl Pts',(48.5054710208474,-5.23292398199957,-3.79023756260902));
#8058=CARTESIAN_POINT('Ctrl Pts',(48.4891117219535,-5.03406032372513,-3.80052442796448));
#8059=CARTESIAN_POINT('Ctrl Pts',(48.5257748762049,-4.66742879869374,-3.80052442796448));
#8060=CARTESIAN_POINT('Ctrl Pts',(48.5811891726286,-4.47574250029329,-3.79023756260902));
#8061=CARTESIAN_POINT('Ctrl Pts',(48.7619292796732,-4.13106355015804,-3.74886744115961));
#8062=CARTESIAN_POINT('Ctrl Pts',(48.8872100206358,-3.97804354957786,-3.71781516421464));
#8063=CARTESIAN_POINT('Ctrl Pts',(49.1677223949855,-3.737930207502,-3.64573360864396));
#8064=CARTESIAN_POINT('Ctrl Pts',(49.3437626935524,-3.636715215299,-3.59926803423398));
#8065=CARTESIAN_POINT('Ctrl Pts',(49.7199239463759,-3.51314106733018,-3.4980295178585));
#8066=CARTESIAN_POINT('Ctrl Pts',(49.9200379223527,-3.49074586082944,-3.44327465595992));
#8067=CARTESIAN_POINT('Ctrl Pts',(50.1046337213649,-3.5036540445598,-3.39212976874621));
#8068=CARTESIAN_POINT('',(51.4999991282821,-5.0000001490115,-4.11146643390127));
#8069=CARTESIAN_POINT('',(51.4999991282821,-5.00000014901161,-0.05));
#8070=CARTESIAN_POINT('',(50.1046337213649,-3.5036540445598,-4.53023041361469));
#8071=CARTESIAN_POINT('Ctrl Pts',(50.1046337213649,-3.5036540445598,-4.53023041361469));
#8072=CARTESIAN_POINT('Ctrl Pts',(49.920037945625,-3.4907458624568,-4.58137392303342));
#8073=CARTESIAN_POINT('Ctrl Pts',(49.7199240165555,-3.51314106554108,-4.63612730390355));
#8074=CARTESIAN_POINT('Ctrl Pts',(49.3437629142431,-3.63671512153323,-4.7373630661599));
#8075=CARTESIAN_POINT('Ctrl Pts',(49.1677227190372,-3.73793002359268,-4.78382736804037));
#8076=CARTESIAN_POINT('Ctrl Pts',(48.8872102586511,-3.97804325614379,-4.85590701755893));
#8077=CARTESIAN_POINT('Ctrl Pts',(48.7619294083749,-4.13106334699567,-4.8869584901961));
#8078=CARTESIAN_POINT('Ctrl Pts',(48.5811891844908,-4.47574243539435,-4.92832753147406));
#8079=CARTESIAN_POINT('Ctrl Pts',(48.5257748780543,-4.66742878019956,-4.938614122552));
#8080=CARTESIAN_POINT('Ctrl Pts',(48.4891117201041,-5.03406034221931,-4.938614122552));
#8081=CARTESIAN_POINT('Ctrl Pts',(48.5054710196235,-5.23292404796236,-4.92832753147406));
#8082=CARTESIAN_POINT('Ctrl Pts',(48.6143789408138,-5.60656795224963,-4.8869584901961));
#8083=CARTESIAN_POINT('Ctrl Pts',(48.7068779724336,-5.78136603232956,-4.85590701755893));
#8084=CARTESIAN_POINT('Ctrl Pts',(48.9342885531245,-6.07227157141033,-4.78382736804037));
#8085=CARTESIAN_POINT('Ctrl Pts',(49.0868002477416,-6.20634166401874,-4.7373630661599));
#8086=CARTESIAN_POINT('Ctrl Pts',(49.4310425034102,-6.40195605924414,-4.63612730390355));
#8087=CARTESIAN_POINT('Ctrl Pts',(49.6227590861574,-6.46353431537849,-4.58137392303342));
#8088=CARTESIAN_POINT('Ctrl Pts',(49.9952886483663,-6.51205756666827,-4.47754376667404));
#8089=CARTESIAN_POINT('Ctrl Pts',(50.2022481114367,-6.50018055577143,-4.42125984165797));
#8090=CARTESIAN_POINT('Ctrl Pts',(50.5947804932654,-6.39200625440966,-4.31744070435643));
#8091=CARTESIAN_POINT('Ctrl Pts',(50.7803397625114,-6.29567061322803,-4.26989384811519));
#8092=CARTESIAN_POINT('Ctrl Pts',(51.0812861722632,-6.0568515941225,-4.19526657873972));
#8093=CARTESIAN_POINT('Ctrl Pts',(51.2172213825694,-5.89995702373606,-4.16303080194605));
#8094=CARTESIAN_POINT('Ctrl Pts',(51.413243730655,-5.54248708568872,-4.12013474166471));
#8095=CARTESIAN_POINT('Ctrl Pts',(51.4732914058909,-5.34189079653396,-4.10946848495596));
#8096=CARTESIAN_POINT('Ctrl Pts',(51.497443969146,-5.10036517549964,-4.10946848495596));
#8097=CARTESIAN_POINT('Ctrl Pts',(51.4999991282821,-5.05045031952499,-4.11011903013125));
#8098=CARTESIAN_POINT('Ctrl Pts',(51.4999991282821,-5.00000014901139,-4.11146643390127));
#8099=CARTESIAN_POINT('Ctrl Pts',(51.4999991282821,-5.00000014901139,-4.11146643390127));
#8100=CARTESIAN_POINT('Ctrl Pts',(51.4999991282821,-4.85167020024313,-4.11542797318135));
#8101=CARTESIAN_POINT('Ctrl Pts',(51.4772820178975,-4.69871573316153,-4.12557822757108));
#8102=CARTESIAN_POINT('Ctrl Pts',(51.371327259328,-4.35889832963399,-4.16303080194605));
#8103=CARTESIAN_POINT('Ctrl Pts',(51.2691520688304,-4.17819271803179,-4.19526657873972));
#8104=CARTESIAN_POINT('Ctrl Pts',(51.0214558915706,-3.88450943760896,-4.26989384811519));
#8105=CARTESIAN_POINT('Ctrl Pts',(50.8586474291288,-3.7533370215974,-4.31744070435643));
#8106=CARTESIAN_POINT('Ctrl Pts',(50.4953086212223,-3.56957559765782,-4.42125984165797));
#8107=CARTESIAN_POINT('Ctrl Pts',(50.2947992491842,-3.51695170130719,-4.47754376667404));
#8108=CARTESIAN_POINT('Ctrl Pts',(50.1046337213649,-3.5036540445598,-4.53023041361469));
#8109=CARTESIAN_POINT('Origin',(47.0000006258488,-28.0000005066395,-0.05));
#8110=CARTESIAN_POINT('',(47.7320873314199,-26.6907835438995,-2.15922159248427));
#8111=CARTESIAN_POINT('',(45.5000006258488,-28.000000506636,-2.50818204545183));
#8112=CARTESIAN_POINT('Ctrl Pts',(47.7320873314199,-26.6907835438995,-2.15922159248427));
#8113=CARTESIAN_POINT('Ctrl Pts',(47.8982081178165,-26.7836748084501,-2.10661685984737));
#8114=CARTESIAN_POINT('Ctrl Pts',(48.0569926107487,-26.9164458119367,-2.0504140744362));
#8115=CARTESIAN_POINT('Ctrl Pts',(48.3072584051355,-27.2368492007717,-1.94672851807732));
#8116=CARTESIAN_POINT('Ctrl Pts',(48.3987061984943,-27.4245044193869,-1.89923543097288));
#8117=CARTESIAN_POINT('Ctrl Pts',(48.4979924114495,-27.7950087905326,-1.82468910341132));
#8118=CARTESIAN_POINT('Ctrl Pts',(48.513746433032,-28.0016779042962,-1.79247808629832));
#8119=CARTESIAN_POINT('Ctrl Pts',(48.4585621999592,-28.4050033655817,-1.74961231077267));
#8120=CARTESIAN_POINT('Ctrl Pts',(48.3875794036541,-28.6016531375289,-1.738953036215));
#8121=CARTESIAN_POINT('Ctrl Pts',(48.1897264765438,-28.9337634064487,-1.738953036215));
#8122=CARTESIAN_POINT('Ctrl Pts',(48.0505912553634,-29.0898117335953,-1.74961231077267));
#8123=CARTESIAN_POINT('Ctrl Pts',(47.7221866162053,-29.3303675904778,-1.79247808629832));
#8124=CARTESIAN_POINT('Ctrl Pts',(47.5329441874569,-29.4149111587798,-1.82468910341132));
#8125=CARTESIAN_POINT('Ctrl Pts',(47.1598568638896,-29.5040015068227,-1.89923543097288));
#8126=CARTESIAN_POINT('Ctrl Pts',(46.9512963423245,-29.512928366757,-1.94672851807732));
#8127=CARTESIAN_POINT('Ctrl Pts',(46.5503840551326,-29.445395875351,-2.0504140744362));
#8128=CARTESIAN_POINT('Ctrl Pts',(46.3580281638382,-29.368976861703,-2.10661685984737));
#8129=CARTESIAN_POINT('Ctrl Pts',(46.0406792834436,-29.1679283638579,-2.21044907550394));
#8130=CARTESIAN_POINT('Ctrl Pts',(45.8925991597348,-29.0310064974935,-2.26528645297653));
#8131=CARTESIAN_POINT('Ctrl Pts',(45.6627533289231,-28.707871286971,-2.36666145425051));
#8132=CARTESIAN_POINT('Ctrl Pts',(45.5810149230375,-28.5216331966691,-2.41318209466404));
#8133=CARTESIAN_POINT('Ctrl Pts',(45.5138538338072,-28.2310142545053,-2.47138056222515));
#8134=CARTESIAN_POINT('Ctrl Pts',(45.5000006258482,-28.1164844409557,-2.49130877520062));
#8135=CARTESIAN_POINT('Ctrl Pts',(45.5000006258488,-28.0000005066326,-2.50818204545183));
#8136=CARTESIAN_POINT('Ctrl Pts',(45.5000006258488,-28.0000005066326,-2.50818204545183));
#8137=CARTESIAN_POINT('Ctrl Pts',(45.5000006258491,-27.9238870274731,-2.51920745690519));
#8138=CARTESIAN_POINT('Ctrl Pts',(45.505843464644,-27.846941526405,-2.52894503995302));
#8139=CARTESIAN_POINT('Ctrl Pts',(45.5473896925112,-27.5782092235997,-2.55782691037785));
#8140=CARTESIAN_POINT('Ctrl Pts',(45.6169016855564,-27.390828148532,-2.56812089392337));
#8141=CARTESIAN_POINT('Ctrl Pts',(45.8057949376408,-27.0737573340483,-2.56812089392337));
#8142=CARTESIAN_POINT('Ctrl Pts',(45.9374796691408,-26.923415337386,-2.55782691037784));
#8143=CARTESIAN_POINT('Ctrl Pts',(46.2478859579386,-26.6876324428081,-2.51642498963196));
#8144=CARTESIAN_POINT('Ctrl Pts',(46.4265783508172,-26.6021479869634,-2.4853464785772));
#8145=CARTESIAN_POINT('Ctrl Pts',(46.7831221201585,-26.5038104111436,-2.41318209466404));
#8146=CARTESIAN_POINT('Ctrl Pts',(46.9858136945897,-26.4870199694997,-2.36666145425051));
#8147=CARTESIAN_POINT('Ctrl Pts',(47.3794061377554,-26.5352947963129,-2.26528645297653));
#8148=CARTESIAN_POINT('Ctrl Pts',(47.5703157694755,-26.6003242745733,-2.21044907550394));
#8149=CARTESIAN_POINT('Ctrl Pts',(47.7320873314199,-26.6907835438995,-2.15922159248427));
#8150=CARTESIAN_POINT('',(45.5000006258488,-28.000000506636,-3.64630639159973));
#8151=CARTESIAN_POINT('',(45.5000006258488,-28.0000005066395,-0.05));
#8152=CARTESIAN_POINT('',(47.7320873314199,-26.6907835438995,-3.2973552953045));
#8153=CARTESIAN_POINT('Ctrl Pts',(47.7320873314199,-26.6907835438995,-3.2973552953045));
#8154=CARTESIAN_POINT('Ctrl Pts',(47.5703157895859,-26.6003242858186,-3.34858139839417));
#8155=CARTESIAN_POINT('Ctrl Pts',(47.3794062015627,-26.5352948244525,-3.40341729267449));
#8156=CARTESIAN_POINT('Ctrl Pts',(46.9858139335884,-26.4870199784999,-3.50478953620511));
#8157=CARTESIAN_POINT('Ctrl Pts',(46.783122491093,-26.5038103825643,-3.55130890260559));
#8158=CARTESIAN_POINT('Ctrl Pts',(46.4265786904809,-26.6021478225288,-3.62347137821452));
#8159=CARTESIAN_POINT('Ctrl Pts',(46.2478861603964,-26.6876323136733,-3.65454908420365));
#8160=CARTESIAN_POINT('Ctrl Pts',(45.937479707293,-26.9234152837548,-3.69594992386518));
#8161=CARTESIAN_POINT('Ctrl Pts',(45.805794947115,-27.0737573181451,-3.70624363293167));
#8162=CARTESIAN_POINT('Ctrl Pts',(45.6169016760822,-27.3908281644352,-3.70624363293167));
#8163=CARTESIAN_POINT('Ctrl Pts',(45.5473896635134,-27.5782092826846,-3.69594992386518));
#8164=CARTESIAN_POINT('Ctrl Pts',(45.505843458179,-27.8469416189971,-3.66706881752851));
#8165=CARTESIAN_POINT('Ctrl Pts',(45.5000006258491,-27.9238870682497,-3.65733150152232));
#8166=CARTESIAN_POINT('Ctrl Pts',(45.5000006258488,-28.0000005066326,-3.64630639159973));
#8167=CARTESIAN_POINT('Ctrl Pts',(45.5000006258488,-28.0000005066326,-3.64630639159973));
#8168=CARTESIAN_POINT('Ctrl Pts',(45.5000006258482,-28.1164846122517,-3.62943354895891));
#8169=CARTESIAN_POINT('Ctrl Pts',(45.5138538748665,-28.2310146153838,-3.6095058329593));
#8170=CARTESIAN_POINT('Ctrl Pts',(45.5810150745112,-28.5216335364704,-3.55130890260559));
#8171=CARTESIAN_POINT('Ctrl Pts',(45.6627534506276,-28.7078714928578,-3.50478953620511));
#8172=CARTESIAN_POINT('Ctrl Pts',(45.8925992148597,-29.0310065402072,-3.40341729267449));
#8173=CARTESIAN_POINT('Ctrl Pts',(46.0406793029074,-29.1679283761887,-3.34858139839417));
#8174=CARTESIAN_POINT('Ctrl Pts',(46.3580282256722,-29.3689769008764,-3.24475195292696));
#8175=CARTESIAN_POINT('Ctrl Pts',(46.550384174581,-29.4453959135355,-3.18855066117664));
#8176=CARTESIAN_POINT('Ctrl Pts',(46.9512964821067,-29.5129283722391,-3.0848678849647));
#8177=CARTESIAN_POINT('Ctrl Pts',(47.1598569661591,-29.5040014824016,-3.037376084365));
#8178=CARTESIAN_POINT('Ctrl Pts',(47.5329442911677,-29.4149111340145,-2.96283175532523));
#8179=CARTESIAN_POINT('Ctrl Pts',(47.722186743951,-29.3303675201899,-2.93062160270107));
#8180=CARTESIAN_POINT('Ctrl Pts',(48.0505913509794,-29.0898116402711,-2.88775698719409));
#8181=CARTESIAN_POINT('Ctrl Pts',(48.1897265174888,-28.9337633377196,-2.87709800769086));
#8182=CARTESIAN_POINT('Ctrl Pts',(48.3875793627091,-28.601653206258,-2.87709800769086));
#8183=CARTESIAN_POINT('Ctrl Pts',(48.4585621634151,-28.4050034940977,-2.88775698719409));
#8184=CARTESIAN_POINT('Ctrl Pts',(48.513746432043,-28.0016780500987,-2.93062160270107));
#8185=CARTESIAN_POINT('Ctrl Pts',(48.4979924390491,-27.7950088935254,-2.96283175532523));
#8186=CARTESIAN_POINT('Ctrl Pts',(48.3987062257104,-27.4245045209485,-3.037376084365));
#8187=CARTESIAN_POINT('Ctrl Pts',(48.3072584765082,-27.2368493210839,-3.08486788496469));
#8188=CARTESIAN_POINT('Ctrl Pts',(48.0569927011983,-26.9164458987978,-3.18855066117664));
#8189=CARTESIAN_POINT('Ctrl Pts',(47.8982081817048,-26.7836748441751,-3.24475195292696));
#8190=CARTESIAN_POINT('Ctrl Pts',(47.7320873314199,-26.6907835438995,-3.2973552953045));
#8191=CARTESIAN_POINT('Origin',(54.9999991804361,2.4999999627471,-0.05));
#8192=CARTESIAN_POINT('',(54.8910882271363,3.99604089511043,-2.06287228596822));
#8193=CARTESIAN_POINT('',(56.4999992027879,2.4999999627471,-1.64305600703043));
#8194=CARTESIAN_POINT('Ctrl Pts',(54.8910882271363,3.99604089511043,-2.06287228596822));
#8195=CARTESIAN_POINT('Ctrl Pts',(55.0808928473712,4.00985856659475,-2.01027349362106));
#8196=CARTESIAN_POINT('Ctrl Pts',(55.2865099286027,3.98634639780872,-1.95407660185757));
#8197=CARTESIAN_POINT('Ctrl Pts',(55.6717317748888,3.85649892702518,-1.85040077191518));
#8198=CARTESIAN_POINT('Ctrl Pts',(55.8513211473745,3.75012612446424,-1.80291161184006));
#8199=CARTESIAN_POINT('Ctrl Pts',(56.1380515827208,3.49540417940922,-1.72837119815772));
#8200=CARTESIAN_POINT('Ctrl Pts',(56.2649084062242,3.33151972837594,-1.69616200778304));
#8201=CARTESIAN_POINT('Ctrl Pts',(56.4407411246923,2.96441692947026,-1.65329847288285));
#8202=CARTESIAN_POINT('Ctrl Pts',(56.4896761909389,2.76117954224962,-1.64263971634979));
#8203=CARTESIAN_POINT('Ctrl Pts',(56.4994761929137,2.5455794988055,-1.64263971634979));
#8204=CARTESIAN_POINT('Ctrl Pts',(56.4999992027879,2.52285978203037,-1.64277671353112));
#8205=CARTESIAN_POINT('Ctrl Pts',(56.4999992027879,2.4999999627471,-1.64305600703043));
#8206=CARTESIAN_POINT('Ctrl Pts',(56.4999992027879,2.4999999627471,-1.64305600703043));
#8207=CARTESIAN_POINT('Ctrl Pts',(56.4999992027879,2.32698235731107,-1.64516987730496));
#8208=CARTESIAN_POINT('Ctrl Pts',(56.46865802757,2.14594079736928,-1.65579966122312));
#8209=CARTESIAN_POINT('Ctrl Pts',(56.3351291304223,1.78666379601709,-1.69616200778304));
#8210=CARTESIAN_POINT('Ctrl Pts',(56.2236632955632,1.61194649687643,-1.72837119815772));
#8211=CARTESIAN_POINT('Ctrl Pts',(55.96122404878,1.33226229354279,-1.80291161184006));
#8212=CARTESIAN_POINT('Ctrl Pts',(55.7920255671348,1.21003549761226,-1.85040077191518));
#8213=CARTESIAN_POINT('Ctrl Pts',(55.4201722412756,1.04577551900394,-1.95407660185757));
#8214=CARTESIAN_POINT('Ctrl Pts',(55.217536128269,1.00370638684344,-2.01027349362107));
#8215=CARTESIAN_POINT('Ctrl Pts',(54.8419245410689,0.996878777799656,-2.11410566157035));
#8216=CARTESIAN_POINT('Ctrl Pts',(54.6429075455674,1.0296919963985,-2.16894892473112));
#8217=CARTESIAN_POINT('Ctrl Pts',(54.2731159537802,1.17298800320176,-2.27033366030899));
#8218=CARTESIAN_POINT('Ctrl Pts',(54.1023505541781,1.28350648204812,-2.31685822799937));
#8219=CARTESIAN_POINT('Ctrl Pts',(53.8344609458886,1.53857741377612,-2.38902852096698));
#8220=CARTESIAN_POINT('Ctrl Pts',(53.717299001423,1.69832970310667,-2.42010890371876));
#8221=CARTESIAN_POINT('Ctrl Pts',(53.5550087472939,2.05278904606204,-2.46151309425464));
#8222=CARTESIAN_POINT('Ctrl Pts',(53.5099267008429,2.2475207032335,-2.47180758641372));
#8223=CARTESIAN_POINT('Ctrl Pts',(53.4931659947411,2.61625623747488,-2.47180758641372));
#8224=CARTESIAN_POINT('Ctrl Pts',(53.5203957587004,2.81427479511954,-2.46151309425464));
#8225=CARTESIAN_POINT('Ctrl Pts',(53.6498596384,3.18199568961257,-2.42010890371876));
#8226=CARTESIAN_POINT('Ctrl Pts',(53.7520454496295,3.35171833147472,-2.38902852096698));
#8227=CARTESIAN_POINT('Ctrl Pts',(53.9956899028415,3.63004081145278,-2.31685822799937));
#8228=CARTESIAN_POINT('Ctrl Pts',(54.1557246965293,3.75559566272141,-2.27033366030899));
#8229=CARTESIAN_POINT('Ctrl Pts',(54.5109913244342,3.93184886132885,-2.16894892473112));
#8230=CARTESIAN_POINT('Ctrl Pts',(54.7062107619783,3.98258191779341,-2.11410566157035));
#8231=CARTESIAN_POINT('Ctrl Pts',(54.8910882271363,3.99604089511043,-2.06287228596822));
#8232=CARTESIAN_POINT('',(56.4999992027879,2.4999999627471,-2.78120354979214));
#8233=CARTESIAN_POINT('',(56.4999992027879,2.4999999627471,-0.05));
#8234=CARTESIAN_POINT('',(54.8910882271363,3.99604089511043,-3.20100857220121));
#8235=CARTESIAN_POINT('Ctrl Pts',(54.8910882271363,3.99604089511043,-3.20100857220121));
#8236=CARTESIAN_POINT('Ctrl Pts',(54.7062107849381,3.98258191946487,-3.25224056772103));
#8237=CARTESIAN_POINT('Ctrl Pts',(54.5109913931665,3.93184887292399,-3.30708234753518));
#8238=CARTESIAN_POINT('Ctrl Pts',(54.1557249010182,3.75559578667552,-3.4084643251112));
#8239=CARTESIAN_POINT('Ctrl Pts',(53.9956901968315,3.63004103937603,-3.45498761868272));
#8240=CARTESIAN_POINT('Ctrl Pts',(53.7520456427567,3.35171865564675,-3.52715600318544));
#8241=CARTESIAN_POINT('Ctrl Pts',(53.6498597363868,3.18199590881842,-3.55823558081752));
#8242=CARTESIAN_POINT('Ctrl Pts',(53.5203957610433,2.81427486088376,-3.5996386902039));
#8243=CARTESIAN_POINT('Ctrl Pts',(53.4931659939008,2.61625625596184,-3.60993290786954));
#8244=CARTESIAN_POINT('Ctrl Pts',(53.5099267016833,2.24752068474654,-3.60993290786954));
#8245=CARTESIAN_POINT('Ctrl Pts',(53.5550087555934,2.05278898078155,-3.5996386902039));
#8246=CARTESIAN_POINT('Ctrl Pts',(53.7172991188925,1.69832949369428,-3.55823558081752));
#8247=CARTESIAN_POINT('Ctrl Pts',(53.8344611676287,1.53857710846169,-3.52715600318543));
#8248=CARTESIAN_POINT('Ctrl Pts',(54.1023508676333,1.28350628173602,-3.45498761868272));
#8249=CARTESIAN_POINT('Ctrl Pts',(54.2731161686712,1.17298789831037,-3.4084643251112));
#8250=CARTESIAN_POINT('Ctrl Pts',(54.6429076150682,1.02969199108669,-3.30708234753518));
#8251=CARTESIAN_POINT('Ctrl Pts',(54.8419245640856,0.996878778218038,-3.25224056772103));
#8252=CARTESIAN_POINT('Ctrl Pts',(55.2175362014379,1.00370638817346,-3.14841116995892));
#8253=CARTESIAN_POINT('Ctrl Pts',(55.4201723619956,1.04577555286223,-3.09221577169991));
#8254=CARTESIAN_POINT('Ctrl Pts',(55.7920256868379,1.21003556995682,-2.9885427216421));
#8255=CARTESIAN_POINT('Ctrl Pts',(55.9612241207166,1.33226237020637,-2.94105484796387));
#8256=CARTESIAN_POINT('Ctrl Pts',(56.2236633685195,1.61194657462666,-2.86651643264311));
#8257=CARTESIAN_POINT('Ctrl Pts',(56.3351291983991,1.78666392500239,-2.83430810670715));
#8258=CARTESIAN_POINT('Ctrl Pts',(56.4686580551238,2.1459409191293,-2.79394685339549));
#8259=CARTESIAN_POINT('Ctrl Pts',(56.4999992027879,2.32698242974758,-2.78331736250251));
#8260=CARTESIAN_POINT('Ctrl Pts',(56.4999992027879,2.4999999627471,-2.78120354979214));
#8261=CARTESIAN_POINT('Ctrl Pts',(56.4999992027879,2.4999999627471,-2.78120354979214));
#8262=CARTESIAN_POINT('Ctrl Pts',(56.4999992027879,2.52285978255901,-2.78092426377507));
#8263=CARTESIAN_POINT('Ctrl Pts',(56.4994761928894,2.54557949933953,-2.7807872702735));
#8264=CARTESIAN_POINT('Ctrl Pts',(56.4896761945715,2.76117946233246,-2.7807872702735));
#8265=CARTESIAN_POINT('Ctrl Pts',(56.4407411648955,2.96441680205342,-2.79144573176552));
#8266=CARTESIAN_POINT('Ctrl Pts',(56.2649084856224,3.3315196060895,-2.83430810670715));
#8267=CARTESIAN_POINT('Ctrl Pts',(56.1380516624299,3.49540410859832,-2.86651643264311));
#8268=CARTESIAN_POINT('Ctrl Pts',(55.8513212259695,3.750126054643,-2.94105484796386));
#8269=CARTESIAN_POINT('Ctrl Pts',(55.6717319006615,3.85649886583861,-2.9885427216421));
#8270=CARTESIAN_POINT('Ctrl Pts',(55.2865100518965,3.98634637504196,-3.0922157716999));
#8271=CARTESIAN_POINT('Ctrl Pts',(55.0808929203591,4.00985857190823,-3.14841116995892));
#8272=CARTESIAN_POINT('Ctrl Pts',(54.8910882271363,3.99604089511043,-3.20100857220121));
#8273=CARTESIAN_POINT('Origin',(49.9999991059303,5.,-0.05));
#8274=CARTESIAN_POINT('',(49.8062555798157,6.48743521309128,-3.39212977284612));
#8275=CARTESIAN_POINT('',(51.4999991282821,4.9999999999999,-2.97335456439814));
#8276=CARTESIAN_POINT('Ctrl Pts',(49.8062555798157,6.48743521309128,-3.39212977284612));
#8277=CARTESIAN_POINT('Ctrl Pts',(49.99528857999,6.51205740818486,-3.33944173347917));
#8278=CARTESIAN_POINT('Ctrl Pts',(50.2022479910975,6.50018042199345,-3.28315631260936));
#8279=CARTESIAN_POINT('Ctrl Pts',(50.5947803680416,6.39200615783681,-3.17933439148214));
#8280=CARTESIAN_POINT('Ctrl Pts',(50.7803396837948,6.29567052741308,-3.13178624722379));
#8281=CARTESIAN_POINT('Ctrl Pts',(51.0812860917756,6.05685150826784,-3.05715697707942));
#8282=CARTESIAN_POINT('Ctrl Pts',(51.2172212991716,5.89995698892134,-3.0249203350938));
#8283=CARTESIAN_POINT('Ctrl Pts',(51.4132436851415,5.54248705756536,-2.98202311395012));
#8284=CARTESIAN_POINT('Ctrl Pts',(51.4732913989372,5.34189072280028,-2.97135656199863));
#8285=CARTESIAN_POINT('Ctrl Pts',(51.4974439695421,5.10036502106963,-2.97135656199863));
#8286=CARTESIAN_POINT('Ctrl Pts',(51.4999991282821,5.0504501665971,-2.97200712464361));
#8287=CARTESIAN_POINT('Ctrl Pts',(51.4999991282821,4.99999999999979,-2.97335456439814));
#8288=CARTESIAN_POINT('Ctrl Pts',(51.4999991282821,4.99999999999979,-2.97335456439814));
#8289=CARTESIAN_POINT('Ctrl Pts',(51.4999991282821,4.85166998464594,-2.9773162115632));
#8290=CARTESIAN_POINT('Ctrl Pts',(51.4772819966156,4.69871546721039,-2.98746674503048));
#8291=CARTESIAN_POINT('Ctrl Pts',(51.3713271964114,4.35889804407959,-3.0249203350938));
#8292=CARTESIAN_POINT('Ctrl Pts',(51.2691519975931,4.17819248368589,-3.05715697707942));
#8293=CARTESIAN_POINT('Ctrl Pts',(51.0214558203439,3.88450920503659,-3.13178624722379));
#8294=CARTESIAN_POINT('Ctrl Pts',(50.8586473094115,3.75333679132138,-3.17933439148214));
#8295=CARTESIAN_POINT('Ctrl Pts',(50.495308497841,3.56957540696168,-3.28315631260936));
#8296=CARTESIAN_POINT('Ctrl Pts',(50.2947991715341,3.51695154630021,-3.33944173347916));
#8297=CARTESIAN_POINT('Ctrl Pts',(49.920037917887,3.49074571205456,-3.44327466005953));
#8298=CARTESIAN_POINT('Ctrl Pts',(49.7199239419777,3.51314091914721,-3.49802952195781));
#8299=CARTESIAN_POINT('Ctrl Pts',(49.3437626895217,3.63671506822779,-3.5992680383328));
#8300=CARTESIAN_POINT('Ctrl Pts',(49.167722391255,3.73793006095063,-3.64573361274258));
#8301=CARTESIAN_POINT('Ctrl Pts',(48.8872100176166,3.978043403854,-3.71781516831296));
#8302=CARTESIAN_POINT('Ctrl Pts',(48.7619292771068,4.13106340480336,-3.74886744525783));
#8303=CARTESIAN_POINT('Ctrl Pts',(48.581189171081,4.47574235547038,-3.79023756670713));
#8304=CARTESIAN_POINT('Ctrl Pts',(48.5257748752235,4.66742865403327,-3.80052443206257));
#8305=CARTESIAN_POINT('Ctrl Pts',(48.4891117220541,5.03406017917064,-3.80052443206257));
#8306=CARTESIAN_POINT('Ctrl Pts',(48.5054710215345,5.23292383739566,-3.79023756670713));
#8307=CARTESIAN_POINT('Ctrl Pts',(48.614378856679,5.60656758269762,-3.74886744525783));
#8308=CARTESIAN_POINT('Ctrl Pts',(48.70687779954,5.78136555237349,-3.71781516831296));
#8309=CARTESIAN_POINT('Ctrl Pts',(48.9342882750658,6.07227118110152,-3.64573361274258));
#8310=CARTESIAN_POINT('Ctrl Pts',(49.086800053541,6.20634138208605,-3.5992680383328));
#8311=CARTESIAN_POINT('Ctrl Pts',(49.4310424391012,6.40195589625643,-3.49802952195781));
#8312=CARTESIAN_POINT('Ctrl Pts',(49.6227590673304,6.46353416446358,-3.44327466005953));
#8313=CARTESIAN_POINT('Ctrl Pts',(49.8062555798157,6.48743521309128,-3.39212977284612));
#8314=CARTESIAN_POINT('',(51.4999991282821,4.9999999999999,-4.11146643788101));
#8315=CARTESIAN_POINT('',(51.4999991282821,5.,-0.05));
#8316=CARTESIAN_POINT('',(49.8062555798157,6.48743521309128,-4.53023041771449));
#8317=CARTESIAN_POINT('Ctrl Pts',(49.8062555798157,6.48743521309128,-4.53023041771449));
#8318=CARTESIAN_POINT('Ctrl Pts',(49.6227590904641,6.46353416747683,-4.58137392713292));
#8319=CARTESIAN_POINT('Ctrl Pts',(49.4310425075368,6.40195591190706,-4.63612730800276));
#8320=CARTESIAN_POINT('Ctrl Pts',(49.0868002512941,6.20634151769621,-4.73736307025861));
#8321=CARTESIAN_POINT('Ctrl Pts',(48.934288556283,6.07227142553775,-4.78382737213888));
#8322=CARTESIAN_POINT('Ctrl Pts',(48.7068779747364,5.78136588712874,-4.85590702165714));
#8323=CARTESIAN_POINT('Ctrl Pts',(48.614378942602,5.60656780732248,-4.88695849429421));
#8324=CARTESIAN_POINT('Ctrl Pts',(48.5054710203106,5.23292390335845,-4.92832753557206));
#8325=CARTESIAN_POINT('Ctrl Pts',(48.4891117202047,5.03406019766481,-4.93861412664996));
#8326=CARTESIAN_POINT('Ctrl Pts',(48.5257748770729,4.66742863553909,-4.93861412664996));
#8327=CARTESIAN_POINT('Ctrl Pts',(48.5811891829432,4.47574229057143,-4.92832753557206));
#8328=CARTESIAN_POINT('Ctrl Pts',(48.7619294058085,4.13106320164099,-4.88695849429422));
#8329=CARTESIAN_POINT('Ctrl Pts',(48.8872102556319,3.97804311041993,-4.85590702165714));
#8330=CARTESIAN_POINT('Ctrl Pts',(49.1677227153068,3.73792987704131,-4.78382737213888));
#8331=CARTESIAN_POINT('Ctrl Pts',(49.3437629102124,3.63671497446202,-4.7373630702586));
#8332=CARTESIAN_POINT('Ctrl Pts',(49.7199240121573,3.5131409173581,-4.63612730800276));
#8333=CARTESIAN_POINT('Ctrl Pts',(49.9200379411593,3.49074571368192,-4.58137392713292));
#8334=CARTESIAN_POINT('Ctrl Pts',(50.2947992447962,3.51695155142319,-4.47754377077354));
#8335=CARTESIAN_POINT('Ctrl Pts',(50.495308616991,3.56957544718092,-4.42125984575717));
#8336=CARTESIAN_POINT('Ctrl Pts',(50.8586474254429,3.75333687004697,-4.31744070845514));
#8337=CARTESIAN_POINT('Ctrl Pts',(51.0214558882735,3.88450928557796,-4.26989385221369));
#8338=CARTESIAN_POINT('Ctrl Pts',(51.2691520664026,4.17819256527051,-4.19526658283792));
#8339=CARTESIAN_POINT('Ctrl Pts',(51.3713272574345,4.35889817657191,-4.16303080604416));
#8340=CARTESIAN_POINT('Ctrl Pts',(51.4772820174584,4.69871558123277,-4.1255782315099));
#8341=CARTESIAN_POINT('Ctrl Pts',(51.4999991282821,4.85167004984845,-4.11542797708108));
#8342=CARTESIAN_POINT('Ctrl Pts',(51.4999991282821,4.99999999999979,-4.11146643788101));
#8343=CARTESIAN_POINT('Ctrl Pts',(51.4999991282821,4.99999999999979,-4.11146643788101));
#8344=CARTESIAN_POINT('Ctrl Pts',(51.4999991282821,5.05045016900661,-4.11011903419102));
#8345=CARTESIAN_POINT('Ctrl Pts',(51.4974439692992,5.10036502349898,-4.10946848905392));
#8346=CARTESIAN_POINT('Ctrl Pts',(51.4732914068996,5.34189064317619,-4.10946848905392));
#8347=CARTESIAN_POINT('Ctrl Pts',(51.4132437322551,5.54248693250918,-4.12013474576271));
#8348=CARTESIAN_POINT('Ctrl Pts',(51.2172213852225,5.89995687113641,-4.16303080604416));
#8349=CARTESIAN_POINT('Ctrl Pts',(51.0812861753779,6.05685144192439,-4.19526658283793));
#8350=CARTESIAN_POINT('Ctrl Pts',(50.780339766328,6.29567046191799,-4.2698938522137));
#8351=CARTESIAN_POINT('Ctrl Pts',(50.5947804973647,6.39200610364667,-4.31744070845514));
#8352=CARTESIAN_POINT('Ctrl Pts',(50.2022481158523,6.50018040616468,-4.42125984575717));
#8353=CARTESIAN_POINT('Ctrl Pts',(49.9952886528158,6.51205741767067,-4.47754377077353));
#8354=CARTESIAN_POINT('Ctrl Pts',(49.8062555798157,6.48743521309128,-4.53023041771449));
#8355=CARTESIAN_POINT('Origin',(-55.0000008195639,2.5000000372529,-0.05));
#8356=CARTESIAN_POINT('',(-55.0272622858958,1.00024776453962,-2.0628718322947));
#8357=CARTESIAN_POINT('',(-56.5000008419156,2.5000000372529,-1.64305555352564));
#8358=CARTESIAN_POINT('Ctrl Pts',(-55.0272622858958,1.00024776453962,-2.0628718322947));
#8359=CARTESIAN_POINT('Ctrl Pts',(-55.2175377685115,1.00370646152411,-2.01027303997535));
#8360=CARTESIAN_POINT('Ctrl Pts',(-55.4201738813837,1.04577559380709,-1.95407614823943));
#8361=CARTESIAN_POINT('Ctrl Pts',(-55.792027206958,1.21003557256094,-1.85040031834255));
#8362=CARTESIAN_POINT('Ctrl Pts',(-55.9612256884528,1.3322623685145,-1.80291115828581));
#8363=CARTESIAN_POINT('Ctrl Pts',(-56.2236649349821,1.61194657180513,-1.72837074463114));
#8364=CARTESIAN_POINT('Ctrl Pts',(-56.3351307697302,1.78666387088883,-1.69616155426501));
#8365=CARTESIAN_POINT('Ctrl Pts',(-56.4686596667343,2.14594087207837,-1.65579920771628));
#8366=CARTESIAN_POINT('Ctrl Pts',(-56.5000008419156,2.32698243191791,-1.64516942380061));
#8367=CARTESIAN_POINT('Ctrl Pts',(-56.5000008419156,2.5000000372529,-1.64305555352564));
#8368=CARTESIAN_POINT('Ctrl Pts',(-56.5000008419156,2.5000000372529,-1.64305555352564));
#8369=CARTESIAN_POINT('Ctrl Pts',(-56.5000008419156,2.52285985653632,-1.64277626002611));
#8370=CARTESIAN_POINT('Ctrl Pts',(-56.4994778320414,2.54557957331147,-1.64263926284467));
#8371=CARTESIAN_POINT('Ctrl Pts',(-56.4896778300713,2.76117961665322,-1.64263926284467));
#8372=CARTESIAN_POINT('Ctrl Pts',(-56.4407427638708,2.96441700377429,-1.65329801937531));
#8373=CARTESIAN_POINT('Ctrl Pts',(-56.2649100455645,3.33151980253366,-1.69616155426501));
#8374=CARTESIAN_POINT('Ctrl Pts',(-56.1380532221769,3.49540425352028,-1.72837074463115));
#8375=CARTESIAN_POINT('Ctrl Pts',(-55.8513227870873,3.7501261985555,-1.80291115828582));
#8376=CARTESIAN_POINT('Ctrl Pts',(-55.6717334147492,3.85649900115303,-1.85040031834255));
#8377=CARTESIAN_POINT('Ctrl Pts',(-55.2865115687337,3.98634647210734,-1.95407614823943));
#8378=CARTESIAN_POINT('Ctrl Pts',(-55.080894487625,4.00985864102755,-2.01027303997535));
#8379=CARTESIAN_POINT('Ctrl Pts',(-54.7062124022108,3.9825819925306,-2.1141052079244));
#8380=CARTESIAN_POINT('Ctrl Pts',(-54.5109929645278,3.93184893617845,-2.16894847111271));
#8381=CARTESIAN_POINT('Ctrl Pts',(-54.1557263363349,3.75559573769893,-2.27033320673611));
#8382=CARTESIAN_POINT('Ctrl Pts',(-53.9956915424982,3.6300408864458,-2.31685777444486));
#8383=CARTESIAN_POINT('Ctrl Pts',(-53.7520470890381,3.35171840641356,-2.38902806744012));
#8384=CARTESIAN_POINT('Ctrl Pts',(-53.6498612777008,3.18199576449013,-2.42010845020065));
#8385=CARTESIAN_POINT('Ctrl Pts',(-53.5203973978585,2.81427486983159,-2.46151264074715));
#8386=CARTESIAN_POINT('Ctrl Pts',(-53.4931676338642,2.61625631208277,-2.47180713290861));
#8387=CARTESIAN_POINT('Ctrl Pts',(-53.5099283399753,2.2475207776372,-2.47180713290861));
#8388=CARTESIAN_POINT('Ctrl Pts',(-53.5550103864706,2.05278912036518,-2.46151264074715));
#8389=CARTESIAN_POINT('Ctrl Pts',(-53.7173006407568,1.69832977725794,-2.42010845020065));
#8390=CARTESIAN_POINT('Ctrl Pts',(-53.8344625853352,1.53857748787614,-2.38902806744012));
#8391=CARTESIAN_POINT('Ctrl Pts',(-54.1023521938768,1.2835065561167,-2.31685777444486));
#8392=CARTESIAN_POINT('Ctrl Pts',(-54.2731175936258,1.17298807729928,-2.27033320673611));
#8393=CARTESIAN_POINT('Ctrl Pts',(-54.6429091856882,1.02969207064955,-2.1689484711127));
#8394=CARTESIAN_POINT('Ctrl Pts',(-54.8419261813179,0.996878852175247,-2.1141052079244));
#8395=CARTESIAN_POINT('Ctrl Pts',(-55.0272622858958,1.00024776453962,-2.0628718322947));
#8396=CARTESIAN_POINT('',(-56.5000008419156,2.5000000372529,-2.78120309629952));
#8397=CARTESIAN_POINT('',(-56.5000008419156,2.5000000372529,-0.05));
#8398=CARTESIAN_POINT('',(-55.0272622858958,1.00024776453962,-3.20100811853986));
#8399=CARTESIAN_POINT('Ctrl Pts',(-55.0272622858958,1.00024776453962,-3.20100811853986));
#8400=CARTESIAN_POINT('Ctrl Pts',(-54.8419262043346,0.996878852593628,-3.25224011408724));
#8401=CARTESIAN_POINT('Ctrl Pts',(-54.642909255189,1.02969206533774,-3.30708189392893));
#8402=CARTESIAN_POINT('Ctrl Pts',(-54.2731178085168,1.1729879724079,-3.40846387155048));
#8403=CARTESIAN_POINT('Ctrl Pts',(-54.102352507332,1.28350635580459,-3.45498716514038));
#8404=CARTESIAN_POINT('Ctrl Pts',(-53.8344628070754,1.53857718256171,-3.52715554967073));
#8405=CARTESIAN_POINT('Ctrl Pts',(-53.7173007582263,1.69832956784556,-3.55823512731157));
#8406=CARTESIAN_POINT('Ctrl Pts',(-53.5550103947701,2.05278905508471,-3.59963823670857));
#8407=CARTESIAN_POINT('Ctrl Pts',(-53.5099283408156,2.24752075915024,-3.60993245437659));
#8408=CARTESIAN_POINT('Ctrl Pts',(-53.4931676330238,2.61625633056974,-3.60993245437659));
#8409=CARTESIAN_POINT('Ctrl Pts',(-53.5203974002014,2.81427493559582,-3.59963823670857));
#8410=CARTESIAN_POINT('Ctrl Pts',(-53.6498613756876,3.18199598369599,-3.55823512731157));
#8411=CARTESIAN_POINT('Ctrl Pts',(-53.7520472821652,3.35171873058559,-3.52715554967073));
#8412=CARTESIAN_POINT('Ctrl Pts',(-53.9956918364881,3.63004111436905,-3.45498716514038));
#8413=CARTESIAN_POINT('Ctrl Pts',(-54.1557265408239,3.75559586165304,-3.40846387155048));
#8414=CARTESIAN_POINT('Ctrl Pts',(-54.5109930332601,3.93184894777359,-3.30708189392893));
#8415=CARTESIAN_POINT('Ctrl Pts',(-54.7062124251705,3.98258199420206,-3.25224011408724));
#8416=CARTESIAN_POINT('Ctrl Pts',(-55.0808945606129,4.00985864634102,-3.14841071632537));
#8417=CARTESIAN_POINT('Ctrl Pts',(-55.2865116920275,3.98634644934058,-3.09221531809393));
#8418=CARTESIAN_POINT('Ctrl Pts',(-55.6717335405219,3.85649893996645,-2.98854226808164));
#8419=CARTESIAN_POINT('Ctrl Pts',(-55.8513228656823,3.75012612873426,-2.94105439442178));
#8420=CARTESIAN_POINT('Ctrl Pts',(-56.1380533018859,3.49540418270938,-2.8665159791287));
#8421=CARTESIAN_POINT('Ctrl Pts',(-56.2649101249627,3.33151968024722,-2.83430765320129));
#8422=CARTESIAN_POINT('Ctrl Pts',(-56.440742804074,2.96441687635746,-2.79144527827014));
#8423=CARTESIAN_POINT('Ctrl Pts',(-56.4896778337039,2.76117953673606,-2.78078681678054));
#8424=CARTESIAN_POINT('Ctrl Pts',(-56.4994778320171,2.5455795738455,-2.78078681678054));
#8425=CARTESIAN_POINT('Ctrl Pts',(-56.5000008419156,2.52285985706497,-2.78092381028222));
#8426=CARTESIAN_POINT('Ctrl Pts',(-56.5000008419156,2.5000000372529,-2.78120309629952));
#8427=CARTESIAN_POINT('Ctrl Pts',(-56.5000008419156,2.5000000372529,-2.78120309629952));
#8428=CARTESIAN_POINT('Ctrl Pts',(-56.5000008419156,2.32698250435442,-2.78331690901032));
#8429=CARTESIAN_POINT('Ctrl Pts',(-56.4686596942881,2.14594099383838,-2.79394639990081));
#8430=CARTESIAN_POINT('Ctrl Pts',(-56.3351308377069,1.78666399987412,-2.83430765320129));
#8431=CARTESIAN_POINT('Ctrl Pts',(-56.2236650079384,1.61194664955536,-2.8665159791287));
#8432=CARTESIAN_POINT('Ctrl Pts',(-55.9612257603894,1.33226244517809,-2.94105439442178));
#8433=CARTESIAN_POINT('Ctrl Pts',(-55.792027326661,1.2100356449055,-2.98854226808164));
#8434=CARTESIAN_POINT('Ctrl Pts',(-55.4201740021036,1.04577562766537,-3.09221531809393));
#8435=CARTESIAN_POINT('Ctrl Pts',(-55.2175378416804,1.00370646285413,-3.14841071632536));
#8436=CARTESIAN_POINT('Ctrl Pts',(-55.0272622858958,1.00024776453962,-3.20100811853986));
#8437=CARTESIAN_POINT('Origin',(10.0000001490116,-53.0000007897615,-0.05));
#8438=CARTESIAN_POINT('',(11.950221360244,-52.5565628265027,-2.37748568078366));
#8439=CARTESIAN_POINT('',(8.00000014901161,-53.0000007897611,-2.45976090646841));
#8440=CARTESIAN_POINT('Ctrl Pts',(11.950221360244,-52.5565628265027,-2.37748568078366));
#8441=CARTESIAN_POINT('Ctrl Pts',(12.0068413087456,-52.8055749402497,-2.30690468217358));
#8442=CARTESIAN_POINT('Ctrl Pts',(12.0167880790033,-53.0830653552816,-2.23153010272654));
#8443=CARTESIAN_POINT('Ctrl Pts',(11.920964748604,-53.6198622628502,-2.09256086594892));
#8444=CARTESIAN_POINT('Ctrl Pts',(11.8151417648272,-53.8791539081671,-2.02894532887731));
#8445=CARTESIAN_POINT('Ctrl Pts',(11.5329199902451,-54.3095721151828,-1.92911077731992));
#8446=CARTESIAN_POINT('Ctrl Pts',(11.3398808037302,-54.5097171521383,-1.88602694890977));
#8447=CARTESIAN_POINT('Ctrl Pts',(10.8862678146591,-54.8135755154075,-1.82870572074832));
#8448=CARTESIAN_POINT('Ctrl Pts',(10.6256628643838,-54.9172397582063,-1.81445463435934));
#8449=CARTESIAN_POINT('Ctrl Pts',(10.1159688704307,-55.0134084363107,-1.81445463435934));
#8450=CARTESIAN_POINT('Ctrl Pts',(9.83550723149551,-55.0118322292119,-1.82870572074832));
#8451=CARTESIAN_POINT('Ctrl Pts',(9.30235925883859,-54.8941551794764,-1.88602694890978));
#8452=CARTESIAN_POINT('Ctrl Pts',(9.04966180423505,-54.778111395562,-1.92911077731992));
#8453=CARTESIAN_POINT('Ctrl Pts',(8.63000484762467,-54.480123137828,-2.02894532887731));
#8454=CARTESIAN_POINT('Ctrl Pts',(8.43697507550803,-54.2772188049438,-2.09256086594892));
#8455=CARTESIAN_POINT('Ctrl Pts',(8.15213831920891,-53.8122445552428,-2.23153010272654));
#8456=CARTESIAN_POINT('Ctrl Pts',(8.06028749785929,-53.5502077347565,-2.30690468217358));
#8457=CARTESIAN_POINT('Ctrl Pts',(8.0078037675786,-53.2015210830741,-2.40436352749192));
#8458=CARTESIAN_POINT('Ctrl Pts',(8.00000014901157,-53.1015513680301,-2.43200779620251));
#8459=CARTESIAN_POINT('Ctrl Pts',(8.00000014901161,-53.0000007897607,-2.45976090646841));
#8460=CARTESIAN_POINT('Ctrl Pts',(8.00000014901161,-53.0000007897607,-2.45976090646841));
#8461=CARTESIAN_POINT('Ctrl Pts',(8.00000014901168,-52.8451383255325,-2.50208380722405));
#8462=CARTESIAN_POINT('Ctrl Pts',(8.01834333530118,-52.6865975757466,-2.54465369929567));
#8463=CARTESIAN_POINT('Ctrl Pts',(8.11690301262517,-52.2768198523542,-2.65247439753066));
#8464=CARTESIAN_POINT('Ctrl Pts',(8.2315703493523,-52.0329615846009,-2.71421005486149));
#8465=CARTESIAN_POINT('Ctrl Pts',(8.51812120750175,-51.6356035813508,-2.80999058081141));
#8466=CARTESIAN_POINT('Ctrl Pts',(8.70647609516211,-51.4529099831327,-2.85128965979041));
#8467=CARTESIAN_POINT('Ctrl Pts',(9.14189191177831,-51.1750775863409,-2.90632401387172));
#8468=CARTESIAN_POINT('Ctrl Pts',(9.38899544880362,-51.0799961580783,-2.9200117779705));
#8469=CARTESIAN_POINT('Ctrl Pts',(9.86937341242831,-50.989358806451,-2.9200117779705));
#8470=CARTESIAN_POINT('Ctrl Pts',(10.1341344285026,-50.9878620171477,-2.90632401387172));
#8471=CARTESIAN_POINT('Ctrl Pts',(10.6408528155127,-51.0879332434439,-2.85128965979041));
#8472=CARTESIAN_POINT('Ctrl Pts',(10.8828289601615,-51.1894323072641,-2.80999058081141));
#8473=CARTESIAN_POINT('Ctrl Pts',(11.2944706783367,-51.455055862151,-2.71421005486148));
#8474=CARTESIAN_POINT('Ctrl Pts',(11.4901130224455,-51.6403651335202,-2.65247439753065));
#8475=CARTESIAN_POINT('Ctrl Pts',(11.7907456512005,-52.0714126109933,-2.51803102404242));
#8476=CARTESIAN_POINT('Ctrl Pts',(11.8957793873279,-52.3171293563008,-2.44535167000496));
#8477=CARTESIAN_POINT('Ctrl Pts',(11.950221360244,-52.5565628265027,-2.37748568078366));
#8478=CARTESIAN_POINT('',(8.00000014901161,-53.0000007897611,-3.59788655093171));
#8479=CARTESIAN_POINT('',(8.00000014901161,-53.0000007897615,-0.05));
#8480=CARTESIAN_POINT('',(11.950221360244,-52.5565628265027,-3.51561353129157));
#8481=CARTESIAN_POINT('Ctrl Pts',(11.950221360244,-52.5565628265027,-3.51561353129157));
#8482=CARTESIAN_POINT('Ctrl Pts',(11.8957793944778,-52.3171293877457,-3.5834776919103));
#8483=CARTESIAN_POINT('Ctrl Pts',(11.7907456813303,-52.0714127015679,-3.65615507982016));
#8484=CARTESIAN_POINT('Ctrl Pts',(11.4901132283184,-51.6403653813267,-3.79059479552116));
#8485=CARTESIAN_POINT('Ctrl Pts',(11.2944710389053,-51.4550562072041,-3.85232876203023));
#8486=CARTESIAN_POINT('Ctrl Pts',(10.8828294272382,-51.1894325008274,-3.94810675550204));
#8487=CARTESIAN_POINT('Ctrl Pts',(10.6408531253995,-51.0879333313408,-3.98940476507517));
#8488=CARTESIAN_POINT('Ctrl Pts',(10.1341345166072,-50.9878620078496,-4.04443768254239));
#8489=CARTESIAN_POINT('Ctrl Pts',(9.8693734370749,-50.9893588018007,-4.05812508173285));
#8490=CARTESIAN_POINT('Ctrl Pts',(9.38899542415703,-51.0799961627286,-4.05812508173285));
#8491=CARTESIAN_POINT('Ctrl Pts',(9.14189182634302,-51.1750776097862,-4.04443768254239));
#8492=CARTESIAN_POINT('Ctrl Pts',(8.70647583860915,-51.452910177905,-3.98940476507518));
#8493=CARTESIAN_POINT('Ctrl Pts',(8.51812084306934,-51.6356039318026,-3.94810675550204));
#8494=CARTESIAN_POINT('Ctrl Pts',(8.23157013930629,-52.0329620373171,-3.85232876203023));
#8495=CARTESIAN_POINT('Ctrl Pts',(8.11690291120374,-52.2768201581408,-3.79059479552116));
#8496=CARTESIAN_POINT('Ctrl Pts',(8.01834332343161,-52.6865976950884,-3.68277703539956));
#8497=CARTESIAN_POINT('Ctrl Pts',(8.00000014901168,-52.845138377671,-3.64020830263519));
#8498=CARTESIAN_POINT('Ctrl Pts',(8.00000014901161,-53.0000007897607,-3.59788655093171));
#8499=CARTESIAN_POINT('Ctrl Pts',(8.00000014901161,-53.0000007897607,-3.59788655093171));
#8500=CARTESIAN_POINT('Ctrl Pts',(8.00000014901157,-53.1015513631879,-3.57013418613294));
#8501=CARTESIAN_POINT('Ctrl Pts',(8.00780376695318,-53.201521078919,-3.54249065848579));
#8502=CARTESIAN_POINT('Ctrl Pts',(8.06028751257753,-53.5502078325402,-3.44503439783888));
#8503=CARTESIAN_POINT('Ctrl Pts',(8.15213838604242,-53.8122447105392,-3.36966182154961));
#8504=CARTESIAN_POINT('Ctrl Pts',(8.43697519361159,-54.277218951543,-3.23069631110568));
#8505=CARTESIAN_POINT('Ctrl Pts',(8.63000496287121,-54.4801232196617,-3.16708249737748));
#8506=CARTESIAN_POINT('Ctrl Pts',(9.04966192058909,-54.7781114781822,-3.06725062241922));
#8507=CARTESIAN_POINT('Ctrl Pts',(9.3023594419691,-54.8941552457284,-3.02416795038639));
#8508=CARTESIAN_POINT('Ctrl Pts',(9.83550740927538,-55.0118322426205,-2.96684827339267));
#8509=CARTESIAN_POINT('Ctrl Pts',(10.1159689753551,-55.0134084165136,-2.95259758141178));
#8510=CARTESIAN_POINT('Ctrl Pts',(10.6256627594594,-54.9172397780033,-2.95259758141178));
#8511=CARTESIAN_POINT('Ctrl Pts',(10.8862676539879,-54.8135755926748,-2.96684827339267));
#8512=CARTESIAN_POINT('Ctrl Pts',(11.3398806573316,-54.5097172805656,-3.02416795038639));
#8513=CARTESIAN_POINT('Ctrl Pts',(11.5329199119963,-54.3095722345205,-3.06725062241922));
#8514=CARTESIAN_POINT('Ctrl Pts',(11.8151416873233,-53.8791540263689,-3.16708249737748));
#8515=CARTESIAN_POINT('Ctrl Pts',(11.9209646920391,-53.6198624424057,-3.23069631110568));
#8516=CARTESIAN_POINT('Ctrl Pts',(12.0167880733526,-53.0830655242543,-3.36966182154961));
#8517=CARTESIAN_POINT('Ctrl Pts',(12.0068413306704,-52.8055750366736,-3.44503439783887));
#8518=CARTESIAN_POINT('Ctrl Pts',(11.950221360244,-52.5565628265027,-3.51561353129157));
#8519=CARTESIAN_POINT('Origin',(-50.0000007450581,0.,-0.05));
#8520=CARTESIAN_POINT('',(-49.9550007443875,-1.4993248703983,-3.4610856406237));
#8521=CARTESIAN_POINT('',(-51.5000007674098,1.83697022609402E-16,-3.04028154671547));
#8522=CARTESIAN_POINT('Ctrl Pts',(-49.9550007443875,-1.4993248703983,-3.4610856406237));
#8523=CARTESIAN_POINT('Ctrl Pts',(-50.1455631986776,-1.50504431835794,-3.40839250271294));
#8524=CARTESIAN_POINT('Ctrl Pts',(-50.350337280789,-1.47265669965202,-3.35210202548178));
#8525=CARTESIAN_POINT('Ctrl Pts',(-50.7302087945127,-1.32599005684424,-3.24827176114562));
#8526=CARTESIAN_POINT('Ctrl Pts',(-50.9052888092763,-1.21167422655754,-3.20072024840122));
#8527=CARTESIAN_POINT('Ctrl Pts',(-51.1810252261327,-0.94408946195754,-3.12608590193662));
#8528=CARTESIAN_POINT('Ctrl Pts',(-51.3006950660341,-0.774438039982173,
-3.09384769148157));
#8529=CARTESIAN_POINT('Ctrl Pts',(-51.4602035034676,-0.399209089806442,
-3.05094854473498));
#8530=CARTESIAN_POINT('Ctrl Pts',(-51.5000007674098,-0.193614685227276,
-3.04028154671547));
#8531=CARTESIAN_POINT('Ctrl Pts',(-51.5000007674098,-3.29597460435593E-16,
-3.04028154671547));
#8532=CARTESIAN_POINT('Ctrl Pts',(-51.5000007674098,-7.97972798949331E-16,
-3.04028154671547));
#8533=CARTESIAN_POINT('Ctrl Pts',(-51.5000007674098,0.193614685227275,-3.04028154671547));
#8534=CARTESIAN_POINT('Ctrl Pts',(-51.4602035034676,0.399209089806444,-3.05094854473498));
#8535=CARTESIAN_POINT('Ctrl Pts',(-51.3006950660341,0.774438039982174,-3.09384769148157));
#8536=CARTESIAN_POINT('Ctrl Pts',(-51.1810252261327,0.94408946195754,-3.12608590193662));
#8537=CARTESIAN_POINT('Ctrl Pts',(-50.9052888092763,1.21167422655754,-3.20072024840122));
#8538=CARTESIAN_POINT('Ctrl Pts',(-50.7302087945127,1.32599005684424,-3.24827176114562));
#8539=CARTESIAN_POINT('Ctrl Pts',(-50.350337280789,1.47265669965202,-3.35210202548178));
#8540=CARTESIAN_POINT('Ctrl Pts',(-50.1455631986776,1.50504431835794,-3.40839250271294));
#8541=CARTESIAN_POINT('Ctrl Pts',(-49.7700557493292,1.49377402210254,-3.51222547384436));
#8542=CARTESIAN_POINT('Ctrl Pts',(-49.5731878504378,1.4515562253261,-3.56697528561256));
#8543=CARTESIAN_POINT('Ctrl Pts',(-49.2112412150829,1.29114024872713,-3.66820544787992));
#8544=CARTESIAN_POINT('Ctrl Pts',(-49.0461729936966,1.17290689484278,-3.71466765157503));
#8545=CARTESIAN_POINT('Ctrl Pts',(-48.7909907651385,0.906081112809621,-3.78674413851625));
#8546=CARTESIAN_POINT('Ctrl Pts',(-48.681578046598,0.74136497961414,-3.81779481007136));
#8547=CARTESIAN_POINT('Ctrl Pts',(-48.5360592350655,0.380441456337469,-3.85916298640071));
#8548=CARTESIAN_POINT('Ctrl Pts',(-48.5000007227063,0.184211323400789,-3.8694494167794));
#8549=CARTESIAN_POINT('Ctrl Pts',(-48.5000007227063,-0.184211323400789,
-3.8694494167794));
#8550=CARTESIAN_POINT('Ctrl Pts',(-48.5360592350655,-0.380441456337464,
-3.85916298640071));
#8551=CARTESIAN_POINT('Ctrl Pts',(-48.681578046598,-0.741364979614136,-3.81779481007136));
#8552=CARTESIAN_POINT('Ctrl Pts',(-48.7909907651385,-0.906081112809621,
-3.78674413851625));
#8553=CARTESIAN_POINT('Ctrl Pts',(-49.0461729936966,-1.17290689484278,-3.71466765157503));
#8554=CARTESIAN_POINT('Ctrl Pts',(-49.2112412150829,-1.29114024872714,-3.66820544787992));
#8555=CARTESIAN_POINT('Ctrl Pts',(-49.5731878504378,-1.4515562253261,-3.56697528561256));
#8556=CARTESIAN_POINT('Ctrl Pts',(-49.7700557493292,-1.49377402210254,-3.51222547384436));
#8557=CARTESIAN_POINT('Ctrl Pts',(-49.9550007443875,-1.4993248703983,-3.4610856406237));
#8558=CARTESIAN_POINT('',(-51.5000007674098,3.98068070253967E-17,-4.17839162568599));
#8559=CARTESIAN_POINT('',(-51.5000007674098,1.83697022609402E-16,-0.05));
#8560=CARTESIAN_POINT('',(-49.9550007443875,-1.4993248703983,-4.59918443657923));
#8561=CARTESIAN_POINT('Ctrl Pts',(-49.9550007443875,-1.4993248703983,-4.59918443657923));
#8562=CARTESIAN_POINT('Ctrl Pts',(-49.7700557726654,-1.49377402280294,-4.65032289213555));
#8563=CARTESIAN_POINT('Ctrl Pts',(-49.5731879201176,-1.45155623410672,-4.70507122300774));
#8564=CARTESIAN_POINT('Ctrl Pts',(-49.2112414253688,-1.29114036402826,-4.80629863137779));
#8565=CARTESIAN_POINT('Ctrl Pts',(-49.0461732978467,-1.17290711013536,-4.85275956263419));
#8566=CARTESIAN_POINT('Ctrl Pts',(-48.7909909727741,-0.906081428504785,
-4.92483414366111));
#8567=CARTESIAN_POINT('Ctrl Pts',(-48.681578154446,-0.741365194599188,-4.95588401095481));
#8568=CARTESIAN_POINT('Ctrl Pts',(-48.5360592404122,-0.380441522104266,
-4.99725110716856));
#8569=CARTESIAN_POINT('Ctrl Pts',(-48.5000007227063,-0.184211341991809,
-5.00753726328203));
#8570=CARTESIAN_POINT('Ctrl Pts',(-48.5000007227063,0.184211341991809,-5.00753726328203));
#8571=CARTESIAN_POINT('Ctrl Pts',(-48.5360592404122,0.380441522104264,-4.99725110716856));
#8572=CARTESIAN_POINT('Ctrl Pts',(-48.681578154446,0.741365194599187,-4.95588401095481));
#8573=CARTESIAN_POINT('Ctrl Pts',(-48.7909909727741,0.906081428504785,-4.92483414366111));
#8574=CARTESIAN_POINT('Ctrl Pts',(-49.0461732978467,1.17290711013536,-4.85275956263419));
#8575=CARTESIAN_POINT('Ctrl Pts',(-49.2112414253688,1.29114036402827,-4.80629863137779));
#8576=CARTESIAN_POINT('Ctrl Pts',(-49.5731879201176,1.45155623410672,-4.70507122300774));
#8577=CARTESIAN_POINT('Ctrl Pts',(-49.7700557726654,1.49377402280294,-4.65032289213555));
#8578=CARTESIAN_POINT('Ctrl Pts',(-50.1455632721003,1.50504432056161,-4.54649269122708));
#8579=CARTESIAN_POINT('Ctrl Pts',(-50.3503374033741,1.47265667149846,-4.49020370998353));
#8580=CARTESIAN_POINT('Ctrl Pts',(-50.730208917826,1.32598999005755,-4.3863762296976));
#8581=CARTESIAN_POINT('Ctrl Pts',(-50.9052888848979,1.21167415317147,-4.33882600506263));
#8582=CARTESIAN_POINT('Ctrl Pts',(-51.1810253027287,0.944089387626008,-4.26419365950414));
#8583=CARTESIAN_POINT('Ctrl Pts',(-51.3006951399458,0.774437914219584,-4.23195631428397));
#8584=CARTESIAN_POINT('Ctrl Pts',(-51.4602035379073,0.399208960682189,-4.18905832845126));
#8585=CARTESIAN_POINT('Ctrl Pts',(-51.5000007674098,0.193614605204813,-4.17839162568599));
#8586=CARTESIAN_POINT('Ctrl Pts',(-51.5000007674098,2.42861286636753E-16,
-4.17839162568599));
#8587=CARTESIAN_POINT('Ctrl Pts',(-51.5000007674098,-1.04083408558608E-16,
-4.17839162568599));
#8588=CARTESIAN_POINT('Ctrl Pts',(-51.5000007674098,-0.193614605204812,
-4.17839162568599));
#8589=CARTESIAN_POINT('Ctrl Pts',(-51.4602035379073,-0.399208960682186,
-4.18905832845126));
#8590=CARTESIAN_POINT('Ctrl Pts',(-51.3006951399458,-0.774437914219581,
-4.23195631428397));
#8591=CARTESIAN_POINT('Ctrl Pts',(-51.1810253027287,-0.944089387626008,
-4.26419365950414));
#8592=CARTESIAN_POINT('Ctrl Pts',(-50.9052888848979,-1.21167415317147,-4.33882600506263));
#8593=CARTESIAN_POINT('Ctrl Pts',(-50.730208917826,-1.32598999005755,-4.3863762296976));
#8594=CARTESIAN_POINT('Ctrl Pts',(-50.3503374033741,-1.47265667149846,-4.49020370998353));
#8595=CARTESIAN_POINT('Ctrl Pts',(-50.1455632721003,-1.50504432056161,-4.54649269122708));
#8596=CARTESIAN_POINT('Ctrl Pts',(-49.9550007443875,-1.4993248703983,-4.59918443657923));
#8597=CARTESIAN_POINT('Origin',(1.49011611938477E-7,-53.0000007897615,-0.05));
#8598=CARTESIAN_POINT('',(1.99857564723666,-52.9245290871539,-2.63613111153599));
#8599=CARTESIAN_POINT('',(-1.99999985098839,-53.0000007897615,-2.61527153936521));
#8600=CARTESIAN_POINT('Ctrl Pts',(1.99857564723666,-52.9245290871539,-2.63613111153599));
#8601=CARTESIAN_POINT('Ctrl Pts',(2.0082162611674,-53.1798233779159,-2.56552021214146));
#8602=CARTESIAN_POINT('Ctrl Pts',(1.96668193451065,-53.4544841781055,-2.49011601667749));
#8603=CARTESIAN_POINT('Ctrl Pts',(1.77316766758341,-53.9645054855257,-2.35109793790042));
#8604=CARTESIAN_POINT('Ctrl Pts',(1.62113850180294,-54.1998414885222,-2.2874626834606));
#8605=CARTESIAN_POINT('Ctrl Pts',(1.26397535459743,-54.5707466697291,-2.18759835757354));
#8606=CARTESIAN_POINT('Ctrl Pts',(1.03711961377443,-54.7317531064148,-2.14450532387852));
#8607=CARTESIAN_POINT('Ctrl Pts',(0.534869545893461,-54.9464071182547,-2.08717276548457));
#8608=CARTESIAN_POINT('Ctrl Pts',(0.259453803756483,-55.0000007890321,-2.07291903987792));
#8609=CARTESIAN_POINT('Ctrl Pts',(-0.259453494487091,-55.000000790491,-2.07291903987792));
#8610=CARTESIAN_POINT('Ctrl Pts',(-0.534869236925429,-54.9464071212623,
-2.08717276548457));
#8611=CARTESIAN_POINT('Ctrl Pts',(-1.03711930601342,-54.7317531122466,-2.14450532387853));
#8612=CARTESIAN_POINT('Ctrl Pts',(-1.26397504774177,-54.5707466768366,-2.18759835757354));
#8613=CARTESIAN_POINT('Ctrl Pts',(-1.62113819703291,-54.199841497638,-2.2874626834606));
#8614=CARTESIAN_POINT('Ctrl Pts',(-1.77316736413669,-53.9645054954964,-2.35109793790042));
#8615=CARTESIAN_POINT('Ctrl Pts',(-1.95721263464511,-53.479440443765,-2.48331361347396));
#8616=CARTESIAN_POINT('Ctrl Pts',(-1.99999985098839,-53.233392117546,-2.55081055664356));
#8617=CARTESIAN_POINT('Ctrl Pts',(-1.99999985098839,-53.0000007897615,-2.61527153936521));
#8618=CARTESIAN_POINT('Ctrl Pts',(-1.99999985098839,-53.0000007897615,-2.61527153936521));
#8619=CARTESIAN_POINT('Ctrl Pts',(-1.99999985098839,-52.9746825457545,-2.622264253726));
#8620=CARTESIAN_POINT('Ctrl Pts',(-1.99951881445762,-52.9495131107876,-2.62922087637132));
#8621=CARTESIAN_POINT('Ctrl Pts',(-1.98931354532077,-52.679266075324,-2.70396749985351));
#8622=CARTESIAN_POINT('Ctrl Pts',(-1.93153351313751,-52.4184800519215,-2.77661724032155));
#8623=CARTESIAN_POINT('Ctrl Pts',(-1.71588540312357,-51.9394700438564,-2.91101159387137));
#8624=CARTESIAN_POINT('Ctrl Pts',(-1.55797066928591,-51.721259001524,-2.97272746641126));
#8625=CARTESIAN_POINT('Ctrl Pts',(-1.20276289164485,-51.3841871379619,-3.06847829142164));
#8626=CARTESIAN_POINT('Ctrl Pts',(-0.983862135244838,-51.2397016837246,
-3.10976796293013));
#8627=CARTESIAN_POINT('Ctrl Pts',(-0.504654867704265,-51.0475763342192,
-3.16479094715369));
#8628=CARTESIAN_POINT('Ctrl Pts',(-0.244317040257546,-51.0000007904485,
-3.17847618348908));
#8629=CARTESIAN_POINT('Ctrl Pts',(0.2443173270346,-51.0000007890746,-3.17847618348908));
#8630=CARTESIAN_POINT('Ctrl Pts',(0.504655154748846,-51.0475763313815,-3.1647909471537));
#8631=CARTESIAN_POINT('Ctrl Pts',(0.983862423369758,-51.2397016781922,-3.10976796293014));
#8632=CARTESIAN_POINT('Ctrl Pts',(1.20276318058222,-51.3841871311987,-3.06847829142165));
#8633=CARTESIAN_POINT('Ctrl Pts',(1.55797096011867,-51.7212589927634,-2.97272746641127));
#8634=CARTESIAN_POINT('Ctrl Pts',(1.71588569518334,-51.9394700342078,-2.91101159387137));
#8635=CARTESIAN_POINT('Ctrl Pts',(1.93153380789079,-52.4184800410604,-2.77661724032155));
#8636=CARTESIAN_POINT('Ctrl Pts',(1.98931384154047,-52.6792660641379,-2.70396749985351));
#8637=CARTESIAN_POINT('Ctrl Pts',(1.99857564723666,-52.9245290871539,-2.63613111153599));
#8638=CARTESIAN_POINT('',(-1.99999985098839,-53.0000007897615,-3.75339301412383));
#8639=CARTESIAN_POINT('',(-1.99999985098839,-53.0000007897615,-0.05));
#8640=CARTESIAN_POINT('',(1.99857564723666,-52.9245290871539,-3.77425202698715));
#8641=CARTESIAN_POINT('Ctrl Pts',(1.99857564723666,-52.9245290871539,-3.77425202698715));
#8642=CARTESIAN_POINT('Ctrl Pts',(1.98931384276126,-52.6792660964658,-3.84208658746722));
#8643=CARTESIAN_POINT('Ctrl Pts',(1.9315338208083,-52.4184801358063,-3.91473436258398));
#8644=CARTESIAN_POINT('Ctrl Pts',(1.71588585178523,-51.9394703160082,-4.04912505964784));
#8645=CARTESIAN_POINT('Ctrl Pts',(1.55797125076461,-51.7212593987221,-4.11083924189887));
#8646=CARTESIAN_POINT('Ctrl Pts',(1.20276360387347,-51.3841874080019,-4.20658753523879));
#8647=CARTESIAN_POINT('Ctrl Pts',(0.983862711732835,-51.2397018220236,-4.24787613761341));
#8648=CARTESIAN_POINT('Ctrl Pts',(0.504655243106761,-51.0475763385864,-4.30289768554975));
#8649=CARTESIAN_POINT('Ctrl Pts',(0.244317352143343,-51.0000007890746,-4.31658255704851));
#8650=CARTESIAN_POINT('Ctrl Pts',(-0.244317065366286,-51.0000007904485,
-4.31658255704851));
#8651=CARTESIAN_POINT('Ctrl Pts',(-0.50465495606219,-51.0475763414241,-4.30289768554975));
#8652=CARTESIAN_POINT('Ctrl Pts',(-0.98386242360792,-51.2397018275559,-4.24787613761341));
#8653=CARTESIAN_POINT('Ctrl Pts',(-1.2027633149361,-51.3841874147652,-4.20658753523879));
#8654=CARTESIAN_POINT('Ctrl Pts',(-1.55797095993186,-51.7212594074827,-4.11083924189887));
#8655=CARTESIAN_POINT('Ctrl Pts',(-1.71588555972546,-51.9394703256567,-4.04912505964784));
#8656=CARTESIAN_POINT('Ctrl Pts',(-1.93153352605502,-52.4184801466674,-3.91473436258398));
#8657=CARTESIAN_POINT('Ctrl Pts',(-1.98931354654156,-52.6792661076519,-3.84208658746722));
#8658=CARTESIAN_POINT('Ctrl Pts',(-1.99951881447429,-52.9495131112291,-3.76734197698444));
#8659=CARTESIAN_POINT('Ctrl Pts',(-1.99999985098839,-52.9746825461941,-3.76038554086764));
#8660=CARTESIAN_POINT('Ctrl Pts',(-1.99999985098839,-53.0000007897616,-3.75339301412383));
#8661=CARTESIAN_POINT('Ctrl Pts',(-1.99999985098839,-53.0000007897616,-3.75339301412382));
#8662=CARTESIAN_POINT('Ctrl Pts',(-1.99999985098839,-53.2333922091475,-3.68893373449473));
#8663=CARTESIAN_POINT('Ctrl Pts',(-1.95721259877975,-53.479440599723,-3.62143858371945));
#8664=CARTESIAN_POINT('Ctrl Pts',(-1.77316727527827,-53.9645056615931,-3.48922645088153));
#8665=CARTESIAN_POINT('Ctrl Pts',(-1.62113809893656,-54.1998415995086,-3.42559292032661));
#8666=CARTESIAN_POINT('Ctrl Pts',(-1.26397494873208,-54.5707467796557,-3.32573127184513));
#8667=CARTESIAN_POINT('Ctrl Pts',(-1.03711913834292,-54.7317532113507,-3.28263939477991));
#8668=CARTESIAN_POINT('Ctrl Pts',(-0.534869064709792,-54.9464071674203,
-3.22530838785763));
#8669=CARTESIAN_POINT('Ctrl Pts',(-0.259453387703969,-55.000000790491,-3.21105505672743));
#8670=CARTESIAN_POINT('Ctrl Pts',(0.25945369697336,-55.0000007890321,-3.21105505672743));
#8671=CARTESIAN_POINT('Ctrl Pts',(0.534869373677824,-54.9464071644127,-3.22530838785763));
#8672=CARTESIAN_POINT('Ctrl Pts',(1.03711944610393,-54.7317532055189,-3.28263939477991));
#8673=CARTESIAN_POINT('Ctrl Pts',(1.26397525558774,-54.5707467725483,-3.32573127184513));
#8674=CARTESIAN_POINT('Ctrl Pts',(1.62113840370658,-54.1998415903928,-3.42559292032662));
#8675=CARTESIAN_POINT('Ctrl Pts',(1.77316757872499,-53.9645056516224,-3.48922645088153));
#8676=CARTESIAN_POINT('Ctrl Pts',(1.9666818976906,-53.4544843432438,-3.62824080200731));
#8677=CARTESIAN_POINT('Ctrl Pts',(2.00821626490222,-53.1798234768179,-3.70364299352758));
#8678=CARTESIAN_POINT('Ctrl Pts',(1.99857564723666,-52.9245290871539,-3.77425202698715));
#8679=CARTESIAN_POINT('Origin',(54.9999991804361,-2.5000001117587,-0.05));
#8680=CARTESIAN_POINT('',(55.0272606496098,-1.00024783909707,-2.0628722840974));
#8681=CARTESIAN_POINT('',(56.4999992027879,-2.5000001117587,-1.64305600520986));
#8682=CARTESIAN_POINT('Ctrl Pts',(55.0272606496098,-1.00024783909707,-2.0628722840974));
#8683=CARTESIAN_POINT('Ctrl Pts',(55.2175361323191,-1.00370653644392,-2.01027349175036));
#8684=CARTESIAN_POINT('Ctrl Pts',(55.4201722452115,-1.0457756691528,-1.95407659998698));
#8685=CARTESIAN_POINT('Ctrl Pts',(55.7920255706254,-1.2100356487671,-1.85040077004477));
#8686=CARTESIAN_POINT('Ctrl Pts',(55.9612240519395,-1.33226244515519,-1.80291160996974));
#8687=CARTESIAN_POINT('Ctrl Pts',(56.2236632979655,-1.61194664919821,-1.7283711962875));
#8688=CARTESIAN_POINT('Ctrl Pts',(56.3351291323517,-1.78666394864002,-1.69616200591286));
#8689=CARTESIAN_POINT('Ctrl Pts',(56.4686580280381,-2.14594094903603,-1.65579965950089));
#8690=CARTESIAN_POINT('Ctrl Pts',(56.4999992027879,-2.32698250754845,-1.64516987559516));
#8691=CARTESIAN_POINT('Ctrl Pts',(56.4999992027879,-2.5000001117587,-1.64305600520986));
#8692=CARTESIAN_POINT('Ctrl Pts',(56.4999992027879,-2.5000001117587,-1.64305600520985));
#8693=CARTESIAN_POINT('Ctrl Pts',(56.4999992027879,-2.52285993241045,-1.64277671167721));
#8694=CARTESIAN_POINT('Ctrl Pts',(56.499476192851,-2.54557965053887,-1.64263971447966));
#8695=CARTESIAN_POINT('Ctrl Pts',(56.4896761902328,-2.76117969528847,-1.64263971447966));
#8696=CARTESIAN_POINT('Ctrl Pts',(56.4407411234369,-2.96441708237639,-1.65329847101271));
#8697=CARTESIAN_POINT('Ctrl Pts',(56.2649084039769,-3.33151988080607,-1.69616200591286));
#8698=CARTESIAN_POINT('Ctrl Pts',(56.1380515800309,-3.49540433149617,-1.72837119628751));
#8699=CARTESIAN_POINT('Ctrl Pts',(55.8513211439969,-3.75012627577586,-1.80291160996974));
#8700=CARTESIAN_POINT('Ctrl Pts',(55.6717317712242,-3.85649907785141,-1.85040077004478));
#8701=CARTESIAN_POINT('Ctrl Pts',(55.2865099245882,-3.98634654759411,-1.95407659998698));
#8702=CARTESIAN_POINT('Ctrl Pts',(55.0808928432936,-4.00985871582477,-2.01027349175036));
#8703=CARTESIAN_POINT('Ctrl Pts',(54.7062107579744,-3.98258206601165,-2.11410565969964));
#8704=CARTESIAN_POINT('Ctrl Pts',(54.5109913205668,-3.93184900901973,-2.16894892286053));
#8705=CARTESIAN_POINT('Ctrl Pts',(54.1557246931373,-3.75559580945228,-2.27033365843859));
#8706=CARTESIAN_POINT('Ctrl Pts',(53.9956898997884,-3.63004095775102,-2.31685822612904));
#8707=CARTESIAN_POINT('Ctrl Pts',(53.7520454473279,-3.35171847711399,-2.38902851909677));
#8708=CARTESIAN_POINT('Ctrl Pts',(53.6498596365568,-3.18199583497531,-2.42010890184858));
#8709=CARTESIAN_POINT('Ctrl Pts',(53.5203957578508,-2.81427494013156,-2.46151309238451));
#8710=CARTESIAN_POINT('Ctrl Pts',(53.4931659944267,-2.61625638241285,-2.47180758454359));
#8711=CARTESIAN_POINT('Ctrl Pts',(53.5099267015256,-2.24752084821594,-2.47180758454359));
#8712=CARTESIAN_POINT('Ctrl Pts',(53.5550087485032,-2.05278919116596,-2.46151309238451));
#8713=CARTESIAN_POINT('Ctrl Pts',(53.7172990035913,-1.69832984864875,-2.42010890184858));
#8714=CARTESIAN_POINT('Ctrl Pts',(53.8344609484893,-1.53857755963476,-2.38902851909677));
#8715=CARTESIAN_POINT('Ctrl Pts',(54.1023505574695,-1.28350662863093,-2.31685822612904));
#8716=CARTESIAN_POINT('Ctrl Pts',(54.273115957371,-1.17298815024639,-2.27033365843859));
#8717=CARTESIAN_POINT('Ctrl Pts',(54.6429075495468,-1.02969214444358,-2.16894892286053));
#8718=CARTESIAN_POINT('Ctrl Pts',(54.8419245451376,-0.996878926383331,-2.11410565969964));
#8719=CARTESIAN_POINT('Ctrl Pts',(55.0272606496098,-1.00024783909708,-2.0628722840974));
#8720=CARTESIAN_POINT('',(56.4999992027879,-2.5000001117587,-2.78120354797162));
#8721=CARTESIAN_POINT('',(56.4999992027879,-2.5000001117587,-0.05));
#8722=CARTESIAN_POINT('',(55.0272606496098,-1.00024783909707,-3.20100857033044));
#8723=CARTESIAN_POINT('Ctrl Pts',(55.0272606496098,-1.00024783909707,-3.20100857033044));
#8724=CARTESIAN_POINT('Ctrl Pts',(54.8419245681543,-0.996878926801711,-3.25224056585037));
#8725=CARTESIAN_POINT('Ctrl Pts',(54.6429076190476,-1.02969213913177,-3.30708234566464));
#8726=CARTESIAN_POINT('Ctrl Pts',(54.273116172262,-1.17298804535501,-3.40846432324085));
#8727=CARTESIAN_POINT('Ctrl Pts',(54.1023508709247,-1.28350642831883,-3.45498761681244));
#8728=CARTESIAN_POINT('Ctrl Pts',(53.8344611702295,-1.53857725432033,-3.52715600131527));
#8729=CARTESIAN_POINT('Ctrl Pts',(53.7172991210608,-1.69832963923636,-3.55823557894739));
#8730=CARTESIAN_POINT('Ctrl Pts',(53.5550087568027,-2.05278912588547,-3.59963868833381));
#8731=CARTESIAN_POINT('Ctrl Pts',(53.5099267023659,-2.24752082972898,-3.60993290599947));
#8732=CARTESIAN_POINT('Ctrl Pts',(53.4931659935864,-2.61625640089981,-3.60993290599947));
#8733=CARTESIAN_POINT('Ctrl Pts',(53.5203957601937,-2.81427500589579,-3.59963868833381));
#8734=CARTESIAN_POINT('Ctrl Pts',(53.6498597345436,-3.18199605418116,-3.55823557894739));
#8735=CARTESIAN_POINT('Ctrl Pts',(53.752045640455,-3.35171880128602,-3.52715600131527));
#8736=CARTESIAN_POINT('Ctrl Pts',(53.9956901937784,-3.63004118567427,-3.45498761681244));
#8737=CARTESIAN_POINT('Ctrl Pts',(54.1557248976262,-3.75559593340639,-3.40846432324085));
#8738=CARTESIAN_POINT('Ctrl Pts',(54.5109913892992,-3.93184902061487,-3.30708234566464));
#8739=CARTESIAN_POINT('Ctrl Pts',(54.7062107809341,-3.9825820676831,-3.25224056585037));
#8740=CARTESIAN_POINT('Ctrl Pts',(55.0808929162815,-4.00985872113825,-3.14841116808827));
#8741=CARTESIAN_POINT('Ctrl Pts',(55.286510047882,-3.98634652482735,-3.09221576982937));
#8742=CARTESIAN_POINT('Ctrl Pts',(55.6717318969969,-3.85649901666483,-2.98854271977175));
#8743=CARTESIAN_POINT('Ctrl Pts',(55.8513212225919,-3.75012620595463,-2.94105484609359));
#8744=CARTESIAN_POINT('Ctrl Pts',(56.1380516597399,-3.49540426068527,-2.86651643077295));
#8745=CARTESIAN_POINT('Ctrl Pts',(56.264908483375,-3.33151975851963,-2.83430810483703));
#8746=CARTESIAN_POINT('Ctrl Pts',(56.4407411636401,-2.96441695495956,-2.79144572989544));
#8747=CARTESIAN_POINT('Ctrl Pts',(56.4896761938654,-2.76117961537131,-2.78078726840342));
#8748=CARTESIAN_POINT('Ctrl Pts',(56.4994761928267,-2.5455796510729,-2.78078726840342));
#8749=CARTESIAN_POINT('Ctrl Pts',(56.4999992027879,-2.5228599329391,-2.78092426192121));
#8750=CARTESIAN_POINT('Ctrl Pts',(56.4999992027879,-2.5000001117587,-2.78120354797162));
#8751=CARTESIAN_POINT('Ctrl Pts',(56.4999992027879,-2.5000001117587,-2.78120354797162));
#8752=CARTESIAN_POINT('Ctrl Pts',(56.4999992027879,-2.32698257998496,-2.78331736079276));
#8753=CARTESIAN_POINT('Ctrl Pts',(56.4686580555919,-2.14594107079604,-2.79394685167331));
#8754=CARTESIAN_POINT('Ctrl Pts',(56.3351292003285,-1.78666407762531,-2.83430810483702));
#8755=CARTESIAN_POINT('Ctrl Pts',(56.2236633709217,-1.61194672694845,-2.86651643077295));
#8756=CARTESIAN_POINT('Ctrl Pts',(55.9612241238761,-1.33226252181878,-2.94105484609359));
#8757=CARTESIAN_POINT('Ctrl Pts',(55.7920256903285,-1.21003572111167,-2.98854271977175));
#8758=CARTESIAN_POINT('Ctrl Pts',(55.4201723659314,-1.04577570301109,-3.09221576982937));
#8759=CARTESIAN_POINT('Ctrl Pts',(55.2175362054881,-1.00370653777394,-3.14841116808826));
#8760=CARTESIAN_POINT('Ctrl Pts',(55.0272606496098,-1.00024783909708,-3.20100857033044));
#8761=CARTESIAN_POINT('Origin',(42.0000006258488,-34.0000005066395,-0.05));
#8762=CARTESIAN_POINT('',(42.9110712650197,-32.8083838357085,-2.34483046305981));
#8763=CARTESIAN_POINT('',(40.5000006258488,-34.0000005066368,-2.65898035554133));
#8764=CARTESIAN_POINT('Ctrl Pts',(42.9110712650197,-32.8083838357085,-2.34483046305981));
#8765=CARTESIAN_POINT('Ctrl Pts',(43.0623037845349,-32.9240112111719,-2.29221406918028));
#8766=CARTESIAN_POINT('Ctrl Pts',(43.2005854171655,-33.0780806610997,-2.2359997144695));
#8767=CARTESIAN_POINT('Ctrl Pts',(43.4026840421056,-33.4309493130787,-2.13229506507551));
#8768=CARTESIAN_POINT('Ctrl Pts',(43.4664645743592,-33.6297663094284,-2.08479426905022));
#8769=CARTESIAN_POINT('Ctrl Pts',(43.5119206324684,-34.0107269581259,-2.01023633141038));
#8770=CARTESIAN_POINT('Ctrl Pts',(43.498035210781,-34.2175753250815,-1.97802172771763));
#8771=CARTESIAN_POINT('Ctrl Pts',(43.3858525522173,-34.6089839680169,-1.93515155250648));
#8772=CARTESIAN_POINT('Ctrl Pts',(43.2875122213916,-34.7935313743995,-1.92449126053882));
#8773=CARTESIAN_POINT('Ctrl Pts',(43.0442236424284,-35.0940643248833,-1.92449126053882));
#8774=CARTESIAN_POINT('Ctrl Pts',(42.8841974535631,-35.228675560472,-1.93515155250648));
#8775=CARTESIAN_POINT('Ctrl Pts',(42.5247262111601,-35.4198982069661,-1.97802172771763));
#8776=CARTESIAN_POINT('Ctrl Pts',(42.325302718133,-35.476549087599,-2.01023633141038));
#8777=CARTESIAN_POINT('Ctrl Pts',(41.9432270688144,-35.5114126398073,-2.08479426905022));
#8778=CARTESIAN_POINT('Ctrl Pts',(41.7354873752579,-35.4904275485965,-2.1322950650755));
#8779=CARTESIAN_POINT('Ctrl Pts',(41.3482720211429,-35.3662325032453,-2.2359997144695));
#8780=CARTESIAN_POINT('Ctrl Pts',(41.1687865479809,-35.2630619151504,-2.29221406918028));
#8781=CARTESIAN_POINT('Ctrl Pts',(40.8834696842482,-35.0186741866097,-2.39604638203153));
#8782=CARTESIAN_POINT('Ctrl Pts',(40.7565261009087,-34.8620131166909,-2.45087220861737));
#8783=CARTESIAN_POINT('Ctrl Pts',(40.5752897913452,-34.5094057350496,-2.55222810584139));
#8784=CARTESIAN_POINT('Ctrl Pts',(40.5210275861821,-34.3134388108547,-2.5987410388682));
#8785=CARTESIAN_POINT('Ctrl Pts',(40.501808348961,-34.0843603752976,-2.6435978003744));
#8786=CARTESIAN_POINT('Ctrl Pts',(40.5000006258486,-34.0424512512064,-2.65143642928895));
#8787=CARTESIAN_POINT('Ctrl Pts',(40.5000006258488,-34.0000005066342,-2.65898035554133));
#8788=CARTESIAN_POINT('Ctrl Pts',(40.5000006258488,-34.0000005066342,-2.65898035554133));
#8789=CARTESIAN_POINT('Ctrl Pts',(40.5000006258493,-33.8558343164608,-2.68460014425677));
#8790=CARTESIAN_POINT('Ctrl Pts',(40.5215327226783,-33.7053943182673,-2.7066771159134));
#8791=CARTESIAN_POINT('Ctrl Pts',(40.6225162212963,-33.3750953232508,-2.74336613240384));
#8792=CARTESIAN_POINT('Ctrl Pts',(40.7180503917724,-33.1995997217739,-2.75365911824719));
#8793=CARTESIAN_POINT('Ctrl Pts',(40.9502162478027,-32.9128066055012,-2.75365911824719));
#8794=CARTESIAN_POINT('Ctrl Pts',(41.1019733238879,-32.7828247847554,-2.74336613240384));
#8795=CARTESIAN_POINT('Ctrl Pts',(41.4427672943692,-32.5937783386185,-2.70196866511797));
#8796=CARTESIAN_POINT('Ctrl Pts',(41.6317815375218,-32.5346663933661,-2.67089382684389));
#8797=CARTESIAN_POINT('Ctrl Pts',(41.9986184986985,-32.4881794483343,-2.5987410388682));
#8798=CARTESIAN_POINT('Ctrl Pts',(42.2015886891916,-32.500448273004,-2.5522281058414));
#8799=CARTESIAN_POINT('Ctrl Pts',(42.5842045652814,-32.6042926607011,-2.45087220861738));
#8800=CARTESIAN_POINT('Ctrl Pts',(42.7638640565001,-32.6958340797104,-2.39604638203152));
#8801=CARTESIAN_POINT('Ctrl Pts',(42.9110712650197,-32.8083838357085,-2.34483046305981));
#8802=CARTESIAN_POINT('',(40.5000006258488,-34.0000005066368,-3.79710065833599));
#8803=CARTESIAN_POINT('',(40.5000006258488,-34.0000005066395,-0.05));
#8804=CARTESIAN_POINT('',(42.9110712650197,-32.8083838357085,-3.48295918915168));
#8805=CARTESIAN_POINT('Ctrl Pts',(42.9110712650197,-32.8083838357085,-3.48295918915168));
#8806=CARTESIAN_POINT('Ctrl Pts',(42.7638640748362,-32.6958340937295,-3.53417372849231));
#8807=CARTESIAN_POINT('Ctrl Pts',(42.5842046244904,-32.6042926976685,-3.58899807218881));
#8808=CARTESIAN_POINT('Ctrl Pts',(42.2015889245534,-32.5004483159849,-3.69035121217678));
#8809=CARTESIAN_POINT('Ctrl Pts',(41.998618869999,-32.4881794729149,-3.73686287139819));
#8810=CARTESIAN_POINT('Ctrl Pts',(41.6317818972271,-32.5346662790404,-3.80901375138494));
#8811=CARTESIAN_POINT('Ctrl Pts',(41.4427675132235,-32.5937782396634,-3.84008778469947));
#8812=CARTESIAN_POINT('Ctrl Pts',(41.1019733693207,-32.7828247371042,-3.88148417102881));
#8813=CARTESIAN_POINT('Ctrl Pts',(40.9502162594566,-32.9128065911052,-3.89177688242136));
#8814=CARTESIAN_POINT('Ctrl Pts',(40.7180503801185,-33.1995997361699,-3.89177688242136));
#8815=CARTESIAN_POINT('Ctrl Pts',(40.6225161841495,-33.3750953776098,-3.88148417102881));
#8816=CARTESIAN_POINT('Ctrl Pts',(40.5215327180399,-33.7053943853072,-3.84479612889024));
#8817=CARTESIAN_POINT('Ctrl Pts',(40.5000006258493,-33.8558343221878,-3.82271975909064));
#8818=CARTESIAN_POINT('Ctrl Pts',(40.5000006258488,-34.0000005066342,-3.79710065833599));
#8819=CARTESIAN_POINT('Ctrl Pts',(40.5000006258488,-34.0000005066342,-3.79710065833599));
#8820=CARTESIAN_POINT('Ctrl Pts',(40.5000006258486,-34.042451440233,-3.78955690076779));
#8821=CARTESIAN_POINT('Ctrl Pts',(40.5018083650967,-34.0843607531768,-3.78171844498068));
#8822=CARTESIAN_POINT('Ctrl Pts',(40.5210276875357,-34.313439168899,-3.73686287139819));
#8823=CARTESIAN_POINT('Ctrl Pts',(40.5752898823909,-34.5094059563033,-3.69035121217678));
#8824=CARTESIAN_POINT('Ctrl Pts',(40.7565261493944,-34.8620131669048,-3.58899807218881));
#8825=CARTESIAN_POINT('Ctrl Pts',(40.8834697017781,-35.0186742016248,-3.53417372849231));
#8826=CARTESIAN_POINT('Ctrl Pts',(41.1687866035993,-35.2630619627903,-3.43034418583479));
#8827=CARTESIAN_POINT('Ctrl Pts',(41.3482721339462,-35.3662325581428,-3.37413132509183));
#8828=CARTESIAN_POINT('Ctrl Pts',(41.7354875128655,-35.4904275740154,-3.27042945635978));
#8829=CARTESIAN_POINT('Ctrl Pts',(41.9432271735547,-35.51141263025,-3.22292994705096));
#8830=CARTESIAN_POINT('Ctrl Pts',(42.3253028243326,-35.4765490779086,-3.14837400824743));
#8831=CARTESIAN_POINT('Ctrl Pts',(42.5247263476451,-35.4198981556451,-3.11616026914191));
#8832=CARTESIAN_POINT('Ctrl Pts',(42.8841975615289,-35.2286754817561,-3.07329125406745));
#8833=CARTESIAN_POINT('Ctrl Pts',(43.0442236927668,-35.0940642627007,-3.06263125718055));
#8834=CARTESIAN_POINT('Ctrl Pts',(43.2875121710532,-34.7935314365821,-3.06263125718055));
#8835=CARTESIAN_POINT('Ctrl Pts',(43.3858524977072,-34.6089840900064,-3.07329125406745));
#8836=CARTESIAN_POINT('Ctrl Pts',(43.4980351890036,-34.217575469261,-3.11616026914192));
#8837=CARTESIAN_POINT('Ctrl Pts',(43.5119206451031,-34.0107270640156,-3.14837400824743));
#8838=CARTESIAN_POINT('Ctrl Pts',(43.4664645868203,-33.629766413863,-3.22292994705096));
#8839=CARTESIAN_POINT('Ctrl Pts',(43.4026840956199,-33.4309494423775,-3.27042945635978));
#8840=CARTESIAN_POINT('Ctrl Pts',(43.2005854943477,-33.0780807599998,-3.37413132509183));
#8841=CARTESIAN_POINT('Ctrl Pts',(43.0623038427114,-32.9240112556517,-3.4303441858348));
#8842=CARTESIAN_POINT('Ctrl Pts',(42.9110712650197,-32.8083838357085,-3.48295918915168));
#8843=CARTESIAN_POINT('Origin',(15.,-52.6820508733654,-12.2301559192696));
#8844=CARTESIAN_POINT('',(15.,-47.4985372634862,-4.64526929157972));
#8845=CARTESIAN_POINT('',(15.,-45.4851605422217,-5.17483850565201));
#8846=CARTESIAN_POINT('Ctrl Pts',(15.,-47.4985372634862,-4.64526929157972));
#8847=CARTESIAN_POINT('Ctrl Pts',(15.,-46.4721069762493,-4.9157872817413));
#8848=CARTESIAN_POINT('Ctrl Pts',(15.,-45.4851605422217,-5.17483850565201));
#8849=CARTESIAN_POINT('',(15.,-61.6264159659742,-18.3503654552723));
#8850=CARTESIAN_POINT('',(15.,-50.3775668397462,-7.43814273221948));
#8851=CARTESIAN_POINT('',(15.,-60.9585854131207,-20.1852148192592));
#8852=CARTESIAN_POINT('',(15.,-68.307370737973,0.00540692119206709));
#8853=CARTESIAN_POINT('',(15.,-56.9995183992702,-16.3446245023442));
#8854=CARTESIAN_POINT('Origin',(14.,-50.3775668397462,-7.43814273221948));
#8855=CARTESIAN_POINT('',(14.,-48.6915572381215,-4.40937384883752));
#8856=CARTESIAN_POINT('Ctrl Pts',(14.,-48.6915572381215,-4.40937384883751));
#8857=CARTESIAN_POINT('Ctrl Pts',(14.1081223195459,-48.6848747236967,-4.40289131138549));
#8858=CARTESIAN_POINT('Ctrl Pts',(14.2148292766145,-48.6576301896113,-4.40188034203702));
#8859=CARTESIAN_POINT('Ctrl Pts',(14.4384291021284,-48.5613027446272,-4.40997036635445));
#8860=CARTESIAN_POINT('Ctrl Pts',(14.5610924395206,-48.4742198360723,-4.42331515224305));
#8861=CARTESIAN_POINT('Ctrl Pts',(14.7631909698108,-48.2595759534229,-4.46388323259424));
#8862=CARTESIAN_POINT('Ctrl Pts',(14.8427156499774,-48.1320956065979,-4.49108723071535));
#8863=CARTESIAN_POINT('Ctrl Pts',(14.952812738219,-47.8734383280687,-4.55034589020109));
#8864=CARTESIAN_POINT('Ctrl Pts',(14.9895861823363,-47.7218586831863,-4.58727073178733));
#8865=CARTESIAN_POINT('Ctrl Pts',(14.9993430268849,-47.5458352243268,-4.63285806916672));
#8866=CARTESIAN_POINT('Ctrl Pts',(15.,-47.5221608885745,-4.63904323252953));
#8867=CARTESIAN_POINT('Ctrl Pts',(15.,-47.4985372634862,-4.64526929157972));
#8868=CARTESIAN_POINT('',(14.,-62.0011824260893,-17.320703068537));
#8869=CARTESIAN_POINT('',(14.,-51.0738523534677,-6.72037781013035));
#8870=CARTESIAN_POINT('Origin',(14.,-61.6264159659742,-18.3503654552723));
#8871=CARTESIAN_POINT('Origin',(0.,-47.4917121681966,-3.24543463254471));
#8872=CARTESIAN_POINT('',(-14.,-48.6915572381215,-4.40937384883752));
#8873=CARTESIAN_POINT('Ctrl Pts',(-14.,-48.6915572381215,-4.40937384883751));
#8874=CARTESIAN_POINT('Ctrl Pts',(1.32427402377289E-11,-49.556829111117,
-5.24875210773021));
#8875=CARTESIAN_POINT('Ctrl Pts',(14.,-48.6915572381215,-4.40937384883751));
#8876=CARTESIAN_POINT('',(-14.,-62.0011824260893,-17.320703068537));
#8877=CARTESIAN_POINT('',(-14.,-51.0738523534677,-6.72037781013035));
#8878=CARTESIAN_POINT('',(0.,-62.0011824260893,-17.320703068537));
#8879=CARTESIAN_POINT('Origin',(-14.,-50.3775668397462,-7.43814273221948));
#8880=CARTESIAN_POINT('',(-15.,-47.4985372634862,-4.64526929157972));
#8881=CARTESIAN_POINT('Ctrl Pts',(-15.,-47.4985372634862,-4.64526929157972));
#8882=CARTESIAN_POINT('Ctrl Pts',(-15.,-47.5221608885745,-4.63904323252953));
#8883=CARTESIAN_POINT('Ctrl Pts',(-14.9993430268849,-47.5458352243268,-4.63285806916672));
#8884=CARTESIAN_POINT('Ctrl Pts',(-14.9895861823363,-47.7218586831863,-4.58727073178733));
#8885=CARTESIAN_POINT('Ctrl Pts',(-14.952812738219,-47.8734383280687,-4.55034589020109));
#8886=CARTESIAN_POINT('Ctrl Pts',(-14.8427156499774,-48.1320956065979,-4.49108723071535));
#8887=CARTESIAN_POINT('Ctrl Pts',(-14.7631909698108,-48.2595759534229,-4.46388323259424));
#8888=CARTESIAN_POINT('Ctrl Pts',(-14.5610924395206,-48.4742198360723,-4.42331515224305));
#8889=CARTESIAN_POINT('Ctrl Pts',(-14.4384291021284,-48.5613027446272,-4.40997036635445));
#8890=CARTESIAN_POINT('Ctrl Pts',(-14.2148292766137,-48.6576301896116,-4.40188034203699));
#8891=CARTESIAN_POINT('Ctrl Pts',(-14.1081223195488,-48.6848747236966,-4.40289131138532));
#8892=CARTESIAN_POINT('Ctrl Pts',(-14.,-48.6915572381215,-4.40937384883751));
#8893=CARTESIAN_POINT('',(-15.,-61.6264159659742,-18.3503654552723));
#8894=CARTESIAN_POINT('',(-15.,-50.3775668397462,-7.43814273221948));
#8895=CARTESIAN_POINT('Origin',(-14.,-61.6264159659742,-18.3503654552723));
#8896=CARTESIAN_POINT('Origin',(-15.,-52.6820508733654,-12.2301559192696));
#8897=CARTESIAN_POINT('',(-15.,-45.4851605422217,-5.17483850565201));
#8898=CARTESIAN_POINT('Ctrl Pts',(-15.,-45.4851605422217,-5.17483850565201));
#8899=CARTESIAN_POINT('Ctrl Pts',(-15.,-46.4721069762515,-4.91578728174072));
#8900=CARTESIAN_POINT('Ctrl Pts',(-15.,-47.4985372634862,-4.64526929157972));
#8901=CARTESIAN_POINT('',(-15.,-60.9585854131207,-20.1852148192592));
#8902=CARTESIAN_POINT('',(-15.,-56.9995183992702,-16.3446245023442));
#8903=CARTESIAN_POINT('',(-15.,-68.307370737973,0.00540692119206709));
#8904=CARTESIAN_POINT('Origin',(-14.,-56.9995183992702,-16.3446245023442));
#8905=CARTESIAN_POINT('',(-14.,-44.4241218399589,-5.53876562730109));
#8906=CARTESIAN_POINT('Ctrl Pts',(-14.,-44.4241218399589,-5.53876562730109));
#8907=CARTESIAN_POINT('Ctrl Pts',(-14.0162029788694,-44.4230307736909,-5.53770721163664));
#8908=CARTESIAN_POINT('Ctrl Pts',(-14.0324336598486,-44.4223811822598,-5.53652790101665));
#8909=CARTESIAN_POINT('Ctrl Pts',(-14.1777033079155,-44.4205593159216,-5.52490146102744));
#8910=CARTESIAN_POINT('Ctrl Pts',(-14.306263314539,-44.4489048849652,-5.50657467665785));
#8911=CARTESIAN_POINT('Ctrl Pts',(-14.5381095002915,-44.5529044658266,-5.45948103047318));
#8912=CARTESIAN_POINT('Ctrl Pts',(-14.6515574188066,-44.6388590154371,-5.42712981277019));
#8913=CARTESIAN_POINT('Ctrl Pts',(-14.8314486765991,-44.8509544979854,-5.35589663346588));
#8914=CARTESIAN_POINT('Ctrl Pts',(-14.8980262044729,-44.9769892446445,-5.31703748673895));
#8915=CARTESIAN_POINT('Ctrl Pts',(-14.9782791291982,-45.2192720063122,-5.2464970195953));
#8916=CARTESIAN_POINT('Ctrl Pts',(-15.,-45.3514988449285,-5.20992169262144));
#8917=CARTESIAN_POINT('Ctrl Pts',(-15.,-45.4851605422217,-5.17483850565201));
#8918=CARTESIAN_POINT('',(-14.,-60.5838189530056,-21.2148772059944));
#8919=CARTESIAN_POINT('',(-14.,-56.3032328855487,-17.0623894244334));
#8920=CARTESIAN_POINT('Origin',(-14.,-60.9585854131207,-20.1852148192592));
#8921=CARTESIAN_POINT('Origin',(0.,-60.5838189530056,-21.2148772059944));
#8922=CARTESIAN_POINT('',(14.,-44.4241218399589,-5.53876562730109));
#8923=CARTESIAN_POINT('Ctrl Pts',(14.,-44.4241218399589,-5.53876562730109));
#8924=CARTESIAN_POINT('Ctrl Pts',(-1.99795735511543E-11,-45.3668452660233,
-6.4532776699125));
#8925=CARTESIAN_POINT('Ctrl Pts',(-14.,-44.4241218399589,-5.53876562730109));
#8926=CARTESIAN_POINT('',(14.,-60.5838189530056,-21.2148772059944));
#8927=CARTESIAN_POINT('',(14.,-56.3032328855487,-17.0623894244334));
#8928=CARTESIAN_POINT('',(0.,-60.5838189530056,-21.2148772059944));
#8929=CARTESIAN_POINT('Origin',(14.,-56.9995183992702,-16.3446245023442));
#8930=CARTESIAN_POINT('Ctrl Pts',(15.,-45.4851605422217,-5.17483850565201));
#8931=CARTESIAN_POINT('Ctrl Pts',(15.,-45.3514988449285,-5.20992169262144));
#8932=CARTESIAN_POINT('Ctrl Pts',(14.9782791291982,-45.2192720063122,-5.2464970195953));
#8933=CARTESIAN_POINT('Ctrl Pts',(14.8980262044729,-44.9769892446445,-5.31703748673895));
#8934=CARTESIAN_POINT('Ctrl Pts',(14.8314486765991,-44.8509544979854,-5.35589663346588));
#8935=CARTESIAN_POINT('Ctrl Pts',(14.6515574188066,-44.6388590154371,-5.42712981277019));
#8936=CARTESIAN_POINT('Ctrl Pts',(14.5381095002915,-44.5529044658266,-5.45948103047318));
#8937=CARTESIAN_POINT('Ctrl Pts',(14.306263314539,-44.4489048849652,-5.50657467665785));
#8938=CARTESIAN_POINT('Ctrl Pts',(14.1777033079155,-44.4205593159216,-5.52490146102744));
#8939=CARTESIAN_POINT('Ctrl Pts',(14.0324336598486,-44.4223811822598,-5.53652790101665));
#8940=CARTESIAN_POINT('Ctrl Pts',(14.0162029788694,-44.4230307736909,-5.53770721163664));
#8941=CARTESIAN_POINT('Ctrl Pts',(14.,-44.4241218399589,-5.53876562730109));
#8942=CARTESIAN_POINT('Origin',(14.,-60.9585854131207,-20.1852148192592));
#8943=CARTESIAN_POINT('Origin',(0.,-62.0011824260893,-17.320703068537));
#8944=CARTESIAN_POINT('Origin',(15.9999997615814,16.0000002384186,-8.5));
#8945=CARTESIAN_POINT('',(14.8499997615814,16.0000002384186,-8.5));
#8946=CARTESIAN_POINT('Origin',(15.9999997615814,16.0000002384186,-8.5));
#8947=CARTESIAN_POINT('Origin',(0.,0.,-7.45691792770299));
#8948=CARTESIAN_POINT('',(-2.57175822072616E-15,20.9999995306134,-9.09999979659915));
#8949=CARTESIAN_POINT('Origin',(0.,0.,-9.09999979659915));
#8950=CARTESIAN_POINT('',(-4.88634061937974E-15,39.8999991081657,-5.81383605880679));
#8951=CARTESIAN_POINT('',(-3.72904942005294E-15,30.4499993193895,-7.45691792770299));
#8952=CARTESIAN_POINT('',(-34.9215967113571,19.30005212327,-5.81383605880682));
#8953=CARTESIAN_POINT('Origin',(0.,0.,-5.81383605880682));
#8954=CARTESIAN_POINT('Ctrl Pts',(-34.9215967113572,19.30005212327,-5.81383605880682));
#8955=CARTESIAN_POINT('Ctrl Pts',(-34.8098810807145,19.1991021788007,-5.83932681515157));
#8956=CARTESIAN_POINT('Ctrl Pts',(-34.7045668340585,19.0890363078941,-5.86460313372093));
#8957=CARTESIAN_POINT('Ctrl Pts',(-34.3565633939592,18.6668565004822,-5.95294724014034));
#8958=CARTESIAN_POINT('Ctrl Pts',(-34.1661480542465,18.3107907309519,-6.01158792914021));
#8959=CARTESIAN_POINT('Ctrl Pts',(-33.9381671165873,17.6077869233631,-6.10366594661984));
#8960=CARTESIAN_POINT('Ctrl Pts',(-33.8825014684138,17.212362436991,-6.14382710170841));
#8961=CARTESIAN_POINT('Ctrl Pts',(-33.9278748526835,16.4290867108736,-6.1972855772066));
#8962=CARTESIAN_POINT('Ctrl Pts',(-34.0289604609837,16.0412335235464,-6.21051479802198));
#8963=CARTESIAN_POINT('Ctrl Pts',(-34.3372431064438,15.3702654128392,-6.21051479802198));
#8964=CARTESIAN_POINT('Ctrl Pts',(-34.565679085149,15.0409245578603,-6.1972855772066));
#8965=CARTESIAN_POINT('Ctrl Pts',(-35.1304303568284,14.4962819151474,-6.14382710170841));
#8966=CARTESIAN_POINT('Ctrl Pts',(-35.4667167886037,14.2809435195625,-6.10366594661984));
#8967=CARTESIAN_POINT('Ctrl Pts',(-36.1486216152737,13.9959953334222,-6.01158792914021));
#8968=CARTESIAN_POINT('Ctrl Pts',(-36.5428190247784,13.9085354216405,-5.95294724014034));
#8969=CARTESIAN_POINT('Ctrl Pts',(-37.0898310350506,13.8975789292642,-5.86460313372093));
#8970=CARTESIAN_POINT('Ctrl Pts',(-37.2419433703878,13.9057901365706,-5.83932681515157));
#8971=CARTESIAN_POINT('Ctrl Pts',(-37.3913088174544,13.9247963629407,-5.81383605880682));
#8972=CARTESIAN_POINT('',(-3.22,-39.72,-5.82247644685907));
#8973=CARTESIAN_POINT('Ctrl Pts',(-3.49612770891082,-39.7465346901411,-5.81383605880683));
#8974=CARTESIAN_POINT('Ctrl Pts',(-3.40408862305634,-39.728680695575,-5.81833062605532));
#8975=CARTESIAN_POINT('Ctrl Pts',(-3.31090398004762,-39.72,-5.82119931856649));
#8976=CARTESIAN_POINT('Ctrl Pts',(-3.22,-39.72,-5.82247644685907));
#8977=CARTESIAN_POINT('',(3.22,-39.72,-5.82247644685907));
#8978=CARTESIAN_POINT('Ctrl Pts',(3.22,-39.72,-5.82247644685907));
#8979=CARTESIAN_POINT('Ctrl Pts',(-1.04005692946885E-11,-39.72,-5.86771487426268));
#8980=CARTESIAN_POINT('Ctrl Pts',(-3.22,-39.72,-5.82247644685908));
#8981=CARTESIAN_POINT('',(3.49612770891081,-39.7465346901412,-5.81383605880682));
#8982=CARTESIAN_POINT('Ctrl Pts',(3.22,-39.72,-5.82247644685907));
#8983=CARTESIAN_POINT('Ctrl Pts',(3.31087836008189,-39.72,-5.82119967850654));
#8984=CARTESIAN_POINT('Ctrl Pts',(3.40406713206808,-39.7286765266941,-5.81833167553002));
#8985=CARTESIAN_POINT('Ctrl Pts',(3.49612770891082,-39.7465346901411,-5.81383605880683));
#8986=CARTESIAN_POINT('',(23.6174742513774,-32.159366268898,-5.81383605880682));
#8987=CARTESIAN_POINT('Origin',(0.,0.,-5.81383605880682));
#8988=CARTESIAN_POINT('',(26.0356768656194,-30.2349707951018,-5.81383605880682));
#8989=CARTESIAN_POINT('Ctrl Pts',(23.6174742513774,-32.159366268898,-5.81383605880682));
#8990=CARTESIAN_POINT('Ctrl Pts',(23.6734454244077,-32.0179200333175,-5.82789793261832));
#8991=CARTESIAN_POINT('Ctrl Pts',(23.7404583977724,-31.8792514867011,-5.8403243377029));
#8992=CARTESIAN_POINT('Ctrl Pts',(24.0144851799217,-31.4061201933481,-5.87753464232501));
#8993=CARTESIAN_POINT('Ctrl Pts',(24.2801145373248,-31.1047670908582,-5.89077551298039));
#8994=CARTESIAN_POINT('Ctrl Pts',(24.8592254951013,-30.6439130253604,-5.89077551298039));
#8995=CARTESIAN_POINT('Ctrl Pts',(25.2125243082681,-30.4527256918112,-5.87753464232501));
#8996=CARTESIAN_POINT('Ctrl Pts',(25.7351010667362,-30.2919232366248,-5.8403243377029));
#8997=CARTESIAN_POINT('Ctrl Pts',(25.8852751413038,-30.2577552435954,-5.82789793261832));
#8998=CARTESIAN_POINT('Ctrl Pts',(26.0356768656194,-30.2349707951018,-5.81383605880682));
#8999=CARTESIAN_POINT('',(14.7479975927732,37.074337429483,-5.81383605880682));
#9000=CARTESIAN_POINT('Origin',(0.,0.,-5.81383605880682));
#9001=CARTESIAN_POINT('',(10.2129848800162,38.5707773926345,-5.81383605880682));
#9002=CARTESIAN_POINT('Ctrl Pts',(14.7479975927732,37.074337429483,-5.81383605880682));
#9003=CARTESIAN_POINT('Ctrl Pts',(14.6287651291789,36.9995011518935,-5.83358914757593));
#9004=CARTESIAN_POINT('Ctrl Pts',(14.5060133621741,36.933864461896,-5.8520362407288));
#9005=CARTESIAN_POINT('Ctrl Pts',(14.0485852082783,36.7259814228998,-5.91460926378694));
#9006=CARTESIAN_POINT('Ctrl Pts',(13.6614048948988,36.6260575332638,-5.95479751225446));
#9007=CARTESIAN_POINT('Ctrl Pts',(12.8769606821532,36.5831825185339,-6.0082883557887));
#9008=CARTESIAN_POINT('Ctrl Pts',(12.4796897512231,36.6402772787216,-6.02152458103598));
#9009=CARTESIAN_POINT('Ctrl Pts',(11.7775037746133,36.8719809636987,-6.02152458103598));
#9010=CARTESIAN_POINT('Ctrl Pts',(11.4242705990486,37.0625336542686,-6.00828835578869));
#9011=CARTESIAN_POINT('Ctrl Pts',(10.8193955117363,37.5638490425693,-5.95479751225446));
#9012=CARTESIAN_POINT('Ctrl Pts',(10.5677206407806,37.8745790509658,-5.91460926378694));
#9013=CARTESIAN_POINT('Ctrl Pts',(10.3238451304515,38.3138746340765,-5.8520362407288));
#9014=CARTESIAN_POINT('Ctrl Pts',(10.2642633629921,38.4396767976629,-5.83358914757593));
#9015=CARTESIAN_POINT('Ctrl Pts',(10.2129848800163,38.5707773926346,-5.81383605880682));
#9016=CARTESIAN_POINT('Origin',(0.,0.,-5.81383605880682));
#9017=CARTESIAN_POINT('',(-16.0651284930704,-14.4013258390925,-9.));
#9018=CARTESIAN_POINT('',(-14.4013263178707,-16.0651280638774,-9.));
#9019=CARTESIAN_POINT('Origin',(0.,0.,-9.));
#9020=CARTESIAN_POINT('',(-7.8406968722202,-20.1000002980232,-9.));
#9021=CARTESIAN_POINT('Origin',(0.,0.,-9.));
#9022=CARTESIAN_POINT('',(-16.6000002980232,-20.1000002980232,-8.2187229350239));
#9023=CARTESIAN_POINT('Ctrl Pts',(-7.8406968722202,-20.1000002980232,-9.));
#9024=CARTESIAN_POINT('Ctrl Pts',(-11.8072899019472,-20.1000002980232,-8.74936244260849));
#9025=CARTESIAN_POINT('Ctrl Pts',(-16.6000002980232,-20.1000002980232,-8.2187229350239));
#9026=CARTESIAN_POINT('',(-20.1000002980232,-16.6000002980232,-8.2187229350239));
#9027=CARTESIAN_POINT('Ctrl Pts',(-16.6000002980232,-20.1000002980232,-8.2187229350239));
#9028=CARTESIAN_POINT('Ctrl Pts',(-17.0032139537595,-20.1000002980232,-8.17407990883428));
#9029=CARTESIAN_POINT('Ctrl Pts',(-17.422644598262,-20.0276030499239,-8.13632717024952));
#9030=CARTESIAN_POINT('Ctrl Pts',(-18.2935175112229,-19.7051842497883,-8.07703097695941));
#9031=CARTESIAN_POINT('Ctrl Pts',(-18.7319263408972,-19.4178217234551,-8.06095548075767));
#9032=CARTESIAN_POINT('Ctrl Pts',(-19.4178217234551,-18.7319263408972,-8.06095548075767));
#9033=CARTESIAN_POINT('Ctrl Pts',(-19.7051842497883,-18.2935175112229,-8.07703097695941));
#9034=CARTESIAN_POINT('Ctrl Pts',(-20.0276030499239,-17.422644598262,-8.13632717024952));
#9035=CARTESIAN_POINT('Ctrl Pts',(-20.1000002980232,-17.0032139537595,-8.17407990883428));
#9036=CARTESIAN_POINT('Ctrl Pts',(-20.1000002980232,-16.6000002980232,-8.2187229350239));
#9037=CARTESIAN_POINT('',(-20.1000002980232,-7.8406968722202,-9.));
#9038=CARTESIAN_POINT('Ctrl Pts',(-20.1000002980232,-16.6000002980232,-8.2187229350239));
#9039=CARTESIAN_POINT('Ctrl Pts',(-20.1000002980232,-11.8072899019472,-8.7493624426085));
#9040=CARTESIAN_POINT('Ctrl Pts',(-20.1000002980232,-7.8406968722202,-9.));
#9041=CARTESIAN_POINT('Origin',(0.,0.,-9.));
#9042=CARTESIAN_POINT('',(-14.4013262991293,16.0651280806778,-9.));
#9043=CARTESIAN_POINT('',(-16.0651280806778,14.4013262991293,-9.));
#9044=CARTESIAN_POINT('Origin',(0.,0.,-9.));
#9045=CARTESIAN_POINT('',(-20.1000002980232,7.8406968722202,-9.));
#9046=CARTESIAN_POINT('Origin',(0.,0.,-9.));
#9047=CARTESIAN_POINT('',(-20.1000002980232,16.6000002980232,-8.2187229350239));
#9048=CARTESIAN_POINT('Ctrl Pts',(-20.1000002980232,7.8406968722202,-9.));
#9049=CARTESIAN_POINT('Ctrl Pts',(-20.1000002980232,11.8072899019472,-8.74936244260849));
#9050=CARTESIAN_POINT('Ctrl Pts',(-20.1000002980232,16.6000002980232,-8.2187229350239));
#9051=CARTESIAN_POINT('',(-16.6000002980232,20.1000002980232,-8.2187229350239));
#9052=CARTESIAN_POINT('Ctrl Pts',(-20.1000002980232,16.6000002980232,-8.2187229350239));
#9053=CARTESIAN_POINT('Ctrl Pts',(-20.1000002980232,17.0032139537595,-8.17407990883428));
#9054=CARTESIAN_POINT('Ctrl Pts',(-20.0276030499239,17.422644598262,-8.13632717024951));
#9055=CARTESIAN_POINT('Ctrl Pts',(-19.7051842497883,18.2935175112229,-8.07703097695941));
#9056=CARTESIAN_POINT('Ctrl Pts',(-19.4178217234551,18.7319263408972,-8.06095548075767));
#9057=CARTESIAN_POINT('Ctrl Pts',(-18.7319263408972,19.4178217234551,-8.06095548075767));
#9058=CARTESIAN_POINT('Ctrl Pts',(-18.2935175112229,19.7051842497883,-8.07703097695941));
#9059=CARTESIAN_POINT('Ctrl Pts',(-17.422644598262,20.0276030499239,-8.13632717024952));
#9060=CARTESIAN_POINT('Ctrl Pts',(-17.0032139537595,20.1000002980232,-8.17407990883428));
#9061=CARTESIAN_POINT('Ctrl Pts',(-16.6000002980232,20.1000002980232,-8.2187229350239));
#9062=CARTESIAN_POINT('',(-7.8406968722202,20.1000002980232,-9.));
#9063=CARTESIAN_POINT('Ctrl Pts',(-16.6000002980232,20.1000002980232,-8.2187229350239));
#9064=CARTESIAN_POINT('Ctrl Pts',(-11.8072899019472,20.1000002980232,-8.74936244260849));
#9065=CARTESIAN_POINT('Ctrl Pts',(-7.8406968722202,20.1000002980232,-9.));
#9066=CARTESIAN_POINT('Origin',(0.,0.,-9.));
#9067=CARTESIAN_POINT('',(16.0651280638774,14.4013263178707,-9.));
#9068=CARTESIAN_POINT('',(14.4013258390925,16.0651284930704,-9.));
#9069=CARTESIAN_POINT('Origin',(0.,0.,-9.));
#9070=CARTESIAN_POINT('',(7.8406968722202,20.1000002980232,-9.));
#9071=CARTESIAN_POINT('Origin',(0.,0.,-9.));
#9072=CARTESIAN_POINT('',(16.6000002980232,20.1000002980232,-8.2187229350239));
#9073=CARTESIAN_POINT('Ctrl Pts',(7.84069687222021,20.1000002980232,-9.));
#9074=CARTESIAN_POINT('Ctrl Pts',(11.8072899019472,20.1000002980232,-8.74936244260849));
#9075=CARTESIAN_POINT('Ctrl Pts',(16.6000002980232,20.1000002980232,-8.2187229350239));
#9076=CARTESIAN_POINT('',(20.1000002980232,16.6000002980232,-8.2187229350239));
#9077=CARTESIAN_POINT('Ctrl Pts',(16.6000002980232,20.1000002980232,-8.21872293502389));
#9078=CARTESIAN_POINT('Ctrl Pts',(17.0032139537595,20.1000002980232,-8.17407990883428));
#9079=CARTESIAN_POINT('Ctrl Pts',(17.422644598262,20.0276030499239,-8.13632717024951));
#9080=CARTESIAN_POINT('Ctrl Pts',(18.2935175112229,19.7051842497883,-8.07703097695941));
#9081=CARTESIAN_POINT('Ctrl Pts',(18.7319263408972,19.4178217234551,-8.06095548075767));
#9082=CARTESIAN_POINT('Ctrl Pts',(19.4178217234551,18.7319263408972,-8.06095548075767));
#9083=CARTESIAN_POINT('Ctrl Pts',(19.7051842497883,18.2935175112229,-8.07703097695941));
#9084=CARTESIAN_POINT('Ctrl Pts',(20.0276030499239,17.422644598262,-8.13632717024951));
#9085=CARTESIAN_POINT('Ctrl Pts',(20.1000002980232,17.0032139537595,-8.17407990883428));
#9086=CARTESIAN_POINT('Ctrl Pts',(20.1000002980232,16.6000002980232,-8.2187229350239));
#9087=CARTESIAN_POINT('',(20.1000002980232,7.8406968722202,-9.));
#9088=CARTESIAN_POINT('Ctrl Pts',(20.1000002980232,16.6000002980232,-8.2187229350239));
#9089=CARTESIAN_POINT('Ctrl Pts',(20.1000002980232,11.8072899019472,-8.74936244260849));
#9090=CARTESIAN_POINT('Ctrl Pts',(20.1000002980232,7.8406968722202,-9.));
#9091=CARTESIAN_POINT('Origin',(0.,0.,-9.));
#9092=CARTESIAN_POINT('',(14.401325857834,-16.0651284762699,-9.));
#9093=CARTESIAN_POINT('',(16.0651284762699,-14.401325857834,-9.));
#9094=CARTESIAN_POINT('Origin',(0.,0.,-9.));
#9095=CARTESIAN_POINT('',(20.1000002980232,-7.8406968722202,-9.));
#9096=CARTESIAN_POINT('Origin',(0.,0.,-9.));
#9097=CARTESIAN_POINT('',(20.1000002980232,-16.6000002980232,-8.2187229350239));
#9098=CARTESIAN_POINT('Ctrl Pts',(20.1000002980232,-7.84069687222021,-9.));
#9099=CARTESIAN_POINT('Ctrl Pts',(20.1000002980232,-11.8072899019472,-8.74936244260849));
#9100=CARTESIAN_POINT('Ctrl Pts',(20.1000002980232,-16.6000002980232,-8.2187229350239));
#9101=CARTESIAN_POINT('',(16.6000002980232,-20.1000002980232,-8.2187229350239));
#9102=CARTESIAN_POINT('Ctrl Pts',(20.1000002980232,-16.6000002980232,-8.2187229350239));
#9103=CARTESIAN_POINT('Ctrl Pts',(20.1000002980232,-17.0032139537595,-8.17407990883428));
#9104=CARTESIAN_POINT('Ctrl Pts',(20.0276030499239,-17.422644598262,-8.13632717024951));
#9105=CARTESIAN_POINT('Ctrl Pts',(19.7051842497883,-18.2935175112229,-8.07703097695941));
#9106=CARTESIAN_POINT('Ctrl Pts',(19.4178217234551,-18.7319263408972,-8.06095548075767));
#9107=CARTESIAN_POINT('Ctrl Pts',(18.7319263408972,-19.4178217234551,-8.06095548075767));
#9108=CARTESIAN_POINT('Ctrl Pts',(18.2935175112229,-19.7051842497883,-8.07703097695941));
#9109=CARTESIAN_POINT('Ctrl Pts',(17.422644598262,-20.0276030499239,-8.13632717024952));
#9110=CARTESIAN_POINT('Ctrl Pts',(17.0032139537595,-20.1000002980232,-8.17407990883428));
#9111=CARTESIAN_POINT('Ctrl Pts',(16.6000002980232,-20.1000002980232,-8.2187229350239));
#9112=CARTESIAN_POINT('',(7.8406968722202,-20.1000002980232,-9.));
#9113=CARTESIAN_POINT('Ctrl Pts',(16.6000002980232,-20.1000002980232,-8.2187229350239));
#9114=CARTESIAN_POINT('Ctrl Pts',(11.8072899019472,-20.1000002980232,-8.7493624426085));
#9115=CARTESIAN_POINT('Ctrl Pts',(7.8406968722202,-20.1000002980232,-9.));
#9116=CARTESIAN_POINT('Origin',(0.,0.,-9.));
#9117=CARTESIAN_POINT('',(33.5675209781578,14.5444675179581,-6.39055657683068));
#9118=CARTESIAN_POINT('',(31.7,11.7,-6.87614742393222));
#9119=CARTESIAN_POINT('Ctrl Pts',(33.5675209781578,14.5444675179581,-6.39055657683068));
#9120=CARTESIAN_POINT('Ctrl Pts',(33.9436430531944,14.70743741099,-6.31928490553));
#9121=CARTESIAN_POINT('Ctrl Pts',(34.3781475689474,14.8018050235253,-6.24349255081584));
#9122=CARTESIAN_POINT('Ctrl Pts',(35.24797622134,14.798139939745,-6.10455916502768));
#9123=CARTESIAN_POINT('Ctrl Pts',(35.6832897198996,14.7000686646033,-6.04135255981627));
#9124=CARTESIAN_POINT('Ctrl Pts',(36.4347659860049,14.3655652820289,-5.94190241601981));
#9125=CARTESIAN_POINT('Ctrl Pts',(36.7985627629909,14.1093756208664,-5.89925841740506));
#9126=CARTESIAN_POINT('Ctrl Pts',(37.3846527301219,13.4660448063109,-5.84271390357561));
#9127=CARTESIAN_POINT('Ctrl Pts',(37.6069232507181,13.0788877012897,-5.82875992049683));
#9128=CARTESIAN_POINT('Ctrl Pts',(37.8698273965808,12.296916395647,-5.82875992049683));
#9129=CARTESIAN_POINT('Ctrl Pts',(37.926594360787,11.8541158535636,-5.84271390357561));
#9130=CARTESIAN_POINT('Ctrl Pts',(37.848199051472,10.9873805064099,-5.89925841740506));
#9131=CARTESIAN_POINT('Ctrl Pts',(37.7130644798535,10.5634466849407,-5.94190241601981));
#9132=CARTESIAN_POINT('Ctrl Pts',(37.3163039383276,9.84289816876621,-6.04135255981627));
#9133=CARTESIAN_POINT('Ctrl Pts',(37.028655029479,9.50176194630619,-6.10455916502767));
#9134=CARTESIAN_POINT('Ctrl Pts',(36.3377126986876,8.97335489404162,-6.24349255081584));
#9135=CARTESIAN_POINT('Ctrl Pts',(35.9344510605938,8.78605974795598,-6.31928490553));
#9136=CARTESIAN_POINT('Ctrl Pts',(35.1789156520044,8.60132952262516,-6.45452030215707));
#9137=CARTESIAN_POINT('Ctrl Pts',(34.7795941040922,8.57524991841023,-6.52308051906679));
#9138=CARTESIAN_POINT('Ctrl Pts',(34.0004216560662,8.67921301422036,-6.65008597583019));
#9139=CARTESIAN_POINT('Ctrl Pts',(33.6205663753165,8.80928650247731,-6.70847913106652));
#9140=CARTESIAN_POINT('Ctrl Pts',(32.978014379009,9.16563080600312,-6.80019040409632));
#9141=CARTESIAN_POINT('Ctrl Pts',(32.6690465575482,9.4149951745576,-6.84023784713307));
#9142=CARTESIAN_POINT('Ctrl Pts',(32.1693206333113,10.0142551492582,-6.89356073362914));
#9143=CARTESIAN_POINT('Ctrl Pts',(31.9785954409589,10.3641849080813,-6.9067607474657));
#9144=CARTESIAN_POINT('Ctrl Pts',(31.7590312589748,11.0172476032134,-6.9067607474657));
#9145=CARTESIAN_POINT('Ctrl Pts',(31.7,11.3579177855551,-6.89674198524658));
#9146=CARTESIAN_POINT('Ctrl Pts',(31.7,11.7,-6.87614742393222));
#9147=CARTESIAN_POINT('Ctrl Pts',(31.7,11.7,-6.87614742393222));
#9148=CARTESIAN_POINT('Ctrl Pts',(31.7,11.747939087175,-6.87326132103506));
#9149=CARTESIAN_POINT('Ctrl Pts',(31.70111286074,11.7959065159764,-6.87017635562541));
#9150=CARTESIAN_POINT('Ctrl Pts',(31.7214360021189,12.233529134296,-6.84023784713306));
#9151=CARTESIAN_POINT('Ctrl Pts',(31.8170013451418,12.6189003426338,-6.80019040409632));
#9152=CARTESIAN_POINT('Ctrl Pts',(32.1137667065379,13.2910496198703,-6.70847913106652));
#9153=CARTESIAN_POINT('Ctrl Pts',(32.337888216453,13.6241842705059,-6.65008597583019));
#9154=CARTESIAN_POINT('Ctrl Pts',(32.8959949852518,14.1777498616278,-6.52308051906679));
#9155=CARTESIAN_POINT('Ctrl Pts',(33.2299651350327,14.3982079833614,-6.45452030215707));
#9156=CARTESIAN_POINT('Ctrl Pts',(33.5675209781578,14.5444675179581,-6.39055657683068));
#9157=CARTESIAN_POINT('Origin',(15.9999997615814,-15.9999997615814,-8.5));
#9158=CARTESIAN_POINT('',(14.8499997615814,-15.9999997615814,-8.5));
#9159=CARTESIAN_POINT('Origin',(15.9999997615814,-15.9999997615814,-8.5));
#9160=CARTESIAN_POINT('Origin',(-16.0000002384186,16.0000002384186,-8.5));
#9161=CARTESIAN_POINT('',(-17.1500002384186,16.0000002384186,-8.5));
#9162=CARTESIAN_POINT('Origin',(-16.0000002384186,16.0000002384186,-8.5));
#9163=CARTESIAN_POINT('Origin',(-16.0000002384186,-15.9999997615814,-8.5));
#9164=CARTESIAN_POINT('',(-17.1500002384186,-15.9999997615814,-8.5));
#9165=CARTESIAN_POINT('Origin',(-16.0000002384186,-15.9999997615814,-8.5));
#9166=CARTESIAN_POINT('Origin',(-16.0000002384186,16.0000002384186,-9.));
#9167=CARTESIAN_POINT('Origin',(-16.0000002384186,16.0000002384186,-9.));
#9168=CARTESIAN_POINT('Origin',(-16.0000002384186,16.0000002384186,-9.));
#9169=CARTESIAN_POINT('',(-17.1500002384186,16.0000002384186,-2.));
#9170=CARTESIAN_POINT('Origin',(-16.0000002384186,16.0000002384186,-2.));
#9171=CARTESIAN_POINT('',(-17.1500002384186,16.0000002384186,-9.));
#9172=CARTESIAN_POINT('Origin',(-16.0000002384186,16.0000002384186,-2.));
#9173=CARTESIAN_POINT('',(-17.6000002384186,16.0000002384186,-2.));
#9174=CARTESIAN_POINT('Origin',(-16.0000002384186,16.0000002384186,-2.));
#9175=CARTESIAN_POINT('Origin',(15.9999997615814,-15.9999997615814,-9.));
#9176=CARTESIAN_POINT('',(14.3999997615814,-15.9999997615814,-9.));
#9177=CARTESIAN_POINT('Origin',(15.9999997615814,-15.9999997615814,-9.));
#9178=CARTESIAN_POINT('Origin',(15.9999997615814,-15.9999997615814,-9.));
#9179=CARTESIAN_POINT('Origin',(15.9999997615814,-15.9999997615814,-9.));
#9180=CARTESIAN_POINT('',(14.8499997615814,-15.9999997615814,-2.));
#9181=CARTESIAN_POINT('Origin',(15.9999997615814,-15.9999997615814,-2.));
#9182=CARTESIAN_POINT('',(14.8499997615814,-15.9999997615814,-9.));
#9183=CARTESIAN_POINT('Origin',(15.9999997615814,-15.9999997615814,-2.));
#9184=CARTESIAN_POINT('',(14.3999997615814,-15.9999997615814,-2.));
#9185=CARTESIAN_POINT('Origin',(15.9999997615814,-15.9999997615814,-2.));
#9186=CARTESIAN_POINT('Origin',(-16.0000002384186,-15.9999997615814,-9.));
#9187=CARTESIAN_POINT('Origin',(-16.0000002384186,-15.9999997615814,-9.));
#9188=CARTESIAN_POINT('Origin',(-16.0000002384186,-15.9999997615814,-9.));
#9189=CARTESIAN_POINT('',(-17.1500002384186,-15.9999997615814,-2.));
#9190=CARTESIAN_POINT('Origin',(-16.0000002384186,-15.9999997615814,-2.));
#9191=CARTESIAN_POINT('',(-17.1500002384186,-15.9999997615814,-9.));
#9192=CARTESIAN_POINT('Origin',(-16.0000002384186,-15.9999997615814,-2.));
#9193=CARTESIAN_POINT('',(-17.6000002384186,-15.9999997615814,-2.));
#9194=CARTESIAN_POINT('Origin',(-16.0000002384186,-15.9999997615814,-2.));
#9195=CARTESIAN_POINT('Origin',(15.9999997615814,16.0000002384186,-9.));
#9196=CARTESIAN_POINT('',(14.8499997615814,16.0000002384186,-2.));
#9197=CARTESIAN_POINT('Origin',(15.9999997615814,16.0000002384186,-2.));
#9198=CARTESIAN_POINT('',(14.8499997615814,16.0000002384186,-9.));
#9199=CARTESIAN_POINT('Origin',(15.9999997615814,16.0000002384186,-9.));
#9200=CARTESIAN_POINT('',(14.3999997615814,16.0000002384186,-9.));
#9201=CARTESIAN_POINT('Origin',(15.9999997615814,16.0000002384186,-9.));
#9202=CARTESIAN_POINT('Origin',(15.9999997615814,16.0000002384186,-9.));
#9203=CARTESIAN_POINT('Origin',(15.9999997615814,16.0000002384186,-2.));
#9204=CARTESIAN_POINT('',(14.3999997615814,16.0000002384186,-2.));
#9205=CARTESIAN_POINT('Origin',(15.9999997615814,16.0000002384186,-2.));
#9206=CARTESIAN_POINT('Origin',(-16.0000002384186,-15.9999997615814,-9.));
#9207=CARTESIAN_POINT('',(-17.6000002384186,-15.9999997615814,-9.));
#9208=CARTESIAN_POINT('Origin',(-16.0000002384186,-15.9999997615814,-9.));
#9209=CARTESIAN_POINT('',(-17.6000002384186,-15.9999997615814,-9.));
#9210=CARTESIAN_POINT('Origin',(-16.0000002384186,-15.9999997615814,-9.));
#9211=CARTESIAN_POINT('Origin',(-16.0000002384186,16.0000002384186,-9.));
#9212=CARTESIAN_POINT('',(-17.6000002384186,16.0000002384186,-9.));
#9213=CARTESIAN_POINT('Origin',(-16.0000002384186,16.0000002384186,-9.));
#9214=CARTESIAN_POINT('',(-17.6000002384186,16.0000002384186,-9.));
#9215=CARTESIAN_POINT('Origin',(-16.0000002384186,16.0000002384186,-9.));
#9216=CARTESIAN_POINT('Origin',(-20.1000002980232,16.6000002980232,-9.));
#9217=CARTESIAN_POINT('',(-20.1000002980232,16.6000002980232,-9.));
#9218=CARTESIAN_POINT('',(-20.1000002980232,-16.6000002980232,-9.));
#9219=CARTESIAN_POINT('',(-20.1000002980232,16.6000002980232,-9.));
#9220=CARTESIAN_POINT('Origin',(15.9999997615814,16.0000002384186,-9.));
#9221=CARTESIAN_POINT('Origin',(15.9999997615814,16.0000002384186,-9.));
#9222=CARTESIAN_POINT('',(14.3999997615814,16.0000002384186,-9.));
#9223=CARTESIAN_POINT('Origin',(16.6000002980232,20.1000002980232,-9.));
#9224=CARTESIAN_POINT('',(16.6000002980232,20.1000002980232,-9.));
#9225=CARTESIAN_POINT('',(-16.6000002980232,20.1000002980232,-9.));
#9226=CARTESIAN_POINT('',(16.6000002980232,20.1000002980232,-9.));
#9227=CARTESIAN_POINT('Origin',(-16.6000002980232,-20.1000002980232,-9.));
#9228=CARTESIAN_POINT('',(16.6000002980232,-20.1000002980232,-9.));
#9229=CARTESIAN_POINT('',(16.6000002980232,-20.1000002980232,-9.));
#9230=CARTESIAN_POINT('',(16.6000002980232,-20.1000002980232,-9.));
#9231=CARTESIAN_POINT('Origin',(15.9999997615814,-15.9999997615814,-9.));
#9232=CARTESIAN_POINT('Origin',(15.9999997615814,-15.9999997615814,-9.));
#9233=CARTESIAN_POINT('',(14.3999997615814,-15.9999997615814,-9.));
#9234=CARTESIAN_POINT('Origin',(0.,4.44089209850063E-15,-9.));
#9235=CARTESIAN_POINT('',(20.1000002980232,-16.6000002980232,-9.));
#9236=CARTESIAN_POINT('Origin',(16.6000002980232,-16.6000002980232,-9.));
#9237=CARTESIAN_POINT('',(20.1000002980232,16.6000002980232,-9.));
#9238=CARTESIAN_POINT('Origin',(0.,4.44089209850063E-15,-9.));
#9239=CARTESIAN_POINT('',(20.1000002980232,16.6000002980232,-9.));
#9240=CARTESIAN_POINT('',(20.1000002980232,16.6000002980232,-9.));
#9241=CARTESIAN_POINT('Origin',(16.6000002980232,16.6000002980232,-9.));
#9242=CARTESIAN_POINT('Origin',(0.,4.44089209850063E-15,-9.));
#9243=CARTESIAN_POINT('',(-16.6000002980232,20.1000002980232,-9.));
#9244=CARTESIAN_POINT('',(-16.6000002980232,20.1000002980232,-9.));
#9245=CARTESIAN_POINT('Origin',(-16.6000002980232,16.6000002980232,-9.));
#9246=CARTESIAN_POINT('Origin',(0.,4.44089209850063E-15,-9.));
#9247=CARTESIAN_POINT('',(-20.1000002980232,-16.6000002980232,-9.));
#9248=CARTESIAN_POINT('',(-20.1000002980232,-16.6000002980232,-9.));
#9249=CARTESIAN_POINT('',(-16.6000002980232,-20.1000002980232,-9.));
#9250=CARTESIAN_POINT('Origin',(-16.6000002980232,-16.6000002980232,-9.));
#9251=CARTESIAN_POINT('',(16.6000002980232,-20.1000002980232,-9.));
#9252=CARTESIAN_POINT('Origin',(20.1000002980232,-16.6000002980232,-9.));
#9253=CARTESIAN_POINT('',(20.1000002980232,-16.6000002980232,-9.));
#9254=CARTESIAN_POINT('Origin',(-16.6000002980232,-20.1000002980232,-9.));
#9255=CARTESIAN_POINT('',(-16.6000002980232,-20.1000002980232,-9.));
#9256=CARTESIAN_POINT('Origin',(-16.6000002980232,-16.6000002980232,-9.));
#9257=CARTESIAN_POINT('',(-20.1000002980232,-16.6000002980232,-9.));
#9258=CARTESIAN_POINT('Origin',(-20.1000002980232,16.6000002980232,-9.));
#9259=CARTESIAN_POINT('Origin',(-16.6000002980232,16.6000002980232,-9.));
#9260=CARTESIAN_POINT('',(-16.6000002980232,20.1000002980232,-9.));
#9261=CARTESIAN_POINT('Origin',(16.6000002980232,20.1000002980232,-9.));
#9262=CARTESIAN_POINT('Origin',(16.6000002980232,16.6000002980232,-9.));
#9263=CARTESIAN_POINT('',(20.1000002980232,16.6000002980232,-9.));
#9264=CARTESIAN_POINT('Origin',(20.1000002980232,-16.6000002980232,-9.));
#9265=CARTESIAN_POINT('Origin',(16.6000002980232,-16.6000002980232,-9.));
#9266=CARTESIAN_POINT('Origin',(13.1,39.7,-0.05));
#9267=CARTESIAN_POINT('',(14.2705505878243,38.9320082543774,-5.81383605880682));
#9268=CARTESIAN_POINT('',(11.7022579253423,39.7794801404861,-5.81383605880682));
#9269=CARTESIAN_POINT('Ctrl Pts',(14.2705505878242,38.9320082543774,-5.81383605880682));
#9270=CARTESIAN_POINT('Ctrl Pts',(14.3304116964887,39.0232468078312,-5.78446509683896));
#9271=CARTESIAN_POINT('Ctrl Pts',(14.3784696617979,39.1202117984593,-5.75472640029217));
#9272=CARTESIAN_POINT('Ctrl Pts',(14.4755777830529,39.3844186549747,-5.6769262527234));
#9273=CARTESIAN_POINT('Ctrl Pts',(14.5074151558859,39.5757140404027,-5.62427791048675));
#9274=CARTESIAN_POINT('Ctrl Pts',(14.4894778266451,39.9561557600402,-5.52718725309058));
#9275=CARTESIAN_POINT('Ctrl Pts',(14.439665235896,40.1452970552026,-5.48273219688784));
#9276=CARTESIAN_POINT('Ctrl Pts',(14.2833464609937,40.4689626850838,-5.41296243692294));
#9277=CARTESIAN_POINT('Ctrl Pts',(14.167925634483,40.6251444816319,-5.38283912771587));
#9278=CARTESIAN_POINT('Ctrl Pts',(13.8816126588434,40.8770467802468,-5.34275777217839));
#9279=CARTESIAN_POINT('Ctrl Pts',(13.7106939070776,40.9727358352547,-5.33279212960474));
#9280=CARTESIAN_POINT('Ctrl Pts',(13.3667025651253,41.0862443133297,-5.33279212960474));
#9281=CARTESIAN_POINT('Ctrl Pts',(13.1724003495529,41.1110689780228,-5.34275777217839));
#9282=CARTESIAN_POINT('Ctrl Pts',(12.7923954832099,41.0790347834374,-5.38283912771587));
#9283=CARTESIAN_POINT('Ctrl Pts',(12.6066901697812,41.022217028028,-5.41296243692294));
#9284=CARTESIAN_POINT('Ctrl Pts',(12.2884409500986,40.855146882506,-5.48273219688784));
#9285=CARTESIAN_POINT('Ctrl Pts',(12.1358436998808,40.732795736378,-5.52718725309058));
#9286=CARTESIAN_POINT('Ctrl Pts',(11.8950098780373,40.4377419784334,-5.62427791048675));
#9287=CARTESIAN_POINT('Ctrl Pts',(11.8067458574374,40.2650659654423,-5.6769262527234));
#9288=CARTESIAN_POINT('Ctrl Pts',(11.7565643204952,40.0939296574688,-5.72621803478948));
#9289=CARTESIAN_POINT('Ctrl Pts',(11.7275413568808,39.9949513650117,-5.75472640030727));
#9290=CARTESIAN_POINT('Ctrl Pts',(11.7084530040717,39.8884271320596,-5.78446509683092));
#9291=CARTESIAN_POINT('Ctrl Pts',(11.7022579253423,39.7794801404861,-5.81383605880682));
#9292=CARTESIAN_POINT('',(11.7,39.7,-5.81383605880682));
#9293=CARTESIAN_POINT('Origin',(13.1,39.7,-5.81383605880682));
#9294=CARTESIAN_POINT('',(11.7,39.7,-0.05));
#9295=CARTESIAN_POINT('',(11.7,39.7,-0.05));
#9296=CARTESIAN_POINT('Origin',(13.1,39.7,-0.05));
#9297=CARTESIAN_POINT('Origin',(13.1,39.7,-5.81383605880682));
#9298=CARTESIAN_POINT('Origin',(13.1,39.7,-0.05));
#9299=CARTESIAN_POINT('',(10.0456053572667,40.2297861516142,-5.81383605880682));
#9300=CARTESIAN_POINT('',(15.8698620790559,38.3079281401422,-5.81383605880682));
#9301=CARTESIAN_POINT('Ctrl Pts',(10.0456053572667,40.2297861516142,-5.81383605880682));
#9302=CARTESIAN_POINT('Ctrl Pts',(10.0586113421005,40.3047700111936,-5.79285784017888));
#9303=CARTESIAN_POINT('Ctrl Pts',(10.0742419067314,40.3784483671013,-5.77205373279805));
#9304=CARTESIAN_POINT('Ctrl Pts',(10.0922015582701,40.4504322314021,-5.75154828184056));
#9305=CARTESIAN_POINT('Ctrl Pts',(10.1903253838182,40.8437211617412,-5.63951530123401));
#9306=CARTESIAN_POINT('Ctrl Pts',(10.3766979401691,41.2428381133559,-5.52008546186178));
#9307=CARTESIAN_POINT('Ctrl Pts',(10.9024295811126,41.9287681821358,-5.30040160830123));
#9308=CARTESIAN_POINT('Ctrl Pts',(11.241846803166,42.2155116486857,-5.20006926720481));
#9309=CARTESIAN_POINT('Ctrl Pts',(11.9575219691571,42.6100102679488,-5.04270279934078));
#9310=CARTESIAN_POINT('Ctrl Pts',(12.3773984234776,42.7454948639153,-4.975110629671));
#9311=CARTESIAN_POINT('Ctrl Pts',(13.2388684870689,42.8269645875738,-4.88525688578359));
#9312=CARTESIAN_POINT('Ctrl Pts',(13.6804627232166,42.7728714009973,-4.86293034357));
#9313=CARTESIAN_POINT('Ctrl Pts',(14.462343750947,42.5148703565824,-4.86293034357));
#9314=CARTESIAN_POINT('Ctrl Pts',(14.8494094715343,42.2955266304832,-4.8852568857836));
#9315=CARTESIAN_POINT('Ctrl Pts',(15.4932142186571,41.7173541355311,-4.975110629671));
#9316=CARTESIAN_POINT('Ctrl Pts',(15.7500003575342,41.3585879282072,-5.04270279934078));
#9317=CARTESIAN_POINT('Ctrl Pts',(16.0903434732239,40.6156298759462,-5.20006926720481));
#9318=CARTESIAN_POINT('Ctrl Pts',(16.1924498706218,40.1831947364791,-5.30040160830122));
#9319=CARTESIAN_POINT('Ctrl Pts',(16.2067064783529,39.3190821473557,-5.52008546186178));
#9320=CARTESIAN_POINT('Ctrl Pts',(16.1189448613083,38.8874260696727,-5.63951530123401));
#9321=CARTESIAN_POINT('Ctrl Pts',(15.9353252911375,38.4444384844802,-5.7720537328268));
#9322=CARTESIAN_POINT('Ctrl Pts',(15.9040367463681,38.3759268676375,-5.79285784020071));
#9323=CARTESIAN_POINT('Ctrl Pts',(15.8698620790559,38.3079281401422,-5.81383605880682));
#9324=CARTESIAN_POINT('',(10.,39.7,-5.81383605880682));
#9325=CARTESIAN_POINT('Origin',(13.1,39.7,-5.81383605880682));
#9326=CARTESIAN_POINT('',(10.,39.7,-0.05));
#9327=CARTESIAN_POINT('',(10.,39.7,-0.05));
#9328=CARTESIAN_POINT('Origin',(13.1,39.7,-0.05));
#9329=CARTESIAN_POINT('Origin',(13.1,39.7,-5.81383605880682));
#9330=CARTESIAN_POINT('Origin',(13.1,39.7,-5.81383605880682));
#9331=CARTESIAN_POINT('Origin',(0.,0.,-5.96206906996432));
#9332=CARTESIAN_POINT('Ctrl Pts',(12.9904798884999,41.0957096206507,-6.49999985471367));
#9333=CARTESIAN_POINT('Ctrl Pts',(13.1778982640996,41.1104161764336,-6.48051184773413));
#9334=CARTESIAN_POINT('Ctrl Pts',(13.3691405532284,41.0854398386659,-6.47084073951723));
#9335=CARTESIAN_POINT('Ctrl Pts',(13.7082559189745,40.9735403099185,-6.47084073951723));
#9336=CARTESIAN_POINT('Ctrl Pts',(13.8768059322499,40.8797942506712,-6.48051184773413));
#9337=CARTESIAN_POINT('Ctrl Pts',(14.0186657956305,40.756434170187,-6.49999985471367));
#9338=CARTESIAN_POINT('Ctrl Pts',(10.7613795753364,41.7349089683193,-6.49999985471367));
#9339=CARTESIAN_POINT('Ctrl Pts',(11.0030065765142,42.0125989529339,-6.40917916162115));
#9340=CARTESIAN_POINT('Ctrl Pts',(11.2955560802601,42.2451175881707,-6.32663863720232));
#9341=CARTESIAN_POINT('Ctrl Pts',(11.9575359410806,42.6100179696336,-6.18135672227135));
#9342=CARTESIAN_POINT('Ctrl Pts',(12.3774194746358,42.7454997225244,-6.11389368951981));
#9343=CARTESIAN_POINT('Ctrl Pts',(13.238888168357,42.8269635809203,-6.02421296057394));
#9344=CARTESIAN_POINT('Ctrl Pts',(13.6804739434447,42.7728676986046,-6.00193035769037));
#9345=CARTESIAN_POINT('Ctrl Pts',(14.4623325307189,42.5148740589751,-6.00193035769037));
#9346=CARTESIAN_POINT('Ctrl Pts',(14.8493930562249,42.2955375347976,-6.02421296057394));
#9347=CARTESIAN_POINT('Ctrl Pts',(15.4932001931968,41.7173705685408,-6.11389368951981));
#9348=CARTESIAN_POINT('Ctrl Pts',(15.749993713112,41.3586024327668,-6.18135672227135));
#9349=CARTESIAN_POINT('Ctrl Pts',(16.0648017420359,40.6713866519172,-6.32663863720232));
#9350=CARTESIAN_POINT('Ctrl Pts',(16.1615162775774,40.3104206888551,-6.40917916162115));
#9351=CARTESIAN_POINT('Ctrl Pts',(16.1904250319501,39.9434607194115,-6.49999985471367));
#9352=CARTESIAN_POINT('Origin',(13.1,39.7,-0.05));
#9353=CARTESIAN_POINT('Ctrl Pts',(16.1904250319501,39.9434607194115,-6.49999985471367));
#9354=CARTESIAN_POINT('Ctrl Pts',(16.1615167383287,40.3104148402017,-6.40900942491858));
#9355=CARTESIAN_POINT('Ctrl Pts',(16.0648047066417,40.6713801802783,-6.32631324124353));
#9356=CARTESIAN_POINT('Ctrl Pts',(15.7500002640882,41.3585881321969,-6.18075914420888));
#9357=CARTESIAN_POINT('Ctrl Pts',(15.4932140214,41.7173543666509,-6.11316878919508));
#9358=CARTESIAN_POINT('Ctrl Pts',(14.8494092406589,42.2955267838502,-6.02331747659967));
#9359=CARTESIAN_POINT('Ctrl Pts',(14.4623435931334,42.514870408657,-6.00099155188077));
#9360=CARTESIAN_POINT('Ctrl Pts',(13.6804628810302,42.7728713489228,-6.00099155188077));
#9361=CARTESIAN_POINT('Ctrl Pts',(13.2388687638802,42.826964573417,-6.02331747659968));
#9362=CARTESIAN_POINT('Ctrl Pts',(12.3773987195471,42.7454949322497,-6.11316878919508));
#9363=CARTESIAN_POINT('Ctrl Pts',(11.9575221656558,42.610010376264,-6.18075914420888));
#9364=CARTESIAN_POINT('Ctrl Pts',(11.2955498462726,42.2451141518359,-6.32631324124353));
#9365=CARTESIAN_POINT('Ctrl Pts',(11.0030027254332,42.0125945270765,-6.40900942491858));
#9366=CARTESIAN_POINT('Ctrl Pts',(10.7613795753364,41.7349089683193,-6.49999985471367));
#9367=CARTESIAN_POINT('Origin',(13.1,39.7,-0.05));
#9368=CARTESIAN_POINT('Origin',(0.,0.,-3.74999993480742));
#9369=CARTESIAN_POINT('',(-7.71527484325562E-15,63.0000000704472,-1.00000025489072));
#9370=CARTESIAN_POINT('Origin',(0.,0.,-1.));
#9371=CARTESIAN_POINT('',(-6.49675126797119E-15,53.0499999877065,-3.74999993480742));
#9372=CARTESIAN_POINT('Ctrl Pts',(-38.2678011773419,19.8289008775018,-6.49999985471368));
#9373=CARTESIAN_POINT('Ctrl Pts',(-38.548832237336,19.7029539022777,-6.4470509175955));
#9374=CARTESIAN_POINT('Ctrl Pts',(-38.8207540225916,19.5291909326026,-6.40183429082425));
#9375=CARTESIAN_POINT('Ctrl Pts',(-39.3831781698363,19.0293087817959,-6.32374538151934));
#9376=CARTESIAN_POINT('Ctrl Pts',(-39.644807526564,18.6688008564968,-6.30140645812309));
#9377=CARTESIAN_POINT('Ctrl Pts',(-39.9889889060085,17.9197002071176,-6.30140645812309));
#9378=CARTESIAN_POINT('Ctrl Pts',(-40.0921006459122,17.4863598632777,-6.32374538151934));
#9379=CARTESIAN_POINT('Ctrl Pts',(-40.1050280685241,16.7340062443965,-6.40183429082425));
#9380=CARTESIAN_POINT('Ctrl Pts',(-40.0597435617541,16.4144998432502,-6.4470509175955));
#9381=CARTESIAN_POINT('Ctrl Pts',(-39.972245220402,16.1192285484886,-6.49999985471368));
#9382=CARTESIAN_POINT('Ctrl Pts',(-38.2500123734637,-19.8631938617192,-6.49999985471368));
#9383=CARTESIAN_POINT('Ctrl Pts',(-38.3109776982991,-19.8900576679441,-6.48162446477327));
#9384=CARTESIAN_POINT('Ctrl Pts',(-38.3704668878876,-19.9186221908136,-6.46339438760607));
#9385=CARTESIAN_POINT('Ctrl Pts',(-38.787406351292,-20.1350610387499,-6.33355834526327));
#9386=CARTESIAN_POINT('Ctrl Pts',(-39.1318533015108,-20.4084246502415,-6.2143235750195));
#9387=CARTESIAN_POINT('Ctrl Pts',(-39.6765438375844,-21.0775854477863,-5.99496137510901));
#9388=CARTESIAN_POINT('Ctrl Pts',(-39.8767069766708,-21.4734236124835,-5.89475921124767));
#9389=CARTESIAN_POINT('Ctrl Pts',(-40.0949566101936,-22.2594502408519,-5.7375913326855));
#9390=CARTESIAN_POINT('Ctrl Pts',(-40.1299491213125,-22.6984986076509,-5.67006126386344));
#9391=CARTESIAN_POINT('Ctrl Pts',(-40.0111348043036,-23.5541960730762,-5.58028502750148));
#9392=CARTESIAN_POINT('Ctrl Pts',(-39.8572506625716,-23.9708279466002,-5.55797702857734));
#9393=CARTESIAN_POINT('Ctrl Pts',(-39.4274396445574,-24.6714009715573,-5.55797702857734));
#9394=CARTESIAN_POINT('Ctrl Pts',(-39.1257420340475,-24.9973472845068,-5.58028502750148));
#9395=CARTESIAN_POINT('Ctrl Pts',(-38.4167388382296,-25.4909558972573,-5.67006126386343));
#9396=CARTESIAN_POINT('Ctrl Pts',(-38.0094836369515,-25.6586793161804,-5.7375913326855));
#9397=CARTESIAN_POINT('Ctrl Pts',(-37.2098777243966,-25.8202378122254,-5.89475921124767));
#9398=CARTESIAN_POINT('Ctrl Pts',(-36.7663100025875,-25.8211383946976,-5.99496137510901));
#9399=CARTESIAN_POINT('Ctrl Pts',(-35.9229875494263,-25.6387344664146,-6.2143235750195));
#9400=CARTESIAN_POINT('Ctrl Pts',(-35.523232734374,-25.4555202381316,-6.33355834526327));
#9401=CARTESIAN_POINT('Ctrl Pts',(-35.1943223431455,-25.2198270177805,-6.44539344230008));
#9402=CARTESIAN_POINT('Ctrl Pts',(-35.1413810203635,-25.1818899042416,-6.46339438762889));
#9403=CARTESIAN_POINT('Ctrl Pts',(-35.0889638226235,-25.1417983462331,-6.48162446479145));
#9404=CARTESIAN_POINT('Ctrl Pts',(-35.0373939851432,-25.0996203096423,-6.49999985471368));
#9405=CARTESIAN_POINT('',(-3.22,-43.28,-6.41719073928326));
#9406=CARTESIAN_POINT('Ctrl Pts',(-4.20464156895235,-42.8944157931424,-6.49999985471372));
#9407=CARTESIAN_POINT('Ctrl Pts',(-4.11190177523432,-42.9802050651348,-6.47890285549251));
#9408=CARTESIAN_POINT('Ctrl Pts',(-4.00492877977722,-43.0561023259226,-6.4608097803203));
#9409=CARTESIAN_POINT('Ctrl Pts',(-3.71418705812711,-43.2074363552381,-6.42637246196452));
#9410=CARTESIAN_POINT('Ctrl Pts',(-3.51845228191764,-43.2613154179626,-6.41604806379276));
#9411=CARTESIAN_POINT('Ctrl Pts',(-3.29467621442321,-43.2785413069736,-6.41604806379276));
#9412=CARTESIAN_POINT('Ctrl Pts',(-3.25750714425849,-43.28,-6.41642162030569));
#9413=CARTESIAN_POINT('Ctrl Pts',(-3.22,-43.28,-6.41719073928326));
#9414=CARTESIAN_POINT('',(3.22,-43.28,-6.41719073928326));
#9415=CARTESIAN_POINT('Ctrl Pts',(-3.22,-43.28,-6.41719073928326));
#9416=CARTESIAN_POINT('Ctrl Pts',(6.32827124036339E-14,-43.28,-6.48321984271794));
#9417=CARTESIAN_POINT('Ctrl Pts',(3.22,-43.28,-6.41719073928326));
#9418=CARTESIAN_POINT('Ctrl Pts',(3.22,-43.28,-6.41719073928326));
#9419=CARTESIAN_POINT('Ctrl Pts',(3.25750714425849,-43.28,-6.41642162030569));
#9420=CARTESIAN_POINT('Ctrl Pts',(3.29467621442321,-43.2785413069736,-6.41604806379276));
#9421=CARTESIAN_POINT('Ctrl Pts',(3.51845228191764,-43.2613154179626,-6.41604806379276));
#9422=CARTESIAN_POINT('Ctrl Pts',(3.7141870581271,-43.2074363552381,-6.42637246196452));
#9423=CARTESIAN_POINT('Ctrl Pts',(4.00492877977721,-43.0561023259227,-6.4608097803203));
#9424=CARTESIAN_POINT('Ctrl Pts',(4.11190177523432,-42.9802050651348,-6.47890285549251));
#9425=CARTESIAN_POINT('Ctrl Pts',(4.20464156895235,-42.8944157931424,-6.49999985471372));
#9426=CARTESIAN_POINT('Ctrl Pts',(24.3677863511107,-35.5502588641066,-6.49999985471368));
#9427=CARTESIAN_POINT('Ctrl Pts',(24.5134872050759,-35.688316469138,-6.4457598087004));
#9428=CARTESIAN_POINT('Ctrl Pts',(24.6747152516045,-35.813921943399,-6.39191803539897));
#9429=CARTESIAN_POINT('Ctrl Pts',(25.2122574755025,-36.1527445977352,-6.23038762856821));
#9430=CARTESIAN_POINT('Ctrl Pts',(25.6297296217396,-36.3038099965427,-6.13011899479293));
#9431=CARTESIAN_POINT('Ctrl Pts',(26.4371141818651,-36.4255696802556,-5.97284977094084));
#9432=CARTESIAN_POINT('Ctrl Pts',(26.8775625748414,-36.4071445593207,-5.90528827058685));
#9433=CARTESIAN_POINT('Ctrl Pts',(27.7132566508137,-36.1852918559687,-5.81547289983491));
#9434=CARTESIAN_POINT('Ctrl Pts',(28.1084758259206,-35.9817901275801,-5.79315556096226));
#9435=CARTESIAN_POINT('Ctrl Pts',(28.7521841416532,-35.4695297562013,-5.79315556096226));
#9436=CARTESIAN_POINT('Ctrl Pts',(29.0392255221089,-35.1300914028359,-5.81547289983491));
#9437=CARTESIAN_POINT('Ctrl Pts',(29.4430454781583,-34.3655440506751,-5.90528827058685));
#9438=CARTESIAN_POINT('Ctrl Pts',(29.5598903551186,-33.9404775303692,-5.97284977094084));
#9439=CARTESIAN_POINT('Ctrl Pts',(29.6225145541008,-33.126368533853,-6.13011899479292));
#9440=CARTESIAN_POINT('Ctrl Pts',(29.5690374905885,-32.6856373785226,-6.23038762856821));
#9441=CARTESIAN_POINT('Ctrl Pts',(29.3595551023071,-32.0857460862333,-6.39191803539897));
#9442=CARTESIAN_POINT('Ctrl Pts',(29.2733556209402,-31.900433195252,-6.4457598087004));
#9443=CARTESIAN_POINT('Ctrl Pts',(29.1715357329892,-31.727455301951,-6.49999985471368));
#9444=CARTESIAN_POINT('',(30.0027075899454,35.1000005364418,-5.65));
#9445=CARTESIAN_POINT('',(44.3353826972551,12.9059747527497,-5.64994559968897));
#9446=CARTESIAN_POINT('Origin',(0.,0.,-5.65));
#9447=CARTESIAN_POINT('',(45.2276297129096,12.4730215138944,-5.44531545736815));
#9448=CARTESIAN_POINT('Ctrl Pts',(45.2276297129096,12.4730215138944,-5.44531545736815));
#9449=CARTESIAN_POINT('Ctrl Pts',(44.9401499354236,12.5719834095508,-5.51463870250734));
#9450=CARTESIAN_POINT('Ctrl Pts',(44.6329106461884,12.697915595036,-5.58700993943232));
#9451=CARTESIAN_POINT('Ctrl Pts',(44.3566362473607,12.8906725494635,-5.64548642428665));
#9452=CARTESIAN_POINT('Ctrl Pts',(44.3355144131831,12.9061687551724,-5.64989472376888));
#9453=CARTESIAN_POINT('',(46.8295382805269,12.5961943513627,-5.0091901334097));
#9454=CARTESIAN_POINT('Ctrl Pts',(46.8295254350257,12.5962168679337,-5.00919125925124));
#9455=CARTESIAN_POINT('Ctrl Pts',(46.7895306887968,12.572783622206,-5.02154806891298));
#9456=CARTESIAN_POINT('Ctrl Pts',(46.6921196984594,12.5223127137899,-5.05116657549743));
#9457=CARTESIAN_POINT('Ctrl Pts',(46.4128976275214,12.4139671766656,-5.13345916296254));
#9458=CARTESIAN_POINT('Ctrl Pts',(45.9130958686331,12.3346929322205,-5.27256715660231));
#9459=CARTESIAN_POINT('Ctrl Pts',(45.4674253638174,12.390474378261,-5.38749082414852));
#9460=CARTESIAN_POINT('Ctrl Pts',(45.2276297129096,12.4730215138944,-5.44531545736815));
#9461=CARTESIAN_POINT('',(46.8768335754415,13.4000002086163,-4.93720887259817));
#9462=CARTESIAN_POINT('Ctrl Pts',(46.8295511260281,12.5961718347917,-5.00918900756815));
#9463=CARTESIAN_POINT('Ctrl Pts',(46.8462019435549,12.8661879773084,-4.98536070017881));
#9464=CARTESIAN_POINT('Ctrl Pts',(46.8619605621764,13.1344574282936,-4.96133252382915));
#9465=CARTESIAN_POINT('Ctrl Pts',(46.8768335754415,13.4000002086163,-4.93720887259816));
#9466=CARTESIAN_POINT('',(47.1000007003546,21.0815405454597,-4.15));
#9467=CARTESIAN_POINT('Ctrl Pts',(46.8768335754415,13.4000002086163,-4.93720887259816));
#9468=CARTESIAN_POINT('Ctrl Pts',(46.8914390729493,13.6607667625813,-4.9135191251574));
#9469=CARTESIAN_POINT('Ctrl Pts',(46.9050970920621,13.9172472862912,-4.88988784846112));
#9470=CARTESIAN_POINT('Ctrl Pts',(47.0030971790746,15.8487926118984,-4.70963220511171));
#9471=CARTESIAN_POINT('Ctrl Pts',(47.0671539132382,17.6970468954127,-4.52232951307213));
#9472=CARTESIAN_POINT('Ctrl Pts',(47.0966751909119,20.0578481717173,-4.26467727869495));
#9473=CARTESIAN_POINT('Ctrl Pts',(47.1000007003546,20.5715475215801,-4.20758421976531));
#9474=CARTESIAN_POINT('Ctrl Pts',(47.1000007003546,21.0815405454597,-4.15000000000018));
#9475=CARTESIAN_POINT('',(47.1000007003546,35.1000005364418,-2.1773105947745));
#9476=CARTESIAN_POINT('Ctrl Pts',(47.1000007003546,21.0815405454597,-4.15));
#9477=CARTESIAN_POINT('Ctrl Pts',(47.1000007003546,27.6373776953236,-3.40976876250114));
#9478=CARTESIAN_POINT('Ctrl Pts',(47.1000007003546,35.1000005363605,-2.17731059478792));
#9479=CARTESIAN_POINT('',(45.6000007003546,36.6000005364418,-2.25158663631464));
#9480=CARTESIAN_POINT('Ctrl Pts',(47.1000007003546,35.1000005364418,-2.17731059477453));
#9481=CARTESIAN_POINT('Ctrl Pts',(47.1000007003546,35.225220444215,-2.15663042623554));
#9482=CARTESIAN_POINT('Ctrl Pts',(47.0839577686543,35.3538609027623,-2.13886729244338));
#9483=CARTESIAN_POINT('Ctrl Pts',(47.0001692191795,35.6752300086605,-2.10388223678508));
#9484=CARTESIAN_POINT('Ctrl Pts',(46.9064412695439,35.8619112720164,-2.0932272892594));
#9485=CARTESIAN_POINT('Ctrl Pts',(46.6708505632279,36.1679778306722,-2.0932272892594));
#9486=CARTESIAN_POINT('Ctrl Pts',(46.5143688811457,36.3063552341879,-2.10388223678508));
#9487=CARTESIAN_POINT('Ctrl Pts',(46.1601426119912,36.5062728666751,-2.14672940533826));
#9488=CARTESIAN_POINT('Ctrl Pts',(45.9624205903912,36.5678522819113,-2.17892533123403));
#9489=CARTESIAN_POINT('Ctrl Pts',(45.7172124365307,36.5965116432678,-2.22691653170061));
#9490=CARTESIAN_POINT('Ctrl Pts',(45.6589180451939,36.6000005364418,-2.2388875317534));
#9491=CARTESIAN_POINT('Ctrl Pts',(45.6000007003546,36.6000005364418,-2.25158663631465));
#9492=CARTESIAN_POINT('',(36.3769347042293,36.6000005364418,-4.15));
#9493=CARTESIAN_POINT('Ctrl Pts',(45.6000007003546,36.6000005364418,-2.25158663631464));
#9494=CARTESIAN_POINT('Ctrl Pts',(40.7007008459221,36.6000005364418,-3.30758672080611));
#9495=CARTESIAN_POINT('Ctrl Pts',(36.3769347042293,36.6000005364418,-4.15));
#9496=CARTESIAN_POINT('Ctrl Pts',(36.3769347042293,36.6000005364418,-4.15000000000008));
#9497=CARTESIAN_POINT('Ctrl Pts',(35.3220386624885,36.6000005364418,-4.35552879240224));
#9498=CARTESIAN_POINT('Ctrl Pts',(34.2661054396605,36.5573453686163,-4.56483559529521));
#9499=CARTESIAN_POINT('Ctrl Pts',(32.7114809359153,36.4152805931836,-4.88359929182524));
#9500=CARTESIAN_POINT('Ctrl Pts',(32.0683212991814,36.3365296163099,-5.01799768328945));
#9501=CARTESIAN_POINT('Ctrl Pts',(31.1671428000435,36.1560984434277,-5.21900162288959));
#9502=CARTESIAN_POINT('Ctrl Pts',(30.8813176366594,36.0869128777545,-5.28493843248386));
#9503=CARTESIAN_POINT('Ctrl Pts',(30.482173687837,35.9540878782745,-5.38437083756318));
#9504=CARTESIAN_POINT('Ctrl Pts',(30.3552470287931,35.9053741901745,-5.41730684227496));
#9505=CARTESIAN_POINT('Ctrl Pts',(30.1135887592065,35.7863933275487,-5.48550565376197));
#9506=CARTESIAN_POINT('Ctrl Pts',(29.995487785407,35.7226368096723,-5.51998870694146));
#9507=CARTESIAN_POINT('Ctrl Pts',(29.8716521507345,35.5751567809044,-5.57321330007528));
#9508=CARTESIAN_POINT('Ctrl Pts',(29.8454208389376,35.5339575961935,-5.58659635402594));
#9509=CARTESIAN_POINT('Ctrl Pts',(29.8239076211442,35.4671371043294,-5.60455928553835));
#9510=CARTESIAN_POINT('Ctrl Pts',(29.8196284796735,35.443988030148,-5.61021724870232));
#9511=CARTESIAN_POINT('Ctrl Pts',(29.8176724835393,35.397699857956,-5.62035232589979));
#9512=CARTESIAN_POINT('Ctrl Pts',(29.8199935859413,35.3745609108687,-5.62482973484151));
#9513=CARTESIAN_POINT('Ctrl Pts',(29.8392303301425,35.2900308785413,-5.63925808692537));
#9514=CARTESIAN_POINT('Ctrl Pts',(29.8749046110825,35.2324577799968,-5.64503628786408));
#9515=CARTESIAN_POINT('Ctrl Pts',(29.9453204027645,35.1519487839477,-5.64937820484743));
#9516=CARTESIAN_POINT('Ctrl Pts',(29.9735613378572,35.1249141109541,-5.65));
#9517=CARTESIAN_POINT('Ctrl Pts',(30.0027075899454,35.1000005364418,-5.65));
#9518=CARTESIAN_POINT('Origin',(0.,-41.4650440829207,-5.81383605880682));
#9519=CARTESIAN_POINT('',(27.99756251636,-30.5857217332054,-5.81383605880682));
#9520=CARTESIAN_POINT('Origin',(26.5,-33.3,-5.81383605880682));
#9521=CARTESIAN_POINT('Origin',(0.,0.,-5.81383605880682));
#9522=CARTESIAN_POINT('Origin',(0.,-41.4650440829207,-5.81383605880682));
#9523=CARTESIAN_POINT('',(-5.07800335126524E-15,41.4650440829205,-5.8138360588069));
#9524=CARTESIAN_POINT('Origin',(0.,0.,-5.81383605880682));
#9525=CARTESIAN_POINT('',(-36.3105371318833,20.0223568540939,-5.81383605880682));
#9526=CARTESIAN_POINT('Origin',(0.,0.,-5.81383605880682));
#9527=CARTESIAN_POINT('Origin',(-37.,17.,-5.81383605880682));
#9528=CARTESIAN_POINT('Origin',(0.,-41.4650440829207,-5.81383605880682));
#9529=CARTESIAN_POINT('Origin',(0.,0.,-5.81383605880682));
#9530=CARTESIAN_POINT('Origin',(0.,0.,-2.90691802940341));
#9531=CARTESIAN_POINT('',(-40.1,-22.7000000000038,-4.53851082460995));
#9532=CARTESIAN_POINT('Ctrl Pts',(-34.052339075656,-23.6598411718067,-5.81383605880681));
#9533=CARTESIAN_POINT('Ctrl Pts',(-34.1334838260685,-23.9090357438174,-5.75611816819362));
#9534=CARTESIAN_POINT('Ctrl Pts',(-34.2489451151167,-24.1536445507686,-5.69108332129293));
#9535=CARTESIAN_POINT('Ctrl Pts',(-34.6093223219421,-24.7133175346427,-5.52037010618463));
#9536=CARTESIAN_POINT('Ctrl Pts',(-34.892032777281,-25.0032099598911,-5.41013047214093));
#9537=CARTESIAN_POINT('Ctrl Pts',(-35.1943223431455,-25.2198270177805,-5.30734415005123));
#9538=CARTESIAN_POINT('Ctrl Pts',(-35.5232326039537,-25.455520144674,-5.19550609864723));
#9539=CARTESIAN_POINT('Ctrl Pts',(-35.922987294435,-25.638734370819,-5.07626815960197));
#9540=CARTESIAN_POINT('Ctrl Pts',(-36.7663097023209,-25.8211383701952,-4.85690007687156));
#9541=CARTESIAN_POINT('Ctrl Pts',(-37.209877503507,-25.8202378568557,-4.75669519787256));
#9542=CARTESIAN_POINT('Ctrl Pts',(-38.0094834172521,-25.6586793605702,-4.59952310482306));
#9543=CARTESIAN_POINT('Ctrl Pts',(-38.4167385682604,-25.4909560363766,-4.53199122299752));
#9544=CARTESIAN_POINT('Ctrl Pts',(-39.1257418319145,-24.9973474740655,-4.44221255735756));
#9545=CARTESIAN_POINT('Ctrl Pts',(-39.427439557681,-24.671401113162,-4.4199039414051));
#9546=CARTESIAN_POINT('Ctrl Pts',(-39.857250749448,-23.9708278049955,-4.4199039414051));
#9547=CARTESIAN_POINT('Ctrl Pts',(-40.0111348817108,-23.5541958069965,-4.44221255735756));
#9548=CARTESIAN_POINT('Ctrl Pts',(-40.0902065242085,-22.9847236098785,-4.50196083732127));
#9549=CARTESIAN_POINT('Ctrl Pts',(-40.1,-22.8418576791467,-4.51919584600439));
#9550=CARTESIAN_POINT('Ctrl Pts',(-40.1,-22.7000000000077,-4.53851082460995));
#9551=CARTESIAN_POINT('Ctrl Pts',(-40.1,-22.7000000000077,-4.53851082460995));
#9552=CARTESIAN_POINT('Ctrl Pts',(-40.1,-22.4133013009359,-4.57754698586975));
#9553=CARTESIAN_POINT('Ctrl Pts',(-40.0592198124765,-22.1307440700104,-4.62525885416686));
#9554=CARTESIAN_POINT('Ctrl Pts',(-39.8767069163797,-21.4734233953451,-4.75669519787256));
#9555=CARTESIAN_POINT('Ctrl Pts',(-39.6765436797002,-21.0775851912069,-4.85690007687156));
#9556=CARTESIAN_POINT('Ctrl Pts',(-39.1318531007615,-20.408424466234,-5.07626815960197));
#9557=CARTESIAN_POINT('Ctrl Pts',(-38.7874062088876,-20.1350609648259,-5.19550609864723));
#9558=CARTESIAN_POINT('Ctrl Pts',(-38.0982064294338,-19.7772881480123,-5.41013047214094));
#9559=CARTESIAN_POINT('Ctrl Pts',(-37.7116873486342,-19.6565992091974,-5.52037010618463));
#9560=CARTESIAN_POINT('Ctrl Pts',(-37.0494770181911,-19.5889009202067,-5.69108332129293));
#9561=CARTESIAN_POINT('Ctrl Pts',(-36.7791023248106,-19.5967941379382,-5.75611816819363));
#9562=CARTESIAN_POINT('Ctrl Pts',(-36.520187228441,-19.6373573985447,-5.81383605880682));
#9563=CARTESIAN_POINT('',(-40.1,17.,-5.23628355551379));
#9564=CARTESIAN_POINT('Ctrl Pts',(-38.8440922948638,14.5081485581953,-5.81383605880682));
#9565=CARTESIAN_POINT('Ctrl Pts',(-38.9494124343883,14.5860906275069,-5.77902924061641));
#9566=CARTESIAN_POINT('Ctrl Pts',(-39.0503733666087,14.6711880614983,-5.74464653920832));
#9567=CARTESIAN_POINT('Ctrl Pts',(-39.4578321289371,15.0619018648657,-5.60116825930095));
#9568=CARTESIAN_POINT('Ctrl Pts',(-39.705622414085,15.4313784474974,-5.50074378835106));
#9569=CARTESIAN_POINT('Ctrl Pts',(-40.0124819830346,16.1719733230258,-5.34643069811918));
#9570=CARTESIAN_POINT('Ctrl Pts',(-40.1,16.584758024171,-5.28107927990169));
#9571=CARTESIAN_POINT('Ctrl Pts',(-40.1,17.,-5.2362835555138));
#9572=CARTESIAN_POINT('Ctrl Pts',(-40.1,17.,-5.2362835555138));
#9573=CARTESIAN_POINT('Ctrl Pts',(-40.1,17.0177497408053,-5.23436873826662));
#9574=CARTESIAN_POINT('Ctrl Pts',(-40.0998475426529,17.0355037867554,-5.23248970952147));
#9575=CARTESIAN_POINT('Ctrl Pts',(-40.0921006908311,17.4863595897229,-5.18569284627871));
#9576=CARTESIAN_POINT('Ctrl Pts',(-39.988988975406,17.919700056076,-5.16335330504948));
#9577=CARTESIAN_POINT('Ctrl Pts',(-39.6448074571665,18.6688010075384,-5.16335330504948));
#9578=CARTESIAN_POINT('Ctrl Pts',(-39.3831779915374,19.0293089940681,-5.18569284627871));
#9579=CARTESIAN_POINT('Ctrl Pts',(-38.7356452654747,19.6048354768668,-5.27560094687227));
#9580=CARTESIAN_POINT('Ctrl Pts',(-38.3497986086024,19.8199071520738,-5.34323673191879));
#9581=CARTESIAN_POINT('Ctrl Pts',(-37.572223337855,20.0746587898804,-5.50074378835105));
#9582=CARTESIAN_POINT('Ctrl Pts',(-37.1304772287413,20.1273213535271,-5.60116825930095));
#9583=CARTESIAN_POINT('Ctrl Pts',(-36.5686114700255,20.0726698364147,-5.74464653920832));
#9584=CARTESIAN_POINT('Ctrl Pts',(-36.4382795166122,20.0514975661961,-5.77902924061641));
#9585=CARTESIAN_POINT('Ctrl Pts',(-36.3105371318833,20.0223568540939,-5.81383605880682));
#9586=CARTESIAN_POINT('',(-7.65404232358978E-15,62.4999986030161,0.));
#9587=CARTESIAN_POINT('',(-6.36602283742753E-15,51.9825213429684,-2.90691802940341));
#9588=CARTESIAN_POINT('Origin',(0.,0.,0.));
#9589=CARTESIAN_POINT('',(23.5187845585,-34.1499144023733,-5.81383605880682));
#9590=CARTESIAN_POINT('Ctrl Pts',(27.99756251636,-30.5857217332054,-5.81383605880683));
#9591=CARTESIAN_POINT('Ctrl Pts',(28.2956642480017,-30.75019491373,-5.72467267801404));
#9592=CARTESIAN_POINT('Ctrl Pts',(28.5627227836716,-30.9640737334044,-5.63114469302545));
#9593=CARTESIAN_POINT('Ctrl Pts',(28.7786057119183,-31.1981065655906,-5.54314310600887));
#9594=CARTESIAN_POINT('Ctrl Pts',(29.0532129023427,-31.4958007790037,-5.43120341369611));
#9595=CARTESIAN_POINT('Ctrl Pts',(29.2843416577824,-31.870358694341,-5.31186540158679));
#9596=CARTESIAN_POINT('Ctrl Pts',(29.5690374294041,-32.6856370831372,-5.09233264306158));
#9597=CARTESIAN_POINT('Ctrl Pts',(29.6225145714045,-33.1263683089062,-4.9920612923238));
#9598=CARTESIAN_POINT('Ctrl Pts',(29.5598903723188,-33.940477306768,-4.83478785124095));
#9599=CARTESIAN_POINT('Ctrl Pts',(29.4430455833197,-34.3655437656749,-4.76722453702191));
#9600=CARTESIAN_POINT('Ctrl Pts',(29.039225685656,-35.1300911790935,-4.67740673594214));
#9601=CARTESIAN_POINT('Ctrl Pts',(28.7521842716671,-35.4695296527368,-4.6550887797982));
#9602=CARTESIAN_POINT('Ctrl Pts',(28.1084756959067,-35.9817902310446,-4.6550887797982));
#9603=CARTESIAN_POINT('Ctrl Pts',(27.7132563960638,-36.1852919651053,-4.67740673594214));
#9604=CARTESIAN_POINT('Ctrl Pts',(26.8775622735065,-36.4071445978085,-4.76722453702191));
#9605=CARTESIAN_POINT('Ctrl Pts',(26.4371139601109,-36.4255696468134,-4.83478785124095));
#9606=CARTESIAN_POINT('Ctrl Pts',(25.629729398651,-36.3038099628993,-4.9920612923238));
#9607=CARTESIAN_POINT('Ctrl Pts',(25.2122572013958,-36.1527444717925,-5.09233264306158));
#9608=CARTESIAN_POINT('Ctrl Pts',(24.4817139304094,-35.6922696485567,-5.31186540158678));
#9609=CARTESIAN_POINT('Ctrl Pts',(24.1686122001916,-35.3829454819167,-5.43120341369611));
#9610=CARTESIAN_POINT('Ctrl Pts',(23.760586227055,-34.7855938159163,-5.63114469304299));
#9611=CARTESIAN_POINT('Ctrl Pts',(23.6121283244817,-34.4773331115226,-5.72467267792598));
#9612=CARTESIAN_POINT('Ctrl Pts',(23.5187845584999,-34.1499144023733,-5.81383605880682));
#9613=CARTESIAN_POINT('',(4.67,-41.2012254769025,-5.81383605880682));
#9614=CARTESIAN_POINT('Origin',(0.,0.,-5.81383605880682));
#9615=CARTESIAN_POINT('',(4.67,-41.83,-5.64113875733732));
#9616=CARTESIAN_POINT('',(4.67,-41.5158880665622,-5.72741178018005));
#9617=CARTESIAN_POINT('',(3.22,-43.28,-5.2791406908154));
#9618=CARTESIAN_POINT('Ctrl Pts',(4.67,-41.83,-5.64113875733732));
#9619=CARTESIAN_POINT('Ctrl Pts',(4.67,-41.9663106287674,-5.60369657738256));
#9620=CARTESIAN_POINT('Ctrl Pts',(4.6502357368704,-42.1070745579525,-5.56563864076902));
#9621=CARTESIAN_POINT('Ctrl Pts',(4.55409936775528,-42.4313574060031,-5.47942217289591));
#9622=CARTESIAN_POINT('Ctrl Pts',(4.45713766200664,-42.6093788305833,-5.43335597213375));
#9623=CARTESIAN_POINT('Ctrl Pts',(4.21963474927363,-42.8963906598385,-5.3610590355918));
#9624=CARTESIAN_POINT('Ctrl Pts',(4.06476896006268,-43.0249548816231,-5.32984895260904));
#9625=CARTESIAN_POINT('Ctrl Pts',(3.7141871800373,-43.2074363123613,-5.28832266861274));
#9626=CARTESIAN_POINT('Ctrl Pts',(3.51845235908123,-43.2613154120227,-5.27799798468553));
#9627=CARTESIAN_POINT('Ctrl Pts',(3.29467621300525,-43.2785413070828,-5.27799798468553));
#9628=CARTESIAN_POINT('Ctrl Pts',(3.25750714285614,-43.28,-5.27837155124366));
#9629=CARTESIAN_POINT('Ctrl Pts',(3.22,-43.28,-5.2791406908154));
#9630=CARTESIAN_POINT('',(-3.22,-43.28,-5.2791406908154));
#9631=CARTESIAN_POINT('Ctrl Pts',(-3.22,-43.28,-5.2791406908154));
#9632=CARTESIAN_POINT('Ctrl Pts',(5.55111512312578E-16,-43.28,-5.34517156473509));
#9633=CARTESIAN_POINT('Ctrl Pts',(3.22,-43.28,-5.2791406908154));
#9634=CARTESIAN_POINT('',(-4.67,-41.83,-5.64113875733731));
#9635=CARTESIAN_POINT('Ctrl Pts',(-3.22,-43.28,-5.2791406908154));
#9636=CARTESIAN_POINT('Ctrl Pts',(-3.25750714285614,-43.28,-5.27837155124366));
#9637=CARTESIAN_POINT('Ctrl Pts',(-3.29467621300525,-43.2785413070828,-5.27799798468553));
#9638=CARTESIAN_POINT('Ctrl Pts',(-3.51845235908123,-43.2613154120227,-5.27799798468553));
#9639=CARTESIAN_POINT('Ctrl Pts',(-3.71418718003731,-43.2074363123613,-5.28832266861274));
#9640=CARTESIAN_POINT('Ctrl Pts',(-4.06476896006268,-43.0249548816231,-5.32984895260904));
#9641=CARTESIAN_POINT('Ctrl Pts',(-4.21963474927363,-42.8963906598385,-5.3610590355918));
#9642=CARTESIAN_POINT('Ctrl Pts',(-4.45713766200665,-42.6093788305833,-5.43335597213375));
#9643=CARTESIAN_POINT('Ctrl Pts',(-4.55409936775528,-42.4313574060031,-5.4794221728959));
#9644=CARTESIAN_POINT('Ctrl Pts',(-4.6502357368704,-42.1070745579525,-5.56563864076902));
#9645=CARTESIAN_POINT('Ctrl Pts',(-4.67,-41.9663106287674,-5.60369657738255));
#9646=CARTESIAN_POINT('Ctrl Pts',(-4.67,-41.83,-5.64113875733732));
#9647=CARTESIAN_POINT('',(-4.67,-41.5158880665623,-5.72741178018005));
#9648=CARTESIAN_POINT('',(25.6938716457231,36.0000005364418,-5.05));
#9649=CARTESIAN_POINT('',(41.9544404435269,14.0000002086163,-5.05));
#9650=CARTESIAN_POINT('Origin',(0.,0.,-5.05));
#9651=CARTESIAN_POINT('',(46.5000007003546,36.0000005364418,-1.02073613767461));
#9652=CARTESIAN_POINT('Ctrl Pts',(46.5000007003546,36.0000005364418,-1.02073613767461));
#9653=CARTESIAN_POINT('Ctrl Pts',(34.6250349132733,36.0000005364418,-3.61598094629515));
#9654=CARTESIAN_POINT('Ctrl Pts',(25.6938716457231,36.0000005364418,-5.05));
#9655=CARTESIAN_POINT('',(46.5000007003546,14.0000002086163,-3.8523640582404));
#9656=CARTESIAN_POINT('Ctrl Pts',(46.5000007003546,14.0000002086163,-3.8523640582404));
#9657=CARTESIAN_POINT('Ctrl Pts',(46.5000007003546,23.9503855436234,-3.05950824048198));
#9658=CARTESIAN_POINT('Ctrl Pts',(46.5000007003546,36.0000005364418,-1.02073613767461));
#9659=CARTESIAN_POINT('Ctrl Pts',(41.9544404435269,14.0000002086163,-5.05));
#9660=CARTESIAN_POINT('Ctrl Pts',(44.1210858232877,14.0000002086163,-4.48195451645688));
#9661=CARTESIAN_POINT('Ctrl Pts',(46.5000007003546,14.0000002086163,-3.85236405824041));
#9662=CARTESIAN_POINT('Origin',(-37.,17.,-0.05));
#9663=CARTESIAN_POINT('',(-36.7111601767137,15.6301198751409,-5.81383605880682));
#9664=CARTESIAN_POINT('',(-35.7724630843053,17.67316648803,-5.81383605880682));
#9665=CARTESIAN_POINT('Ctrl Pts',(-36.7111601767137,15.6301198751409,-5.81383605880682));
#9666=CARTESIAN_POINT('Ctrl Pts',(-36.6334758123574,15.6464996573318,-5.82514798732786));
#9667=CARTESIAN_POINT('Ctrl Pts',(-36.5582550164873,15.6693388873454,-5.83561199286122));
#9668=CARTESIAN_POINT('Ctrl Pts',(-36.3289002689265,15.7595820446081,-5.8660432510854));
#9669=CARTESIAN_POINT('Ctrl Pts',(-36.1711216291784,15.8571527182724,-5.88443835310503));
#9670=CARTESIAN_POINT('Ctrl Pts',(-35.9064174444968,16.1071302123011,-5.90889114206791));
#9671=CARTESIAN_POINT('Ctrl Pts',(-35.7995042771882,16.2595515966958,-5.91493392611116));
#9672=CARTESIAN_POINT('Ctrl Pts',(-35.6562005597145,16.5714479229622,-5.91493392611116));
#9673=CARTESIAN_POINT('Ctrl Pts',(-35.6101933939272,16.7518531458937,-5.90889114206791));
#9674=CARTESIAN_POINT('Ctrl Pts',(-35.592949022376,17.1155283919013,-5.88443835310503));
#9675=CARTESIAN_POINT('Ctrl Pts',(-35.6216927035933,17.2987985103334,-5.8660432510854));
#9676=CARTESIAN_POINT('Ctrl Pts',(-35.7026198661561,17.5316036263015,-5.83561199286122));
#9677=CARTESIAN_POINT('Ctrl Pts',(-35.7342885683169,17.6035542473023,-5.82514798732786));
#9678=CARTESIAN_POINT('Ctrl Pts',(-35.7724630843053,17.67316648803,-5.81383605880682));
#9679=CARTESIAN_POINT('',(-38.1616099966483,16.2185512072524,-5.81383605880682));
#9680=CARTESIAN_POINT('Origin',(-37.,17.,-5.81383605880682));
#9681=CARTESIAN_POINT('',(-38.4,17.,-5.66742781858883));
#9682=CARTESIAN_POINT('Ctrl Pts',(-38.4,17.,-5.66742781858883));
#9683=CARTESIAN_POINT('Ctrl Pts',(-38.4,16.8222601048972,-5.68731439049074));
#9684=CARTESIAN_POINT('Ctrl Pts',(-38.3645687363069,16.645789690212,-5.7157429302234));
#9685=CARTESIAN_POINT('Ctrl Pts',(-38.2678418925513,16.3978044862361,-5.76740181470857));
#9686=CARTESIAN_POINT('Ctrl Pts',(-38.2199718242225,16.305305045715,-5.78961192593984));
#9687=CARTESIAN_POINT('Ctrl Pts',(-38.1616099966484,16.2185512072524,-5.81383605880682));
#9688=CARTESIAN_POINT('',(-38.4,17.,-0.05));
#9689=CARTESIAN_POINT('',(-38.4,17.,-0.05));
#9690=CARTESIAN_POINT('Origin',(-37.,17.,-0.05));
#9691=CARTESIAN_POINT('',(-37.1637371623063,18.390392081997,-5.81383605880682));
#9692=CARTESIAN_POINT('Ctrl Pts',(-37.1637371623063,18.390392081997,-5.81383605880682));
#9693=CARTESIAN_POINT('Ctrl Pts',(-37.2675773930457,18.3781635135704,-5.78961192593984));
#9694=CARTESIAN_POINT('Ctrl Pts',(-37.3689428755371,18.3542317585612,-5.76740181470857));
#9695=CARTESIAN_POINT('Ctrl Pts',(-37.631461846927,18.2621036192656,-5.71340752393794));
#9696=CARTESIAN_POINT('Ctrl Pts',(-37.7996904926418,18.1648571352019,-5.68327541737533));
#9697=CARTESIAN_POINT('Ctrl Pts',(-38.0822172112366,17.908406811835,-5.64318324651065));
#9698=CARTESIAN_POINT('Ctrl Pts',(-38.1964870584287,17.749173143432,-5.63321509108422));
#9699=CARTESIAN_POINT('Ctrl Pts',(-38.3478081046686,17.41982733691,-5.63321509108422));
#9700=CARTESIAN_POINT('Ctrl Pts',(-38.3941920129216,17.2294028316972,-5.64318324651065));
#9701=CARTESIAN_POINT('Ctrl Pts',(-38.3998218084141,17.0257959964323,-5.6645852740687));
#9702=CARTESIAN_POINT('Ctrl Pts',(-38.4,17.0128947652907,-5.66598507734627));
#9703=CARTESIAN_POINT('Ctrl Pts',(-38.4,17.,-5.66742781858883));
#9704=CARTESIAN_POINT('Origin',(-37.,17.,-5.81383605880682));
#9705=CARTESIAN_POINT('Origin',(-37.,17.,-0.05));
#9706=CARTESIAN_POINT('',(-40.1,17.,-0.05));
#9707=CARTESIAN_POINT('',(-40.1,17.,-0.05));
#9708=CARTESIAN_POINT('Origin',(-37.,17.,-0.05));
#9709=CARTESIAN_POINT('Origin',(0.,0.,-5.96206906996432));
#9710=CARTESIAN_POINT('Origin',(-37.,17.,-0.05));
#9711=CARTESIAN_POINT('Origin',(0.,0.,-3.74999993480742));
#9712=CARTESIAN_POINT('Origin',(0.,0.,-2.90691802940341));
#9713=CARTESIAN_POINT('Origin',(0.,0.,-2.90691802940341));
#9714=CARTESIAN_POINT('Origin',(0.,0.,-5.81383605880682));
#9715=CARTESIAN_POINT('Origin',(34.8,11.7,-0.05));
#9716=CARTESIAN_POINT('',(34.3035731402766,13.0090303178098,-6.37240311041815));
#9717=CARTESIAN_POINT('',(33.4,11.7,-6.59799972846495));
#9718=CARTESIAN_POINT('Ctrl Pts',(34.3035731402766,13.0090303178098,-6.37240311041815));
#9719=CARTESIAN_POINT('Ctrl Pts',(34.1432156160494,12.948217530587,-6.40222224791572));
#9720=CARTESIAN_POINT('Ctrl Pts',(33.9835975534792,12.8519260964255,-6.43411724919108));
#9721=CARTESIAN_POINT('Ctrl Pts',(33.7150867169041,12.6035540169087,-6.4930154298036));
#9722=CARTESIAN_POINT('Ctrl Pts',(33.6062025611796,12.4514611575387,-6.52000639124716));
#9723=CARTESIAN_POINT('Ctrl Pts',(33.460555451825,12.141305909136,-6.56234667038593));
#9724=CARTESIAN_POINT('Ctrl Pts',(33.4128907650385,11.9625037976788,-6.58071862381396));
#9725=CARTESIAN_POINT('Ctrl Pts',(33.4007860337297,11.7541653082637,-6.59475238672924));
#9726=CARTESIAN_POINT('Ctrl Pts',(33.4,11.7270704827053,-6.59644365868796));
#9727=CARTESIAN_POINT('Ctrl Pts',(33.4,11.7,-6.59799972846495));
#9728=CARTESIAN_POINT('Ctrl Pts',(33.4,11.7,-6.59799972846495));
#9729=CARTESIAN_POINT('Ctrl Pts',(33.4,11.5455639384761,-6.60687704662852));
#9730=CARTESIAN_POINT('Ctrl Pts',(33.4265758772576,11.3919082723832,-6.61117987555488));
#9731=CARTESIAN_POINT('Ctrl Pts',(33.5275437619126,11.0915935385376,-6.61117987555488));
#9732=CARTESIAN_POINT('Ctrl Pts',(33.6173706434405,10.9290472912773,-6.60514336364961));
#9733=CARTESIAN_POINT('Ctrl Pts',(33.8532139708975,10.6528245187135,-6.58071862381396));
#9734=CARTESIAN_POINT('Ctrl Pts',(33.9992164774918,10.5391346533067,-6.56234667038593));
#9735=CARTESIAN_POINT('Ctrl Pts',(34.3026539441202,10.3799647364845,-6.52000639124716));
#9736=CARTESIAN_POINT('Ctrl Pts',(34.4813057829499,10.3245434614905,-6.4930154298036));
#9737=CARTESIAN_POINT('Ctrl Pts',(34.8453271096503,10.2888330575577,-6.43411724919108));
#9738=CARTESIAN_POINT('Ctrl Pts',(35.0306971085198,10.3085289888802,-6.40222224791572));
#9739=CARTESIAN_POINT('Ctrl Pts',(35.3676063871666,10.4076717223175,-6.34115978072716));
#9740=CARTESIAN_POINT('Ctrl Pts',(35.5410577298364,10.4969487964671,-6.30785591861478));
#9741=CARTESIAN_POINT('Ctrl Pts',(35.8363010622739,10.7394903136782,-6.24662731347417));
#9742=CARTESIAN_POINT('Ctrl Pts',(35.9580810264494,10.8927664317357,-6.21869083246815));
#9743=CARTESIAN_POINT('Ctrl Pts',(36.1246113391134,11.2125362891247,-6.17470684857612));
#9744=CARTESIAN_POINT('Ctrl Pts',(36.1806687095592,11.3995162937437,-6.15573498988918));
#9745=CARTESIAN_POINT('Ctrl Pts',(36.2106863164951,11.7806266651562,-6.13055692755583));
#9746=CARTESIAN_POINT('Ctrl Pts',(36.1846312939138,11.9747575774659,-6.12434079240765));
#9747=CARTESIAN_POINT('Ctrl Pts',(36.069385127447,12.3175410469571,-6.12434079240765));
#9748=CARTESIAN_POINT('Ctrl Pts',(35.9728684819191,12.48798227569,-6.13055692755583));
#9749=CARTESIAN_POINT('Ctrl Pts',(35.7187089854031,12.7735503450798,-6.15573498988918));
#9750=CARTESIAN_POINT('Ctrl Pts',(35.5610779646337,12.8886868388593,-6.17470684857612));
#9751=CARTESIAN_POINT('Ctrl Pts',(35.2351904737276,13.0429024347031,-6.21869083246815));
#9752=CARTESIAN_POINT('Ctrl Pts',(35.0455472749148,13.0914759376179,-6.24662731347417));
#9753=CARTESIAN_POINT('Ctrl Pts',(34.6637455242059,13.1063902285988,-6.30785591861478));
#9754=CARTESIAN_POINT('Ctrl Pts',(34.4715895021942,13.0727475853124,-6.34115978072716));
#9755=CARTESIAN_POINT('Ctrl Pts',(34.3035731402766,13.0090303178098,-6.37240311041815));
#9756=CARTESIAN_POINT('',(33.4,11.7,-0.05));
#9757=CARTESIAN_POINT('',(33.4,11.7,-0.05));
#9758=CARTESIAN_POINT('Origin',(34.8,11.7,-0.05));
#9759=CARTESIAN_POINT('Origin',(34.8,11.7,-0.05));
#9760=CARTESIAN_POINT('',(31.7,11.7,-0.05));
#9761=CARTESIAN_POINT('',(31.7,11.7,-0.05));
#9762=CARTESIAN_POINT('Origin',(34.8,11.7,-0.05));
#9763=CARTESIAN_POINT('Origin',(34.8,11.7,-0.05));
#9764=CARTESIAN_POINT('Origin',(0.,0.,-7.45691792770299));
#9765=CARTESIAN_POINT('Origin',(0.,0.,-5.81383605880682));
#9766=CARTESIAN_POINT('Origin',(-37.,-22.7,-0.05));
#9767=CARTESIAN_POINT('',(-36.2297780130731,-23.869084295872,-5.28295219052661));
#9768=CARTESIAN_POINT('',(-38.4,-22.7000000000025,-4.94523002805139));
#9769=CARTESIAN_POINT('Ctrl Pts',(-36.2297780130731,-23.869084295872,-5.28295219052661));
#9770=CARTESIAN_POINT('Ctrl Pts',(-36.0857844514914,-23.7742177344976,-5.33061136182929));
#9771=CARTESIAN_POINT('Ctrl Pts',(-35.9502277888596,-23.6444661764464,-5.38163988724077));
#9772=CARTESIAN_POINT('Ctrl Pts',(-35.7413896853563,-23.3402641206877,-5.47600341437889));
#9773=CARTESIAN_POINT('Ctrl Pts',(-35.6681335632291,-23.1657906980163,-5.51932054188869));
#9774=CARTESIAN_POINT('Ctrl Pts',(-35.5958487048795,-22.8294045452126,-5.586520377855));
#9775=CARTESIAN_POINT('Ctrl Pts',(-35.5893667920547,-22.6452375751455,-5.61547834181386));
#9776=CARTESIAN_POINT('Ctrl Pts',(-35.6498737076275,-22.2876361235131,-5.65406119192237));
#9777=CARTESIAN_POINT('Ctrl Pts',(-35.7169117543809,-22.114206697575,-5.66365572796765));
#9778=CARTESIAN_POINT('Ctrl Pts',(-35.8964539133673,-21.8215608877732,-5.66365572796765));
#9779=CARTESIAN_POINT('Ctrl Pts',(-36.0206894072653,-21.6832228685968,-5.65406119192237));
#9780=CARTESIAN_POINT('Ctrl Pts',(-36.3120689505195,-21.4672648939473,-5.61547834181386));
#9781=CARTESIAN_POINT('Ctrl Pts',(-36.4791861936809,-21.3896033520123,-5.58652037785499));
#9782=CARTESIAN_POINT('Ctrl Pts',(-36.8118163970472,-21.3016380613964,-5.51932054188868));
#9783=CARTESIAN_POINT('Ctrl Pts',(-37.0005452760545,-21.287895977259,-5.47600341437889));
#9784=CARTESIAN_POINT('Ctrl Pts',(-37.3663519144197,-21.336246236106,-5.38163988724077));
#9785=CARTESIAN_POINT('Ctrl Pts',(-37.5434386397486,-21.3983056214794,-5.33061136182929));
#9786=CARTESIAN_POINT('Ctrl Pts',(-37.8480663605577,-21.5719316213031,-5.2336999463245));
#9787=CARTESIAN_POINT('Ctrl Pts',(-37.995624032286,-21.6975317433182,-5.18109079542136));
#9788=CARTESIAN_POINT('Ctrl Pts',(-38.2270731018191,-21.9996419443292,-5.08406479186506));
#9789=CARTESIAN_POINT('Ctrl Pts',(-38.3109324419001,-22.176172695185,-5.03963583781455));
#9790=CARTESIAN_POINT('Ctrl Pts',(-38.384172645246,-22.4615396537829,-4.98243427525258));
#9791=CARTESIAN_POINT('Ctrl Pts',(-38.4,-22.5798398811757,-4.96213043804441));
#9792=CARTESIAN_POINT('Ctrl Pts',(-38.4,-22.7000000000049,-4.94523002805139));
#9793=CARTESIAN_POINT('Ctrl Pts',(-38.4,-22.7000000000049,-4.94523002805139));
#9794=CARTESIAN_POINT('Ctrl Pts',(-38.4,-22.7685426049724,-4.9355895738206));
#9795=CARTESIAN_POINT('Ctrl Pts',(-38.3949307200755,-22.8376878653562,-4.92703777268985));
#9796=CARTESIAN_POINT('Ctrl Pts',(-38.3566856494177,-23.0945970552498,-4.89972789880049));
#9797=CARTESIAN_POINT('Ctrl Pts',(-38.2879546829971,-23.2778612238794,-4.88976572743984));
#9798=CARTESIAN_POINT('Ctrl Pts',(-38.0986796492547,-23.5863711907724,-4.88976572743984));
#9799=CARTESIAN_POINT('Ctrl Pts',(-37.9664437210689,-23.7306742071839,-4.89972789880049));
#9800=CARTESIAN_POINT('Ctrl Pts',(-37.655856675211,-23.951461070189,-4.9397943024489));
#9801=CARTESIAN_POINT('Ctrl Pts',(-37.4775301109085,-24.0279782006675,-4.96990544512518));
#9802=CARTESIAN_POINT('Ctrl Pts',(-37.1269608331766,-24.1059942600648,-5.03963583781455));
#9803=CARTESIAN_POINT('Ctrl Pts',(-36.9315939244162,-24.1112159339287,-5.08406479186506));
#9804=CARTESIAN_POINT('Ctrl Pts',(-36.5574078379807,-24.0417607824942,-5.18109079542137));
#9805=CARTESIAN_POINT('Ctrl Pts',(-36.3785847561345,-23.9671219016405,-5.2336999463245));
#9806=CARTESIAN_POINT('Ctrl Pts',(-36.2297780130731,-23.869084295872,-5.28295219052661));
#9807=CARTESIAN_POINT('',(-38.4,-22.7,-0.05));
#9808=CARTESIAN_POINT('',(-38.4,-22.7,-0.05));
#9809=CARTESIAN_POINT('Origin',(-37.,-22.7,-0.05));
#9810=CARTESIAN_POINT('Origin',(-37.,-22.7,-0.05));
#9811=CARTESIAN_POINT('',(-40.1,-22.7,-0.05));
#9812=CARTESIAN_POINT('',(-40.1,-22.7,-0.05));
#9813=CARTESIAN_POINT('Origin',(-37.,-22.7,-0.05));
#9814=CARTESIAN_POINT('Origin',(-37.,-22.7,-0.05));
#9815=CARTESIAN_POINT('Ctrl Pts',(-35.0373939851432,-25.0996203096423,-6.49999985471368));
#9816=CARTESIAN_POINT('Ctrl Pts',(-35.0889637584653,-25.1417982937593,-6.48165905802171));
#9817=CARTESIAN_POINT('Ctrl Pts',(-35.1413809569171,-25.1818898587767,-6.46346327660277));
#9818=CARTESIAN_POINT('Ctrl Pts',(-35.1943223431455,-25.2198270177805,-6.44549617569535));
#9819=CARTESIAN_POINT('Ctrl Pts',(-35.5232418786619,-25.4555267908181,-6.33386837547962));
#9820=CARTESIAN_POINT('Ctrl Pts',(-35.9230054274116,-25.6387411687209,-6.21485594472815));
#9821=CARTESIAN_POINT('Ctrl Pts',(-36.7663310543233,-25.8211401124503,-5.99590650393182));
#9822=CARTESIAN_POINT('Ctrl Pts',(-37.2098932104938,-25.8202346832959,-5.89589483836538));
#9823=CARTESIAN_POINT('Ctrl Pts',(-38.0094990388457,-25.6586762042639,-5.73902266302102));
#9824=CARTESIAN_POINT('Ctrl Pts',(-38.4167577635608,-25.4909461446203,-5.67161980052317));
#9825=CARTESIAN_POINT('Ctrl Pts',(-39.1257562035156,-24.9973339963575,-5.58201400650211));
#9826=CARTESIAN_POINT('Ctrl Pts',(-39.4274457344189,-24.6713910453514,-5.55974929668775));
#9827=CARTESIAN_POINT('Ctrl Pts',(-39.8572445727101,-23.9708378728061,-5.55974929668775));
#9828=CARTESIAN_POINT('Ctrl Pts',(-40.0111293779538,-23.5542147252467,-5.58201400650211));
#9829=CARTESIAN_POINT('Ctrl Pts',(-40.1299490015139,-22.6985198977363,-5.67161980052317));
#9830=CARTESIAN_POINT('Ctrl Pts',(-40.0949608140867,-22.2594653811838,-5.73902266302102));
#9831=CARTESIAN_POINT('Ctrl Pts',(-39.8767112035468,-21.4734388355885,-5.89589483836537));
#9832=CARTESIAN_POINT('Ctrl Pts',(-39.6765549067714,-21.0776034366537,-5.99590650393181));
#9833=CARTESIAN_POINT('Ctrl Pts',(-39.1318673763873,-20.4084375514476,-6.21485594472815));
#9834=CARTESIAN_POINT('Ctrl Pts',(-38.787416335834,-20.1350662218591,-6.33386837547962));
#9835=CARTESIAN_POINT('Ctrl Pts',(-38.3704668184649,-19.9186221547753,-6.46346327662548));
#9836=CARTESIAN_POINT('Ctrl Pts',(-38.3109776223314,-19.8900576344697,-6.4816590580398));
#9837=CARTESIAN_POINT('Ctrl Pts',(-38.2500123734637,-19.8631938617192,-6.49999985471368));
#9838=CARTESIAN_POINT('Origin',(0.,0.,-5.96206906996432));
#9839=CARTESIAN_POINT('Ctrl Pts',(-37.4303118028655,-21.3677718842801,-6.49999985471368));
#9840=CARTESIAN_POINT('Ctrl Pts',(-37.5237050554472,-21.3979380535868,-6.47349968647763));
#9841=CARTESIAN_POINT('Ctrl Pts',(-37.6123870903733,-21.4376035673269,-6.44682622917242));
#9842=CARTESIAN_POINT('Ctrl Pts',(-37.848070609306,-21.5719340429251,-6.37199114380875));
#9843=CARTESIAN_POINT('Ctrl Pts',(-37.9956300163741,-21.6975375948266,-6.31948149239905));
#9844=CARTESIAN_POINT('Ctrl Pts',(-38.22707778194,-21.9996500128901,-6.22264062946884));
#9845=CARTESIAN_POINT('Ctrl Pts',(-38.3109341837922,-22.1761794821468,-6.17829732134564));
#9846=CARTESIAN_POINT('Ctrl Pts',(-38.4002161734021,-22.5240503053913,-6.10869996560572));
#9847=CARTESIAN_POINT('Ctrl Pts',(-38.4127949386737,-22.717694440864,-6.07864633432139));
#9848=CARTESIAN_POINT('Ctrl Pts',(-38.3566831190439,-23.0946055564935,-6.03865708770548));
#9849=CARTESIAN_POINT('Ctrl Pts',(-38.28795190546,-23.2778657511426,-6.02871453681376));
#9850=CARTESIAN_POINT('Ctrl Pts',(-38.0986824267918,-23.5863666635092,-6.02871453681376));
#9851=CARTESIAN_POINT('Ctrl Pts',(-37.9664501532974,-23.7306680997807,-6.03865708770548));
#9852=CARTESIAN_POINT('Ctrl Pts',(-37.6558652271457,-23.9514565257333,-6.07864633432139));
#9853=CARTESIAN_POINT('Ctrl Pts',(-37.4775370311319,-24.0279766606336,-6.10869996560572));
#9854=CARTESIAN_POINT('Ctrl Pts',(-37.1269676727868,-24.1059927379706,-6.17829732134564));
#9855=CARTESIAN_POINT('Ctrl Pts',(-36.9316032377568,-24.1112164505456,-6.22264062946884));
#9856=CARTESIAN_POINT('Ctrl Pts',(-36.5574157656563,-24.0417634660407,-6.31948149239905));
#9857=CARTESIAN_POINT('Ctrl Pts',(-36.3785888399217,-23.9671245921417,-6.37199114380875));
#9858=CARTESIAN_POINT('Ctrl Pts',(-36.2297780130732,-23.869084295872,-6.42115075860548));
#9859=CARTESIAN_POINT('Ctrl Pts',(-36.1520559230428,-23.8178790381992,-6.44682622918785));
#9860=CARTESIAN_POINT('Ctrl Pts',(-36.0765161335656,-23.7567922434595,-6.47349968647449));
#9861=CARTESIAN_POINT('Ctrl Pts',(-36.0073102868656,-23.6872016680685,-6.49999985471368));
#9862=CARTESIAN_POINT('Origin',(-37.,-22.7,-0.05));
#9863=CARTESIAN_POINT('Ctrl Pts',(-36.0073102868656,-23.6872016680685,-6.49999985471368));
#9864=CARTESIAN_POINT('Ctrl Pts',(-36.076516479005,-23.7567925908192,-6.4734496040696));
#9865=CARTESIAN_POINT('Ctrl Pts',(-36.152056258147,-23.8178792589743,-6.44672589188579));
#9866=CARTESIAN_POINT('Ctrl Pts',(-36.2297780130732,-23.869084295872,-6.42100213679678));
#9867=CARTESIAN_POINT('Ctrl Pts',(-36.3785848135604,-23.9671219394741,-6.37175119418808));
#9868=CARTESIAN_POINT('Ctrl Pts',(-36.5574079494619,-24.0417608202316,-6.31914344143388));
#9869=CARTESIAN_POINT('Ctrl Pts',(-36.9315940553865,-24.1112159411944,-6.22212003950088));
#9870=CARTESIAN_POINT('Ctrl Pts',(-37.1269609293628,-24.1059942386594,-6.17769228899157));
#9871=CARTESIAN_POINT('Ctrl Pts',(-37.4775302082331,-24.0279781790087,-6.10796376575592));
#9872=CARTESIAN_POINT('Ctrl Pts',(-37.6558567954881,-23.9514610062752,-6.07785343123975));
#9873=CARTESIAN_POINT('Ctrl Pts',(-37.9664438115366,-23.7306741212857,-6.03778811184062));
#9874=CARTESIAN_POINT('Ctrl Pts',(-38.098679688321,-23.586371127096,-6.0278262162138));
#9875=CARTESIAN_POINT('Ctrl Pts',(-38.2879546439308,-23.2778612875558,-6.0278262162138));
#9876=CARTESIAN_POINT('Ctrl Pts',(-38.3566856138294,-23.0945971748172,-6.03778811184062));
#9877=CARTESIAN_POINT('Ctrl Pts',(-38.4127951128633,-22.7176848942539,-6.07785343123974));
#9878=CARTESIAN_POINT('Ctrl Pts',(-38.400214435766,-22.5240435350124,-6.10796376575592));
#9879=CARTESIAN_POINT('Ctrl Pts',(-38.3109324663965,-22.1761727906308,-6.17769228899156));
#9880=CARTESIAN_POINT('Ctrl Pts',(-38.2270731676347,-21.9996420577943,-6.22212003950088));
#9881=CARTESIAN_POINT('Ctrl Pts',(-37.9956241164365,-21.6975318256034,-6.31914344143388));
#9882=CARTESIAN_POINT('Ctrl Pts',(-37.8480664203033,-21.5719316553558,-6.37175119418808));
#9883=CARTESIAN_POINT('Ctrl Pts',(-37.6123874389164,-21.437603765983,-6.4467258919013));
#9884=CARTESIAN_POINT('Ctrl Pts',(-37.5237055216397,-21.3979382041677,-6.47344960406645));
#9885=CARTESIAN_POINT('Ctrl Pts',(-37.4303118028655,-21.3677718842801,-6.49999985471368));
#9886=CARTESIAN_POINT('Origin',(-37.,-22.7,-0.05));
#9887=CARTESIAN_POINT('Origin',(0.,0.,-3.74999993480742));
#9888=CARTESIAN_POINT('Origin',(0.,-41.4650440829207,-5.81383605880682));
#9889=CARTESIAN_POINT('Origin',(0.,0.,-2.90691802940341));
#9890=CARTESIAN_POINT('Origin',(26.5,-33.3,-0.05));
#9891=CARTESIAN_POINT('',(25.1379461676776,-32.9762572659406,-5.81383605880682));
#9892=CARTESIAN_POINT('',(25.1,-33.3000000000036,-5.74886362051055));
#9893=CARTESIAN_POINT('Ctrl Pts',(25.1379461676777,-32.9762572659406,-5.8138360588068));
#9894=CARTESIAN_POINT('Ctrl Pts',(25.1273791826133,-33.020714796532,-5.80583460472217));
#9895=CARTESIAN_POINT('Ctrl Pts',(25.1191458377241,-33.0650693334882,-5.79745226505429));
#9896=CARTESIAN_POINT('Ctrl Pts',(25.1045428809617,-33.1710050782455,-5.77656333141447));
#9897=CARTESIAN_POINT('Ctrl Pts',(25.1,-33.2351233163735,-5.76318275522949));
#9898=CARTESIAN_POINT('Ctrl Pts',(25.1,-33.3000000000072,-5.74886362051055));
#9899=CARTESIAN_POINT('',(26.4903331708394,-31.9000333745356,-5.81383605880682));
#9900=CARTESIAN_POINT('Origin',(26.5,-33.3,-5.81383605880682));
#9901=CARTESIAN_POINT('Ctrl Pts',(25.1,-33.3000000000072,-5.74886362051055));
#9902=CARTESIAN_POINT('Ctrl Pts',(25.1,-33.4165155941883,-5.72314710116199));
#9903=CARTESIAN_POINT('Ctrl Pts',(25.114869501933,-33.5354703895616,-5.69436951075699));
#9904=CARTESIAN_POINT('Ctrl Pts',(25.1906251652731,-33.8287230732965,-5.61690873911841));
#9905=CARTESIAN_POINT('Ctrl Pts',(25.273623300841,-33.9969279146241,-5.56590063462381));
#9906=CARTESIAN_POINT('Ctrl Pts',(25.4828150999687,-34.27832320293,-5.46898902954238));
#9907=CARTESIAN_POINT('Ctrl Pts',(25.6254068264865,-34.4096508769125,-5.4163594408537));
#9908=CARTESIAN_POINT('Ctrl Pts',(25.9534494890815,-34.6028894083882,-5.3192997204332));
#9909=CARTESIAN_POINT('Ctrl Pts',(26.1389170069001,-34.6647658689064,-5.27485715409724));
#9910=CARTESIAN_POINT('Ctrl Pts',(26.4951976535189,-34.7112281237518,-5.20510623299474));
#9911=CARTESIAN_POINT('Ctrl Pts',(26.6890145307711,-34.7002159859729,-5.17498874612795));
#9912=CARTESIAN_POINT('Ctrl Pts',(27.0564701793705,-34.5987194610034,-5.13491454666424));
#9913=CARTESIAN_POINT('Ctrl Pts',(27.2300972266803,-34.5081955024474,-5.12495056583294));
#9914=CARTESIAN_POINT('Ctrl Pts',(27.5134266296433,-34.2827231547442,-5.12495056583294));
#9915=CARTESIAN_POINT('Ctrl Pts',(27.6406224493886,-34.1338535404184,-5.13491454666424));
#9916=CARTESIAN_POINT('Ctrl Pts',(27.8220293985285,-33.7985675176375,-5.17498874612795));
#9917=CARTESIAN_POINT('Ctrl Pts',(27.8762764566972,-33.6121714185198,-5.20510623299474));
#9918=CARTESIAN_POINT('Ctrl Pts',(27.9109931150254,-33.2545551522301,-5.27485715409724));
#9919=CARTESIAN_POINT('Ctrl Pts',(27.8923378737283,-33.059930183369,-5.3192997204332));
#9920=CARTESIAN_POINT('Ctrl Pts',(27.7776855465289,-32.6968765201219,-5.4163594408537));
#9921=CARTESIAN_POINT('Ctrl Pts',(27.6817257023753,-32.5284393902041,-5.46898902954238));
#9922=CARTESIAN_POINT('Ctrl Pts',(27.5661883496842,-32.392672934936,-5.51826189121369));
#9923=CARTESIAN_POINT('Ctrl Pts',(27.4544827553177,-32.26140912953,-5.56590063462381));
#9924=CARTESIAN_POINT('Ctrl Pts',(27.3092072036697,-32.142764394092,-5.61690873911841));
#9925=CARTESIAN_POINT('Ctrl Pts',(26.9819219485634,-31.9726862479249,-5.71123847746791));
#9926=CARTESIAN_POINT('Ctrl Pts',(26.7998925399385,-31.9212806970695,-5.75454197040372));
#9927=CARTESIAN_POINT('Ctrl Pts',(26.5810988676825,-31.9016532585931,-5.79745226505501));
#9928=CARTESIAN_POINT('Ctrl Pts',(26.5360281775992,-31.8997178485683,-5.8058346047226));
#9929=CARTESIAN_POINT('Ctrl Pts',(26.4903331708394,-31.9000333745357,-5.8138360588068));
#9930=CARTESIAN_POINT('',(25.1,-33.3,-0.05));
#9931=CARTESIAN_POINT('',(25.1,-33.3,-0.05));
#9932=CARTESIAN_POINT('Origin',(26.5,-33.3,-0.05));
#9933=CARTESIAN_POINT('Origin',(26.5,-33.3,-0.05));
#9934=CARTESIAN_POINT('',(23.4,-33.3,-5.81383605880682));
#9935=CARTESIAN_POINT('Origin',(26.5,-33.3,-5.81383605880682));
#9936=CARTESIAN_POINT('',(23.4,-33.3,-0.05));
#9937=CARTESIAN_POINT('',(23.4,-33.3,-0.05));
#9938=CARTESIAN_POINT('Origin',(26.5,-33.3,-0.05));
#9939=CARTESIAN_POINT('Origin',(26.5,-33.3,-5.81383605880682));
#9940=CARTESIAN_POINT('Origin',(0.,0.,-5.96206906996432));
#9941=CARTESIAN_POINT('Ctrl Pts',(27.8417961166274,-32.9005213630197,-6.49999985471367));
#9942=CARTESIAN_POINT('Ctrl Pts',(27.8939289204256,-33.0756285833058,-6.45374859902861));
#9943=CARTESIAN_POINT('Ctrl Pts',(27.910282503353,-33.2618751624298,-6.41147963134388));
#9944=CARTESIAN_POINT('Ctrl Pts',(27.8762764470609,-33.6121715177837,-6.3431582471873));
#9945=CARTESIAN_POINT('Ctrl Pts',(27.822029349732,-33.7985676448176,-6.31304156865466));
#9946=CARTESIAN_POINT('Ctrl Pts',(27.6406223751325,-34.1338536406707,-6.27296845364936));
#9947=CARTESIAN_POINT('Ctrl Pts',(27.5134265711848,-34.2827232012652,-6.26300474859872));
#9948=CARTESIAN_POINT('Ctrl Pts',(27.2300972851389,-34.5081954559264,-6.26300474859872));
#9949=CARTESIAN_POINT('Ctrl Pts',(27.0564702937354,-34.5987194111519,-6.27296845364936));
#9950=CARTESIAN_POINT('Ctrl Pts',(26.68901466566,-34.7002159669769,-6.31304156865466));
#9951=CARTESIAN_POINT('Ctrl Pts',(26.4951977524121,-34.7112281366484,-6.3431582471873));
#9952=CARTESIAN_POINT('Ctrl Pts',(26.1462096784395,-34.6657168999736,-6.41147963134389));
#9953=CARTESIAN_POINT('Ctrl Pts',(25.9683898707303,-34.6079644636939,-6.4537485990286));
#9954=CARTESIAN_POINT('Ctrl Pts',(25.8094582311296,-34.5178473079353,-6.49999985471367));
#9955=CARTESIAN_POINT('Ctrl Pts',(29.1715357329892,-31.727455301951,-6.49999985471368));
#9956=CARTESIAN_POINT('Ctrl Pts',(29.2733595636893,-31.9004398934368,-6.44585975646085));
#9957=CARTESIAN_POINT('Ctrl Pts',(29.3595611529607,-32.0857594398492,-6.39211753153696));
#9958=CARTESIAN_POINT('Ctrl Pts',(29.5690417801271,-32.6856580880525,-6.2308898342217));
#9959=CARTESIAN_POINT('Ctrl Pts',(29.6225133409746,-33.1263843043846,-6.13081182677048));
#9960=CARTESIAN_POINT('Ctrl Pts',(29.5598891493081,-33.9404932057977,-5.97383849861936));
#9961=CARTESIAN_POINT('Ctrl Pts',(29.4430381060292,-34.365564029724,-5.90640426503723));
#9962=CARTESIAN_POINT('Ctrl Pts',(29.0392140573646,-35.1301070871267,-5.81675941028497));
#9963=CARTESIAN_POINT('Ctrl Pts',(28.7521750279432,-35.4695370088534,-5.79448537757189));
#9964=CARTESIAN_POINT('Ctrl Pts',(28.1084849396306,-35.981782874928,-5.79448537757189));
#9965=CARTESIAN_POINT('Ctrl Pts',(27.7132745087532,-36.1852842053911,-5.81675941028497));
#9966=CARTESIAN_POINT('Ctrl Pts',(26.8775836990095,-36.407141861136,-5.90640426503722));
#9967=CARTESIAN_POINT('Ctrl Pts',(26.4371297278166,-36.4255720247024,-5.97383849861936));
#9968=CARTESIAN_POINT('Ctrl Pts',(25.6297452620088,-36.3038123552133,-6.13081182677048));
#9969=CARTESIAN_POINT('Ctrl Pts',(25.2122766932059,-36.1527534274943,-6.2308898342217));
#9970=CARTESIAN_POINT('Ctrl Pts',(24.6747269057886,-35.8139308377489,-6.39211753153696));
#9971=CARTESIAN_POINT('Ctrl Pts',(24.5134928470179,-35.6883218151123,-6.44585975646085));
#9972=CARTESIAN_POINT('Ctrl Pts',(24.3677863511107,-35.5502588641066,-6.49999985471368));
#9973=CARTESIAN_POINT('Origin',(26.5,-33.3,-0.05));
#9974=CARTESIAN_POINT('Origin',(26.5,-33.3,-0.05));
#9975=CARTESIAN_POINT('Origin',(0.,-41.4650440829207,-5.81383605880682));
#9976=CARTESIAN_POINT('',(4.67,-41.17,-5.81383605880682));
#9977=CARTESIAN_POINT('Origin',(3.22,-41.17,-5.81383605880682));
#9978=CARTESIAN_POINT('',(4.67,-41.3175220414604,-5.81383605880682));
#9979=CARTESIAN_POINT('Origin',(0.,-41.4650440829207,-5.81383605880682));
#9980=CARTESIAN_POINT('Origin',(0.,0.,-5.81383605880682));
#9981=CARTESIAN_POINT('Origin',(0.,0.,-2.90691802940341));
#9982=CARTESIAN_POINT('Origin',(0.,0.,-7.45691792770299));
#9983=CARTESIAN_POINT('Origin',(46.5000007003546,36.0000005364418,-0.05));
#9984=CARTESIAN_POINT('',(46.5000007003546,36.0000005364418,-4.94372539331937));
#9985=CARTESIAN_POINT('',(46.5000007003546,36.0000005364418,-0.05));
#9986=CARTESIAN_POINT('',(46.5000007003546,35.8937259297612,-5.05));
#9987=CARTESIAN_POINT('Origin',(46.5000007003546,35.1000005364418,-4.15));
#9988=CARTESIAN_POINT('',(46.5000007003546,14.0000002086163,-5.05));
#9989=CARTESIAN_POINT('',(46.5000007003546,14.0000002086163,-5.05));
#9990=CARTESIAN_POINT('',(46.5000007003546,14.0000002086163,-0.05));
#9991=CARTESIAN_POINT('Origin',(23.0000003427267,36.0000005364418,-0.05));
#9992=CARTESIAN_POINT('',(46.3937260936739,36.0000005364418,-5.05));
#9993=CARTESIAN_POINT('',(46.5000007003546,36.0000005364418,-5.05));
#9994=CARTESIAN_POINT('Origin',(45.6000007003546,36.0000005364418,-4.15));
#9995=CARTESIAN_POINT('Origin',(3.22,-43.28,-0.05));
#9996=CARTESIAN_POINT('',(3.22,-43.28,-0.05));
#9997=CARTESIAN_POINT('',(-3.22,-43.28,-0.05));
#9998=CARTESIAN_POINT('Origin',(3.22,-41.83,-0.05));
#9999=CARTESIAN_POINT('',(4.67,-41.83,-0.05));
#10000=CARTESIAN_POINT('Origin',(4.67,-41.17,-0.05));
#10001=CARTESIAN_POINT('',(4.67,-41.17,-0.05));
#10002=CARTESIAN_POINT('Origin',(3.22,-41.17,-0.05));
#10003=CARTESIAN_POINT('',(3.22,-39.72,-0.05));
#10004=CARTESIAN_POINT('Origin',(0.,0.,-9.79999976754188));
#10005=CARTESIAN_POINT('',(-19.5999995753169,-2.40030767432013E-15,-10.3999997675419));
#10006=CARTESIAN_POINT('Origin',(0.,0.,-10.3999997675419));
#10007=CARTESIAN_POINT('',(-18.9999995753169,-2.32682886637129E-15,-9.79999976754188));
#10008=CARTESIAN_POINT('Origin',(-19.5999995753169,-2.40030767432013E-15,
-9.79999976754188));
#10009=CARTESIAN_POINT('',(-2.32682886637129E-15,18.9999995753169,-9.79999976754188));
#10010=CARTESIAN_POINT('Origin',(0.,0.,-9.79999976754188));
#10011=CARTESIAN_POINT('Origin',(0.,0.,-9.79999976754188));
#10012=CARTESIAN_POINT('Origin',(0.,0.,-9.74999978207052));
#10013=CARTESIAN_POINT('',(-2.32682886637129E-15,18.9999995753169,-9.09999979659915));
#10014=CARTESIAN_POINT('Origin',(0.,0.,-9.09999979659915));
#10015=CARTESIAN_POINT('',(-2.32682886637129E-15,18.9999995753169,-9.74999978207052));
#10016=CARTESIAN_POINT('Origin',(0.,-20.9999995306134,-10.3999997675419));
#10017=CARTESIAN_POINT('Ctrl Pts',(46.6703317855454,13.4000023492369,-5.20090309424828));
#10018=CARTESIAN_POINT('Ctrl Pts',(46.6703284540009,13.4000002086163,-5.20090365865493));
#10019=CARTESIAN_POINT('Ctrl Pts',(46.6486600997135,13.4000002086163,-5.22360589453727));
#10020=CARTESIAN_POINT('Ctrl Pts',(46.5585774268981,13.4000002086163,-5.30701986342299));
#10021=CARTESIAN_POINT('Ctrl Pts',(46.4429978556985,13.4000002086163,-5.39347351515297));
#10022=CARTESIAN_POINT('Ctrl Pts',(46.2738358860505,13.4000002086163,-5.49554815971785));
#10023=CARTESIAN_POINT('Ctrl Pts',(46.0004347815208,13.4000002086163,-5.61465127505635));
#10024=CARTESIAN_POINT('Ctrl Pts',(45.7337455902704,13.4000002086163,-5.65));
#10025=CARTESIAN_POINT('Ctrl Pts',(45.6000007003546,13.4000002086163,-5.65));
#10026=CARTESIAN_POINT('Ctrl Pts',(46.85084922086,13.4000002086163,-5.01704628477719));
#10027=CARTESIAN_POINT('Ctrl Pts',(46.8531601326506,13.3608934510618,-5.01941896368995));
#10028=CARTESIAN_POINT('Ctrl Pts',(46.8178101808385,13.2821713843057,-5.04104158570837));
#10029=CARTESIAN_POINT('Ctrl Pts',(46.6711742377604,13.1957082984932,-5.10861722727307));
#10030=CARTESIAN_POINT('Ctrl Pts',(46.5026213231504,13.1543087813127,-5.17793234501048));
#10031=CARTESIAN_POINT('Ctrl Pts',(46.274464379816,13.1241000622668,-5.26312631318797));
#10032=CARTESIAN_POINT('Ctrl Pts',(45.9364199779155,13.1109576872428,-5.37258233044365));
#10033=CARTESIAN_POINT('Ctrl Pts',(45.6260085317789,13.1191573030544,-5.44048375673732));
#10034=CARTESIAN_POINT('Ctrl Pts',(45.4645130295175,13.1368836740552,-5.46819122987154));
#10035=CARTESIAN_POINT('Ctrl Pts',(47.0810866596585,13.4059275060428,-4.88248288194363));
#10036=CARTESIAN_POINT('Ctrl Pts',(47.0860612443975,13.321388319667,-4.88757381634774));
#10037=CARTESIAN_POINT('Ctrl Pts',(47.0398329929138,13.1516523411404,-4.9127045156456));
#10038=CARTESIAN_POINT('Ctrl Pts',(46.8416788332781,12.9545999512684,-4.97998478621397));
#10039=CARTESIAN_POINT('Ctrl Pts',(46.619308556019,12.8493019034731,-5.04692847716836));
#10040=CARTESIAN_POINT('Ctrl Pts',(46.3255008266922,12.7651529896544,-5.13122104980375));
#10041=CARTESIAN_POINT('Ctrl Pts',(45.904446787055,12.7186832213444,-5.24659308335181));
#10042=CARTESIAN_POINT('Ctrl Pts',(45.5284638680785,12.7507403020565,-5.34478406719027));
#10043=CARTESIAN_POINT('Ctrl Pts',(45.3296129287466,12.8010639578402,-5.39403946628559));
#10044=CARTESIAN_POINT('Ctrl Pts',(47.3296618807554,13.4169742739291,-4.81555299644734));
#10045=CARTESIAN_POINT('Ctrl Pts',(47.3373063756604,13.2868836512067,-4.82332630452676));
#10046=CARTESIAN_POINT('Ctrl Pts',(47.281746675952,13.0263529935149,-4.857447273471));
#10047=CARTESIAN_POINT('Ctrl Pts',(47.0376813122819,12.7196822766651,-4.94478096244677));
#10048=CARTESIAN_POINT('Ctrl Pts',(46.7668532921158,12.5513113216676,-5.02914102152925));
#10049=CARTESIAN_POINT('Ctrl Pts',(46.4128976275214,12.4139671766656,-5.13345916296254));
#10050=CARTESIAN_POINT('Ctrl Pts',(45.9130958686331,12.3346929322205,-5.27256715660231));
#10051=CARTESIAN_POINT('Ctrl Pts',(45.4674253638174,12.390474378261,-5.38749082414852));
#10052=CARTESIAN_POINT('Ctrl Pts',(45.2276297129096,12.4730215138944,-5.44531545736815));
#10053=CARTESIAN_POINT('',(46.6703284540009,13.4000002086163,-5.20090365865493));
#10054=CARTESIAN_POINT('Ctrl Pts',(46.6703284540009,13.4000002086163,-5.20090365865493));
#10055=CARTESIAN_POINT('Ctrl Pts',(46.67030332345,13.4000002086163,-5.20092925369961));
#10056=CARTESIAN_POINT('Ctrl Pts',(46.6702781919868,13.4000002086163,-5.20095484783699));
#10057=CARTESIAN_POINT('Ctrl Pts',(46.6699704725557,13.4000002086163,-5.20126820994555));
#10058=CARTESIAN_POINT('Ctrl Pts',(46.6696877694617,13.4000002086162,-5.20155586482669));
#10059=CARTESIAN_POINT('Ctrl Pts',(46.6688113014802,13.4000002086162,-5.20244696570672));
#10060=CARTESIAN_POINT('Ctrl Pts',(46.6682171417175,13.4000002086162,-5.20305002307849));
#10061=CARTESIAN_POINT('Ctrl Pts',(46.6674889443746,13.4000002086165,-5.20378787477088));
#10062=CARTESIAN_POINT('Ctrl Pts',(46.6673553912915,13.4000001968592,-5.20392314704159));
#10063=CARTESIAN_POINT('Ctrl Pts',(46.6672205741099,13.4000002087602,-5.20405964777372));
#10064=CARTESIAN_POINT('Ctrl Pts',(46.6672231341653,13.3999995157079,-5.20405705600889));
#10065=CARTESIAN_POINT('Ctrl Pts',(46.6672472881313,13.3999895856583,-5.20403259958963));
#10066=CARTESIAN_POINT('Ctrl Pts',(46.6672549450666,13.3999864317033,-5.2040248466059));
#10067=CARTESIAN_POINT('Ctrl Pts',(46.6672717207842,13.399979508531,-5.20400786008446));
#10068=CARTESIAN_POINT('Ctrl Pts',(46.6672808498694,13.39997573251,-5.20399861604287));
#10069=CARTESIAN_POINT('Ctrl Pts',(46.6673010413901,13.3999673621419,-5.20397816973287));
#10070=CARTESIAN_POINT('Ctrl Pts',(46.6673121038216,13.3999627638414,-5.20396696735577));
#10071=CARTESIAN_POINT('Ctrl Pts',(46.6673430529527,13.3999498651215,-5.20393562571504));
#10072=CARTESIAN_POINT('Ctrl Pts',(46.6673629349029,13.399941539429,-5.20391549047341));
#10073=CARTESIAN_POINT('Ctrl Pts',(46.6678994638536,13.3997158273471,-5.20337209554196));
#10074=CARTESIAN_POINT('Ctrl Pts',(46.6684282051017,13.3994676187056,-5.20283578840932));
#10075=CARTESIAN_POINT('Ctrl Pts',(46.6713243064122,13.3980136116084,-5.19989394276264));
#10076=CARTESIAN_POINT('Ctrl Pts',(46.6744757257296,13.3960638425399,-5.19667751793575));
#10077=CARTESIAN_POINT('Ctrl Pts',(46.6846950973479,13.3880172071333,-5.18610929160189));
#10078=CARTESIAN_POINT('Ctrl Pts',(46.6909198247941,13.3816460303027,-5.17954542738238));
#10079=CARTESIAN_POINT('Ctrl Pts',(46.7053855438977,13.3646133094155,-5.16404716349128));
#10080=CARTESIAN_POINT('Ctrl Pts',(46.7136011175433,13.35261155687,-5.15499659020522));
#10081=CARTESIAN_POINT('Ctrl Pts',(46.7382669754752,13.3112544949606,-5.12725386423453));
#10082=CARTESIAN_POINT('Ctrl Pts',(46.7552888197732,13.273029890124,-5.10703171858834));
#10083=CARTESIAN_POINT('Ctrl Pts',(46.7950401472006,13.1497019348383,-5.05741796526617));
#10084=CARTESIAN_POINT('Ctrl Pts',(46.8135848862438,13.0552363642774,-5.03178632152498));
#10085=CARTESIAN_POINT('Ctrl Pts',(46.8353821427036,12.832079015094,-5.00100586147354));
#10086=CARTESIAN_POINT('Ctrl Pts',(46.8367418794144,12.7127798925015,-4.99889861301155));
#10087=CARTESIAN_POINT('Ctrl Pts',(46.829551126007,12.5961718344497,-5.00918900759834));
#10088=CARTESIAN_POINT('',(45.6000007003546,13.4000002086163,-5.65));
#10089=CARTESIAN_POINT('Origin',(45.6000007003546,12.5757151851532,-6.84291835432876));
#10090=CARTESIAN_POINT('Origin',(45.6000007003546,13.4000002086163,-4.15));
#10091=CARTESIAN_POINT('Ctrl Pts',(45.6000007003546,13.4000002086163,-5.65));
#10092=CARTESIAN_POINT('Ctrl Pts',(45.3121448086678,13.4000002086163,-5.65));
#10093=CARTESIAN_POINT('Ctrl Pts',(44.8865062696388,13.4000002086163,-5.65));
#10094=CARTESIAN_POINT('Ctrl Pts',(44.4587124132703,13.4000002086163,-5.65));
#10095=CARTESIAN_POINT('Ctrl Pts',(44.3762684329043,13.4000002086163,-5.65));
#10096=CARTESIAN_POINT('Ctrl Pts',(44.376265762276,13.4000031164482,-5.65000064207328));
#10097=CARTESIAN_POINT('Ctrl Pts',(45.4645130295175,13.1368836740552,-5.46819122987154));
#10098=CARTESIAN_POINT('Ctrl Pts',(45.1794296708799,13.1535310274966,-5.5129706457532));
#10099=CARTESIAN_POINT('Ctrl Pts',(44.7574980201052,13.1924008211782,-5.57943542460469));
#10100=CARTESIAN_POINT('Ctrl Pts',(44.3333255101568,13.300057532175,-5.64400318589617));
#10101=CARTESIAN_POINT('Ctrl Pts',(44.2516617841795,13.3748086159512,-5.65202862671078));
#10102=CARTESIAN_POINT('Ctrl Pts',(44.2517241171187,13.4000002086163,-5.65));
#10103=CARTESIAN_POINT('Ctrl Pts',(45.3296129287466,12.8010639578402,-5.39403946628559));
#10104=CARTESIAN_POINT('Ctrl Pts',(45.0470045116578,12.8593969620885,-5.46522717249551));
#10105=CARTESIAN_POINT('Ctrl Pts',(44.628577846308,12.9670708638417,-5.56774483339348));
#10106=CARTESIAN_POINT('Ctrl Pts',(44.2079379303664,13.198433572428,-5.66115267243743));
#10107=CARTESIAN_POINT('Ctrl Pts',(44.1270642838641,13.3500476539753,-5.67022548930571));
#10108=CARTESIAN_POINT('Ctrl Pts',(44.1271889237074,13.4012953065443,-5.6660822936436));
#10109=CARTESIAN_POINT('Ctrl Pts',(45.2276297129096,12.4730215138944,-5.44531545736815));
#10110=CARTESIAN_POINT('Ctrl Pts',(44.9401499354236,12.5719834095508,-5.51463870250734));
#10111=CARTESIAN_POINT('Ctrl Pts',(44.5151443452215,12.7461860089346,-5.61475018349508));
#10112=CARTESIAN_POINT('Ctrl Pts',(44.088432191731,13.0986056155084,-5.70052751275263));
#10113=CARTESIAN_POINT('Ctrl Pts',(44.0065757106931,13.3265316888053,-5.70399186507951));
#10114=CARTESIAN_POINT('Ctrl Pts',(44.0067565206776,13.4038429304911,-5.69771823060177));
#10115=CARTESIAN_POINT('',(44.3762684329043,13.4000002086163,-5.65));
#10116=CARTESIAN_POINT('Ctrl Pts',(44.3352418543289,12.9057673194638,-5.65));
#10117=CARTESIAN_POINT('Ctrl Pts',(44.3023871078308,13.0186333812796,-5.65));
#10118=CARTESIAN_POINT('Ctrl Pts',(44.2945701531882,13.1173185403946,-5.65));
#10119=CARTESIAN_POINT('Ctrl Pts',(44.3098066379968,13.2534434339454,-5.65));
#10120=CARTESIAN_POINT('Ctrl Pts',(44.3237078081271,13.2985938522431,-5.65));
#10121=CARTESIAN_POINT('Ctrl Pts',(44.3501815061045,13.3511838105218,-5.65));
#10122=CARTESIAN_POINT('Ctrl Pts',(44.3599153317199,13.3657682802168,-5.65));
#10123=CARTESIAN_POINT('Ctrl Pts',(44.3776770265435,13.3869522110442,-5.65));
#10124=CARTESIAN_POINT('Ctrl Pts',(44.3851248287908,13.3936591765643,-5.65));
#10125=CARTESIAN_POINT('Ctrl Pts',(44.3914821860649,13.3983433818671,-5.65));
#10126=CARTESIAN_POINT('Ctrl Pts',(44.3919829807218,13.3987036470345,-5.65));
#10127=CARTESIAN_POINT('Ctrl Pts',(44.3926936601247,13.3992012953362,-5.65));
#10128=CARTESIAN_POINT('Ctrl Pts',(44.3929009941684,13.3993448715245,-5.65));
#10129=CARTESIAN_POINT('Ctrl Pts',(44.3932041699257,13.3995523551765,-5.65));
#10130=CARTESIAN_POINT('Ctrl Pts',(44.3932995075516,13.3996172488173,-5.65));
#10131=CARTESIAN_POINT('Ctrl Pts',(44.3934339879808,13.3997082773942,-5.65));
#10132=CARTESIAN_POINT('Ctrl Pts',(44.3934730033194,13.399734626436,-5.65));
#10133=CARTESIAN_POINT('Ctrl Pts',(44.3935377462633,13.3997782499651,-5.65));
#10134=CARTESIAN_POINT('Ctrl Pts',(44.393563458409,13.3997955484147,-5.65));
#10135=CARTESIAN_POINT('Ctrl Pts',(44.393611277327,13.3998276705089,-5.65));
#10136=CARTESIAN_POINT('Ctrl Pts',(44.3936333842145,13.3998425011694,-5.65));
#10137=CARTESIAN_POINT('Ctrl Pts',(44.3936738456718,13.399869609261,-5.65));
#10138=CARTESIAN_POINT('Ctrl Pts',(44.3936921964928,13.3998818903076,-5.65));
#10139=CARTESIAN_POINT('Ctrl Pts',(44.3937259762176,13.3999044719616,-5.65));
#10140=CARTESIAN_POINT('Ctrl Pts',(44.3937413989699,13.3999147724481,-5.65));
#10141=CARTESIAN_POINT('Ctrl Pts',(44.3937700945121,13.3999339196302,-5.65));
#10142=CARTESIAN_POINT('Ctrl Pts',(44.3937833635612,13.399942766329,-5.65));
#10143=CARTESIAN_POINT('Ctrl Pts',(44.3938085263755,13.3999595292753,-5.65));
#10144=CARTESIAN_POINT('Ctrl Pts',(44.3938204427852,13.3999674620147,-5.65));
#10145=CARTESIAN_POINT('Ctrl Pts',(44.3938344396324,13.399976772911,-5.65));
#10146=CARTESIAN_POINT('Ctrl Pts',(44.3938680023553,13.4000002085612,-5.65));
#10147=CARTESIAN_POINT('Ctrl Pts',(44.3896962760258,13.4000002221544,-5.65));
#10148=CARTESIAN_POINT('Ctrl Pts',(44.385532152173,13.4000002086163,-5.65));
#10149=CARTESIAN_POINT('Ctrl Pts',(44.3802056347262,13.4000002086163,-5.65));
#10150=CARTESIAN_POINT('Ctrl Pts',(44.3790432411321,13.4000002086163,-5.65));
#10151=CARTESIAN_POINT('Ctrl Pts',(44.3775423281663,13.4000002086163,-5.65));
#10152=CARTESIAN_POINT('Ctrl Pts',(44.3772038087947,13.4000002086163,-5.65));
#10153=CARTESIAN_POINT('Ctrl Pts',(44.3766914676333,13.4000002086163,-5.65));
#10154=CARTESIAN_POINT('Ctrl Pts',(44.3765176458435,13.4000002086163,-5.65));
#10155=CARTESIAN_POINT('Ctrl Pts',(44.3763186936706,13.4000002086163,-5.65));
#10156=CARTESIAN_POINT('Ctrl Pts',(44.3762935632874,13.4000002086163,-5.65));
#10157=CARTESIAN_POINT('Ctrl Pts',(44.3762684329043,13.4000002086163,-5.65));
#10158=CARTESIAN_POINT('',(22.4000003427267,13.4000002086163,-5.65));
#10159=CARTESIAN_POINT('Origin',(0.,0.,-3.74999993480742));
#10160=CARTESIAN_POINT('Origin',(45.6000007003546,35.1000005364418,-0.05));
#10161=CARTESIAN_POINT('',(47.1000007003546,35.1000005364418,-4.15));
#10162=CARTESIAN_POINT('',(47.1000007003546,35.1000005364418,-0.05));
#10163=CARTESIAN_POINT('',(45.6000007003546,36.6000005364418,-4.15));
#10164=CARTESIAN_POINT('Origin',(45.6000007003546,35.1000005364418,-4.15));
#10165=CARTESIAN_POINT('',(45.6000007003546,36.6000005364418,-0.05));
#10166=CARTESIAN_POINT('Origin',(45.6000007003546,35.1000005364418,-4.15));
#10167=CARTESIAN_POINT('',(45.6000007003546,35.1000005364418,-5.65));
#10168=CARTESIAN_POINT('Origin',(45.6000007003546,35.1000005364418,-4.15));
#10169=CARTESIAN_POINT('Origin',(45.6000007003546,35.1000005364418,-4.15));
#10170=CARTESIAN_POINT('Origin',(45.6000007003546,35.1000005364418,-5.05));
#10171=CARTESIAN_POINT('Origin',(30.9000005122274,35.1000005364418,-4.15));
#10172=CARTESIAN_POINT('',(30.9000005122274,35.1000005364418,-5.65));
#10173=CARTESIAN_POINT('',(30.9000005122274,36.6000005364418,-4.15));
#10174=CARTESIAN_POINT('Origin',(45.6000007003546,30.8000004544854,-4.15));
#10175=CARTESIAN_POINT('',(47.1000007003546,30.8000004544854,-4.15));
#10176=CARTESIAN_POINT('',(45.6000007003546,30.8000004544854,-5.65));
#10177=CARTESIAN_POINT('Origin',(47.1000007003546,36.6000005364418,-0.05));
#10178=CARTESIAN_POINT('Origin',(34.7500005215406,25.000000372529,-5.05));
#10179=CARTESIAN_POINT('',(23.0000003427267,14.0000002086163,-5.05));
#10180=CARTESIAN_POINT('Origin',(25.5000004842877,36.6000005364418,-0.05));
#10181=CARTESIAN_POINT('Origin',(36.3000005401671,25.000000372529,-5.65));
#10182=CARTESIAN_POINT('Origin',(46.5000007003546,14.0000002086163,-0.05));
#10183=CARTESIAN_POINT('Origin',(-3.22,-39.72,-0.05));
#10184=CARTESIAN_POINT('',(-3.22,-39.72,-0.05));
#10185=CARTESIAN_POINT('Origin',(-3.22,-41.17,-0.05));
#10186=CARTESIAN_POINT('',(-4.67,-41.17,-0.05));
#10187=CARTESIAN_POINT('Origin',(-4.67000000000001,-41.83,-0.05));
#10188=CARTESIAN_POINT('',(-4.67,-41.83,-0.05));
#10189=CARTESIAN_POINT('Origin',(-3.22,-41.83,-0.05));
#10190=CARTESIAN_POINT('Origin',(0.,-18.9999995753169,-9.09999979659915));
#10191=CARTESIAN_POINT('Ctrl Pts',(-66.4103385688819,-4.50000005215407,
-1.));
#10192=CARTESIAN_POINT('Ctrl Pts',(-65.6068927021131,-4.50000005215407,
-1.));
#10193=CARTESIAN_POINT('Ctrl Pts',(-64.8034468353443,-4.50000005215407,
-1.));
#10194=CARTESIAN_POINT('Ctrl Pts',(-64.0000009685755,-4.50000005215407,
-1.));
#10195=CARTESIAN_POINT('Ctrl Pts',(-66.4103385688819,-4.36531304621378,
-1.));
#10196=CARTESIAN_POINT('Ctrl Pts',(-65.6068927021131,-4.36531304621378,
-1.));
#10197=CARTESIAN_POINT('Ctrl Pts',(-64.8034468353443,-4.36531304621378,
-1.));
#10198=CARTESIAN_POINT('Ctrl Pts',(-64.0000009685755,-4.36531304621378,
-1.));
#10199=CARTESIAN_POINT('Ctrl Pts',(-66.4103385688819,-4.06990496768955,
-0.97181073930919));
#10200=CARTESIAN_POINT('Ctrl Pts',(-65.6068927021131,-4.06990496768955,
-0.97181073930919));
#10201=CARTESIAN_POINT('Ctrl Pts',(-64.8034468353443,-4.06990496768955,
-0.97181073930919));
#10202=CARTESIAN_POINT('Ctrl Pts',(-64.0000009685755,-4.06990496768955,
-0.97181073930919));
#10203=CARTESIAN_POINT('Ctrl Pts',(-66.4103385688819,-3.71442108575158,
-0.83329063200756));
#10204=CARTESIAN_POINT('Ctrl Pts',(-65.6068927021131,-3.71442108575158,
-0.83329063200756));
#10205=CARTESIAN_POINT('Ctrl Pts',(-64.8034468353443,-3.71442108575158,
-0.83329063200756));
#10206=CARTESIAN_POINT('Ctrl Pts',(-64.0000009685755,-3.71442108575158,
-0.83329063200756));
#10207=CARTESIAN_POINT('Ctrl Pts',(-66.4103385688819,-3.53119626987795,
-0.658219252103163));
#10208=CARTESIAN_POINT('Ctrl Pts',(-65.6068927021131,-3.53119626987795,
-0.658219252103163));
#10209=CARTESIAN_POINT('Ctrl Pts',(-64.8034468353443,-3.53119626987795,
-0.658219252103163));
#10210=CARTESIAN_POINT('Ctrl Pts',(-64.0000009685755,-3.53119626987795,
-0.658219252103163));
#10211=CARTESIAN_POINT('Ctrl Pts',(-66.4103385688819,-3.50000005215407,
-0.550507627227611));
#10212=CARTESIAN_POINT('Ctrl Pts',(-65.6068927021131,-3.50000005215407,
-0.550507627227611));
#10213=CARTESIAN_POINT('Ctrl Pts',(-64.8034468353443,-3.50000005215407,
-0.550507627227611));
#10214=CARTESIAN_POINT('Ctrl Pts',(-64.0000009685755,-3.50000005215407,
-0.550507627227611));
#10215=CARTESIAN_POINT('Ctrl Pts',(-66.4103385688819,-3.50000005215407,
-0.5));
#10216=CARTESIAN_POINT('Ctrl Pts',(-65.6068927021131,-3.50000005215407,
-0.5));
#10217=CARTESIAN_POINT('Ctrl Pts',(-64.8034468353443,-3.50000005215407,
-0.5));
#10218=CARTESIAN_POINT('Ctrl Pts',(-64.0000009685755,-3.50000005215407,
-0.5));
#10219=CARTESIAN_POINT('',(-65.8362102413583,-4.04230238531448,-0.944553946605359));
#10220=CARTESIAN_POINT('',(-66.4103385688819,-3.50000005215407,-0.5));
#10221=CARTESIAN_POINT('Ctrl Pts',(-65.8362155761938,-4.04230770530841,
-0.944555315916621));
#10222=CARTESIAN_POINT('Ctrl Pts',(-65.8977951465702,-3.98439312179748,
-0.92964881233053));
#10223=CARTESIAN_POINT('Ctrl Pts',(-65.9564074441708,-3.92918741372494,
-0.911861357037504));
#10224=CARTESIAN_POINT('Ctrl Pts',(-66.1172696641196,-3.77749717762313,
-0.851547680211082));
#10225=CARTESIAN_POINT('Ctrl Pts',(-66.2058840516567,-3.69369615358405,
-0.802557994120139));
#10226=CARTESIAN_POINT('Ctrl Pts',(-66.3058877600472,-3.5990210207191,-0.71927545354084));
#10227=CARTESIAN_POINT('Ctrl Pts',(-66.339364660238,-3.56730069070536,-0.685165906843547));
#10228=CARTESIAN_POINT('Ctrl Pts',(-66.3795956260225,-3.52916018131291,
-0.622193518160011));
#10229=CARTESIAN_POINT('Ctrl Pts',(-66.3921766235168,-3.5172281443483,-0.596657796922943));
#10230=CARTESIAN_POINT('Ctrl Pts',(-66.4067913072297,-3.50336549108874,
-0.546608567275871));
#10231=CARTESIAN_POINT('Ctrl Pts',(-66.4103385688819,-3.50000005215407,
-0.523687969270635));
#10232=CARTESIAN_POINT('Ctrl Pts',(-66.4103385688819,-3.50000005215407,
-0.5));
#10233=CARTESIAN_POINT('',(-65.0000009685755,-3.50000005215407,-0.5));
#10234=CARTESIAN_POINT('Ctrl Pts',(-66.4103385688819,-3.50000005215407,
-0.5));
#10235=CARTESIAN_POINT('Ctrl Pts',(-65.9402260354464,-3.50000005215407,
-0.5));
#10236=CARTESIAN_POINT('Ctrl Pts',(-65.470113502011,-3.50000005215407,-0.5));
#10237=CARTESIAN_POINT('Ctrl Pts',(-65.0000009685755,-3.50000005215407,
-0.5));
#10238=CARTESIAN_POINT('',(-64.0000009685755,-4.50000005215407,-1.));
#10239=CARTESIAN_POINT('Ctrl Pts',(-64.0000009685755,-4.50000005215407,
-1.));
#10240=CARTESIAN_POINT('Ctrl Pts',(-64.0021118315741,-4.49788918915547,
-1.));
#10241=CARTESIAN_POINT('Ctrl Pts',(-64.0042227078001,-4.49577831292926,
-0.99999665819305));
#10242=CARTESIAN_POINT('Ctrl Pts',(-64.2236354826784,-4.27636553805595,
-0.999301917930179));
#10243=CARTESIAN_POINT('Ctrl Pts',(-64.4333842672623,-4.06661675346729,
-0.963493146517475));
#10244=CARTESIAN_POINT('Ctrl Pts',(-64.7095947272186,-3.79040629351099,
-0.858266786518629));
#10245=CARTESIAN_POINT('Ctrl Pts',(-64.7967066726728,-3.70329434805856,
-0.809104791331403));
#10246=CARTESIAN_POINT('Ctrl Pts',(-64.8957746224838,-3.60422639824715,
-0.724669508868094));
#10247=CARTESIAN_POINT('Ctrl Pts',(-64.9290691052255,-3.57093191558382,
-0.689895562467385));
#10248=CARTESIAN_POINT('Ctrl Pts',(-64.9692176492094,-3.53078337159015,
-0.625501922964399));
#10249=CARTESIAN_POINT('Ctrl Pts',(-64.9818042256273,-3.51819679516856,
-0.59930701542534));
#10250=CARTESIAN_POINT('Ctrl Pts',(-64.9964449556489,-3.50355606514333,
-0.547913119221255));
#10251=CARTESIAN_POINT('Ctrl Pts',(-65.0000009685755,-3.50000005215407,
-0.524350037789959));
#10252=CARTESIAN_POINT('Ctrl Pts',(-65.0000009685755,-3.50000005215407,
-0.5));
#10253=CARTESIAN_POINT('',(-65.3435070263403,-4.50000005215407,-1.));
#10254=CARTESIAN_POINT('Ctrl Pts',(-64.0000009685755,-4.50000005215407,
-1.));
#10255=CARTESIAN_POINT('Ctrl Pts',(-64.4478363211638,-4.50000005215407,
-1.));
#10256=CARTESIAN_POINT('Ctrl Pts',(-64.8956716737521,-4.50000005215407,
-1.));
#10257=CARTESIAN_POINT('Ctrl Pts',(-65.3435070263403,-4.50000005215407,
-1.));
#10258=CARTESIAN_POINT('Ctrl Pts',(-65.3435070263403,-4.50000005215408,
-1.));
#10259=CARTESIAN_POINT('Ctrl Pts',(-65.3457793213038,-4.49788919906556,
-1.));
#10260=CARTESIAN_POINT('Ctrl Pts',(-65.3480516307159,-4.49577833255484,
-0.999996658224428));
#10261=CARTESIAN_POINT('Ctrl Pts',(-65.520392769521,-4.33568167654309,-0.999489736596916));
#10262=CARTESIAN_POINT('Ctrl Pts',(-65.6867600946874,-4.18113440701673,
-0.980288131905567));
#10263=CARTESIAN_POINT('Ctrl Pts',(-65.8362102413583,-4.04230238531448,
-0.944553946605358));
#10264=CARTESIAN_POINT('Origin',(-66.4103385688819,-3.50000005215407,-1.68155230703764E-17));
#10265=CARTESIAN_POINT('',(-66.4103385688819,-3.50000005215407,-1.73472347597681E-17));
#10266=CARTESIAN_POINT('',(-66.4103385688819,-3.50000005215407,-1.73472347597681E-17));
#10267=CARTESIAN_POINT('',(-65.0000009685755,-3.50000005215407,0.));
#10268=CARTESIAN_POINT('',(-65.0000009685755,-3.50000005215407,0.));
#10269=CARTESIAN_POINT('',(-65.0000009685755,-3.50000005215407,0.));
#10270=CARTESIAN_POINT('Ctrl Pts',(-65.8359778498161,-4.04612230599833,
-0.944556189654941));
#10271=CARTESIAN_POINT('Ctrl Pts',(-65.8477473332483,-3.85461660664078,
-0.944556189654941));
#10272=CARTESIAN_POINT('Ctrl Pts',(-65.858681224948,-3.66305955382728,-0.944556189654941));
#10273=CARTESIAN_POINT('Ctrl Pts',(-65.8687791086029,-3.47145844116772,
-0.944556189654941));
#10274=CARTESIAN_POINT('Ctrl Pts',(-65.9771749392224,-4.0547999422777,-0.908145563334811));
#10275=CARTESIAN_POINT('Ctrl Pts',(-65.9889697475244,-3.86288217242226,
-0.908145563334811));
#10276=CARTESIAN_POINT('Ctrl Pts',(-65.9999269345292,-3.67091699594083,
-0.908145563334811));
#10277=CARTESIAN_POINT('Ctrl Pts',(-66.0100465462055,-3.47890360747876,
-0.908145563334811));
#10278=CARTESIAN_POINT('Ctrl Pts',(-66.1903318544323,-4.06790005778575,
-0.815041726293285));
#10279=CARTESIAN_POINT('Ctrl Pts',(-66.2021646872748,-3.87536357630561,
-0.815041726293285));
#10280=CARTESIAN_POINT('Ctrl Pts',(-66.2131574262811,-3.68277554413727,
-0.815041726293285));
#10281=CARTESIAN_POINT('Ctrl Pts',(-66.2233096619368,-3.49014313579169,
-0.815041726293285));
#10282=CARTESIAN_POINT('Ctrl Pts',(-66.3509821293587,-4.07777324044024,
-0.644602751139695));
#10283=CARTESIAN_POINT('Ctrl Pts',(-66.3628437129892,-3.88476894405486,
-0.644602751139695));
#10284=CARTESIAN_POINT('Ctrl Pts',(-66.3738630741428,-3.69171450338198,
-0.644602751139695));
#10285=CARTESIAN_POINT('Ctrl Pts',(-66.3840399771609,-3.49861404705317,
-0.644602751139695));
#10286=CARTESIAN_POINT('Ctrl Pts',(-66.3772676249372,-4.0793886842926,-0.546373876062715));
#10287=CARTESIAN_POINT('Ctrl Pts',(-66.3891338770289,-3.88630842561734,
-0.546373876062715));
#10288=CARTESIAN_POINT('Ctrl Pts',(-66.4001576604562,-3.69317650861923,
-0.546373876062715));
#10289=CARTESIAN_POINT('Ctrl Pts',(-66.4103385688819,-3.50000005215407,
-0.546373876062715));
#10290=CARTESIAN_POINT('Ctrl Pts',(-66.3772676249372,-4.0793886842926,-0.5));
#10291=CARTESIAN_POINT('Ctrl Pts',(-66.3891338746252,-3.8863084647277,-0.5));
#10292=CARTESIAN_POINT('Ctrl Pts',(-66.4001576625185,-3.69317646948938,
-0.5));
#10293=CARTESIAN_POINT('Ctrl Pts',(-66.4103385688819,-3.50000005215407,
-0.5));
#10294=CARTESIAN_POINT('',(-66.377354,-4.077983,-0.5));
#10295=CARTESIAN_POINT('Ctrl Pts',(-66.377354,-4.077983,-0.5));
#10296=CARTESIAN_POINT('Ctrl Pts',(-66.3773217515386,-4.07842017908451,
-0.550517075643817));
#10297=CARTESIAN_POINT('Ctrl Pts',(-66.361731507922,-4.07770972456843,-0.604366964426661));
#10298=CARTESIAN_POINT('Ctrl Pts',(-66.326514474644,-4.07555150232503,-0.657552075797138));
#10299=CARTESIAN_POINT('Ctrl Pts',(-66.291301333113,-4.07339351858142,-0.71073130981292));
#10300=CARTESIAN_POINT('Ctrl Pts',(-66.236465999645,-4.06978810626107,-0.763248345757075));
#10301=CARTESIAN_POINT('Ctrl Pts',(-66.1636498148487,-4.06485633865227,
-0.809464972472348));
#10302=CARTESIAN_POINT('Ctrl Pts',(-66.0933112629833,-4.06009237865204,
-0.854109038957701));
#10303=CARTESIAN_POINT('Ctrl Pts',(-66.0061892299605,-4.05409038722685,
-0.892874790067787));
#10304=CARTESIAN_POINT('Ctrl Pts',(-65.9108681953067,-4.04748359745399,
-0.923117872102725));
#10305=CARTESIAN_POINT('Ctrl Pts',(-65.8864761363221,-4.04579296110679,
-0.930856888402237));
#10306=CARTESIAN_POINT('Ctrl Pts',(-65.8615473443238,-4.04406273271479,
-0.938037628243614));
#10307=CARTESIAN_POINT('Ctrl Pts',(-65.8362261063433,-4.04230355559315,
-0.944615332730058));
#10308=CARTESIAN_POINT('Ctrl Pts',(-66.3773539999999,-4.077983,-0.5));
#10309=CARTESIAN_POINT('Ctrl Pts',(-66.3891873740387,-3.88537109091891,
-0.5));
#10310=CARTESIAN_POINT('Ctrl Pts',(-66.4001823692283,-3.69270767491361,
-0.5));
#10311=CARTESIAN_POINT('Ctrl Pts',(-66.4103385688819,-3.50000005215407,
-0.5));
#10312=CARTESIAN_POINT('Ctrl Pts',(-65.2598398367514,-5.63424161635358,
-1.));
#10313=CARTESIAN_POINT('Ctrl Pts',(-65.2999144164753,-5.09096707571285,
-1.));
#10314=CARTESIAN_POINT('Ctrl Pts',(-65.3399889961991,-4.54769253507212,
-1.));
#10315=CARTESIAN_POINT('Ctrl Pts',(-65.380063575923,-4.00441799443139,-1.));
#10316=CARTESIAN_POINT('Ctrl Pts',(-65.3941618980233,-5.64414986669559,
-1.));
#10317=CARTESIAN_POINT('Ctrl Pts',(-65.4342364777471,-5.10087532605486,
-1.));
#10318=CARTESIAN_POINT('Ctrl Pts',(-65.474311057471,-4.55760078541414,-1.));
#10319=CARTESIAN_POINT('Ctrl Pts',(-65.5143856371949,-4.01432624477341,
-1.));
#10320=CARTESIAN_POINT('Ctrl Pts',(-65.6887703547724,-5.66588162330136,
-0.971810642400489));
#10321=CARTESIAN_POINT('Ctrl Pts',(-65.7288449344962,-5.12260708266064,
-0.971810642400489));
#10322=CARTESIAN_POINT('Ctrl Pts',(-65.7689195142201,-4.5793325420199,-0.971810642400489));
#10323=CARTESIAN_POINT('Ctrl Pts',(-65.808994093944,-4.03605800137918,-0.971810642400489));
#10324=CARTESIAN_POINT('Ctrl Pts',(-66.0432904726326,-5.69203275622606,
-0.833290626269264));
#10325=CARTESIAN_POINT('Ctrl Pts',(-66.0833650523565,-5.14875821558534,
-0.833290626269264));
#10326=CARTESIAN_POINT('Ctrl Pts',(-66.1234396320804,-4.60548367494461,
-0.833290626269264));
#10327=CARTESIAN_POINT('Ctrl Pts',(-66.1635142118042,-4.06220913430388,
-0.833290626269264));
#10328=CARTESIAN_POINT('Ctrl Pts',(-66.2260189079246,-5.70551169679871,
-0.658219291749742));
#10329=CARTESIAN_POINT('Ctrl Pts',(-66.2660934876485,-5.16223715615798,
-0.658219291749742));
#10330=CARTESIAN_POINT('Ctrl Pts',(-66.3061680673723,-4.61896261551725,
-0.658219291749742));
#10331=CARTESIAN_POINT('Ctrl Pts',(-66.3462426470962,-4.07568807487652,
-0.658219291749742));
#10332=CARTESIAN_POINT('Ctrl Pts',(-66.2571302608284,-5.70780662192218,
-0.550507627227611));
#10333=CARTESIAN_POINT('Ctrl Pts',(-66.2972048405523,-5.16453208128145,
-0.550507627227611));
#10334=CARTESIAN_POINT('Ctrl Pts',(-66.3372794202761,-4.62125754064073,
-0.550507627227611));
#10335=CARTESIAN_POINT('Ctrl Pts',(-66.377354,-4.077983,-0.550507627227611));
#10336=CARTESIAN_POINT('Ctrl Pts',(-66.2571302608284,-5.70780662192218,
-0.5));
#10337=CARTESIAN_POINT('Ctrl Pts',(-66.2972048405523,-5.16453208128145,
-0.5));
#10338=CARTESIAN_POINT('Ctrl Pts',(-66.3372794202761,-4.62125754064073,
-0.5));
#10339=CARTESIAN_POINT('Ctrl Pts',(-66.377354,-4.077983,-0.5));
#10340=CARTESIAN_POINT('',(-65.2604436882743,-5.6260515837212,-1.));
#10341=CARTESIAN_POINT('Ctrl Pts',(-65.3435070263403,-4.50000005215407,
-1.));
#10342=CARTESIAN_POINT('Ctrl Pts',(-65.3158193415464,-4.87535056965176,
-1.));
#10343=CARTESIAN_POINT('Ctrl Pts',(-65.2881316567524,-5.25070108714944,
-1.));
#10344=CARTESIAN_POINT('Ctrl Pts',(-65.2604439719584,-5.62605160464712,
-1.));
#10345=CARTESIAN_POINT('',(-66.257283,-5.70573600000001,-0.5));
#10346=CARTESIAN_POINT('Ctrl Pts',(-66.257283,-5.70573600000001,-0.5));
#10347=CARTESIAN_POINT('Ctrl Pts',(-66.2572448250257,-5.70617930303678,
-0.550507627241405));
#10348=CARTESIAN_POINT('Ctrl Pts',(-66.2416706940621,-5.70528477253581,
-0.604363957272819));
#10349=CARTESIAN_POINT('Ctrl Pts',(-66.2064819066757,-5.70270005209524,
-0.657552649940868));
#10350=CARTESIAN_POINT('Ctrl Pts',(-66.1712931192603,-5.70011533165254,
-0.710741342652705));
#10351=CARTESIAN_POINT('Ctrl Pts',(-66.1164896787673,-5.69584038207514,
-0.763262397998065));
#10352=CARTESIAN_POINT('Ctrl Pts',(-66.0437622133281,-5.69001969927295,
-0.809464806425142));
#10353=CARTESIAN_POINT('Ctrl Pts',(-65.9467922592639,-5.6822587888584,-0.871068017753605));
#10354=CARTESIAN_POINT('Ctrl Pts',(-65.8179573871414,-5.67174973120752,
-0.921438078967657));
#10355=CARTESIAN_POINT('Ctrl Pts',(-65.6799301107042,-5.6604444771081,-0.953671074509311));
#10356=CARTESIAN_POINT('Ctrl Pts',(-65.5419028351252,-5.64913922307898,
-0.985904069850527));
#10357=CARTESIAN_POINT('Ctrl Pts',(-65.3946831566309,-5.63703775790951,
-0.999999999757292));
#10358=CARTESIAN_POINT('Ctrl Pts',(-65.2604436882743,-5.62605158372119,
-1.));
#10359=CARTESIAN_POINT('Ctrl Pts',(-66.2572830000001,-5.70573600000001,
-0.5));
#10360=CARTESIAN_POINT('Ctrl Pts',(-66.2973066666667,-5.16315166666667,
-0.5));
#10361=CARTESIAN_POINT('Ctrl Pts',(-66.3373303333334,-4.62056733333334,
-0.5));
#10362=CARTESIAN_POINT('Ctrl Pts',(-66.377354,-4.077983,-0.5));
#10363=CARTESIAN_POINT('Ctrl Pts',(-3.44737045286398,-65.4117238933467,
-1.));
#10364=CARTESIAN_POINT('Ctrl Pts',(-10.5941095337161,-65.0350718781228,
-1.));
#10365=CARTESIAN_POINT('Ctrl Pts',(-17.6772058259177,-63.4768629009686,
-1.));
#10366=CARTESIAN_POINT('Ctrl Pts',(-24.3222058048124,-60.819472920021,-1.));
#10367=CARTESIAN_POINT('Ctrl Pts',(-3.4544589760162,-65.546224236873,-1.));
#10368=CARTESIAN_POINT('Ctrl Pts',(-10.6157877231588,-65.1688033077224,
-1.));
#10369=CARTESIAN_POINT('Ctrl Pts',(-17.7136520330874,-63.6073455172177,
-1.));
#10370=CARTESIAN_POINT('Ctrl Pts',(-24.3722174060863,-60.9445306239307,
-1.));
#10371=CARTESIAN_POINT('Ctrl Pts',(-3.47000701734806,-65.8412387067971,
-0.97180886554045));
#10372=CARTESIAN_POINT('Ctrl Pts',(-10.6636724351456,-65.462113549742,-0.97180886554045));
#10373=CARTESIAN_POINT('Ctrl Pts',(-17.793281541644,-63.8936722276075,-0.97180886554045));
#10374=CARTESIAN_POINT('Ctrl Pts',(-24.4819133789967,-61.2188335086787,
-0.97180886554045));
#10375=CARTESIAN_POINT('Ctrl Pts',(-3.48871542474585,-66.1962191685658,
-0.833290517843779));
#10376=CARTESIAN_POINT('Ctrl Pts',(-10.7211316911743,-65.8150517394949,
-0.833290517843779));
#10377=CARTESIAN_POINT('Ctrl Pts',(-17.8892444873236,-64.238139998155,-0.833290517843779));
#10378=CARTESIAN_POINT('Ctrl Pts',(-24.6139066575906,-61.548892453643,-0.833290517843779));
#10379=CARTESIAN_POINT('Ctrl Pts',(-3.49835855837858,-66.3791916662808,
-0.658220004293485));
#10380=CARTESIAN_POINT('Ctrl Pts',(-10.7508008792076,-65.9969688112791,
-0.658220004293485));
#10381=CARTESIAN_POINT('Ctrl Pts',(-17.938659492846,-64.4157131913861,-0.658220004293485));
#10382=CARTESIAN_POINT('Ctrl Pts',(-24.6819417819621,-61.7190193086603,
-0.658220004293485));
#10383=CARTESIAN_POINT('Ctrl Pts',(-3.50000005215405,-66.4103379956298,
-0.550507627227611));
#10384=CARTESIAN_POINT('Ctrl Pts',(-10.7558499140536,-66.0279355542186,
-0.550507627227611));
#10385=CARTESIAN_POINT('Ctrl Pts',(-17.9470723973236,-64.4459399172989,
-0.550507627227611));
#10386=CARTESIAN_POINT('Ctrl Pts',(-24.693523,-61.747979,-0.550507627227611));
#10387=CARTESIAN_POINT('Ctrl Pts',(-3.50000005215405,-66.4103379956298,
-0.5));
#10388=CARTESIAN_POINT('Ctrl Pts',(-10.7558454832017,-66.0279357877362,
-0.5));
#10389=CARTESIAN_POINT('Ctrl Pts',(-17.9470765171062,-64.4459382697641,
-0.5));
#10390=CARTESIAN_POINT('Ctrl Pts',(-24.693523,-61.747979,-0.5));
#10391=CARTESIAN_POINT('',(-3.50000005215405,-66.4103379956298,-0.5));
#10392=CARTESIAN_POINT('',(-24.693523,-61.747979,-0.5));
#10393=CARTESIAN_POINT('Ctrl Pts',(-3.50000005215405,-66.4103379956298,
-0.5));
#10394=CARTESIAN_POINT('Ctrl Pts',(-10.7558454832017,-66.0279357877362,
-0.5));
#10395=CARTESIAN_POINT('Ctrl Pts',(-17.9470765171062,-64.4459382697641,
-0.5));
#10396=CARTESIAN_POINT('Ctrl Pts',(-24.693523,-61.747979,-0.5));
#10397=CARTESIAN_POINT('',(-24.3165087906806,-60.8217508932056,-1.));
#10398=CARTESIAN_POINT('Ctrl Pts',(-24.693523,-61.747979,-0.5));
#10399=CARTESIAN_POINT('Ctrl Pts',(-24.6931098657284,-61.7481442157829,
-0.550507627238128));
#10400=CARTESIAN_POINT('Ctrl Pts',(-24.6869060810107,-61.7338295975974,
-0.604363815774194));
#10401=CARTESIAN_POINT('Ctrl Pts',(-24.6733933265774,-61.7012354714993,
-0.65755248705956));
#10402=CARTESIAN_POINT('Ctrl Pts',(-24.6598805721358,-61.6686413453813,
-0.71074115837736));
#10403=CARTESIAN_POINT('Ctrl Pts',(-24.6390588844955,-61.6177676967237,
-0.763262312442213));
#10404=CARTESIAN_POINT('Ctrl Pts',(-24.6115588256168,-61.5501883615127,
-0.809464856685141));
#10405=CARTESIAN_POINT('Ctrl Pts',(-24.5748920804054,-61.4600825811334,
-0.871068249076023));
#10406=CARTESIAN_POINT('Ctrl Pts',(-24.5263528402032,-61.3402777364064,
-0.921438557311987));
#10407=CARTESIAN_POINT('Ctrl Pts',(-24.474392631673,-61.2119061812649,-0.95367149502867));
#10408=CARTESIAN_POINT('Ctrl Pts',(-24.4224324233809,-61.0835346267113,
-0.985904432597717));
#10409=CARTESIAN_POINT('Ctrl Pts',(-24.3670512604877,-60.9465963563604,
-0.999999999822526));
#10410=CARTESIAN_POINT('Ctrl Pts',(-24.3165087906806,-60.8217508932056,
-1.));
#10411=CARTESIAN_POINT('',(-4.50000005215405,-65.3477465956101,-1.));
#10412=CARTESIAN_POINT('Ctrl Pts',(-24.3165087900475,-60.8217508907192,
-1.));
#10413=CARTESIAN_POINT('Ctrl Pts',(-17.9995679982649,-63.3472549337557,
-1.));
#10414=CARTESIAN_POINT('Ctrl Pts',(-11.286846677368,-64.8794841361382,-1.));
#10415=CARTESIAN_POINT('Ctrl Pts',(-4.49999538040998,-65.3476786551938,
-1.));
#10416=CARTESIAN_POINT('Ctrl Pts',(-4.50000005215418,-65.3477465956101,
-1.));
#10417=CARTESIAN_POINT('Ctrl Pts',(-4.49789015477127,-65.3500067821847,
-0.999999999999998));
#10418=CARTESIAN_POINT('Ctrl Pts',(-4.49578018549892,-65.3522669285063,
-0.999996661249756));
#10419=CARTESIAN_POINT('Ctrl Pts',(-4.27010746027963,-65.5939893695811,
-0.999282406746934));
#10420=CARTESIAN_POINT('Ctrl Pts',(-4.05310998457923,-65.8249909036585,
-0.9611105494259));
#10421=CARTESIAN_POINT('Ctrl Pts',(-3.77757982483687,-66.1171816666468,
-0.851594093755487));
#10422=CARTESIAN_POINT('Ctrl Pts',(-3.69373925611279,-66.2058379309524,
-0.802591436068048));
#10423=CARTESIAN_POINT('Ctrl Pts',(-3.59903282309263,-66.3058747288379,
-0.719288075927196));
#10424=CARTESIAN_POINT('Ctrl Pts',(-3.56730656714577,-66.3393578873672,
-0.685174615528345));
#10425=CARTESIAN_POINT('Ctrl Pts',(-3.5291613877645,-66.3795937805291,-0.622196071024421));
#10426=CARTESIAN_POINT('Ctrl Pts',(-3.51722863373123,-66.3921755342458,
-0.596659388184453));
#10427=CARTESIAN_POINT('Ctrl Pts',(-3.50336553506913,-66.406790687609,-0.546608863573021));
#10428=CARTESIAN_POINT('Ctrl Pts',(-3.50000005215405,-66.4103379956298,
-0.523688124156525));
#10429=CARTESIAN_POINT('Ctrl Pts',(-3.50000005215405,-66.4103379956298,
-0.5));
#10430=CARTESIAN_POINT('Ctrl Pts',(-24.3089217318018,-60.8248938601926,
-1.));
#10431=CARTESIAN_POINT('Ctrl Pts',(-24.8122058015364,-60.6164270110729,
-1.));
#10432=CARTESIAN_POINT('Ctrl Pts',(-25.315489871271,-60.4079601619533,-1.));
#10433=CARTESIAN_POINT('Ctrl Pts',(-25.8187739410055,-60.1994933128336,
-1.));
#10434=CARTESIAN_POINT('Ctrl Pts',(-24.3604641672419,-60.9493284491061,
-1.));
#10435=CARTESIAN_POINT('Ctrl Pts',(-24.8637482369764,-60.7408615999864,
-1.));
#10436=CARTESIAN_POINT('Ctrl Pts',(-25.367032306711,-60.5323947508668,-1.));
#10437=CARTESIAN_POINT('Ctrl Pts',(-25.8703163764456,-60.3239279017471,
-1.));
#10438=CARTESIAN_POINT('Ctrl Pts',(-24.4735181863907,-61.2222653073997,
-0.971808774043564));
#10439=CARTESIAN_POINT('Ctrl Pts',(-24.9768022561253,-61.01379845828,-0.971808774043564));
#10440=CARTESIAN_POINT('Ctrl Pts',(-25.4800863258598,-60.8053316091604,
-0.971808774043564));
#10441=CARTESIAN_POINT('Ctrl Pts',(-25.9833703955944,-60.5968647600407,
-0.971808774043564));
#10442=CARTESIAN_POINT('Ctrl Pts',(-24.6095515218559,-61.5506792062118,
-0.833290512091122));
#10443=CARTESIAN_POINT('Ctrl Pts',(-25.1128355915904,-61.3422123570922,
-0.833290512091122));
#10444=CARTESIAN_POINT('Ctrl Pts',(-25.616119661325,-61.1337455079725,-0.833290512091122));
#10445=CARTESIAN_POINT('Ctrl Pts',(-26.1194037310596,-60.9252786588529,
-0.833290512091122));
#10446=CARTESIAN_POINT('Ctrl Pts',(-24.6796692040078,-61.7199584589219,
-0.65822004024251));
#10447=CARTESIAN_POINT('Ctrl Pts',(-25.1829532737424,-61.5114916098022,
-0.65822004024251));
#10448=CARTESIAN_POINT('Ctrl Pts',(-25.686237343477,-61.3030247606826,-0.65822004024251));
#10449=CARTESIAN_POINT('Ctrl Pts',(-26.1895214132115,-61.094557911563,-0.65822004024251));
#10450=CARTESIAN_POINT('Ctrl Pts',(-24.6916047907963,-61.7487735473589,
-0.550507627227611));
#10451=CARTESIAN_POINT('Ctrl Pts',(-25.1948888605309,-61.5403066982393,
-0.550507627227611));
#10452=CARTESIAN_POINT('Ctrl Pts',(-25.6981729302654,-61.3318398491197,
-0.550507627227611));
#10453=CARTESIAN_POINT('Ctrl Pts',(-26.201457,-61.123373,-0.550507627227611));
#10454=CARTESIAN_POINT('Ctrl Pts',(-24.6916047907963,-61.7487735473589,
-0.5));
#10455=CARTESIAN_POINT('Ctrl Pts',(-25.1948888605309,-61.5403066982393,
-0.5));
#10456=CARTESIAN_POINT('Ctrl Pts',(-25.6981729302654,-61.3318398491197,
-0.5));
#10457=CARTESIAN_POINT('Ctrl Pts',(-26.201457,-61.123373,-0.5));
#10458=CARTESIAN_POINT('',(-26.201457,-61.123373,-0.5));
#10459=CARTESIAN_POINT('Ctrl Pts',(-24.6935229999998,-61.7479789999996,
-0.5));
#10460=CARTESIAN_POINT('Ctrl Pts',(-25.1961676666666,-61.5397769999997,
-0.5));
#10461=CARTESIAN_POINT('Ctrl Pts',(-25.6988123333333,-61.3315749999999,
-0.5));
#10462=CARTESIAN_POINT('Ctrl Pts',(-26.201457,-61.123373,-0.5));
#10463=CARTESIAN_POINT('',(-25.813105035786,-60.2018414475753,-1.));
#10464=CARTESIAN_POINT('Ctrl Pts',(-26.201457,-61.123373,-0.5));
#10465=CARTESIAN_POINT('Ctrl Pts',(-26.2010520781986,-61.1235407239101,
-0.550507627227611));
#10466=CARTESIAN_POINT('Ctrl Pts',(-26.194679363003,-61.1093009036017,-0.60436383373506));
#10467=CARTESIAN_POINT('Ctrl Pts',(-26.1807728921817,-61.0768729674961,
-0.657552507766077));
#10468=CARTESIAN_POINT('Ctrl Pts',(-26.1668664213604,-61.0444450313904,
-0.710741181797093));
#10469=CARTESIAN_POINT('Ctrl Pts',(-26.1454261949134,-60.9938289794875,
-0.763262323351677));
#10470=CARTESIAN_POINT('Ctrl Pts',(-26.1171010987796,-60.9265913628121,
-0.809464850442244));
#10471=CARTESIAN_POINT('Ctrl Pts',(-26.0793343039346,-60.836941207245,-0.871068219896333));
#10472=CARTESIAN_POINT('Ctrl Pts',(-26.0293277407575,-60.7177416031935,
-0.921438496969949));
#10473=CARTESIAN_POINT('Ctrl Pts',(-25.9757910065142,-60.5900194025344,
-0.953671441995865));
#10474=CARTESIAN_POINT('Ctrl Pts',(-25.9222542722709,-60.4622972018753,
-0.985904387021782));
#10475=CARTESIAN_POINT('Ctrl Pts',(-25.8651873669612,-60.3260524046086,
-1.));
#10476=CARTESIAN_POINT('Ctrl Pts',(-25.813105035786,-60.2018414475753,-1.));
#10477=CARTESIAN_POINT('Ctrl Pts',(-25.813105035786,-60.2018414475753,-1.));
#10478=CARTESIAN_POINT('Ctrl Pts',(-25.3142396570364,-60.4084780170532,
-1.));
#10479=CARTESIAN_POINT('Ctrl Pts',(-24.8153742782868,-60.615114586531,-1.));
#10480=CARTESIAN_POINT('Ctrl Pts',(-24.3165088995371,-60.8217511560089,
-1.));
#10481=CARTESIAN_POINT('Ctrl Pts',(-48.6907326641666,-43.8154146319597,
-1.));
#10482=CARTESIAN_POINT('Ctrl Pts',(-52.7395355140489,-39.3161035090448,
-1.));
#10483=CARTESIAN_POINT('Ctrl Pts',(-60.7251661192147,-27.5008636255187,
-1.));
#10484=CARTESIAN_POINT('Ctrl Pts',(-64.5685497184325,-13.6606038367508,
-1.));
#10485=CARTESIAN_POINT('Ctrl Pts',(-65.2609703876747,-5.61993868931106,
-1.));
#10486=CARTESIAN_POINT('Ctrl Pts',(-48.7908511130046,-43.9055083929616,
-1.));
#10487=CARTESIAN_POINT('Ctrl Pts',(-52.8479193662398,-39.3970121793864,
-1.));
#10488=CARTESIAN_POINT('Ctrl Pts',(-60.8499788223677,-27.5574488561149,
-1.));
#10489=CARTESIAN_POINT('Ctrl Pts',(-64.7013265433059,-13.6885741854154,
-1.));
#10490=CARTESIAN_POINT('Ctrl Pts',(-65.3951607504093,-5.63149447220549,
-1.));
#10491=CARTESIAN_POINT('Ctrl Pts',(-49.0104565834969,-44.1031251459464,
-0.971808140171053));
#10492=CARTESIAN_POINT('Ctrl Pts',(-53.0858443528014,-39.574271012889,-0.971808140171053));
#10493=CARTESIAN_POINT('Ctrl Pts',(-61.1239121594818,-27.6814466828529,
-0.971808140171053));
#10494=CARTESIAN_POINT('Ctrl Pts',(-64.992534299239,-13.7503026881136,-0.971808140171053));
#10495=CARTESIAN_POINT('Ctrl Pts',(-65.6895014846689,-5.65684158024494,
-0.971808140171053));
#10496=CARTESIAN_POINT('Ctrl Pts',(-49.2746914033946,-44.3409025884512,
-0.833290471766671));
#10497=CARTESIAN_POINT('Ctrl Pts',(-53.3720324777185,-39.7876524170782,
-0.833290471766671));
#10498=CARTESIAN_POINT('Ctrl Pts',(-61.4534394229281,-27.830700130985,-0.83329047176667));
#10499=CARTESIAN_POINT('Ctrl Pts',(-65.3429380424058,-13.8243988339535,
-0.83329047176667));
#10500=CARTESIAN_POINT('Ctrl Pts',(-66.0436596517277,-5.6873398575088,-0.83329047176667));
#10501=CARTESIAN_POINT('Ctrl Pts',(-49.4108917079678,-44.4634653911216,
-0.658220287281607));
#10502=CARTESIAN_POINT('Ctrl Pts',(-53.5195780326827,-39.897607589007,-0.658220287281608));
#10503=CARTESIAN_POINT('Ctrl Pts',(-61.623319935805,-27.9076145900479,-0.658220287281608));
#10504=CARTESIAN_POINT('Ctrl Pts',(-65.5235492460375,-13.8626501710865,
-0.658220287281607));
#10505=CARTESIAN_POINT('Ctrl Pts',(-66.2262111044058,-5.7030602483865,-0.658220287281607));
#10506=CARTESIAN_POINT('Ctrl Pts',(-49.4340742221659,-44.4843266801031,
-0.550507627227611));
#10507=CARTESIAN_POINT('Ctrl Pts',(-53.544691002371,-39.9163236216791,-0.550507627227611));
#10508=CARTESIAN_POINT('Ctrl Pts',(-61.6522346042924,-27.9207065039547,
-0.550507627227611));
#10509=CARTESIAN_POINT('Ctrl Pts',(-65.554290997801,-13.8691596846178,-0.550507627227611));
#10510=CARTESIAN_POINT('Ctrl Pts',(-66.257283,-5.70573600000001,-0.550507627227611));
#10511=CARTESIAN_POINT('Ctrl Pts',(-49.4340742221659,-44.4843266801031,
-0.5));
#10512=CARTESIAN_POINT('Ctrl Pts',(-53.5446884921848,-39.9163264111724,
-0.5));
#10513=CARTESIAN_POINT('Ctrl Pts',(-61.6522324595701,-27.9207080840582,
-0.5));
#10514=CARTESIAN_POINT('Ctrl Pts',(-65.5542914270896,-13.8691546995475,
-0.5));
#10515=CARTESIAN_POINT('Ctrl Pts',(-66.257283,-5.70573600000001,-0.5));
#10516=CARTESIAN_POINT('',(-49.4340742221659,-44.4843266801031,-0.5));
#10517=CARTESIAN_POINT('Ctrl Pts',(-49.4340742221659,-44.4843266801031,
-0.5));
#10518=CARTESIAN_POINT('Ctrl Pts',(-53.5446884921848,-39.9163264111724,
-0.5));
#10519=CARTESIAN_POINT('Ctrl Pts',(-61.6522324595701,-27.9207080840582,
-0.5));
#10520=CARTESIAN_POINT('Ctrl Pts',(-65.5542914270896,-13.8691546995475,
-0.5));
#10521=CARTESIAN_POINT('Ctrl Pts',(-66.257283,-5.70573600000001,-0.5));
#10522=CARTESIAN_POINT('',(-49.3898154098953,-43.0258543054594,-1.));
#10523=CARTESIAN_POINT('Ctrl Pts',(-65.2604436848488,-5.62605158295517,
-1.));
#10524=CARTESIAN_POINT('Ctrl Pts',(-64.5674365138545,-13.6646121993715,
-1.));
#10525=CARTESIAN_POINT('Ctrl Pts',(-60.8196860392683,-27.1580993725841,
-1.));
#10526=CARTESIAN_POINT('Ctrl Pts',(-53.1344922630545,-38.7266890082747,
-1.));
#10527=CARTESIAN_POINT('Ctrl Pts',(-49.3897878779639,-43.025830315832,-1.));
#10528=CARTESIAN_POINT('Ctrl Pts',(-49.3898154098954,-43.0258543054593,
-1.));
#10529=CARTESIAN_POINT('Ctrl Pts',(-49.3899217056134,-43.0289451540275,
-0.999999999999998));
#10530=CARTESIAN_POINT('Ctrl Pts',(-49.3900279219974,-43.0320360249741,
-0.999996659666598));
#10531=CARTESIAN_POINT('Ctrl Pts',(-49.401376198903,-43.36251731287,-0.999282272581267));
#10532=CARTESIAN_POINT('Ctrl Pts',(-49.4112781167631,-43.6792842359298,
-0.961114347071423));
#10533=CARTESIAN_POINT('Ctrl Pts',(-49.423059241418,-44.0807307493064,-0.851603572089035));
#10534=CARTESIAN_POINT('Ctrl Pts',(-49.4264647900076,-44.202716192697,-0.802598264087695));
#10535=CARTESIAN_POINT('Ctrl Pts',(-49.4302341863341,-44.3404297513824,
-0.719290650915074));
#10536=CARTESIAN_POINT('Ctrl Pts',(-49.4314765522903,-44.3865415289529,
-0.685176391806649));
#10537=CARTESIAN_POINT('Ctrl Pts',(-49.4329549476259,-44.4419667016331,
-0.622196591149328));
#10538=CARTESIAN_POINT('Ctrl Pts',(-49.4334138654449,-44.4593012887471,
-0.596659712260394));
#10539=CARTESIAN_POINT('Ctrl Pts',(-49.4339456520299,-44.4794385857536,
-0.54660892373641));
#10540=CARTESIAN_POINT('Ctrl Pts',(-49.4340742221659,-44.4843266801031,
-0.523688155610498));
#10541=CARTESIAN_POINT('Ctrl Pts',(-49.4340742221659,-44.4843266801031,
-0.5));
#10542=CARTESIAN_POINT('Ctrl Pts',(-48.4368152330433,-42.0728541286074,
-1.));
#10543=CARTESIAN_POINT('Ctrl Pts',(-49.0049371564797,-42.6409760520438,
-1.));
#10544=CARTESIAN_POINT('Ctrl Pts',(-49.573059079916,-43.2090979754801,-1.));
#10545=CARTESIAN_POINT('Ctrl Pts',(-50.1411810033524,-43.7772198989165,
-1.));
#10546=CARTESIAN_POINT('Ctrl Pts',(-48.3415771378052,-42.1680922238455,
-1.));
#10547=CARTESIAN_POINT('Ctrl Pts',(-48.9096990612416,-42.7362141472818,
-1.));
#10548=CARTESIAN_POINT('Ctrl Pts',(-49.4778209846779,-43.3043360707182,
-1.));
#10549=CARTESIAN_POINT('Ctrl Pts',(-50.0459429081143,-43.8724579941546,
-1.));
#10550=CARTESIAN_POINT('Ctrl Pts',(-48.1326762851549,-42.3769930764958,
-0.971808102952494));
#10551=CARTESIAN_POINT('Ctrl Pts',(-48.7007982085913,-42.9451149999321,
-0.971808102952494));
#10552=CARTESIAN_POINT('Ctrl Pts',(-49.2689201320277,-43.5132369233685,
-0.971808102952494));
#10553=CARTESIAN_POINT('Ctrl Pts',(-49.837042055464,-44.0813588468049,-0.971808102952494));
#10554=CARTESIAN_POINT('Ctrl Pts',(-47.8813219545466,-42.6283474071041,
-0.833290469373126));
#10555=CARTESIAN_POINT('Ctrl Pts',(-48.449443877983,-43.1964693305405,-0.833290469373126));
#10556=CARTESIAN_POINT('Ctrl Pts',(-49.0175658014194,-43.7645912539768,
-0.833290469373126));
#10557=CARTESIAN_POINT('Ctrl Pts',(-49.5856877248557,-44.3327131774132,
-0.833290469373126));
#10558=CARTESIAN_POINT('Ctrl Pts',(-47.7517608184881,-42.7579085431625,
-0.658220301677477));
#10559=CARTESIAN_POINT('Ctrl Pts',(-48.3198827419245,-43.3260304665989,
-0.658220301677477));
#10560=CARTESIAN_POINT('Ctrl Pts',(-48.8880046653609,-43.8941523900353,
-0.658220301677477));
#10561=CARTESIAN_POINT('Ctrl Pts',(-49.4561265887973,-44.4622743134717,
-0.658220301677477));
#10562=CARTESIAN_POINT('Ctrl Pts',(-47.7297084518567,-42.7799609097939,
-0.550507627227611));
#10563=CARTESIAN_POINT('Ctrl Pts',(-48.2978303752931,-43.3480828332303,
-0.550507627227611));
#10564=CARTESIAN_POINT('Ctrl Pts',(-48.8659522987295,-43.9162047566667,
-0.550507627227611));
#10565=CARTESIAN_POINT('Ctrl Pts',(-49.4340742221659,-44.4843266801031,
-0.550507627227611));
#10566=CARTESIAN_POINT('Ctrl Pts',(-47.7297084518567,-42.7799609097939,
-0.5));
#10567=CARTESIAN_POINT('Ctrl Pts',(-48.2978303752931,-43.3480828332303,
-0.5));
#10568=CARTESIAN_POINT('Ctrl Pts',(-48.8659522987295,-43.9162047566667,
-0.5));
#10569=CARTESIAN_POINT('Ctrl Pts',(-49.4340742221659,-44.4843266801031,
-0.5));
#10570=CARTESIAN_POINT('',(-48.4368152330433,-43.4870676909805,-0.5));
#10571=CARTESIAN_POINT('Ctrl Pts',(-48.4368152330433,-43.4870676909805,
-0.5));
#10572=CARTESIAN_POINT('Ctrl Pts',(-48.7692348960841,-43.8194873540213,
-0.5));
#10573=CARTESIAN_POINT('Ctrl Pts',(-49.101654559125,-44.1519070170622,-0.5));
#10574=CARTESIAN_POINT('Ctrl Pts',(-49.4340742221659,-44.4843266801031,
-0.5));
#10575=CARTESIAN_POINT('',(-48.4368152330433,-42.0728541286074,-1.));
#10576=CARTESIAN_POINT('Ctrl Pts',(-49.3898154098953,-43.0258543054594,
-1.));
#10577=CARTESIAN_POINT('Ctrl Pts',(-49.072148684278,-42.7081875798421,-1.));
#10578=CARTESIAN_POINT('Ctrl Pts',(-48.7544819586606,-42.3905208542247,
-1.));
#10579=CARTESIAN_POINT('Ctrl Pts',(-48.4368152330433,-42.0728541286074,
-1.));
#10580=CARTESIAN_POINT('Ctrl Pts',(-48.4368152330433,-42.0728541286074,
-1.));
#10581=CARTESIAN_POINT('Ctrl Pts',(-48.4368152330433,-42.0758373826612,
-1.));
#10582=CARTESIAN_POINT('Ctrl Pts',(-48.4368152330432,-42.0788206553852,
-0.999996662573217));
#10583=CARTESIAN_POINT('Ctrl Pts',(-48.4368152330448,-42.3891672991447,
-0.999302265636561));
#10584=CARTESIAN_POINT('Ctrl Pts',(-48.4368152330433,-42.6858436501631,
-0.963482075023119));
#10585=CARTESIAN_POINT('Ctrl Pts',(-48.4368152330433,-43.0764450635857,
-0.858238518539561));
#10586=CARTESIAN_POINT('Ctrl Pts',(-48.4368152330445,-43.1996051054209,
-0.80908416225686));
#10587=CARTESIAN_POINT('Ctrl Pts',(-48.4368152330443,-43.3396803388847,
-0.724661461890447));
#10588=CARTESIAN_POINT('Ctrl Pts',(-48.4368152330995,-43.3867603692688,
-0.68988998893164));
#10589=CARTESIAN_POINT('Ctrl Pts',(-48.4368152330926,-43.4435346408405,
-0.625500267873973));
#10590=CARTESIAN_POINT('Ctrl Pts',(-48.4368152330901,-43.4613340724679,
-0.599305982615545));
#10591=CARTESIAN_POINT('Ctrl Pts',(-48.4368152330876,-43.4820387709353,
-0.547912925897912));
#10592=CARTESIAN_POINT('Ctrl Pts',(-48.4368152330433,-43.4870676909805,
-0.524349936740757));
#10593=CARTESIAN_POINT('Ctrl Pts',(-48.4368152330433,-43.4870676909805,
-0.5));
#10594=CARTESIAN_POINT('Ctrl Pts',(-42.0728541286074,-48.4368152330433,
-1.));
#10595=CARTESIAN_POINT('Ctrl Pts',(-44.1941744967527,-46.315494864898,-1.));
#10596=CARTESIAN_POINT('Ctrl Pts',(-46.315494864898,-44.1941744967527,-1.));
#10597=CARTESIAN_POINT('Ctrl Pts',(-48.4368152330433,-42.0728541286074,
-1.));
#10598=CARTESIAN_POINT('Ctrl Pts',(-42.1680922238455,-48.5320533282814,
-1.));
#10599=CARTESIAN_POINT('Ctrl Pts',(-44.2894125919908,-46.4107329601361,
-1.));
#10600=CARTESIAN_POINT('Ctrl Pts',(-46.4107329601361,-44.2894125919908,
-1.));
#10601=CARTESIAN_POINT('Ctrl Pts',(-48.5320533282814,-42.1680922238455,
-1.));
#10602=CARTESIAN_POINT('Ctrl Pts',(-42.3769917390583,-48.7409528434942,
-0.971808323524366));
#10603=CARTESIAN_POINT('Ctrl Pts',(-44.4983121072036,-46.6196324753489,
-0.971808323524366));
#10604=CARTESIAN_POINT('Ctrl Pts',(-46.6196324753489,-44.4983121072036,
-0.971808323524366));
#10605=CARTESIAN_POINT('Ctrl Pts',(-48.7409528434942,-42.3769917390583,
-0.971808323524366));
#10606=CARTESIAN_POINT('Ctrl Pts',(-42.6283469722212,-48.9923080766571,
-0.833290483516123));
#10607=CARTESIAN_POINT('Ctrl Pts',(-44.7496673403665,-46.8709877085118,
-0.833290483516123));
#10608=CARTESIAN_POINT('Ctrl Pts',(-46.8709877085118,-44.7496673403665,
-0.833290483516123));
#10609=CARTESIAN_POINT('Ctrl Pts',(-48.9923080766571,-42.6283469722212,
-0.833290483516123));
#10610=CARTESIAN_POINT('Ctrl Pts',(-42.757907967004,-49.12186907144,-0.658220216184674));
#10611=CARTESIAN_POINT('Ctrl Pts',(-44.8792283351493,-47.0005487032947,
-0.658220216184674));
#10612=CARTESIAN_POINT('Ctrl Pts',(-47.0005487032947,-44.8792283351493,
-0.658220216184674));
#10613=CARTESIAN_POINT('Ctrl Pts',(-49.12186907144,-42.757907967004,-0.658220216184674));
#10614=CARTESIAN_POINT('Ctrl Pts',(-42.7799609097939,-49.1439220142298,
-0.550507627227611));
#10615=CARTESIAN_POINT('Ctrl Pts',(-44.9012812779392,-47.0226016460845,
-0.550507627227611));
#10616=CARTESIAN_POINT('Ctrl Pts',(-47.0226016460845,-44.9012812779392,
-0.550507627227611));
#10617=CARTESIAN_POINT('Ctrl Pts',(-49.1439220142298,-42.7799609097939,
-0.550507627227611));
#10618=CARTESIAN_POINT('Ctrl Pts',(-42.7799609097939,-49.1439220142298,
-0.5));
#10619=CARTESIAN_POINT('Ctrl Pts',(-44.9012812779392,-47.0226016460845,
-0.5));
#10620=CARTESIAN_POINT('Ctrl Pts',(-47.0226016460845,-44.9012812779392,
-0.5));
#10621=CARTESIAN_POINT('Ctrl Pts',(-49.1439220142298,-42.7799609097939,
-0.5));
#10622=CARTESIAN_POINT('',(-43.4870676909805,-48.4368152330433,-0.5));
#10623=CARTESIAN_POINT('Ctrl Pts',(-43.4870676909805,-48.4368152330433,
-0.5));
#10624=CARTESIAN_POINT('Ctrl Pts',(-45.1369835383347,-46.786899385689,-0.5));
#10625=CARTESIAN_POINT('Ctrl Pts',(-46.786899385689,-45.1369835383347,-0.5));
#10626=CARTESIAN_POINT('Ctrl Pts',(-48.4368152330433,-43.4870676909805,
-0.5));
#10627=CARTESIAN_POINT('',(-42.0728541286074,-48.4368152330433,-1.));
#10628=CARTESIAN_POINT('Ctrl Pts',(-48.4368152330433,-42.0728541286074,
-1.));
#10629=CARTESIAN_POINT('Ctrl Pts',(-46.315494864898,-44.1941744967527,-1.));
#10630=CARTESIAN_POINT('Ctrl Pts',(-44.1941744967527,-46.315494864898,-1.));
#10631=CARTESIAN_POINT('Ctrl Pts',(-42.0728541286074,-48.4368152330433,
-1.));
#10632=CARTESIAN_POINT('Ctrl Pts',(-42.0728541286074,-48.4368152330433,
-1.));
#10633=CARTESIAN_POINT('Ctrl Pts',(-42.0758379308262,-48.4368152330433,
-1.));
#10634=CARTESIAN_POINT('Ctrl Pts',(-42.0788217517255,-48.4368152330434,
-0.999996661346618));
#10635=CARTESIAN_POINT('Ctrl Pts',(-42.3891543535702,-48.4368152330412,
-0.999302168235334));
#10636=CARTESIAN_POINT('Ctrl Pts',(-42.6858176005556,-48.4368152330433,
-0.963485176950656));
#10637=CARTESIAN_POINT('Ctrl Pts',(-43.0764243828486,-48.4368152330433,
-0.858246438360277));
#10638=CARTESIAN_POINT('Ctrl Pts',(-43.1995941881289,-48.4368152330421,
-0.809089942184305));
#10639=CARTESIAN_POINT('Ctrl Pts',(-43.3396772674534,-48.4368152330423,
-0.724663716986097));
#10640=CARTESIAN_POINT('Ctrl Pts',(-43.3867588330912,-48.436815232987,-0.689891550896844));
#10641=CARTESIAN_POINT('Ctrl Pts',(-43.4435343219814,-48.4368152329939,
-0.62550073176181));
#10642=CARTESIAN_POINT('Ctrl Pts',(-43.4613339429209,-48.4368152329965,
-0.599306272092679));
#10643=CARTESIAN_POINT('Ctrl Pts',(-43.4820387592449,-48.436815232999,-0.54791298008534));
#10644=CARTESIAN_POINT('Ctrl Pts',(-43.4870676909805,-48.4368152330433,
-0.524349965064276));
#10645=CARTESIAN_POINT('Ctrl Pts',(-43.4870676909805,-48.4368152330433,
-0.5));
#10646=CARTESIAN_POINT('Ctrl Pts',(-43.7772199674948,-50.1411810719307,
-1.));
#10647=CARTESIAN_POINT('Ctrl Pts',(-43.209098021199,-49.5730591256349,-1.));
#10648=CARTESIAN_POINT('Ctrl Pts',(-42.6409760749032,-49.0049371793391,
-1.));
#10649=CARTESIAN_POINT('Ctrl Pts',(-42.0728541286074,-48.4368152330433,
-1.));
#10650=CARTESIAN_POINT('Ctrl Pts',(-43.8724580627329,-50.0459429766926,
-1.));
#10651=CARTESIAN_POINT('Ctrl Pts',(-43.3043361164371,-49.4778210303968,
-1.));
#10652=CARTESIAN_POINT('Ctrl Pts',(-42.7362141701413,-48.909699084101,-1.));
#10653=CARTESIAN_POINT('Ctrl Pts',(-42.1680922238455,-48.3415771378052,
-1.));
#10654=CARTESIAN_POINT('Ctrl Pts',(-44.0813589153832,-49.8370421240423,
-0.971808102952481));
#10655=CARTESIAN_POINT('Ctrl Pts',(-43.5132369690874,-49.2689201777464,
-0.971808102952481));
#10656=CARTESIAN_POINT('Ctrl Pts',(-42.9451150227916,-48.7007982314506,
-0.971808102952481));
#10657=CARTESIAN_POINT('Ctrl Pts',(-42.3769930764958,-48.1326762851548,
-0.971808102952481));
#10658=CARTESIAN_POINT('Ctrl Pts',(-44.3327132459915,-49.585687793434,-0.833290469373125));
#10659=CARTESIAN_POINT('Ctrl Pts',(-43.7645912996957,-49.0175658471382,
-0.833290469373125));
#10660=CARTESIAN_POINT('Ctrl Pts',(-43.1964693533999,-48.4494439008424,
-0.833290469373125));
#10661=CARTESIAN_POINT('Ctrl Pts',(-42.6283474071041,-47.8813219545466,
-0.833290469373125));
#10662=CARTESIAN_POINT('Ctrl Pts',(-44.46227438205,-49.4561266573755,-0.658220301677482));
#10663=CARTESIAN_POINT('Ctrl Pts',(-43.8941524357542,-48.8880047110797,
-0.658220301677482));
#10664=CARTESIAN_POINT('Ctrl Pts',(-43.3260304894584,-48.3198827647839,
-0.658220301677482));
#10665=CARTESIAN_POINT('Ctrl Pts',(-42.7579085431626,-47.7517608184881,
-0.658220301677482));
#10666=CARTESIAN_POINT('Ctrl Pts',(-44.4843267486813,-49.4340742907442,
-0.550507627227611));
#10667=CARTESIAN_POINT('Ctrl Pts',(-43.9162048023855,-48.8659523444484,
-0.550507627227611));
#10668=CARTESIAN_POINT('Ctrl Pts',(-43.3480828560897,-48.2978303981525,
-0.550507627227611));
#10669=CARTESIAN_POINT('Ctrl Pts',(-42.7799609097939,-47.7297084518567,
-0.550507627227611));
#10670=CARTESIAN_POINT('Ctrl Pts',(-44.4843267486813,-49.4340742907442,
-0.5));
#10671=CARTESIAN_POINT('Ctrl Pts',(-43.9162048023855,-48.8659523444484,
-0.5));
#10672=CARTESIAN_POINT('Ctrl Pts',(-43.3480828560897,-48.2978303981525,
-0.5));
#10673=CARTESIAN_POINT('Ctrl Pts',(-42.7799609097939,-47.7297084518567,
-0.5));
#10674=CARTESIAN_POINT('',(-44.4843267486813,-49.4340742907442,-0.5));
#10675=CARTESIAN_POINT('Ctrl Pts',(-44.4843267486813,-49.4340742907442,
-0.5));
#10676=CARTESIAN_POINT('Ctrl Pts',(-44.151907062781,-49.1016546048439,-0.5));
#10677=CARTESIAN_POINT('Ctrl Pts',(-43.8194873768807,-48.7692349189436,
-0.5));
#10678=CARTESIAN_POINT('Ctrl Pts',(-43.4870676909805,-48.4368152330433,
-0.5));
#10679=CARTESIAN_POINT('',(-43.0258543950639,-49.3898154994999,-1.));
#10680=CARTESIAN_POINT('Ctrl Pts',(-42.0728541286074,-48.4368152330433,
-1.));
#10681=CARTESIAN_POINT('Ctrl Pts',(-42.3905208840929,-48.7544819885288,
-1.));
#10682=CARTESIAN_POINT('Ctrl Pts',(-42.7081876395784,-49.0721487440143,
-1.));
#10683=CARTESIAN_POINT('Ctrl Pts',(-43.0258543950639,-49.3898154994998,
-1.));
#10684=CARTESIAN_POINT('Ctrl Pts',(-43.0258543950652,-49.3898154995013,
-1.));
#10685=CARTESIAN_POINT('Ctrl Pts',(-43.0289446656535,-49.3899217752988,
-0.999999999999998));
#10686=CARTESIAN_POINT('Ctrl Pts',(-43.0320349586162,-49.3900279717917,
-0.999996660915638));
#10687=CARTESIAN_POINT('Ctrl Pts',(-43.3625296541673,-49.4013767076485,
-0.99928237843643));
#10688=CARTESIAN_POINT('Ctrl Pts',(-43.6793093631129,-49.4112789748368,
-0.961111351897512));
#10689=CARTESIAN_POINT('Ctrl Pts',(-44.0807501935415,-49.4230598596965,
-0.851596096810408));
#10690=CARTESIAN_POINT('Ctrl Pts',(-44.2027263572427,-49.4264651408441,
-0.802592879658115));
#10691=CARTESIAN_POINT('Ctrl Pts',(-44.3404325802318,-49.4302343314526,
-0.719288621412133));
#10692=CARTESIAN_POINT('Ctrl Pts',(-44.3865429709558,-49.4314766589488,
-0.685174992174951));
#10693=CARTESIAN_POINT('Ctrl Pts',(-44.441967051685,-49.4329550242489,-0.622196181996385));
#10694=CARTESIAN_POINT('Ctrl Pts',(-44.4593014713695,-49.4334139373835,
-0.596659457536025));
#10695=CARTESIAN_POINT('Ctrl Pts',(-44.4794386645385,-49.4339457209442,
-0.546608876734946));
#10696=CARTESIAN_POINT('Ctrl Pts',(-44.4843267486813,-49.4340742907442,
-0.523688131030606));
#10697=CARTESIAN_POINT('Ctrl Pts',(-44.4843267486813,-49.4340742907442,
-0.5));
#10698=CARTESIAN_POINT('Ctrl Pts',(-25.8056134556286,-60.2050527899361,
-1.));
#10699=CARTESIAN_POINT('Ctrl Pts',(-32.3841004872946,-57.385324304822,-1.));
#10700=CARTESIAN_POINT('Ctrl Pts',(-38.4950746218211,-53.4783565900479,
-1.));
#10701=CARTESIAN_POINT('Ctrl Pts',(-43.8154146799401,-48.6907327512804,
-1.));
#10702=CARTESIAN_POINT('Ctrl Pts',(-25.8586752584364,-60.3288471139253,
-1.));
#10703=CARTESIAN_POINT('Ctrl Pts',(-32.4505919014678,-57.5033623116628,
-1.));
#10704=CARTESIAN_POINT('Ctrl Pts',(-38.5743072105324,-53.588248701247,-1.));
#10705=CARTESIAN_POINT('Ctrl Pts',(-43.9055084437162,-48.7908511976218,
-1.));
#10706=CARTESIAN_POINT('Ctrl Pts',(-25.9750640190099,-60.6003845885815,
-0.971808140171041));
#10707=CARTESIAN_POINT('Ctrl Pts',(-32.5967461762827,-57.762141432008,-0.971808140171041));
#10708=CARTESIAN_POINT('Ctrl Pts',(-38.7478511612187,-53.8295166070146,
-0.971808140171041));
#10709=CARTESIAN_POINT('Ctrl Pts',(-44.1031252027864,-49.0104566626383,
-0.971808140171041));
#10710=CARTESIAN_POINT('Ctrl Pts',(-26.1151059001128,-60.9271053007313,
-0.83329047176667));
#10711=CARTESIAN_POINT('Ctrl Pts',(-32.7724577448774,-58.0735730916155,
-0.83329047176667));
#10712=CARTESIAN_POINT('Ctrl Pts',(-38.9567808127127,-54.1197107397439,
-0.83329047176667));
#10713=CARTESIAN_POINT('Ctrl Pts',(-44.340902652613,-49.2746914759473,-0.83329047176667));
#10714=CARTESIAN_POINT('Ctrl Pts',(-26.1872907350508,-61.0955140688201,
-0.658220287281612));
#10715=CARTESIAN_POINT('Ctrl Pts',(-32.8630763206856,-58.2340806289246,
-0.658220287281612));
#10716=CARTESIAN_POINT('Ctrl Pts',(-39.064435362973,-54.2693265598392,-0.658220287281612));
#10717=CARTESIAN_POINT('Ctrl Pts',(-44.4634654590575,-49.4108917771242,
-0.658220287281612));
#10718=CARTESIAN_POINT('Ctrl Pts',(-26.199577241796,-61.1241787525705,-0.550507627227611));
#10719=CARTESIAN_POINT('Ctrl Pts',(-32.8784994277737,-58.2614008756805,
-0.550507627227611));
#10720=CARTESIAN_POINT('Ctrl Pts',(-39.082759932471,-54.2947917962953,-0.550507627227611));
#10721=CARTESIAN_POINT('Ctrl Pts',(-44.4843267486813,-49.4340742907442,
-0.550507627227611));
#10722=CARTESIAN_POINT('Ctrl Pts',(-26.199577241796,-61.1241787525705,-0.5));
#10723=CARTESIAN_POINT('Ctrl Pts',(-32.878495349228,-58.2614026238623,-0.5));
#10724=CARTESIAN_POINT('Ctrl Pts',(-39.0827632309878,-54.2947888280532,
-0.5));
#10725=CARTESIAN_POINT('Ctrl Pts',(-44.4843267486813,-49.4340742907442,
-0.5));
#10726=CARTESIAN_POINT('Ctrl Pts',(-26.2014569998565,-61.1233729997585,
-0.5));
#10727=CARTESIAN_POINT('Ctrl Pts',(-32.8796594628716,-58.2606583513431,
-0.5));
#10728=CARTESIAN_POINT('Ctrl Pts',(-39.0832699847312,-54.2943328146638,
-0.5));
#10729=CARTESIAN_POINT('Ctrl Pts',(-44.4843267486813,-49.4340742907442,
-0.5));
#10730=CARTESIAN_POINT('Ctrl Pts',(-43.0258096486128,-49.3897641449154,
-1.));
#10731=CARTESIAN_POINT('Ctrl Pts',(-37.8957176168233,-53.8577290723279,
-1.));
#10732=CARTESIAN_POINT('Ctrl Pts',(-32.0656565027954,-57.5208888013317,
-1.));
#10733=CARTESIAN_POINT('Ctrl Pts',(-25.8131049190827,-60.2018411768985,
-1.));
#10734=CARTESIAN_POINT('Ctrl Pts',(-4.50000005215405,-64.0000009685755,
-1.));
#10735=CARTESIAN_POINT('Ctrl Pts',(-4.50000005215405,-64.8034466442602,
-1.));
#10736=CARTESIAN_POINT('Ctrl Pts',(-4.50000005215405,-65.606892319945,-1.));
#10737=CARTESIAN_POINT('Ctrl Pts',(-4.50000005215405,-66.4103379956298,
-1.));
#10738=CARTESIAN_POINT('Ctrl Pts',(-4.36531304621376,-64.0000009685755,
-1.));
#10739=CARTESIAN_POINT('Ctrl Pts',(-4.36531304621376,-64.8034466442602,
-1.));
#10740=CARTESIAN_POINT('Ctrl Pts',(-4.36531304621376,-65.606892319945,-1.));
#10741=CARTESIAN_POINT('Ctrl Pts',(-4.36531304621376,-66.4103379956298,
-1.));
#10742=CARTESIAN_POINT('Ctrl Pts',(-4.06990496769023,-64.0000009685755,
-0.971810739309274));
#10743=CARTESIAN_POINT('Ctrl Pts',(-4.06990496769023,-64.8034466442602,
-0.971810739309274));
#10744=CARTESIAN_POINT('Ctrl Pts',(-4.06990496769023,-65.606892319945,-0.971810739309274));
#10745=CARTESIAN_POINT('Ctrl Pts',(-4.06990496769023,-66.4103379956298,
-0.971810739309274));
#10746=CARTESIAN_POINT('Ctrl Pts',(-3.71442108575178,-64.0000009685754,
-0.833290632007565));
#10747=CARTESIAN_POINT('Ctrl Pts',(-3.71442108575178,-64.8034466442602,
-0.833290632007565));
#10748=CARTESIAN_POINT('Ctrl Pts',(-3.71442108575178,-65.606892319945,-0.833290632007565));
#10749=CARTESIAN_POINT('Ctrl Pts',(-3.71442108575178,-66.4103379956298,
-0.833290632007565));
#10750=CARTESIAN_POINT('Ctrl Pts',(-3.53119626987822,-64.0000009685755,
-0.658219252103128));
#10751=CARTESIAN_POINT('Ctrl Pts',(-3.53119626987822,-64.8034466442602,
-0.658219252103128));
#10752=CARTESIAN_POINT('Ctrl Pts',(-3.53119626987822,-65.606892319945,-0.658219252103128));
#10753=CARTESIAN_POINT('Ctrl Pts',(-3.53119626987822,-66.4103379956298,
-0.658219252103128));
#10754=CARTESIAN_POINT('Ctrl Pts',(-3.50000005215405,-64.0000009685755,
-0.550507627227611));
#10755=CARTESIAN_POINT('Ctrl Pts',(-3.50000005215405,-64.8034466442602,
-0.550507627227611));
#10756=CARTESIAN_POINT('Ctrl Pts',(-3.50000005215405,-65.606892319945,-0.550507627227611));
#10757=CARTESIAN_POINT('Ctrl Pts',(-3.50000005215405,-66.4103379956298,
-0.550507627227611));
#10758=CARTESIAN_POINT('Ctrl Pts',(-3.50000005215405,-64.0000009685755,
-0.5));
#10759=CARTESIAN_POINT('Ctrl Pts',(-3.50000005215405,-64.8034466442602,
-0.5));
#10760=CARTESIAN_POINT('Ctrl Pts',(-3.50000005215405,-65.606892319945,-0.5));
#10761=CARTESIAN_POINT('Ctrl Pts',(-3.50000005215405,-66.4103379956298,
-0.5));
#10762=CARTESIAN_POINT('',(-3.50000005215405,-65.0000009685755,-0.5));
#10763=CARTESIAN_POINT('Ctrl Pts',(-3.50000005215405,-65.0000009685755,
-0.5));
#10764=CARTESIAN_POINT('Ctrl Pts',(-3.50000005215405,-65.4701133109269,
-0.5));
#10765=CARTESIAN_POINT('Ctrl Pts',(-3.50000005215405,-65.9402256532784,
-0.5));
#10766=CARTESIAN_POINT('Ctrl Pts',(-3.50000005215405,-66.4103379956298,
-0.5));
#10767=CARTESIAN_POINT('',(-4.50000005215405,-64.0000009685755,-1.));
#10768=CARTESIAN_POINT('Ctrl Pts',(-4.50000005215405,-65.3477465956101,
-1.));
#10769=CARTESIAN_POINT('Ctrl Pts',(-4.50000005215405,-64.8984980532652,
-1.));
#10770=CARTESIAN_POINT('Ctrl Pts',(-4.50000005215405,-64.4492495109203,
-1.));
#10771=CARTESIAN_POINT('Ctrl Pts',(-4.50000005215405,-64.0000009685755,
-1.));
#10772=CARTESIAN_POINT('Ctrl Pts',(-4.50000005215405,-64.0000009685755,
-1.));
#10773=CARTESIAN_POINT('Ctrl Pts',(-4.49789654111264,-64.0021044796169,
-1.));
#10774=CARTESIAN_POINT('Ctrl Pts',(-4.49579301698153,-64.0042080037479,
-0.999996681430974));
#10775=CARTESIAN_POINT('Ctrl Pts',(-4.27619172736612,-64.2238092933659,
-0.999303766165384));
#10776=CARTESIAN_POINT('Ctrl Pts',(-4.06626703996866,-64.4337339807609,
-0.963434235965862));
#10777=CARTESIAN_POINT('Ctrl Pts',(-3.79012863398977,-64.7098723867398,
-0.858116384675353));
#10778=CARTESIAN_POINT('Ctrl Pts',(-3.70314771095878,-64.7968533097722,
-0.808994999330221));
#10779=CARTESIAN_POINT('Ctrl Pts',(-3.60418510391101,-64.8958159168196,
-0.724626628345908));
#10780=CARTESIAN_POINT('Ctrl Pts',(-3.57091125838977,-64.9290897624178,
-0.689865858905035));
#10781=CARTESIAN_POINT('Ctrl Pts',(-3.5307790815127,-64.9692219392853,-0.625493096157954));
#10782=CARTESIAN_POINT('Ctrl Pts',(-3.51819505206709,-64.9818059687284,
-0.599301507114394));
#10783=CARTESIAN_POINT('Ctrl Pts',(-3.50355590780777,-64.9964451129842,
-0.547912087857799));
#10784=CARTESIAN_POINT('Ctrl Pts',(-3.50000005215405,-65.0000009685755,
-0.524349498701502));
#10785=CARTESIAN_POINT('Ctrl Pts',(-3.50000005215405,-65.0000009685755,
-0.5));
#10786=CARTESIAN_POINT('Ctrl Pts',(4.50000005215408,-64.0000009685755,-1.));
#10787=CARTESIAN_POINT('Ctrl Pts',(1.5000000173847,-64.0000009685755,-1.));
#10788=CARTESIAN_POINT('Ctrl Pts',(-1.50000001738467,-64.0000009685755,
-1.));
#10789=CARTESIAN_POINT('Ctrl Pts',(-4.50000005215405,-64.0000009685755,
-1.));
#10790=CARTESIAN_POINT('Ctrl Pts',(4.50000005215408,-64.1346879745158,-1.));
#10791=CARTESIAN_POINT('Ctrl Pts',(1.5000000173847,-64.1346879745158,-1.));
#10792=CARTESIAN_POINT('Ctrl Pts',(-1.50000001738467,-64.1346879745158,
-1.));
#10793=CARTESIAN_POINT('Ctrl Pts',(-4.50000005215405,-64.1346879745158,
-1.));
#10794=CARTESIAN_POINT('Ctrl Pts',(4.50000005215408,-64.4300938053579,-0.971811008356018));
#10795=CARTESIAN_POINT('Ctrl Pts',(1.5000000173847,-64.4300938053579,-0.971811008356018));
#10796=CARTESIAN_POINT('Ctrl Pts',(-1.50000001738467,-64.4300938053579,
-0.971811008356018));
#10797=CARTESIAN_POINT('Ctrl Pts',(-4.50000005215405,-64.4300938053579,
-0.971811008356018));
#10798=CARTESIAN_POINT('Ctrl Pts',(4.50000005215408,-64.7855792270353,-0.833290647846648));
#10799=CARTESIAN_POINT('Ctrl Pts',(1.5000000173847,-64.7855792270353,-0.833290647846648));
#10800=CARTESIAN_POINT('Ctrl Pts',(-1.50000001738467,-64.7855792270353,
-0.833290647846648));
#10801=CARTESIAN_POINT('Ctrl Pts',(-4.50000005215405,-64.7855792270353,
-0.833290647846648));
#10802=CARTESIAN_POINT('Ctrl Pts',(4.50000005215408,-64.9688038188229,-0.658219141609209));
#10803=CARTESIAN_POINT('Ctrl Pts',(1.5000000173847,-64.9688038188229,-0.658219141609209));
#10804=CARTESIAN_POINT('Ctrl Pts',(-1.50000001738467,-64.9688038188229,
-0.658219141609209));
#10805=CARTESIAN_POINT('Ctrl Pts',(-4.50000005215405,-64.9688038188229,
-0.658219141609209));
#10806=CARTESIAN_POINT('Ctrl Pts',(4.50000005215408,-65.0000009685755,-0.550507627227611));
#10807=CARTESIAN_POINT('Ctrl Pts',(1.5000000173847,-65.0000009685755,-0.550507627227611));
#10808=CARTESIAN_POINT('Ctrl Pts',(-1.50000001738467,-65.0000009685755,
-0.550507627227611));
#10809=CARTESIAN_POINT('Ctrl Pts',(-4.50000005215405,-65.0000009685755,
-0.550507627227611));
#10810=CARTESIAN_POINT('Ctrl Pts',(4.50000005215408,-65.0000009685755,-0.5));
#10811=CARTESIAN_POINT('Ctrl Pts',(1.5000000173847,-65.0000009685755,-0.5));
#10812=CARTESIAN_POINT('Ctrl Pts',(-1.50000001738467,-65.0000009685755,
-0.5));
#10813=CARTESIAN_POINT('Ctrl Pts',(-4.50000005215405,-65.0000009685755,
-0.5));
#10814=CARTESIAN_POINT('',(3.50000005215408,-65.0000009685755,-0.5));
#10815=CARTESIAN_POINT('Ctrl Pts',(3.50000005215408,-65.0000009685755,-0.5));
#10816=CARTESIAN_POINT('Ctrl Pts',(1.16666668405137,-65.0000009685755,-0.5));
#10817=CARTESIAN_POINT('Ctrl Pts',(-1.16666668405134,-65.0000009685755,
-0.5));
#10818=CARTESIAN_POINT('Ctrl Pts',(-3.50000005215405,-65.0000009685755,
-0.5));
#10819=CARTESIAN_POINT('',(4.50000005215408,-64.0000009685755,-1.));
#10820=CARTESIAN_POINT('Ctrl Pts',(-4.50000005215405,-64.0000009685755,
-1.));
#10821=CARTESIAN_POINT('Ctrl Pts',(-1.50000001738467,-64.0000009685755,
-1.));
#10822=CARTESIAN_POINT('Ctrl Pts',(1.5000000173847,-64.0000009685755,-1.));
#10823=CARTESIAN_POINT('Ctrl Pts',(4.50000005215408,-64.0000009685755,-1.));
#10824=CARTESIAN_POINT('Ctrl Pts',(4.50000005215408,-64.0000009685755,-1.));
#10825=CARTESIAN_POINT('Ctrl Pts',(4.49789102099746,-64.0021099997321,-1.));
#10826=CARTESIAN_POINT('Ctrl Pts',(4.49578197664761,-64.004219044082,-0.999996663990684));
#10827=CARTESIAN_POINT('Ctrl Pts',(4.27632228198599,-64.2236787387433,-0.999302378224502));
#10828=CARTESIAN_POINT('Ctrl Pts',(4.06652971088901,-64.4334713098406,-0.963478488936108));
#10829=CARTESIAN_POINT('Ctrl Pts',(3.79033719116947,-64.7096638295601,-0.858229362648443));
#10830=CARTESIAN_POINT('Ctrl Pts',(3.70325787084639,-64.7967431498814,-0.809077479953079));
#10831=CARTESIAN_POINT('Ctrl Pts',(3.60421613697598,-64.8957848837522,-0.724658854273513));
#10832=CARTESIAN_POINT('Ctrl Pts',(3.57092678343017,-64.92907423722,-0.689888182767465));
#10833=CARTESIAN_POINT('Ctrl Pts',(3.5307823063373,-64.9692187143226,-0.625499731409268));
#10834=CARTESIAN_POINT('Ctrl Pts',(3.51819636233955,-64.9818046583238,-0.599305647846919));
#10835=CARTESIAN_POINT('Ctrl Pts',(3.50355602602855,-64.9964449946384,-0.547912863229475));
#10836=CARTESIAN_POINT('Ctrl Pts',(3.50000005215408,-65.0000009685755,-0.524349903984273));
#10837=CARTESIAN_POINT('Ctrl Pts',(3.50000005215408,-65.0000009685755,-0.5));
#10838=CARTESIAN_POINT('Ctrl Pts',(4.50000005215408,-66.4103380015924,-1.));
#10839=CARTESIAN_POINT('Ctrl Pts',(4.50000005215408,-65.6068923239201,-1.));
#10840=CARTESIAN_POINT('Ctrl Pts',(4.50000005215408,-64.8034466462478,-1.));
#10841=CARTESIAN_POINT('Ctrl Pts',(4.50000005215408,-64.0000009685755,-1.));
#10842=CARTESIAN_POINT('Ctrl Pts',(4.36531304621378,-66.4103380015924,-1.));
#10843=CARTESIAN_POINT('Ctrl Pts',(4.36531304621378,-65.6068923239201,-1.));
#10844=CARTESIAN_POINT('Ctrl Pts',(4.36531304621378,-64.8034466462478,-1.));
#10845=CARTESIAN_POINT('Ctrl Pts',(4.36531304621378,-64.0000009685755,-1.));
#10846=CARTESIAN_POINT('Ctrl Pts',(4.06990496769025,-66.4103380015924,-0.971810739309274));
#10847=CARTESIAN_POINT('Ctrl Pts',(4.06990496769025,-65.6068923239201,-0.971810739309274));
#10848=CARTESIAN_POINT('Ctrl Pts',(4.06990496769025,-64.8034466462478,-0.971810739309274));
#10849=CARTESIAN_POINT('Ctrl Pts',(4.06990496769025,-64.0000009685755,-0.971810739309274));
#10850=CARTESIAN_POINT('Ctrl Pts',(3.71442108575181,-66.4103380015924,-0.833290632007565));
#10851=CARTESIAN_POINT('Ctrl Pts',(3.71442108575181,-65.6068923239201,-0.833290632007565));
#10852=CARTESIAN_POINT('Ctrl Pts',(3.71442108575181,-64.8034466462478,-0.833290632007565));
#10853=CARTESIAN_POINT('Ctrl Pts',(3.71442108575181,-64.0000009685755,-0.833290632007565));
#10854=CARTESIAN_POINT('Ctrl Pts',(3.53119626987825,-66.4103380015924,-0.658219252103129));
#10855=CARTESIAN_POINT('Ctrl Pts',(3.53119626987825,-65.6068923239201,-0.658219252103129));
#10856=CARTESIAN_POINT('Ctrl Pts',(3.53119626987825,-64.8034466462478,-0.658219252103129));
#10857=CARTESIAN_POINT('Ctrl Pts',(3.53119626987825,-64.0000009685755,-0.658219252103129));
#10858=CARTESIAN_POINT('Ctrl Pts',(3.50000005215408,-66.4103380015924,-0.550507627227611));
#10859=CARTESIAN_POINT('Ctrl Pts',(3.50000005215408,-65.6068923239201,-0.550507627227611));
#10860=CARTESIAN_POINT('Ctrl Pts',(3.50000005215408,-64.8034466462478,-0.550507627227611));
#10861=CARTESIAN_POINT('Ctrl Pts',(3.50000005215408,-64.0000009685755,-0.550507627227611));
#10862=CARTESIAN_POINT('Ctrl Pts',(3.50000005215408,-66.4103380015924,-0.5));
#10863=CARTESIAN_POINT('Ctrl Pts',(3.50000005215408,-65.6068923239201,-0.5));
#10864=CARTESIAN_POINT('Ctrl Pts',(3.50000005215408,-64.8034466462478,-0.5));
#10865=CARTESIAN_POINT('Ctrl Pts',(3.50000005215408,-64.0000009685755,-0.5));
#10866=CARTESIAN_POINT('',(3.50000005215408,-66.4103380015924,-0.5));
#10867=CARTESIAN_POINT('Ctrl Pts',(3.50000005215408,-66.4103380015924,-0.5));
#10868=CARTESIAN_POINT('Ctrl Pts',(3.50000005215408,-65.9402256572534,-0.5));
#10869=CARTESIAN_POINT('Ctrl Pts',(3.50000005215408,-65.4701133129145,-0.5));
#10870=CARTESIAN_POINT('Ctrl Pts',(3.50000005215408,-65.0000009685755,-0.5));
#10871=CARTESIAN_POINT('',(4.50000005215432,-65.347746603399,-1.));
#10872=CARTESIAN_POINT('Ctrl Pts',(4.50000005215408,-64.0000009685755,-1.));
#10873=CARTESIAN_POINT('Ctrl Pts',(4.50000005215408,-64.4492495135166,-1.));
#10874=CARTESIAN_POINT('Ctrl Pts',(4.50000005215408,-64.8984980584578,-1.));
#10875=CARTESIAN_POINT('Ctrl Pts',(4.50000005215408,-65.347746603399,-1.));
#10876=CARTESIAN_POINT('Ctrl Pts',(4.5000000521583,-65.3477466034568,-1.));
#10877=CARTESIAN_POINT('Ctrl Pts',(4.49788962607539,-65.3500073563871,-0.999999999999939));
#10878=CARTESIAN_POINT('Ctrl Pts',(4.49577912758304,-65.3522680695024,-0.999996659575286));
#10879=CARTESIAN_POINT('Ctrl Pts',(4.27011867935558,-65.5939773537462,-0.999282264893978));
#10880=CARTESIAN_POINT('Ctrl Pts',(4.05313299423186,-65.8249664257953,-0.961114565530513));
#10881=CARTESIAN_POINT('Ctrl Pts',(3.77759767535071,-66.1171627910859,-0.851604117363401));
#10882=CARTESIAN_POINT('Ctrl Pts',(3.69374856349946,-66.2058281021065,-0.802598657348056));
#10883=CARTESIAN_POINT('Ctrl Pts',(3.59903537030347,-66.3058720463684,-0.719290800007714));
#10884=CARTESIAN_POINT('Ctrl Pts',(3.5673078353341,-66.3393565555789,-0.685176494930766));
#10885=CARTESIAN_POINT('Ctrl Pts',(3.5291616480927,-66.3795935120462,-0.622196621871416));
#10886=CARTESIAN_POINT('Ctrl Pts',(3.51722873934169,-66.3921754288965,-0.596659731563831));
#10887=CARTESIAN_POINT('Ctrl Pts',(3.50336554456415,-66.4067906835701,-0.546608927542623));
#10888=CARTESIAN_POINT('Ctrl Pts',(3.50000005215408,-66.4103380015924,-0.523688157594915));
#10889=CARTESIAN_POINT('Ctrl Pts',(3.50000005215408,-66.4103380015924,-0.5));
#10890=CARTESIAN_POINT('Ctrl Pts',(43.8154144993698,-48.6907325517912,-1.));
#10891=CARTESIAN_POINT('Ctrl Pts',(39.0848294223712,-52.9476524156279,-1.));
#10892=CARTESIAN_POINT('Ctrl Pts',(26.5901725554472,-61.2640860820671,-1.));
#10893=CARTESIAN_POINT('Ctrl Pts',(11.920871373716,-64.9651480472626,-1.));
#10894=CARTESIAN_POINT('Ctrl Pts',(3.44737045456525,-65.4117238992197,-1.));
#10895=CARTESIAN_POINT('Ctrl Pts',(43.9055082618047,-48.7908509993395,-1.));
#10896=CARTESIAN_POINT('Ctrl Pts',(39.1652659611617,-53.0564611259012,-1.));
#10897=CARTESIAN_POINT('Ctrl Pts',(26.6448867649157,-61.3900065577107,-1.));
#10898=CARTESIAN_POINT('Ctrl Pts',(11.9452580726777,-65.0987367312903,-1.));
#10899=CARTESIAN_POINT('Ctrl Pts',(3.45445897748833,-65.546224242758,-1.));
#10900=CARTESIAN_POINT('Ctrl Pts',(44.1031250179328,-49.0104564670031,-0.971808140171075));
#10901=CARTESIAN_POINT('Ctrl Pts',(39.3414783579155,-53.2953277718566,-0.971808140171075));
#10902=CARTESIAN_POINT('Ctrl Pts',(26.7647756655527,-61.666370889384,-0.971808140171076));
#10903=CARTESIAN_POINT('Ctrl Pts',(11.9991462765243,-65.3917367844528,-0.971808140171075));
#10904=CARTESIAN_POINT('Ctrl Pts',(3.47000734474418,-65.8412449064513,-0.971808140171075));
#10905=CARTESIAN_POINT('Ctrl Pts',(44.3409024642198,-49.2746912834975,-0.833290471766672));
#10906=CARTESIAN_POINT('Ctrl Pts',(39.5536057581913,-53.5826443400998,-0.833290471766672));
#10907=CARTESIAN_POINT('Ctrl Pts',(26.9090874649635,-61.9988226488332,-0.833290471766672));
#10908=CARTESIAN_POINT('Ctrl Pts',(12.0637992422135,-65.7442916486041,-0.833290471766672));
#10909=CARTESIAN_POINT('Ctrl Pts',(3.48871553089432,-66.196221181689,-0.833290471766672));
#10910=CARTESIAN_POINT('Ctrl Pts',(44.4634652688397,-49.4108915863163,-0.658220287281599));
#10911=CARTESIAN_POINT('Ctrl Pts',(39.6629128733245,-53.7307730633922,-0.658220287281599));
#10912=CARTESIAN_POINT('Ctrl Pts',(26.9834539801257,-62.1702107754628,-0.658220287281599));
#10913=CARTESIAN_POINT('Ctrl Pts',(12.0971862163783,-65.9260134353439,-0.658220287281599));
#10914=CARTESIAN_POINT('Ctrl Pts',(3.49835869848534,-66.3791943296726,-0.658220287281599));
#10915=CARTESIAN_POINT('Ctrl Pts',(44.484326558153,-49.4340741002159,-0.550507627227611));
#10916=CARTESIAN_POINT('Ctrl Pts',(39.6815186356408,-53.755985262314,-0.550507627227611));
#10917=CARTESIAN_POINT('Ctrl Pts',(26.9961122268878,-62.1993820496763,-0.550507627227611));
#10918=CARTESIAN_POINT('Ctrl Pts',(12.1028677066838,-65.9569441814049,-0.550507627227611));
#10919=CARTESIAN_POINT('Ctrl Pts',(3.50000005215408,-66.4103380015924,-0.550507627227611));
#10920=CARTESIAN_POINT('Ctrl Pts',(44.484326558153,-49.4340741002159,-0.5));
#10921=CARTESIAN_POINT('Ctrl Pts',(39.6815215685199,-53.7559826230989,-0.5));
#10922=CARTESIAN_POINT('Ctrl Pts',(26.9961138721234,-62.1993798898211,-0.5));
#10923=CARTESIAN_POINT('Ctrl Pts',(12.1028624532629,-65.9569444582741,-0.5));
#10924=CARTESIAN_POINT('Ctrl Pts',(3.50000005215408,-66.4103380015924,-0.5));
#10925=CARTESIAN_POINT('',(44.484326558153,-49.4340741002159,-0.5));
#10926=CARTESIAN_POINT('Ctrl Pts',(44.484326558153,-49.4340741002159,-0.5));
#10927=CARTESIAN_POINT('Ctrl Pts',(39.6815215685199,-53.7559826230989,-0.5));
#10928=CARTESIAN_POINT('Ctrl Pts',(26.9961138721234,-62.1993798898211,-0.5));
#10929=CARTESIAN_POINT('Ctrl Pts',(12.1028624532629,-65.9569444582741,-0.5));
#10930=CARTESIAN_POINT('Ctrl Pts',(3.50000005215408,-66.4103380015924,-0.5));
#10931=CARTESIAN_POINT('',(43.0258541942398,-49.3898152986757,-1.));
#10932=CARTESIAN_POINT('Ctrl Pts',(4.4999928760863,-65.34764223083,-1.));
#10933=CARTESIAN_POINT('Ctrl Pts',(12.6141992039714,-64.7873274679284,-1.));
#10934=CARTESIAN_POINT('Ctrl Pts',(26.5399164896645,-61.15740910541,-1.));
#10935=CARTESIAN_POINT('Ctrl Pts',(38.4920381484598,-53.3388161426088,-1.));
#10936=CARTESIAN_POINT('Ctrl Pts',(43.0258275060007,-49.3897846696754,-1.));
#10937=CARTESIAN_POINT('Ctrl Pts',(43.0258541942396,-49.3898152986758,-1.));
#10938=CARTESIAN_POINT('Ctrl Pts',(43.0289450847923,-49.3899215958157,-0.999999999999998));
#10939=CARTESIAN_POINT('Ctrl Pts',(43.0320359977338,-49.3900278136193,-0.999996659575787));
#10940=CARTESIAN_POINT('Ctrl Pts',(43.3625163049567,-49.4013760542724,-0.999282264894018));
#10941=CARTESIAN_POINT('Ctrl Pts',(43.6792822932707,-49.4112779440004,-0.961114565541901));
#10942=CARTESIAN_POINT('Ctrl Pts',(44.0807292168244,-49.4230590827421,-0.851604117456218));
#10943=CARTESIAN_POINT('Ctrl Pts',(44.2027153351064,-49.4264646497893,-0.802598657438751));
#10944=CARTESIAN_POINT('Ctrl Pts',(44.3404294277199,-49.4302340599664,-0.719290800084164));
#10945=CARTESIAN_POINT('Ctrl Pts',(44.3865413063886,-49.4314764283499,-0.685176494997999));
#10946=CARTESIAN_POINT('Ctrl Pts',(44.4419665588553,-49.4329548254274,-0.622196621918685));
#10947=CARTESIAN_POINT('Ctrl Pts',(44.4593011582844,-49.4334137434491,-0.596659731601697));
#10948=CARTESIAN_POINT('Ctrl Pts',(44.4794384630172,-49.4339455300942,-0.546608927561326));
#10949=CARTESIAN_POINT('Ctrl Pts',(44.484326558153,-49.4340741002159,-0.523688157604402));
#10950=CARTESIAN_POINT('Ctrl Pts',(44.484326558153,-49.4340741002159,-0.5));
#10951=CARTESIAN_POINT('Ctrl Pts',(42.0728541286074,-48.4368152330433,-1.));
#10952=CARTESIAN_POINT('Ctrl Pts',(42.6409760113937,-49.0049371158297,-1.));
#10953=CARTESIAN_POINT('Ctrl Pts',(43.2090978941801,-49.573058998616,-1.));
#10954=CARTESIAN_POINT('Ctrl Pts',(43.7772197769665,-50.1411808814024,-1.));
#10955=CARTESIAN_POINT('Ctrl Pts',(42.1680922238455,-48.3415771378052,-1.));
#10956=CARTESIAN_POINT('Ctrl Pts',(42.7362141066318,-48.9096990205916,-1.));
#10957=CARTESIAN_POINT('Ctrl Pts',(43.3043359894182,-49.4778209033779,-1.));
#10958=CARTESIAN_POINT('Ctrl Pts',(43.8724578722046,-50.0459427861643,-1.));
#10959=CARTESIAN_POINT('Ctrl Pts',(42.3769930764956,-48.132676285155,-0.971808102952516));
#10960=CARTESIAN_POINT('Ctrl Pts',(42.945114959282,-48.7007981679414,-0.971808102952516));
#10961=CARTESIAN_POINT('Ctrl Pts',(43.5132368420684,-49.2689200507278,-0.971808102952516));
#10962=CARTESIAN_POINT('Ctrl Pts',(44.0813587248547,-49.8370419335141,-0.971808102952516));
#10963=CARTESIAN_POINT('Ctrl Pts',(42.628347407104,-47.8813219545466,-0.833290469373127));
#10964=CARTESIAN_POINT('Ctrl Pts',(43.1964692898904,-48.449443837333,-0.833290469373127));
#10965=CARTESIAN_POINT('Ctrl Pts',(43.7645911726768,-49.0175657201194,-0.833290469373127));
#10966=CARTESIAN_POINT('Ctrl Pts',(44.3327130554631,-49.5856876029057,-0.833290469373127));
#10967=CARTESIAN_POINT('Ctrl Pts',(42.7579085431625,-47.7517608184882,-0.658220301677469));
#10968=CARTESIAN_POINT('Ctrl Pts',(43.3260304259488,-48.3198827012746,-0.658220301677469));
#10969=CARTESIAN_POINT('Ctrl Pts',(43.8941523087352,-48.8880045840609,-0.658220301677469));
#10970=CARTESIAN_POINT('Ctrl Pts',(44.4622741915216,-49.4561264668473,-0.658220301677469));
#10971=CARTESIAN_POINT('Ctrl Pts',(42.7799609097939,-47.7297084518567,-0.550507627227611));
#10972=CARTESIAN_POINT('Ctrl Pts',(43.3480827925803,-48.2978303346431,-0.550507627227611));
#10973=CARTESIAN_POINT('Ctrl Pts',(43.9162046753667,-48.8659522174295,-0.550507627227611));
#10974=CARTESIAN_POINT('Ctrl Pts',(44.484326558153,-49.4340741002159,-0.550507627227611));
#10975=CARTESIAN_POINT('Ctrl Pts',(42.7799609097939,-47.7297084518567,-0.5));
#10976=CARTESIAN_POINT('Ctrl Pts',(43.3480827925803,-48.2978303346431,-0.5));
#10977=CARTESIAN_POINT('Ctrl Pts',(43.9162046753667,-48.8659522174295,-0.5));
#10978=CARTESIAN_POINT('Ctrl Pts',(44.484326558153,-49.4340741002159,-0.5));
#10979=CARTESIAN_POINT('',(43.4870676909805,-48.4368152330433,-0.5));
#10980=CARTESIAN_POINT('Ctrl Pts',(43.4870676909805,-48.4368152330433,-0.5));
#10981=CARTESIAN_POINT('Ctrl Pts',(43.8194873133713,-48.7692348554341,-0.5));
#10982=CARTESIAN_POINT('Ctrl Pts',(44.1519069357622,-49.101654477825,-0.5));
#10983=CARTESIAN_POINT('Ctrl Pts',(44.484326558153,-49.4340741002159,-0.5));
#10984=CARTESIAN_POINT('',(42.0728541286074,-48.4368152330433,-1.));
#10985=CARTESIAN_POINT('Ctrl Pts',(43.0258541942398,-49.3898152986757,-1.));
#10986=CARTESIAN_POINT('Ctrl Pts',(42.7081875056956,-49.0721486101315,-1.));
#10987=CARTESIAN_POINT('Ctrl Pts',(42.3905208171515,-48.7544819215874,-1.));
#10988=CARTESIAN_POINT('Ctrl Pts',(42.0728541286074,-48.4368152330433,-1.));
#10989=CARTESIAN_POINT('Ctrl Pts',(42.0728541286074,-48.4368152330433,-1.));
#10990=CARTESIAN_POINT('Ctrl Pts',(42.0758373826613,-48.4368152330433,-1.));
#10991=CARTESIAN_POINT('Ctrl Pts',(42.0788206553849,-48.4368152330433,-0.999996662573218));
#10992=CARTESIAN_POINT('Ctrl Pts',(42.3891672991468,-48.4368152330431,-0.999302265636572));
#10993=CARTESIAN_POINT('Ctrl Pts',(42.6858436501651,-48.4368152330433,-0.963482075022724));
#10994=CARTESIAN_POINT('Ctrl Pts',(43.0764450635878,-48.4368152330433,-0.858238518538927));
#10995=CARTESIAN_POINT('Ctrl Pts',(43.1996051054222,-48.4368152330445,-0.809084162256134));
#10996=CARTESIAN_POINT('Ctrl Pts',(43.3396803388847,-48.4368152330442,-0.724661461890411));
#10997=CARTESIAN_POINT('Ctrl Pts',(43.3867603692688,-48.4368152330995,-0.689889988931604));
#10998=CARTESIAN_POINT('Ctrl Pts',(43.4435346408406,-48.4368152330926,-0.625500267873936));
#10999=CARTESIAN_POINT('Ctrl Pts',(43.4613340724679,-48.4368152330901,-0.599305982615525));
#11000=CARTESIAN_POINT('Ctrl Pts',(43.4820387709353,-48.4368152330876,-0.547912925897827));
#11001=CARTESIAN_POINT('Ctrl Pts',(43.4870676909805,-48.4368152330433,-0.524349936740719));
#11002=CARTESIAN_POINT('Ctrl Pts',(43.4870676909805,-48.4368152330433,-0.5));
#11003=CARTESIAN_POINT('Ctrl Pts',(48.4368152330433,-42.0728541286074,-1.));
#11004=CARTESIAN_POINT('Ctrl Pts',(46.315494864898,-44.1941744967527,-1.));
#11005=CARTESIAN_POINT('Ctrl Pts',(44.1941744967527,-46.315494864898,-1.));
#11006=CARTESIAN_POINT('Ctrl Pts',(42.0728541286074,-48.4368152330433,-1.));
#11007=CARTESIAN_POINT('Ctrl Pts',(48.5320533282814,-42.1680922238455,-1.));
#11008=CARTESIAN_POINT('Ctrl Pts',(46.4107329601361,-44.2894125919908,-1.));
#11009=CARTESIAN_POINT('Ctrl Pts',(44.2894125919908,-46.4107329601361,-1.));
#11010=CARTESIAN_POINT('Ctrl Pts',(42.1680922238455,-48.5320533282814,-1.));
#11011=CARTESIAN_POINT('Ctrl Pts',(48.7409528434942,-42.3769917390583,-0.971808323524366));
#11012=CARTESIAN_POINT('Ctrl Pts',(46.6196324753489,-44.4983121072036,-0.971808323524366));
#11013=CARTESIAN_POINT('Ctrl Pts',(44.4983121072036,-46.6196324753489,-0.971808323524366));
#11014=CARTESIAN_POINT('Ctrl Pts',(42.3769917390583,-48.7409528434942,-0.971808323524366));
#11015=CARTESIAN_POINT('Ctrl Pts',(48.9923080766571,-42.6283469722212,-0.833290483516123));
#11016=CARTESIAN_POINT('Ctrl Pts',(46.8709877085118,-44.7496673403665,-0.833290483516123));
#11017=CARTESIAN_POINT('Ctrl Pts',(44.7496673403665,-46.8709877085118,-0.833290483516123));
#11018=CARTESIAN_POINT('Ctrl Pts',(42.6283469722212,-48.9923080766571,-0.833290483516123));
#11019=CARTESIAN_POINT('Ctrl Pts',(49.12186907144,-42.757907967004,-0.658220216184674));
#11020=CARTESIAN_POINT('Ctrl Pts',(47.0005487032947,-44.8792283351493,-0.658220216184674));
#11021=CARTESIAN_POINT('Ctrl Pts',(44.8792283351493,-47.0005487032947,-0.658220216184674));
#11022=CARTESIAN_POINT('Ctrl Pts',(42.757907967004,-49.12186907144,-0.658220216184674));
#11023=CARTESIAN_POINT('Ctrl Pts',(49.1439220142298,-42.7799609097939,-0.550507627227611));
#11024=CARTESIAN_POINT('Ctrl Pts',(47.0226016460845,-44.9012812779392,-0.550507627227611));
#11025=CARTESIAN_POINT('Ctrl Pts',(44.9012812779392,-47.0226016460845,-0.550507627227611));
#11026=CARTESIAN_POINT('Ctrl Pts',(42.7799609097939,-49.1439220142298,-0.550507627227611));
#11027=CARTESIAN_POINT('Ctrl Pts',(49.1439220142298,-42.7799609097939,-0.5));
#11028=CARTESIAN_POINT('Ctrl Pts',(47.0226016460845,-44.9012812779392,-0.5));
#11029=CARTESIAN_POINT('Ctrl Pts',(44.9012812779392,-47.0226016460845,-0.5));
#11030=CARTESIAN_POINT('Ctrl Pts',(42.7799609097939,-49.1439220142298,-0.5));
#11031=CARTESIAN_POINT('',(48.4368152330433,-43.4870676909805,-0.5));
#11032=CARTESIAN_POINT('Ctrl Pts',(48.4368152330433,-43.4870676909805,-0.5));
#11033=CARTESIAN_POINT('Ctrl Pts',(46.786899385689,-45.1369835383347,-0.5));
#11034=CARTESIAN_POINT('Ctrl Pts',(45.1369835383347,-46.786899385689,-0.5));
#11035=CARTESIAN_POINT('Ctrl Pts',(43.4870676909805,-48.4368152330433,-0.5));
#11036=CARTESIAN_POINT('',(48.4368152330433,-42.0728541286074,-1.));
#11037=CARTESIAN_POINT('Ctrl Pts',(42.0728541286074,-48.4368152330433,-1.));
#11038=CARTESIAN_POINT('Ctrl Pts',(44.1941744967527,-46.315494864898,-1.));
#11039=CARTESIAN_POINT('Ctrl Pts',(46.315494864898,-44.1941744967527,-1.));
#11040=CARTESIAN_POINT('Ctrl Pts',(48.4368152330433,-42.0728541286074,-1.));
#11041=CARTESIAN_POINT('Ctrl Pts',(48.4368152330433,-42.0728541286074,-1.));
#11042=CARTESIAN_POINT('Ctrl Pts',(48.4368152330433,-42.0758379308262,-1.));
#11043=CARTESIAN_POINT('Ctrl Pts',(48.4368152330434,-42.0788217517254,-0.999996661346618));
#11044=CARTESIAN_POINT('Ctrl Pts',(48.4368152330405,-42.3891543535787,-0.999302168235322));
#11045=CARTESIAN_POINT('Ctrl Pts',(48.4368152330433,-42.6858176005614,-0.963485176949091));
#11046=CARTESIAN_POINT('Ctrl Pts',(48.4368152330433,-43.0764243828464,-0.858246438360872));
#11047=CARTESIAN_POINT('Ctrl Pts',(48.436815233042,-43.1995941881275,-0.809089942185163));
#11048=CARTESIAN_POINT('Ctrl Pts',(48.4368152330423,-43.3396772674533,-0.724663716986131));
#11049=CARTESIAN_POINT('Ctrl Pts',(48.436815232987,-43.3867588330912,-0.689891550896859));
#11050=CARTESIAN_POINT('Ctrl Pts',(48.4368152329939,-43.4435343219816,-0.625500731761667));
#11051=CARTESIAN_POINT('Ctrl Pts',(48.4368152329964,-43.4613339429209,-0.599306272092618));
#11052=CARTESIAN_POINT('Ctrl Pts',(48.436815232999,-43.4820387592448,-0.547912980085424));
#11053=CARTESIAN_POINT('Ctrl Pts',(48.4368152330433,-43.4870676909805,-0.524349965064315));
#11054=CARTESIAN_POINT('Ctrl Pts',(48.4368152330433,-43.4870676909805,-0.5));
#11055=CARTESIAN_POINT('Ctrl Pts',(50.141180873503,-43.7772197690671,-1.));
#11056=CARTESIAN_POINT('Ctrl Pts',(49.5730589933498,-43.2090978889139,-1.));
#11057=CARTESIAN_POINT('Ctrl Pts',(49.0049371131965,-42.6409760087606,-1.));
#11058=CARTESIAN_POINT('Ctrl Pts',(48.4368152330433,-42.0728541286073,-1.));
#11059=CARTESIAN_POINT('Ctrl Pts',(50.0459427782649,-43.8724578643052,-1.));
#11060=CARTESIAN_POINT('Ctrl Pts',(49.4778208981117,-43.3043359841519,-1.));
#11061=CARTESIAN_POINT('Ctrl Pts',(48.9096990179584,-42.7362141039987,-1.));
#11062=CARTESIAN_POINT('Ctrl Pts',(48.3415771378052,-42.1680922238454,-1.));
#11063=CARTESIAN_POINT('Ctrl Pts',(49.8370419256148,-44.0813587169553,-0.971808102952516));
#11064=CARTESIAN_POINT('Ctrl Pts',(49.2689200454615,-43.5132368368021,-0.971808102952516));
#11065=CARTESIAN_POINT('Ctrl Pts',(48.7007981653082,-42.9451149566488,-0.971808102952516));
#11066=CARTESIAN_POINT('Ctrl Pts',(48.132676285155,-42.3769930764956,-0.971808102952516));
#11067=CARTESIAN_POINT('Ctrl Pts',(49.5856875950064,-44.3327130475638,-0.833290469373127));
#11068=CARTESIAN_POINT('Ctrl Pts',(49.0175657148531,-43.7645911674105,-0.833290469373127));
#11069=CARTESIAN_POINT('Ctrl Pts',(48.4494438346999,-43.1964692872573,-0.833290469373127));
#11070=CARTESIAN_POINT('Ctrl Pts',(47.8813219545466,-42.628347407104,-0.833290469373127));
#11071=CARTESIAN_POINT('Ctrl Pts',(49.4561264589479,-44.4622741836222,-0.658220301677468));
#11072=CARTESIAN_POINT('Ctrl Pts',(48.8880045787947,-43.8941523034689,-0.658220301677468));
#11073=CARTESIAN_POINT('Ctrl Pts',(48.3198826986414,-43.3260304233157,-0.658220301677468));
#11074=CARTESIAN_POINT('Ctrl Pts',(47.7517608184881,-42.7579085431624,-0.658220301677468));
#11075=CARTESIAN_POINT('Ctrl Pts',(49.4340740923165,-44.4843265502537,-0.550507627227611));
#11076=CARTESIAN_POINT('Ctrl Pts',(48.8659522121632,-43.9162046701004,-0.550507627227611));
#11077=CARTESIAN_POINT('Ctrl Pts',(48.29783033201,-43.3480827899471,-0.550507627227611));
#11078=CARTESIAN_POINT('Ctrl Pts',(47.7297084518567,-42.7799609097939,-0.550507627227611));
#11079=CARTESIAN_POINT('Ctrl Pts',(49.4340740923165,-44.4843265502537,-0.5));
#11080=CARTESIAN_POINT('Ctrl Pts',(48.8659522121632,-43.9162046701004,-0.5));
#11081=CARTESIAN_POINT('Ctrl Pts',(48.29783033201,-43.3480827899471,-0.5));
#11082=CARTESIAN_POINT('Ctrl Pts',(47.7297084518567,-42.7799609097939,-0.5));
#11083=CARTESIAN_POINT('',(49.4340740923165,-44.4843265502537,-0.5));
#11084=CARTESIAN_POINT('Ctrl Pts',(49.4340740923165,-44.4843265502537,-0.5));
#11085=CARTESIAN_POINT('Ctrl Pts',(49.1016544725587,-44.1519069304959,-0.5));
#11086=CARTESIAN_POINT('Ctrl Pts',(48.769234852801,-43.8194873107382,-0.5));
#11087=CARTESIAN_POINT('Ctrl Pts',(48.4368152330433,-43.4870676909805,-0.5));
#11088=CARTESIAN_POINT('',(49.3898152883527,-43.0258541839164,-1.));
#11089=CARTESIAN_POINT('Ctrl Pts',(48.4368152330433,-42.0728541286073,-1.));
#11090=CARTESIAN_POINT('Ctrl Pts',(48.7544819181463,-42.3905208137104,-1.));
#11091=CARTESIAN_POINT('Ctrl Pts',(49.0721486032494,-42.7081874988135,-1.));
#11092=CARTESIAN_POINT('Ctrl Pts',(49.3898152883525,-43.0258541839166,-1.));
#11093=CARTESIAN_POINT('Ctrl Pts',(49.3898152883964,-43.0258541839545,-1.));
#11094=CARTESIAN_POINT('Ctrl Pts',(49.3899215855335,-43.0289450742804,-0.999999999999939));
#11095=CARTESIAN_POINT('Ctrl Pts',(49.3900278033161,-43.0320359876544,-0.999996659575286));
#11096=CARTESIAN_POINT('Ctrl Pts',(49.4013760445349,-43.3625162956621,-0.999282264893048));
#11097=CARTESIAN_POINT('Ctrl Pts',(49.4112779348055,-43.6792822850982,-0.961114565428924));
#11098=CARTESIAN_POINT('Ctrl Pts',(49.42305907421,-44.0807292093614,-0.851604117056148));
#11099=CARTESIAN_POINT('Ctrl Pts',(49.4264646414499,-44.2027153275686,-0.802598657047));
#11100=CARTESIAN_POINT('Ctrl Pts',(49.430234051843,-44.3404294200376,-0.719290799756319));
#11101=CARTESIAN_POINT('Ctrl Pts',(49.4314764202986,-44.3865412986461,-0.685176494709632));
#11102=CARTESIAN_POINT('Ctrl Pts',(49.4329548174623,-44.4419665510289,-0.622196621716109));
#11103=CARTESIAN_POINT('Ctrl Pts',(49.433413735511,-44.459301150429,-0.596659731439349));
#11104=CARTESIAN_POINT('Ctrl Pts',(49.4339455221873,-44.4794384551266,-0.546608927481269));
#11105=CARTESIAN_POINT('Ctrl Pts',(49.4340740923165,-44.4843265502537,-0.523688157563783));
#11106=CARTESIAN_POINT('Ctrl Pts',(49.4340740923165,-44.4843265502537,-0.5));
#11107=CARTESIAN_POINT('Ctrl Pts',(65.4117237571146,-3.44737045681907,-1.));
#11108=CARTESIAN_POINT('Ctrl Pts',(65.0767918829505,-9.80249613820217,-1.));
#11109=CARTESIAN_POINT('Ctrl Pts',(62.1223419539203,-24.518159362622,-1.));
#11110=CARTESIAN_POINT('Ctrl Pts',(54.3666256656046,-37.5079677150655,-1.));
#11111=CARTESIAN_POINT('Ctrl Pts',(48.6907325417567,-43.8154144938431,-1.));
#11112=CARTESIAN_POINT('Ctrl Pts',(65.546224100669,-3.45445897943859,-1.));
#11113=CARTESIAN_POINT('Ctrl Pts',(65.210608481902,-9.82255829283435,-1.));
#11114=CARTESIAN_POINT('Ctrl Pts',(62.2500699647723,-24.5685097960449,-1.));
#11115=CARTESIAN_POINT('Ctrl Pts',(54.47833113035,-37.5851851789689,-1.));
#11116=CARTESIAN_POINT('Ctrl Pts',(48.7908509895927,-43.9055082559584,-1.));
#11117=CARTESIAN_POINT('Ctrl Pts',(65.8412447643973,-3.47000734602859,-0.971808140171077));
#11118=CARTESIAN_POINT('Ctrl Pts',(65.5041136877993,-9.8668615368314,-0.971808140171077));
#11119=CARTESIAN_POINT('Ctrl Pts',(62.5302633126073,-24.6791546338659,-0.971808140171076));
#11120=CARTESIAN_POINT('Ctrl Pts',(54.7236181695737,-37.754262788521,-0.971808140171077));
#11121=CARTESIAN_POINT('Ctrl Pts',(49.010456457887,-44.1031250113855,-0.971808140171077));
#11122=CARTESIAN_POINT('Ctrl Pts',(66.1962210396772,-3.48871553137756,-0.833290471766672));
#11123=CARTESIAN_POINT('Ctrl Pts',(65.8572739048447,-9.92002830679129,-0.833290471766672));
#11124=CARTESIAN_POINT('Ctrl Pts',(62.8673860583421,-24.8121896747548,-0.833290471766672));
#11125=CARTESIAN_POINT('Ctrl Pts',(55.018628655674,-37.9578401725651,-0.833290471766672));
#11126=CARTESIAN_POINT('Ctrl Pts',(49.2746912751404,-44.3409024568292,-0.833290471766672));
#11127=CARTESIAN_POINT('Ctrl Pts',(66.3791941876825,-3.49835869855562,-0.658220287281598));
#11128=CARTESIAN_POINT('Ctrl Pts',(66.0393085319587,-9.9474793288774,-0.658220287281598));
#11129=CARTESIAN_POINT('Ctrl Pts',(63.041160832186,-24.8807943138017,-0.658220287281598));
#11130=CARTESIAN_POINT('Ctrl Pts',(55.1707335194372,-38.0627287240749,-0.658220287281598));
#11131=CARTESIAN_POINT('Ctrl Pts',(49.4108915783503,-44.4634652610143,-0.658220287281598));
#11132=CARTESIAN_POINT('Ctrl Pts',(66.4103378596061,-3.50000005215406,-0.550507627227611));
#11133=CARTESIAN_POINT('Ctrl Pts',(66.0702925094952,-9.95215078494957,-0.550507627227611));
#11134=CARTESIAN_POINT('Ctrl Pts',(63.0707387701429,-24.8924707874319,-0.550507627227611));
#11135=CARTESIAN_POINT('Ctrl Pts',(55.1966222800864,-38.0805826439803,-0.550507627227611));
#11136=CARTESIAN_POINT('Ctrl Pts',(49.4340740923165,-44.4843265502537,-0.550507627227611));
#11137=CARTESIAN_POINT('Ctrl Pts',(66.4103378596061,-3.50000005215406,-0.5));
#11138=CARTESIAN_POINT('Ctrl Pts',(66.0702927171471,-9.95214684488393,-0.5));
#11139=CARTESIAN_POINT('Ctrl Pts',(63.0707384062519,-24.8924680968264,-0.5));
#11140=CARTESIAN_POINT('Ctrl Pts',(55.1966187611329,-38.0805865544858,-0.5));
#11141=CARTESIAN_POINT('Ctrl Pts',(49.4340740923165,-44.4843265502537,-0.5));
#11142=CARTESIAN_POINT('',(66.4103378596061,-3.50000005215406,-0.5));
#11143=CARTESIAN_POINT('Ctrl Pts',(66.4103378596061,-3.50000005215406,-0.5));
#11144=CARTESIAN_POINT('Ctrl Pts',(66.0702927171471,-9.95214684488393,-0.5));
#11145=CARTESIAN_POINT('Ctrl Pts',(63.0707384062519,-24.8924680968264,-0.5));
#11146=CARTESIAN_POINT('Ctrl Pts',(55.1966187611329,-38.0805865544858,-0.5));
#11147=CARTESIAN_POINT('Ctrl Pts',(49.4340740923165,-44.4843265502537,-0.5));
#11148=CARTESIAN_POINT('',(65.3477464638371,-4.50000005215406,-1.));
#11149=CARTESIAN_POINT('Ctrl Pts',(49.3897364115547,-43.0257854556116,-1.));
#11150=CARTESIAN_POINT('Ctrl Pts',(54.7311443380151,-36.8919727649354,-1.));
#11151=CARTESIAN_POINT('Ctrl Pts',(62.0113735359578,-24.4782637528819,-1.));
#11152=CARTESIAN_POINT('Ctrl Pts',(64.9342196786591,-10.4982573908779,-1.));
#11153=CARTESIAN_POINT('Ctrl Pts',(65.3477059344288,-4.49999726561517,-1.));
#11154=CARTESIAN_POINT('Ctrl Pts',(65.3477464638371,-4.50000005215423,-1.));
#11155=CARTESIAN_POINT('Ctrl Pts',(65.3500072169316,-4.49788962591318,-0.999999999999997));
#11156=CARTESIAN_POINT('Ctrl Pts',(65.3522679297586,-4.49577912774107,-0.999996659575787));
#11157=CARTESIAN_POINT('Ctrl Pts',(65.5939772133336,-4.27011867961853,-0.999282264894792));
#11158=CARTESIAN_POINT('Ctrl Pts',(65.8249662845623,-4.05313299477245,-0.961114565622065));
#11159=CARTESIAN_POINT('Ctrl Pts',(66.1171626491968,-3.7775976758862,-0.85160411764664));
#11160=CARTESIAN_POINT('Ctrl Pts',(66.2058279601588,-3.69374856390082,-0.802598657625569));
#11161=CARTESIAN_POINT('Ctrl Pts',(66.3058719043855,-3.59903537052401,-0.719290800239548));
#11162=CARTESIAN_POINT('Ctrl Pts',(66.3393564135902,-3.5673078354885,-0.685176495134678));
#11163=CARTESIAN_POINT('Ctrl Pts',(66.3795933700563,-3.529161648162,-0.622196622014646));
#11164=CARTESIAN_POINT('Ctrl Pts',(66.3921752869076,-3.51722873938307,-0.596659731678624));
#11165=CARTESIAN_POINT('Ctrl Pts',(66.4067905415833,-3.50336554457227,-0.546608927599136));
#11166=CARTESIAN_POINT('Ctrl Pts',(66.4103378596061,-3.50000005215406,-0.523688157623592));
#11167=CARTESIAN_POINT('Ctrl Pts',(66.4103378596061,-3.50000005215406,-0.5));
#11168=CARTESIAN_POINT('Ctrl Pts',(64.0000009685755,-4.50000005215406,-1.));
#11169=CARTESIAN_POINT('Ctrl Pts',(64.803446598919,-4.50000005215406,-1.));
#11170=CARTESIAN_POINT('Ctrl Pts',(65.6068922292626,-4.50000005215406,-1.));
#11171=CARTESIAN_POINT('Ctrl Pts',(66.4103378596061,-4.50000005215406,-1.));
#11172=CARTESIAN_POINT('Ctrl Pts',(64.0000009685755,-4.36531304621377,-1.));
#11173=CARTESIAN_POINT('Ctrl Pts',(64.803446598919,-4.36531304621377,-1.));
#11174=CARTESIAN_POINT('Ctrl Pts',(65.6068922292626,-4.36531304621377,-1.));
#11175=CARTESIAN_POINT('Ctrl Pts',(66.4103378596061,-4.36531304621377,-1.));
#11176=CARTESIAN_POINT('Ctrl Pts',(64.0000009685755,-4.06990496769041,-0.971810739309294));
#11177=CARTESIAN_POINT('Ctrl Pts',(64.803446598919,-4.06990496769041,-0.971810739309294));
#11178=CARTESIAN_POINT('Ctrl Pts',(65.6068922292626,-4.06990496769041,-0.971810739309294));
#11179=CARTESIAN_POINT('Ctrl Pts',(66.4103378596061,-4.06990496769041,-0.971810739309294));
#11180=CARTESIAN_POINT('Ctrl Pts',(64.0000009685755,-3.71442108575185,-0.833290632007567));
#11181=CARTESIAN_POINT('Ctrl Pts',(64.8034465989191,-3.71442108575185,-0.833290632007567));
#11182=CARTESIAN_POINT('Ctrl Pts',(65.6068922292626,-3.71442108575185,-0.833290632007567));
#11183=CARTESIAN_POINT('Ctrl Pts',(66.4103378596061,-3.71442108575185,-0.833290632007567));
#11184=CARTESIAN_POINT('Ctrl Pts',(64.0000009685755,-3.53119626987831,-0.65821925210312));
#11185=CARTESIAN_POINT('Ctrl Pts',(64.803446598919,-3.53119626987831,-0.65821925210312));
#11186=CARTESIAN_POINT('Ctrl Pts',(65.6068922292626,-3.53119626987831,-0.65821925210312));
#11187=CARTESIAN_POINT('Ctrl Pts',(66.4103378596061,-3.53119626987831,-0.65821925210312));
#11188=CARTESIAN_POINT('Ctrl Pts',(64.0000009685755,-3.50000005215406,-0.550507627227611));
#11189=CARTESIAN_POINT('Ctrl Pts',(64.803446598919,-3.50000005215406,-0.550507627227611));
#11190=CARTESIAN_POINT('Ctrl Pts',(65.6068922292626,-3.50000005215406,-0.550507627227611));
#11191=CARTESIAN_POINT('Ctrl Pts',(66.4103378596061,-3.50000005215406,-0.550507627227611));
#11192=CARTESIAN_POINT('Ctrl Pts',(64.0000009685755,-3.50000005215406,-0.5));
#11193=CARTESIAN_POINT('Ctrl Pts',(64.803446598919,-3.50000005215406,-0.5));
#11194=CARTESIAN_POINT('Ctrl Pts',(65.6068922292626,-3.50000005215406,-0.5));
#11195=CARTESIAN_POINT('Ctrl Pts',(66.4103378596061,-3.50000005215406,-0.5));
#11196=CARTESIAN_POINT('',(65.0000009685755,-3.50000005215406,-0.5));
#11197=CARTESIAN_POINT('Ctrl Pts',(65.0000009685755,-3.50000005215406,-0.5));
#11198=CARTESIAN_POINT('Ctrl Pts',(65.4701132655857,-3.50000005215406,-0.5));
#11199=CARTESIAN_POINT('Ctrl Pts',(65.9402255625959,-3.50000005215406,-0.5));
#11200=CARTESIAN_POINT('Ctrl Pts',(66.4103378596061,-3.50000005215406,-0.5));
#11201=CARTESIAN_POINT('',(64.0000009685755,-4.50000005215406,-1.));
#11202=CARTESIAN_POINT('Ctrl Pts',(65.3477464638371,-4.50000005215406,-1.));
#11203=CARTESIAN_POINT('Ctrl Pts',(64.8984979654166,-4.50000005215406,-1.));
#11204=CARTESIAN_POINT('Ctrl Pts',(64.449249466996,-4.50000005215406,-1.));
#11205=CARTESIAN_POINT('Ctrl Pts',(64.0000009685755,-4.50000005215406,-1.));
#11206=CARTESIAN_POINT('Ctrl Pts',(64.0000009685755,-4.50000005215406,-1.));
#11207=CARTESIAN_POINT('Ctrl Pts',(64.0021044796168,-4.4978965411128,-1.));
#11208=CARTESIAN_POINT('Ctrl Pts',(64.0042080037478,-4.49579301698171,-0.999996681430974));
#11209=CARTESIAN_POINT('Ctrl Pts',(64.2238092933688,-4.27619172736104,-0.999303766165401));
#11210=CARTESIAN_POINT('Ctrl Pts',(64.4337339807673,-4.06626703996226,-0.963434235964604));
#11211=CARTESIAN_POINT('Ctrl Pts',(64.7098723867443,-3.79012863398527,-0.858116384672922));
#11212=CARTESIAN_POINT('Ctrl Pts',(64.7968533097746,-3.70314771095641,-0.808994999328428));
#11213=CARTESIAN_POINT('Ctrl Pts',(64.8958159168202,-3.60418510391044,-0.724626628345283));
#11214=CARTESIAN_POINT('Ctrl Pts',(64.9290897624181,-3.57091125838947,-0.689865858904584));
#11215=CARTESIAN_POINT('Ctrl Pts',(64.9692219392855,-3.53077908151254,-0.625493096157648));
#11216=CARTESIAN_POINT('Ctrl Pts',(64.9818059687284,-3.51819505206706,-0.599301507114235));
#11217=CARTESIAN_POINT('Ctrl Pts',(64.9964451129841,-3.50355590780782,-0.547912087857933));
#11218=CARTESIAN_POINT('Ctrl Pts',(65.0000009685755,-3.50000005215406,-0.524349498701563));
#11219=CARTESIAN_POINT('Ctrl Pts',(65.0000009685755,-3.50000005215406,-0.5));
#11220=CARTESIAN_POINT('Ctrl Pts',(64.0000009685755,4.50000005215407,-1.));
#11221=CARTESIAN_POINT('Ctrl Pts',(64.0000009685755,1.50000001738469,-1.));
#11222=CARTESIAN_POINT('Ctrl Pts',(64.0000009685755,-1.50000001738469,-1.));
#11223=CARTESIAN_POINT('Ctrl Pts',(64.0000009685755,-4.50000005215407,-1.));
#11224=CARTESIAN_POINT('Ctrl Pts',(64.1346879745158,4.50000005215407,-1.));
#11225=CARTESIAN_POINT('Ctrl Pts',(64.1346879745158,1.50000001738469,-1.));
#11226=CARTESIAN_POINT('Ctrl Pts',(64.1346879745158,-1.50000001738469,-1.));
#11227=CARTESIAN_POINT('Ctrl Pts',(64.1346879745158,-4.50000005215407,-1.));
#11228=CARTESIAN_POINT('Ctrl Pts',(64.4300938053579,4.50000005215407,-0.971811008356019));
#11229=CARTESIAN_POINT('Ctrl Pts',(64.4300938053579,1.50000001738469,-0.971811008356019));
#11230=CARTESIAN_POINT('Ctrl Pts',(64.4300938053579,-1.50000001738469,-0.971811008356019));
#11231=CARTESIAN_POINT('Ctrl Pts',(64.4300938053579,-4.50000005215407,-0.971811008356019));
#11232=CARTESIAN_POINT('Ctrl Pts',(64.7855792270353,4.50000005215407,-0.833290647846648));
#11233=CARTESIAN_POINT('Ctrl Pts',(64.7855792270353,1.50000001738469,-0.833290647846648));
#11234=CARTESIAN_POINT('Ctrl Pts',(64.7855792270353,-1.50000001738469,-0.833290647846648));
#11235=CARTESIAN_POINT('Ctrl Pts',(64.7855792270353,-4.50000005215407,-0.833290647846648));
#11236=CARTESIAN_POINT('Ctrl Pts',(64.9688038188229,4.50000005215407,-0.658219141609209));
#11237=CARTESIAN_POINT('Ctrl Pts',(64.9688038188229,1.50000001738469,-0.658219141609209));
#11238=CARTESIAN_POINT('Ctrl Pts',(64.9688038188229,-1.50000001738469,-0.658219141609209));
#11239=CARTESIAN_POINT('Ctrl Pts',(64.9688038188229,-4.50000005215407,-0.658219141609209));
#11240=CARTESIAN_POINT('Ctrl Pts',(65.0000009685755,4.50000005215407,-0.550507627227611));
#11241=CARTESIAN_POINT('Ctrl Pts',(65.0000009685755,1.50000001738469,-0.550507627227611));
#11242=CARTESIAN_POINT('Ctrl Pts',(65.0000009685755,-1.50000001738469,-0.550507627227611));
#11243=CARTESIAN_POINT('Ctrl Pts',(65.0000009685755,-4.50000005215407,-0.550507627227611));
#11244=CARTESIAN_POINT('Ctrl Pts',(65.0000009685755,4.50000005215407,-0.5));
#11245=CARTESIAN_POINT('Ctrl Pts',(65.0000009685755,1.50000001738469,-0.5));
#11246=CARTESIAN_POINT('Ctrl Pts',(65.0000009685755,-1.50000001738469,-0.5));
#11247=CARTESIAN_POINT('Ctrl Pts',(65.0000009685755,-4.50000005215407,-0.5));
#11248=CARTESIAN_POINT('',(65.0000009685755,3.50000005215406,-0.5));
#11249=CARTESIAN_POINT('Ctrl Pts',(65.0000009685755,3.50000005215406,-0.5));
#11250=CARTESIAN_POINT('Ctrl Pts',(65.0000009685755,1.16666668405135,-0.5));
#11251=CARTESIAN_POINT('Ctrl Pts',(65.0000009685755,-1.16666668405136,-0.5));
#11252=CARTESIAN_POINT('Ctrl Pts',(65.0000009685755,-3.50000005215407,-0.5));
#11253=CARTESIAN_POINT('',(64.0000009685755,4.50000005215406,-1.));
#11254=CARTESIAN_POINT('Ctrl Pts',(64.0000009685755,-4.50000005215407,-1.));
#11255=CARTESIAN_POINT('Ctrl Pts',(64.0000009685755,-1.50000001738469,-1.));
#11256=CARTESIAN_POINT('Ctrl Pts',(64.0000009685755,1.50000001738469,-1.));
#11257=CARTESIAN_POINT('Ctrl Pts',(64.0000009685755,4.50000005215407,-1.));
#11258=CARTESIAN_POINT('Ctrl Pts',(64.0000009685755,4.50000005215407,-1.));
#11259=CARTESIAN_POINT('Ctrl Pts',(64.0021099997321,4.49789102099745,-1.));
#11260=CARTESIAN_POINT('Ctrl Pts',(64.004219044082,4.49578197664754,-0.999996663990684));
#11261=CARTESIAN_POINT('Ctrl Pts',(64.2236787387435,4.27632228198578,-0.999302378224502));
#11262=CARTESIAN_POINT('Ctrl Pts',(64.4334713098407,4.06652971088888,-0.96347848893606));
#11263=CARTESIAN_POINT('Ctrl Pts',(64.7096638295602,3.79033719116937,-0.858229362648412));
#11264=CARTESIAN_POINT('Ctrl Pts',(64.7967431498815,3.70325787084632,-0.809077479953031));
#11265=CARTESIAN_POINT('Ctrl Pts',(64.8957848837522,3.60421613697602,-0.724658854273558));
#11266=CARTESIAN_POINT('Ctrl Pts',(64.92907423722,3.57092678343016,-0.689888182767484));
#11267=CARTESIAN_POINT('Ctrl Pts',(64.9692187143227,3.53078230633726,-0.625499731409228));
#11268=CARTESIAN_POINT('Ctrl Pts',(64.9818046583238,3.51819636233954,-0.599305647846903));
#11269=CARTESIAN_POINT('Ctrl Pts',(64.9964449946384,3.50355602602853,-0.547912863229442));
#11270=CARTESIAN_POINT('Ctrl Pts',(65.0000009685755,3.50000005215406,-0.524349903984259));
#11271=CARTESIAN_POINT('Ctrl Pts',(65.0000009685755,3.50000005215406,-0.5));
#11272=CARTESIAN_POINT('Ctrl Pts',(66.4103378443086,4.50000005215406,-1.));
#11273=CARTESIAN_POINT('Ctrl Pts',(65.6068922190642,4.50000005215406,-1.));
#11274=CARTESIAN_POINT('Ctrl Pts',(64.8034465938198,4.50000005215406,-1.));
#11275=CARTESIAN_POINT('Ctrl Pts',(64.0000009685755,4.50000005215406,-1.));
#11276=CARTESIAN_POINT('Ctrl Pts',(66.4103378443086,4.36531304621377,-1.));
#11277=CARTESIAN_POINT('Ctrl Pts',(65.6068922190642,4.36531304621377,-1.));
#11278=CARTESIAN_POINT('Ctrl Pts',(64.8034465938198,4.36531304621377,-1.));
#11279=CARTESIAN_POINT('Ctrl Pts',(64.0000009685755,4.36531304621377,-1.));
#11280=CARTESIAN_POINT('Ctrl Pts',(66.4103378443086,4.06990496769043,-0.971810739309297));
#11281=CARTESIAN_POINT('Ctrl Pts',(65.6068922190642,4.06990496769043,-0.971810739309297));
#11282=CARTESIAN_POINT('Ctrl Pts',(64.8034465938199,4.06990496769043,-0.971810739309297));
#11283=CARTESIAN_POINT('Ctrl Pts',(64.0000009685755,4.06990496769043,-0.971810739309297));
#11284=CARTESIAN_POINT('Ctrl Pts',(66.4103378443086,3.71442108575185,-0.833290632007566));
#11285=CARTESIAN_POINT('Ctrl Pts',(65.6068922190642,3.71442108575185,-0.833290632007566));
#11286=CARTESIAN_POINT('Ctrl Pts',(64.8034465938198,3.71442108575185,-0.833290632007566));
#11287=CARTESIAN_POINT('Ctrl Pts',(64.0000009685755,3.71442108575185,-0.833290632007566));
#11288=CARTESIAN_POINT('Ctrl Pts',(66.4103378443086,3.53119626987831,-0.658219252103119));
#11289=CARTESIAN_POINT('Ctrl Pts',(65.6068922190642,3.53119626987831,-0.658219252103119));
#11290=CARTESIAN_POINT('Ctrl Pts',(64.8034465938199,3.53119626987831,-0.658219252103119));
#11291=CARTESIAN_POINT('Ctrl Pts',(64.0000009685755,3.53119626987831,-0.658219252103119));
#11292=CARTESIAN_POINT('Ctrl Pts',(66.4103378443086,3.50000005215406,-0.550507627227611));
#11293=CARTESIAN_POINT('Ctrl Pts',(65.6068922190642,3.50000005215406,-0.550507627227611));
#11294=CARTESIAN_POINT('Ctrl Pts',(64.8034465938198,3.50000005215406,-0.550507627227611));
#11295=CARTESIAN_POINT('Ctrl Pts',(64.0000009685755,3.50000005215406,-0.550507627227611));
#11296=CARTESIAN_POINT('Ctrl Pts',(66.4103378443086,3.50000005215406,-0.5));
#11297=CARTESIAN_POINT('Ctrl Pts',(65.6068922190642,3.50000005215406,-0.5));
#11298=CARTESIAN_POINT('Ctrl Pts',(64.8034465938198,3.50000005215406,-0.5));
#11299=CARTESIAN_POINT('Ctrl Pts',(64.0000009685755,3.50000005215406,-0.5));
#11300=CARTESIAN_POINT('',(66.4103378443086,3.50000005215406,-0.5));
#11301=CARTESIAN_POINT('Ctrl Pts',(66.4103378443086,3.50000005215406,-0.5));
#11302=CARTESIAN_POINT('Ctrl Pts',(65.9402255523975,3.50000005215406,-0.5));
#11303=CARTESIAN_POINT('Ctrl Pts',(65.4701132604865,3.50000005215406,-0.5));
#11304=CARTESIAN_POINT('Ctrl Pts',(65.0000009685755,3.50000005215406,-0.5));
#11305=CARTESIAN_POINT('',(65.3477464426116,4.50000005215431,-1.));
#11306=CARTESIAN_POINT('Ctrl Pts',(64.0000009685755,4.50000005215406,-1.));
#11307=CARTESIAN_POINT('Ctrl Pts',(64.4492494599208,4.50000005215406,-1.));
#11308=CARTESIAN_POINT('Ctrl Pts',(64.8984979512662,4.50000005215406,-1.));
#11309=CARTESIAN_POINT('Ctrl Pts',(65.3477464426116,4.50000005215406,-1.));
#11310=CARTESIAN_POINT('Ctrl Pts',(65.3477464426694,4.50000005215829,-1.));
#11311=CARTESIAN_POINT('Ctrl Pts',(65.3500071956076,4.49788962607492,-0.999999999999939));
#11312=CARTESIAN_POINT('Ctrl Pts',(65.3522679087294,4.49577912758353,-0.999996659575288));
#11313=CARTESIAN_POINT('Ctrl Pts',(65.5939771943374,4.27011867881838,-0.999282264892274));
#11314=CARTESIAN_POINT('Ctrl Pts',(65.8249662675314,4.05313299333261,-0.961114565353451));
#11315=CARTESIAN_POINT('Ctrl Pts',(66.1171626336607,3.77759767456616,-0.851604116948616));
#11316=CARTESIAN_POINT('Ctrl Pts',(66.2058279447667,3.6937485629109,-0.802598656941174));
#11317=CARTESIAN_POINT('Ctrl Pts',(66.3058718890795,3.59903536997992,-0.719290799667654));
#11318=CARTESIAN_POINT('Ctrl Pts',(66.3393563982986,3.56730783510748,-0.685176494631528));
#11319=CARTESIAN_POINT('Ctrl Pts',(66.3795933547676,3.52916164799098,-0.622196621661203));
#11320=CARTESIAN_POINT('Ctrl Pts',(66.3921752716165,3.51722873928089,-0.5966597313953));
#11321=CARTESIAN_POINT('Ctrl Pts',(66.4067905262871,3.50336554455218,-0.546608927459545));
#11322=CARTESIAN_POINT('Ctrl Pts',(66.4103378443086,3.50000005215407,-0.52368815755276));
#11323=CARTESIAN_POINT('Ctrl Pts',(66.4103378443086,3.50000005215407,-0.5));
#11324=CARTESIAN_POINT('Ctrl Pts',(48.6907324340043,43.8154143858873,-1.));
#11325=CARTESIAN_POINT('Ctrl Pts',(52.9476522704933,39.0848293102826,-1.));
#11326=CARTESIAN_POINT('Ctrl Pts',(61.2640858888534,26.5901724697738,-1.));
#11327=CARTESIAN_POINT('Ctrl Pts',(64.9651478634217,11.9208713431887,-1.));
#11328=CARTESIAN_POINT('Ctrl Pts',(65.4117237421103,3.44737045125502,-1.));
#11329=CARTESIAN_POINT('Ctrl Pts',(48.7908508818273,43.9055081480171,-1.));
#11330=CARTESIAN_POINT('Ctrl Pts',(53.0564609809304,39.1652658488317,-1.));
#11331=CARTESIAN_POINT('Ctrl Pts',(61.3900063644536,26.6448866792181,-1.));
#11332=CARTESIAN_POINT('Ctrl Pts',(65.098736547377,11.9452580424314,-1.));
#11333=CARTESIAN_POINT('Ctrl Pts',(65.5462240856252,3.45445897462395,-1.));
#11334=CARTESIAN_POINT('Ctrl Pts',(49.0104563500931,44.1031249034757,-0.971808140171096));
#11335=CARTESIAN_POINT('Ctrl Pts',(53.2953276272426,39.3414782450577,-0.971808140171096));
#11336=CARTESIAN_POINT('Ctrl Pts',(61.6663706960301,26.764775579802,-0.971808140171096));
#11337=CARTESIAN_POINT('Ctrl Pts',(65.3917366003796,11.9991462468906,-0.971808140171097));
#11338=CARTESIAN_POINT('Ctrl Pts',(65.8412447492667,3.47000734285772,-0.971808140171096));
#11339=CARTESIAN_POINT('Ctrl Pts',(49.2746911673123,44.3409023489575,-0.833290471766673));
#11340=CARTESIAN_POINT('Ctrl Pts',(53.5826441959164,39.5536056446978,-0.833290471766673));
#11341=CARTESIAN_POINT('Ctrl Pts',(61.9988224553638,26.909087379149,-0.833290471766673));
#11342=CARTESIAN_POINT('Ctrl Pts',(65.7442914643395,12.0637992133185,-0.833290471766674));
#11343=CARTESIAN_POINT('Ctrl Pts',(66.1962210244425,3.48871553018454,-0.833290471766674));
#11344=CARTESIAN_POINT('Ctrl Pts',(49.4108914705046,44.4634651531622,-0.658220287281591));
#11345=CARTESIAN_POINT('Ctrl Pts',(53.7307729194304,39.6629127595035,-0.658220287281591));
#11346=CARTESIAN_POINT('Ctrl Pts',(62.1702105819337,26.9834538942783,-0.658220287281591));
#11347=CARTESIAN_POINT('Ctrl Pts',(65.9260132509803,12.0971861878636,-0.658220287281591));
#11348=CARTESIAN_POINT('Ctrl Pts',(66.3791941723941,3.49835869838209,-0.658220287281591));
#11349=CARTESIAN_POINT('Ctrl Pts',(49.4340739844678,44.4843264424049,-0.550507627227611));
#11350=CARTESIAN_POINT('Ctrl Pts',(53.7559851183899,39.6815185217641,-0.550507627227611));
#11351=CARTESIAN_POINT('Ctrl Pts',(62.1993818561371,26.9961121410349,-0.550507627227611));
#11352=CARTESIAN_POINT('Ctrl Pts',(65.9569439970245,12.1028676782339,-0.550507627227611));
#11353=CARTESIAN_POINT('Ctrl Pts',(66.4103378443086,3.50000005215407,-0.550507627227611));
#11354=CARTESIAN_POINT('Ctrl Pts',(49.4340739844678,44.4843264424049,-0.5));
#11355=CARTESIAN_POINT('Ctrl Pts',(53.7559824791749,39.6815214546432,-0.5));
#11356=CARTESIAN_POINT('Ctrl Pts',(62.1993796962819,26.9961137862705,-0.5));
#11357=CARTESIAN_POINT('Ctrl Pts',(65.9569442738937,12.102862424813,-0.5));
#11358=CARTESIAN_POINT('Ctrl Pts',(66.4103378443086,3.50000005215407,-0.5));
#11359=CARTESIAN_POINT('',(49.4340739844678,44.484326442405,-0.5));
#11360=CARTESIAN_POINT('Ctrl Pts',(49.4340739844678,44.4843264424049,-0.5));
#11361=CARTESIAN_POINT('Ctrl Pts',(53.7559824791749,39.6815214546432,-0.5));
#11362=CARTESIAN_POINT('Ctrl Pts',(62.1993796962819,26.9961137862705,-0.5));
#11363=CARTESIAN_POINT('Ctrl Pts',(65.9569442738937,12.102862424813,-0.5));
#11364=CARTESIAN_POINT('Ctrl Pts',(66.4103378443086,3.50000005215407,-0.5));
#11365=CARTESIAN_POINT('',(49.3898151806527,43.0258540762168,-1.));
#11366=CARTESIAN_POINT('Ctrl Pts',(65.3476420700446,4.4999928760861,-1.));
#11367=CARTESIAN_POINT('Ctrl Pts',(64.7873272825246,12.614199175266,-1.));
#11368=CARTESIAN_POINT('Ctrl Pts',(61.1574089128357,26.5399164044353,-1.));
#11369=CARTESIAN_POINT('Ctrl Pts',(53.3388159976052,38.492038034007,-1.));
#11370=CARTESIAN_POINT('Ctrl Pts',(49.389784551653,43.0258273879784,-1.));
#11371=CARTESIAN_POINT('Ctrl Pts',(49.3898151806529,43.0258540762167,-1.));
#11372=CARTESIAN_POINT('Ctrl Pts',(49.3899214777976,43.0289449667733,-0.999999999999997));
#11373=CARTESIAN_POINT('Ctrl Pts',(49.3900276956059,43.0320358797212,-0.999996659575786));
#11374=CARTESIAN_POINT('Ctrl Pts',(49.4013759367886,43.3625161878511,-0.999282264893175));
#11375=CARTESIAN_POINT('Ctrl Pts',(49.4112778270244,43.6792821772366,-0.96111456544294));
#11376=CARTESIAN_POINT('Ctrl Pts',(49.4230589663922,44.0807291014935,-0.851604117075186));
#11377=CARTESIAN_POINT('Ctrl Pts',(49.4264645336222,44.2027152197039,-0.802598657065051));
#11378=CARTESIAN_POINT('Ctrl Pts',(49.4302339440047,44.3404293121789,-0.719290799771539));
#11379=CARTESIAN_POINT('Ctrl Pts',(49.4314763124569,44.3865411907902,-0.685176494722885));
#11380=CARTESIAN_POINT('Ctrl Pts',(49.4329547096166,44.4419664431768,-0.622196621725375));
#11381=CARTESIAN_POINT('Ctrl Pts',(49.433413627664,44.4593010425783,-0.596659731446728));
#11382=CARTESIAN_POINT('Ctrl Pts',(49.4339454143389,44.4794383472775,-0.546608927484788));
#11383=CARTESIAN_POINT('Ctrl Pts',(49.4340739844678,44.484326442405,-0.523688157565572));
#11384=CARTESIAN_POINT('Ctrl Pts',(49.4340739844678,44.484326442405,-0.5));
#11385=CARTESIAN_POINT('Ctrl Pts',(48.4368152330433,42.0728541286074,-1.));
#11386=CARTESIAN_POINT('Ctrl Pts',(49.004937077247,42.640975972811,-1.));
#11387=CARTESIAN_POINT('Ctrl Pts',(49.5730589214506,43.2090978170147,-1.));
#11388=CARTESIAN_POINT('Ctrl Pts',(50.1411807656543,43.7772196612184,-1.));
#11389=CARTESIAN_POINT('Ctrl Pts',(48.3415771378052,42.1680922238455,-1.));
#11390=CARTESIAN_POINT('Ctrl Pts',(48.9096989820089,42.7362140680491,-1.));
#11391=CARTESIAN_POINT('Ctrl Pts',(49.4778208262125,43.3043359122528,-1.));
#11392=CARTESIAN_POINT('Ctrl Pts',(50.0459426704162,43.8724577564565,-1.));
#11393=CARTESIAN_POINT('Ctrl Pts',(48.1326762851551,42.3769930764955,-0.971808102952536));
#11394=CARTESIAN_POINT('Ctrl Pts',(48.7007981293588,42.9451149206992,-0.971808102952536));
#11395=CARTESIAN_POINT('Ctrl Pts',(49.2689199735625,43.5132367649029,-0.971808102952536));
#11396=CARTESIAN_POINT('Ctrl Pts',(49.8370418177662,44.0813586091066,-0.971808102952536));
#11397=CARTESIAN_POINT('Ctrl Pts',(47.8813219545466,42.628347407104,-0.833290469373128));
#11398=CARTESIAN_POINT('Ctrl Pts',(48.4494437987503,43.1964692513077,-0.833290469373128));
#11399=CARTESIAN_POINT('Ctrl Pts',(49.017565642954,43.7645910955113,-0.833290469373128));
#11400=CARTESIAN_POINT('Ctrl Pts',(49.5856874871577,44.332712939715,-0.833290469373128));
#11401=CARTESIAN_POINT('Ctrl Pts',(47.7517608184882,42.7579085431624,-0.658220301677461));
#11402=CARTESIAN_POINT('Ctrl Pts',(48.3198826626919,43.3260303873661,-0.658220301677461));
#11403=CARTESIAN_POINT('Ctrl Pts',(48.8880045068956,43.8941522315698,-0.658220301677461));
#11404=CARTESIAN_POINT('Ctrl Pts',(49.4561263510993,44.4622740757735,-0.658220301677461));
#11405=CARTESIAN_POINT('Ctrl Pts',(47.7297084518567,42.7799609097939,-0.550507627227611));
#11406=CARTESIAN_POINT('Ctrl Pts',(48.2978302960604,43.3480827539976,-0.550507627227611));
#11407=CARTESIAN_POINT('Ctrl Pts',(48.8659521402641,43.9162045982013,-0.550507627227611));
#11408=CARTESIAN_POINT('Ctrl Pts',(49.4340739844678,44.484326442405,-0.550507627227611));
#11409=CARTESIAN_POINT('Ctrl Pts',(47.7297084518567,42.7799609097939,-0.5));
#11410=CARTESIAN_POINT('Ctrl Pts',(48.2978302960604,43.3480827539976,-0.5));
#11411=CARTESIAN_POINT('Ctrl Pts',(48.8659521402641,43.9162045982013,-0.5));
#11412=CARTESIAN_POINT('Ctrl Pts',(49.4340739844678,44.484326442405,-0.5));
#11413=CARTESIAN_POINT('',(48.4368152330433,43.4870676909805,-0.5));
#11414=CARTESIAN_POINT('Ctrl Pts',(48.4368152330433,43.4870676909805,-0.5));
#11415=CARTESIAN_POINT('Ctrl Pts',(48.7692348168515,43.8194872747886,-0.5));
#11416=CARTESIAN_POINT('Ctrl Pts',(49.1016544006596,44.1519068585968,-0.5));
#11417=CARTESIAN_POINT('Ctrl Pts',(49.4340739844678,44.484326442405,-0.5));
#11418=CARTESIAN_POINT('',(48.4368152330433,42.0728541286074,-1.));
#11419=CARTESIAN_POINT('Ctrl Pts',(49.3898151806527,43.0258540762168,-1.));
#11420=CARTESIAN_POINT('Ctrl Pts',(49.0721485314496,42.7081874270137,-1.));
#11421=CARTESIAN_POINT('Ctrl Pts',(48.7544818822464,42.3905207778105,-1.));
#11422=CARTESIAN_POINT('Ctrl Pts',(48.4368152330433,42.0728541286074,-1.));
#11423=CARTESIAN_POINT('Ctrl Pts',(48.4368152330433,42.0728541286074,-1.));
#11424=CARTESIAN_POINT('Ctrl Pts',(48.4368152330433,42.0758373826612,-1.));
#11425=CARTESIAN_POINT('Ctrl Pts',(48.4368152330432,42.0788206553851,-0.999996662573218));
#11426=CARTESIAN_POINT('Ctrl Pts',(48.4368152330458,42.389167299141,-0.99930226563658));
#11427=CARTESIAN_POINT('Ctrl Pts',(48.4368152330433,42.6858436501616,-0.963482075023769));
#11428=CARTESIAN_POINT('Ctrl Pts',(48.4368152330433,43.0764450635879,-0.858238518538832));
#11429=CARTESIAN_POINT('Ctrl Pts',(48.4368152330445,43.1996051054222,-0.809084162256169));
#11430=CARTESIAN_POINT('Ctrl Pts',(48.4368152330443,43.3396803388849,-0.724661461890309));
#11431=CARTESIAN_POINT('Ctrl Pts',(48.4368152330995,43.3867603692689,-0.689889988931543));
#11432=CARTESIAN_POINT('Ctrl Pts',(48.4368152330926,43.4435346408406,-0.625500267873947));
#11433=CARTESIAN_POINT('Ctrl Pts',(48.4368152330901,43.4613340724679,-0.599305982615529));
#11434=CARTESIAN_POINT('Ctrl Pts',(48.4368152330876,43.4820387709353,-0.547912925897828));
#11435=CARTESIAN_POINT('Ctrl Pts',(48.4368152330433,43.4870676909805,-0.524349936740719));
#11436=CARTESIAN_POINT('Ctrl Pts',(48.4368152330433,43.4870676909805,-0.5));
#11437=CARTESIAN_POINT('Ctrl Pts',(42.0728541286074,48.4368152330433,-1.));
#11438=CARTESIAN_POINT('Ctrl Pts',(44.1941744967527,46.315494864898,-1.));
#11439=CARTESIAN_POINT('Ctrl Pts',(46.315494864898,44.1941744967527,-1.));
#11440=CARTESIAN_POINT('Ctrl Pts',(48.4368152330433,42.0728541286074,-1.));
#11441=CARTESIAN_POINT('Ctrl Pts',(42.1680922238455,48.5320533282814,-1.));
#11442=CARTESIAN_POINT('Ctrl Pts',(44.2894125919908,46.4107329601361,-1.));
#11443=CARTESIAN_POINT('Ctrl Pts',(46.4107329601361,44.2894125919908,-1.));
#11444=CARTESIAN_POINT('Ctrl Pts',(48.5320533282814,42.1680922238455,-1.));
#11445=CARTESIAN_POINT('Ctrl Pts',(42.3769917390583,48.7409528434942,-0.971808323524366));
#11446=CARTESIAN_POINT('Ctrl Pts',(44.4983121072036,46.6196324753489,-0.971808323524366));
#11447=CARTESIAN_POINT('Ctrl Pts',(46.6196324753489,44.4983121072036,-0.971808323524366));
#11448=CARTESIAN_POINT('Ctrl Pts',(48.7409528434942,42.3769917390583,-0.971808323524366));
#11449=CARTESIAN_POINT('Ctrl Pts',(42.6283469722212,48.9923080766571,-0.833290483516123));
#11450=CARTESIAN_POINT('Ctrl Pts',(44.7496673403665,46.8709877085118,-0.833290483516123));
#11451=CARTESIAN_POINT('Ctrl Pts',(46.8709877085118,44.7496673403665,-0.833290483516123));
#11452=CARTESIAN_POINT('Ctrl Pts',(48.9923080766571,42.6283469722212,-0.833290483516123));
#11453=CARTESIAN_POINT('Ctrl Pts',(42.757907967004,49.12186907144,-0.658220216184674));
#11454=CARTESIAN_POINT('Ctrl Pts',(44.8792283351493,47.0005487032947,-0.658220216184674));
#11455=CARTESIAN_POINT('Ctrl Pts',(47.0005487032947,44.8792283351493,-0.658220216184674));
#11456=CARTESIAN_POINT('Ctrl Pts',(49.12186907144,42.757907967004,-0.658220216184674));
#11457=CARTESIAN_POINT('Ctrl Pts',(42.7799609097939,49.1439220142298,-0.550507627227611));
#11458=CARTESIAN_POINT('Ctrl Pts',(44.9012812779392,47.0226016460845,-0.550507627227611));
#11459=CARTESIAN_POINT('Ctrl Pts',(47.0226016460845,44.9012812779392,-0.550507627227611));
#11460=CARTESIAN_POINT('Ctrl Pts',(49.1439220142298,42.7799609097939,-0.550507627227611));
#11461=CARTESIAN_POINT('Ctrl Pts',(42.7799609097939,49.1439220142298,-0.5));
#11462=CARTESIAN_POINT('Ctrl Pts',(44.9012812779392,47.0226016460845,-0.5));
#11463=CARTESIAN_POINT('Ctrl Pts',(47.0226016460845,44.9012812779392,-0.5));
#11464=CARTESIAN_POINT('Ctrl Pts',(49.1439220142298,42.7799609097939,-0.5));
#11465=CARTESIAN_POINT('',(43.4870676909805,48.4368152330433,-0.5));
#11466=CARTESIAN_POINT('Ctrl Pts',(43.4870676909805,48.4368152330433,-0.5));
#11467=CARTESIAN_POINT('Ctrl Pts',(45.1369835383347,46.786899385689,-0.5));
#11468=CARTESIAN_POINT('Ctrl Pts',(46.786899385689,45.1369835383348,-0.5));
#11469=CARTESIAN_POINT('Ctrl Pts',(48.4368152330433,43.4870676909805,-0.5));
#11470=CARTESIAN_POINT('',(42.0728541286074,48.4368152330433,-1.));
#11471=CARTESIAN_POINT('Ctrl Pts',(48.4368152330433,42.0728541286074,-1.));
#11472=CARTESIAN_POINT('Ctrl Pts',(46.315494864898,44.1941744967527,-1.));
#11473=CARTESIAN_POINT('Ctrl Pts',(44.1941744967527,46.315494864898,-1.));
#11474=CARTESIAN_POINT('Ctrl Pts',(42.0728541286074,48.4368152330433,-1.));
#11475=CARTESIAN_POINT('Ctrl Pts',(42.0728541286074,48.4368152330433,-1.));
#11476=CARTESIAN_POINT('Ctrl Pts',(42.0758379308263,48.4368152330433,-1.));
#11477=CARTESIAN_POINT('Ctrl Pts',(42.0788217517255,48.4368152330433,-0.999996661346618));
#11478=CARTESIAN_POINT('Ctrl Pts',(42.3891543535756,48.4368152330446,-0.999302168235315));
#11479=CARTESIAN_POINT('Ctrl Pts',(42.6858176005592,48.4368152330433,-0.96348517694968));
#11480=CARTESIAN_POINT('Ctrl Pts',(43.0764243828466,48.4368152330433,-0.858246438360825));
#11481=CARTESIAN_POINT('Ctrl Pts',(43.1995941881276,48.436815233042,-0.809089942185087));
#11482=CARTESIAN_POINT('Ctrl Pts',(43.3396772674534,48.4368152330423,-0.724663716986113));
#11483=CARTESIAN_POINT('Ctrl Pts',(43.3867588330912,48.436815232987,-0.689891550896852));
#11484=CARTESIAN_POINT('Ctrl Pts',(43.4435343219815,48.4368152329939,-0.625500731761715));
#11485=CARTESIAN_POINT('Ctrl Pts',(43.4613339429209,48.4368152329965,-0.59930627209264));
#11486=CARTESIAN_POINT('Ctrl Pts',(43.4820387592448,48.436815232999,-0.547912980085371));
#11487=CARTESIAN_POINT('Ctrl Pts',(43.4870676909805,48.4368152330433,-0.524349965064291));
#11488=CARTESIAN_POINT('Ctrl Pts',(43.4870676909805,48.4368152330433,-0.5));
#11489=CARTESIAN_POINT('Ctrl Pts',(43.7772196700286,50.1411807744645,-1.));
#11490=CARTESIAN_POINT('Ctrl Pts',(43.2090978228882,49.5730589273241,-1.));
#11491=CARTESIAN_POINT('Ctrl Pts',(42.6409759757478,49.0049370801837,-1.));
#11492=CARTESIAN_POINT('Ctrl Pts',(42.0728541286074,48.4368152330433,-1.));
#11493=CARTESIAN_POINT('Ctrl Pts',(43.8724577652667,50.0459426792264,-1.));
#11494=CARTESIAN_POINT('Ctrl Pts',(43.3043359181263,49.477820832086,-1.));
#11495=CARTESIAN_POINT('Ctrl Pts',(42.7362140709859,48.9096989849456,-1.));
#11496=CARTESIAN_POINT('Ctrl Pts',(42.1680922238455,48.3415771378052,-1.));
#11497=CARTESIAN_POINT('Ctrl Pts',(44.0813586179167,49.8370418265764,-0.971808102952535));
#11498=CARTESIAN_POINT('Ctrl Pts',(43.5132367707763,49.268919979436,-0.971808102952535));
#11499=CARTESIAN_POINT('Ctrl Pts',(42.9451149236359,48.7007981322956,-0.971808102952535));
#11500=CARTESIAN_POINT('Ctrl Pts',(42.3769930764955,48.1326762851552,-0.971808102952535));
#11501=CARTESIAN_POINT('Ctrl Pts',(44.3327129485252,49.5856874959679,-0.833290469373129));
#11502=CARTESIAN_POINT('Ctrl Pts',(43.7645911013848,49.0175656488275,-0.833290469373129));
#11503=CARTESIAN_POINT('Ctrl Pts',(43.1964692542444,48.4494438016871,-0.833290469373129));
#11504=CARTESIAN_POINT('Ctrl Pts',(42.628347407104,47.8813219545467,-0.833290469373129));
#11505=CARTESIAN_POINT('Ctrl Pts',(44.4622740845837,49.4561263599095,-0.658220301677462));
#11506=CARTESIAN_POINT('Ctrl Pts',(43.8941522374433,48.8880045127691,-0.658220301677462));
#11507=CARTESIAN_POINT('Ctrl Pts',(43.3260303903029,48.3198826656287,-0.658220301677462));
#11508=CARTESIAN_POINT('Ctrl Pts',(42.7579085431624,47.7517608184883,-0.658220301677462));
#11509=CARTESIAN_POINT('Ctrl Pts',(44.4843264512151,49.434073993278,-0.550507627227611));
#11510=CARTESIAN_POINT('Ctrl Pts',(43.9162046040747,48.8659521461376,-0.550507627227611));
#11511=CARTESIAN_POINT('Ctrl Pts',(43.3480827569343,48.2978302989972,-0.550507627227611));
#11512=CARTESIAN_POINT('Ctrl Pts',(42.7799609097939,47.7297084518567,-0.550507627227611));
#11513=CARTESIAN_POINT('Ctrl Pts',(44.4843264512151,49.434073993278,-0.5));
#11514=CARTESIAN_POINT('Ctrl Pts',(43.9162046040747,48.8659521461376,-0.5));
#11515=CARTESIAN_POINT('Ctrl Pts',(43.3480827569343,48.2978302989972,-0.5));
#11516=CARTESIAN_POINT('Ctrl Pts',(42.7799609097939,47.7297084518567,-0.5));
#11517=CARTESIAN_POINT('',(44.4843264512151,49.434073993278,-0.5));
#11518=CARTESIAN_POINT('Ctrl Pts',(44.4843264512151,49.434073993278,-0.5));
#11519=CARTESIAN_POINT('Ctrl Pts',(44.1519068644702,49.1016544065331,-0.5));
#11520=CARTESIAN_POINT('Ctrl Pts',(43.8194872777254,48.7692348197882,-0.5));
#11521=CARTESIAN_POINT('Ctrl Pts',(43.4870676909805,48.4368152330433,-0.5));
#11522=CARTESIAN_POINT('',(43.0258540877266,49.3898151921629,-1.));
#11523=CARTESIAN_POINT('Ctrl Pts',(42.0728541286074,48.4368152330433,-1.));
#11524=CARTESIAN_POINT('Ctrl Pts',(42.3905207816472,48.7544818860831,-1.));
#11525=CARTESIAN_POINT('Ctrl Pts',(42.708187434687,49.0721485391229,-1.));
#11526=CARTESIAN_POINT('Ctrl Pts',(43.0258540877268,49.3898151921627,-1.));
#11527=CARTESIAN_POINT('Ctrl Pts',(43.0258540877646,49.3898151922065,-1.));
#11528=CARTESIAN_POINT('Ctrl Pts',(43.0289449780857,49.3899214893375,-0.999999999999939));
#11529=CARTESIAN_POINT('Ctrl Pts',(43.0320358914507,49.390027707114,-0.999996659575289));
#11530=CARTESIAN_POINT('Ctrl Pts',(43.3625161983784,49.4013759476518,-0.999282264893954));
#11531=CARTESIAN_POINT('Ctrl Pts',(43.6792821864667,49.411277837283,-0.961114565537475));
#11532=CARTESIAN_POINT('Ctrl Pts',(44.0807291098102,49.423058975908,-0.851604117523208));
#11533=CARTESIAN_POINT('Ctrl Pts',(44.2027152281066,49.4264645429231,-0.802598657504553));
#11534=CARTESIAN_POINT('Ctrl Pts',(44.340429320747,49.4302339530648,-0.719290800137171));
#11535=CARTESIAN_POINT('Ctrl Pts',(44.3865411994255,49.4314763214366,-0.685176495044494));
#11536=CARTESIAN_POINT('Ctrl Pts',(44.4419664519058,49.4329547185001,-0.622196621951193));
#11537=CARTESIAN_POINT('Ctrl Pts',(44.4593010513395,49.4334136365175,-0.596659731627746));
#11538=CARTESIAN_POINT('Ctrl Pts',(44.4794383560779,49.4339454231576,-0.546608927574115));
#11539=CARTESIAN_POINT('Ctrl Pts',(44.4843264512152,49.434073993278,-0.523688157610894));
#11540=CARTESIAN_POINT('Ctrl Pts',(44.4843264512152,49.434073993278,-0.5));
#11541=CARTESIAN_POINT('Ctrl Pts',(3.44737044874129,65.4117239006009,-1.));
#11542=CARTESIAN_POINT('Ctrl Pts',(9.80249612659162,65.0767919750737,-1.));
#11543=CARTESIAN_POINT('Ctrl Pts',(24.5181593259137,62.1223419415633,-1.));
#11544=CARTESIAN_POINT('Ctrl Pts',(37.5079676351136,54.3666255916698,-1.));
#11545=CARTESIAN_POINT('Ctrl Pts',(43.8154143920514,48.6907324451958,-1.));
#11546=CARTESIAN_POINT('Ctrl Pts',(3.45445897244878,65.5462242440979,-1.));
#11547=CARTESIAN_POINT('Ctrl Pts',(9.8225582822226,65.2106085738674,-1.));
#11548=CARTESIAN_POINT('Ctrl Pts',(24.5685097600922,62.2500699520808,-1.));
#11549=CARTESIAN_POINT('Ctrl Pts',(37.5851850995139,54.4783310560545,-1.));
#11550=CARTESIAN_POINT('Ctrl Pts',(43.9055081545375,48.790850892698,-1.));
#11551=CARTESIAN_POINT('Ctrl Pts',(3.47000734142518,65.8412449077003,-0.971808140171094));
#11552=CARTESIAN_POINT('Ctrl Pts',(9.86686152840838,65.5041137794159,-0.971808140171094));
#11553=CARTESIAN_POINT('Ctrl Pts',(24.6791545995697,62.5302632991802,-0.971808140171094));
#11554=CARTESIAN_POINT('Ctrl Pts',(37.7542627101583,54.7236180944863,-0.971808140171094));
#11555=CARTESIAN_POINT('Ctrl Pts',(44.1031249107779,49.0104563602603,-0.971808140171094));
#11556=CARTESIAN_POINT('Ctrl Pts',(3.48871552964555,66.1962211828289,-0.833290471766673));
#11557=CARTESIAN_POINT('Ctrl Pts',(9.9200283010028,65.8572739960431,-0.833290471766673));
#11558=CARTESIAN_POINT('Ctrl Pts',(24.8121896424523,62.867386044031,-0.833290471766673));
#11559=CARTESIAN_POINT('Ctrl Pts',(37.9578400955157,55.0186285796343,-0.833290471766673));
#11560=CARTESIAN_POINT('Ctrl Pts',(44.3409023572003,49.2746911766331,-0.833290471766673));
#11561=CARTESIAN_POINT('Ctrl Pts',(3.49835869830367,66.3791943307563,-0.658220287281591));
#11562=CARTESIAN_POINT('Ctrl Pts',(9.94747932444654,66.0393086229411,-0.658220287281591));
#11563=CARTESIAN_POINT('Ctrl Pts',(24.8807942825266,63.0411608174189,-0.658220287281591));
#11564=CARTESIAN_POINT('Ctrl Pts',(38.0627286477027,55.1707334429064,-0.658220287281591));
#11565=CARTESIAN_POINT('Ctrl Pts',(44.4634651618899,49.4108914793891,-0.658220287281591));
#11566=CARTESIAN_POINT('Ctrl Pts',(3.50000005215404,66.4103380026666,-0.550507627227611));
#11567=CARTESIAN_POINT('Ctrl Pts',(9.95215078074982,66.0702926004409,-0.550507627227611));
#11568=CARTESIAN_POINT('Ctrl Pts',(24.8924707563318,63.0707387552983,-0.550507627227611));
#11569=CARTESIAN_POINT('Ctrl Pts',(38.0805825677235,55.196622203472,-0.550507627227611));
#11570=CARTESIAN_POINT('Ctrl Pts',(44.4843264512152,49.434073993278,-0.550507627227611));
#11571=CARTESIAN_POINT('Ctrl Pts',(3.50000005215404,66.4103380026666,-0.5));
#11572=CARTESIAN_POINT('Ctrl Pts',(9.9521468406842,66.0702928080928,-0.5));
#11573=CARTESIAN_POINT('Ctrl Pts',(24.8924680657263,63.0707383914073,-0.5));
#11574=CARTESIAN_POINT('Ctrl Pts',(38.080586478229,55.1966186845186,-0.5));
#11575=CARTESIAN_POINT('Ctrl Pts',(44.4843264512152,49.434073993278,-0.5));
#11576=CARTESIAN_POINT('',(3.50000005215405,66.4103380026666,-0.5));
#11577=CARTESIAN_POINT('Ctrl Pts',(3.50000005215404,66.4103380026666,-0.5));
#11578=CARTESIAN_POINT('Ctrl Pts',(9.9521468406842,66.0702928080928,-0.5));
#11579=CARTESIAN_POINT('Ctrl Pts',(24.8924680657263,63.0707383914073,-0.5));
#11580=CARTESIAN_POINT('Ctrl Pts',(38.080586478229,55.1966186845186,-0.5));
#11581=CARTESIAN_POINT('Ctrl Pts',(44.4843264512152,49.434073993278,-0.5));
#11582=CARTESIAN_POINT('',(4.50000005215405,65.3477465982706,-1.));
#11583=CARTESIAN_POINT('Ctrl Pts',(43.0257853594232,49.3897363153672,-1.));
#11584=CARTESIAN_POINT('Ctrl Pts',(36.8919726892511,54.731144265712,-1.));
#11585=CARTESIAN_POINT('Ctrl Pts',(24.4782637195691,62.011373522829,-1.));
#11586=CARTESIAN_POINT('Ctrl Pts',(10.498257383833,64.9342197646545,-1.));
#11587=CARTESIAN_POINT('Ctrl Pts',(4.49999726561481,65.3477060688624,-1.));
#11588=CARTESIAN_POINT('Ctrl Pts',(4.50000005215421,65.3477465982706,-1.));
#11589=CARTESIAN_POINT('Ctrl Pts',(4.49788962591252,65.3500073513842,-0.999999999999997));
#11590=CARTESIAN_POINT('Ctrl Pts',(4.49577912774183,65.3522680642282,-0.999996659575789));
#11591=CARTESIAN_POINT('Ctrl Pts',(4.2701186784196,65.5939773510504,-0.999282264891009));
#11592=CARTESIAN_POINT('Ctrl Pts',(4.05313299265478,65.8249664251287,-0.961114565221579));
#11593=CARTESIAN_POINT('Ctrl Pts',(3.77759767396784,66.1171627919115,-0.851604116632292));
#11594=CARTESIAN_POINT('Ctrl Pts',(3.69374856246256,66.2058281030824,-0.802598656631069));
#11595=CARTESIAN_POINT('Ctrl Pts',(3.59903536973405,66.3058720474335,-0.719290799409194));
#11596=CARTESIAN_POINT('Ctrl Pts',(3.56730783493528,66.3393565566593,-0.685176494404152));
#11597=CARTESIAN_POINT('Ctrl Pts',(3.5291616479137,66.3795935131296,-0.622196621501499));
#11598=CARTESIAN_POINT('Ctrl Pts',(3.5172287392347,66.3921754299774,-0.596659731267288));
#11599=CARTESIAN_POINT('Ctrl Pts',(3.50336554454304,66.4067906846458,-0.546608927396363));
#11600=CARTESIAN_POINT('Ctrl Pts',(3.50000005215405,66.4103380026666,-0.523688157520705));
#11601=CARTESIAN_POINT('Ctrl Pts',(3.50000005215405,66.4103380026666,-0.5));
#11602=CARTESIAN_POINT('Ctrl Pts',(4.50000005215405,64.0000009685755,-1.));
#11603=CARTESIAN_POINT('Ctrl Pts',(4.50000005215405,64.8034466466059,-1.));
#11604=CARTESIAN_POINT('Ctrl Pts',(4.50000005215405,65.6068923246362,-1.));
#11605=CARTESIAN_POINT('Ctrl Pts',(4.50000005215405,66.4103380026666,-1.));
#11606=CARTESIAN_POINT('Ctrl Pts',(4.36531304621376,64.0000009685755,-1.));
#11607=CARTESIAN_POINT('Ctrl Pts',(4.36531304621376,64.8034466466059,-1.));
#11608=CARTESIAN_POINT('Ctrl Pts',(4.36531304621376,65.6068923246362,-1.));
#11609=CARTESIAN_POINT('Ctrl Pts',(4.36531304621376,66.4103380026666,-1.));
#11610=CARTESIAN_POINT('Ctrl Pts',(4.06990496769022,64.0000009685755,-0.971810739309273));
#11611=CARTESIAN_POINT('Ctrl Pts',(4.06990496769022,64.8034466466059,-0.971810739309273));
#11612=CARTESIAN_POINT('Ctrl Pts',(4.06990496769022,65.6068923246362,-0.971810739309273));
#11613=CARTESIAN_POINT('Ctrl Pts',(4.06990496769022,66.4103380026666,-0.971810739309273));
#11614=CARTESIAN_POINT('Ctrl Pts',(3.71442108575178,64.0000009685755,-0.833290632007565));
#11615=CARTESIAN_POINT('Ctrl Pts',(3.71442108575178,64.8034466466059,-0.833290632007565));
#11616=CARTESIAN_POINT('Ctrl Pts',(3.71442108575178,65.6068923246362,-0.833290632007565));
#11617=CARTESIAN_POINT('Ctrl Pts',(3.71442108575178,66.4103380026666,-0.833290632007565));
#11618=CARTESIAN_POINT('Ctrl Pts',(3.53119626987822,64.0000009685755,-0.658219252103129));
#11619=CARTESIAN_POINT('Ctrl Pts',(3.53119626987822,64.8034466466059,-0.658219252103129));
#11620=CARTESIAN_POINT('Ctrl Pts',(3.53119626987822,65.6068923246362,-0.658219252103129));
#11621=CARTESIAN_POINT('Ctrl Pts',(3.53119626987822,66.4103380026666,-0.658219252103129));
#11622=CARTESIAN_POINT('Ctrl Pts',(3.50000005215405,64.0000009685755,-0.550507627227611));
#11623=CARTESIAN_POINT('Ctrl Pts',(3.50000005215405,64.8034466466059,-0.550507627227611));
#11624=CARTESIAN_POINT('Ctrl Pts',(3.50000005215405,65.6068923246362,-0.550507627227611));
#11625=CARTESIAN_POINT('Ctrl Pts',(3.50000005215405,66.4103380026666,-0.550507627227611));
#11626=CARTESIAN_POINT('Ctrl Pts',(3.50000005215405,64.0000009685755,-0.5));
#11627=CARTESIAN_POINT('Ctrl Pts',(3.50000005215405,64.8034466466059,-0.5));
#11628=CARTESIAN_POINT('Ctrl Pts',(3.50000005215405,65.6068923246362,-0.5));
#11629=CARTESIAN_POINT('Ctrl Pts',(3.50000005215405,66.4103380026666,-0.5));
#11630=CARTESIAN_POINT('',(3.50000005215405,65.0000009685755,-0.5));
#11631=CARTESIAN_POINT('Ctrl Pts',(3.50000005215405,65.0000009685755,-0.5));
#11632=CARTESIAN_POINT('Ctrl Pts',(3.50000005215405,65.4701133132725,-0.5));
#11633=CARTESIAN_POINT('Ctrl Pts',(3.50000005215405,65.9402256579696,-0.5));
#11634=CARTESIAN_POINT('Ctrl Pts',(3.50000005215405,66.4103380026666,-0.5));
#11635=CARTESIAN_POINT('',(4.50000005215405,64.0000009685755,-1.));
#11636=CARTESIAN_POINT('Ctrl Pts',(4.50000005215405,65.3477465982706,-1.));
#11637=CARTESIAN_POINT('Ctrl Pts',(4.50000005215405,64.8984980550389,-1.));
#11638=CARTESIAN_POINT('Ctrl Pts',(4.50000005215405,64.4492495118072,-1.));
#11639=CARTESIAN_POINT('Ctrl Pts',(4.50000005215405,64.0000009685755,-1.));
#11640=CARTESIAN_POINT('Ctrl Pts',(4.50000005215405,64.0000009685755,-1.));
#11641=CARTESIAN_POINT('Ctrl Pts',(4.49789654111265,64.0021044796169,-1.));
#11642=CARTESIAN_POINT('Ctrl Pts',(4.49579301698151,64.0042080037479,-0.999996681430973));
#11643=CARTESIAN_POINT('Ctrl Pts',(4.27619172736751,64.2238092933642,-0.999303766165386));
#11644=CARTESIAN_POINT('Ctrl Pts',(4.06626703996988,64.4337339807596,-0.963434235966267));
#11645=CARTESIAN_POINT('Ctrl Pts',(3.79012863399063,64.7098723867389,-0.858116384675717));
#11646=CARTESIAN_POINT('Ctrl Pts',(3.70314771095931,64.7968533097717,-0.808994999330661));
#11647=CARTESIAN_POINT('Ctrl Pts',(3.60418510391105,64.8958159168196,-0.724626628345943));
#11648=CARTESIAN_POINT('Ctrl Pts',(3.57091125838979,64.9290897624178,-0.689865858905059));
#11649=CARTESIAN_POINT('Ctrl Pts',(3.5307790815126,64.9692219392854,-0.625493096157798));
#11650=CARTESIAN_POINT('Ctrl Pts',(3.51819505206707,64.9818059687284,-0.599301507114328));
#11651=CARTESIAN_POINT('Ctrl Pts',(3.50355590780781,64.9964451129841,-0.547912087857947));
#11652=CARTESIAN_POINT('Ctrl Pts',(3.50000005215405,65.0000009685755,-0.524349498701572));
#11653=CARTESIAN_POINT('Ctrl Pts',(3.50000005215405,65.0000009685755,-0.5));
#11654=CARTESIAN_POINT('Ctrl Pts',(-4.50000005215408,64.0000009685755,-1.));
#11655=CARTESIAN_POINT('Ctrl Pts',(-1.5000000173847,64.0000009685755,-1.));
#11656=CARTESIAN_POINT('Ctrl Pts',(1.50000001738467,64.0000009685755,-1.));
#11657=CARTESIAN_POINT('Ctrl Pts',(4.50000005215405,64.0000009685755,-1.));
#11658=CARTESIAN_POINT('Ctrl Pts',(-4.50000005215408,64.1346879745158,-1.));
#11659=CARTESIAN_POINT('Ctrl Pts',(-1.5000000173847,64.1346879745158,-1.));
#11660=CARTESIAN_POINT('Ctrl Pts',(1.50000001738467,64.1346879745158,-1.));
#11661=CARTESIAN_POINT('Ctrl Pts',(4.50000005215405,64.1346879745158,-1.));
#11662=CARTESIAN_POINT('Ctrl Pts',(-4.50000005215408,64.4300938053579,-0.971811008356018));
#11663=CARTESIAN_POINT('Ctrl Pts',(-1.5000000173847,64.4300938053579,-0.971811008356018));
#11664=CARTESIAN_POINT('Ctrl Pts',(1.50000001738467,64.4300938053579,-0.971811008356018));
#11665=CARTESIAN_POINT('Ctrl Pts',(4.50000005215405,64.4300938053579,-0.971811008356018));
#11666=CARTESIAN_POINT('Ctrl Pts',(-4.50000005215408,64.7855792270353,-0.833290647846648));
#11667=CARTESIAN_POINT('Ctrl Pts',(-1.5000000173847,64.7855792270353,-0.833290647846648));
#11668=CARTESIAN_POINT('Ctrl Pts',(1.50000001738467,64.7855792270353,-0.833290647846648));
#11669=CARTESIAN_POINT('Ctrl Pts',(4.50000005215405,64.7855792270353,-0.833290647846648));
#11670=CARTESIAN_POINT('Ctrl Pts',(-4.50000005215408,64.9688038188229,-0.658219141609209));
#11671=CARTESIAN_POINT('Ctrl Pts',(-1.5000000173847,64.9688038188229,-0.658219141609209));
#11672=CARTESIAN_POINT('Ctrl Pts',(1.50000001738467,64.9688038188229,-0.658219141609209));
#11673=CARTESIAN_POINT('Ctrl Pts',(4.50000005215405,64.9688038188229,-0.658219141609209));
#11674=CARTESIAN_POINT('Ctrl Pts',(-4.50000005215408,65.0000009685755,-0.550507627227611));
#11675=CARTESIAN_POINT('Ctrl Pts',(-1.5000000173847,65.0000009685755,-0.550507627227611));
#11676=CARTESIAN_POINT('Ctrl Pts',(1.50000001738467,65.0000009685755,-0.550507627227611));
#11677=CARTESIAN_POINT('Ctrl Pts',(4.50000005215405,65.0000009685755,-0.550507627227611));
#11678=CARTESIAN_POINT('Ctrl Pts',(-4.50000005215408,65.0000009685755,-0.5));
#11679=CARTESIAN_POINT('Ctrl Pts',(-1.5000000173847,65.0000009685755,-0.5));
#11680=CARTESIAN_POINT('Ctrl Pts',(1.50000001738467,65.0000009685755,-0.5));
#11681=CARTESIAN_POINT('Ctrl Pts',(4.50000005215405,65.0000009685755,-0.5));
#11682=CARTESIAN_POINT('',(-3.50000005215408,65.0000009685755,-0.5));
#11683=CARTESIAN_POINT('Ctrl Pts',(-3.50000005215408,65.0000009685755,-0.5));
#11684=CARTESIAN_POINT('Ctrl Pts',(-1.16666668405137,65.0000009685755,-0.5));
#11685=CARTESIAN_POINT('Ctrl Pts',(1.16666668405134,65.0000009685755,-0.5));
#11686=CARTESIAN_POINT('Ctrl Pts',(3.50000005215405,65.0000009685755,-0.5));
#11687=CARTESIAN_POINT('',(-4.50000005215408,64.0000009685755,-1.));
#11688=CARTESIAN_POINT('Ctrl Pts',(4.50000005215405,64.0000009685755,-1.));
#11689=CARTESIAN_POINT('Ctrl Pts',(1.50000001738467,64.0000009685755,-1.));
#11690=CARTESIAN_POINT('Ctrl Pts',(-1.5000000173847,64.0000009685755,-1.));
#11691=CARTESIAN_POINT('Ctrl Pts',(-4.50000005215408,64.0000009685755,-1.));
#11692=CARTESIAN_POINT('Ctrl Pts',(-4.50000005215408,64.0000009685755,-1.));
#11693=CARTESIAN_POINT('Ctrl Pts',(-4.49789102099746,64.0021099997321,-1.));
#11694=CARTESIAN_POINT('Ctrl Pts',(-4.49578197664761,64.004219044082,-0.999996663990684));
#11695=CARTESIAN_POINT('Ctrl Pts',(-4.27632228198599,64.2236787387433,-0.999302378224502));
#11696=CARTESIAN_POINT('Ctrl Pts',(-4.06652971088901,64.4334713098406,-0.963478488936108));
#11697=CARTESIAN_POINT('Ctrl Pts',(-3.79033719116947,64.7096638295601,-0.858229362648443));
#11698=CARTESIAN_POINT('Ctrl Pts',(-3.70325787084639,64.7967431498814,-0.809077479953079));
#11699=CARTESIAN_POINT('Ctrl Pts',(-3.60421613697598,64.8957848837522,-0.724658854273513));
#11700=CARTESIAN_POINT('Ctrl Pts',(-3.57092678343017,64.92907423722,-0.689888182767465));
#11701=CARTESIAN_POINT('Ctrl Pts',(-3.5307823063373,64.9692187143226,-0.625499731409268));
#11702=CARTESIAN_POINT('Ctrl Pts',(-3.51819636233955,64.9818046583238,-0.599305647846919));
#11703=CARTESIAN_POINT('Ctrl Pts',(-3.50355602602855,64.9964449946384,-0.547912863229475));
#11704=CARTESIAN_POINT('Ctrl Pts',(-3.50000005215408,65.0000009685755,-0.524349903984273));
#11705=CARTESIAN_POINT('Ctrl Pts',(-3.50000005215408,65.0000009685755,-0.5));
#11706=CARTESIAN_POINT('Ctrl Pts',(-4.50000005215408,66.4103380398239,-1.));
#11707=CARTESIAN_POINT('Ctrl Pts',(-4.50000005215408,65.6068923494078,-1.));
#11708=CARTESIAN_POINT('Ctrl Pts',(-4.50000005215408,64.8034466589916,-1.));
#11709=CARTESIAN_POINT('Ctrl Pts',(-4.50000005215408,64.0000009685755,-1.));
#11710=CARTESIAN_POINT('Ctrl Pts',(-4.36531304621378,66.4103380398239,-1.));
#11711=CARTESIAN_POINT('Ctrl Pts',(-4.36531304621378,65.6068923494078,-1.));
#11712=CARTESIAN_POINT('Ctrl Pts',(-4.36531304621378,64.8034466589916,-1.));
#11713=CARTESIAN_POINT('Ctrl Pts',(-4.36531304621378,64.0000009685755,-1.));
#11714=CARTESIAN_POINT('Ctrl Pts',(-4.0699049676902,66.4103380398239,-0.971810739309267));
#11715=CARTESIAN_POINT('Ctrl Pts',(-4.0699049676902,65.6068923494077,-0.971810739309267));
#11716=CARTESIAN_POINT('Ctrl Pts',(-4.0699049676902,64.8034466589916,-0.971810739309267));
#11717=CARTESIAN_POINT('Ctrl Pts',(-4.0699049676902,64.0000009685755,-0.971810739309267));
#11718=CARTESIAN_POINT('Ctrl Pts',(-3.71442108575179,66.4103380398239,-0.833290632007564));
#11719=CARTESIAN_POINT('Ctrl Pts',(-3.71442108575179,65.6068923494078,-0.833290632007564));
#11720=CARTESIAN_POINT('Ctrl Pts',(-3.71442108575179,64.8034466589916,-0.833290632007564));
#11721=CARTESIAN_POINT('Ctrl Pts',(-3.71442108575179,64.0000009685755,-0.833290632007564));
#11722=CARTESIAN_POINT('Ctrl Pts',(-3.53119626987823,66.4103380398239,-0.658219252103131));
#11723=CARTESIAN_POINT('Ctrl Pts',(-3.53119626987823,65.6068923494078,-0.658219252103131));
#11724=CARTESIAN_POINT('Ctrl Pts',(-3.53119626987823,64.8034466589916,-0.658219252103131));
#11725=CARTESIAN_POINT('Ctrl Pts',(-3.53119626987823,64.0000009685754,-0.658219252103131));
#11726=CARTESIAN_POINT('Ctrl Pts',(-3.50000005215408,66.4103380398239,-0.550507627227611));
#11727=CARTESIAN_POINT('Ctrl Pts',(-3.50000005215408,65.6068923494078,-0.550507627227611));
#11728=CARTESIAN_POINT('Ctrl Pts',(-3.50000005215408,64.8034466589916,-0.550507627227611));
#11729=CARTESIAN_POINT('Ctrl Pts',(-3.50000005215408,64.0000009685755,-0.550507627227611));
#11730=CARTESIAN_POINT('Ctrl Pts',(-3.50000005215408,66.4103380398239,-0.5));
#11731=CARTESIAN_POINT('Ctrl Pts',(-3.50000005215408,65.6068923494078,-0.5));
#11732=CARTESIAN_POINT('Ctrl Pts',(-3.50000005215408,64.8034466589916,-0.5));
#11733=CARTESIAN_POINT('Ctrl Pts',(-3.50000005215408,64.0000009685755,-0.5));
#11734=CARTESIAN_POINT('',(-3.50000005215408,66.4103380398239,-0.5));
#11735=CARTESIAN_POINT('Ctrl Pts',(-3.50000005215408,66.4103380398239,-0.5));
#11736=CARTESIAN_POINT('Ctrl Pts',(-3.50000005215408,65.9402256827411,-0.5));
#11737=CARTESIAN_POINT('Ctrl Pts',(-3.50000005215408,65.4701133256583,-0.5));
#11738=CARTESIAN_POINT('Ctrl Pts',(-3.50000005215408,65.0000009685755,-0.5));
#11739=CARTESIAN_POINT('',(-4.50000005215431,65.3477466468187,-1.));
#11740=CARTESIAN_POINT('Ctrl Pts',(-4.50000005215408,64.0000009685755,-1.));
#11741=CARTESIAN_POINT('Ctrl Pts',(-4.50000005215408,64.4492495279899,-1.));
#11742=CARTESIAN_POINT('Ctrl Pts',(-4.50000005215408,64.8984980874043,-1.));
#11743=CARTESIAN_POINT('Ctrl Pts',(-4.50000005215408,65.3477466468187,-1.));
#11744=CARTESIAN_POINT('Ctrl Pts',(-4.50000005215829,65.3477466468765,-1.));
#11745=CARTESIAN_POINT('Ctrl Pts',(-4.49788962607494,65.350007399796,-0.999999999999939));
#11746=CARTESIAN_POINT('Ctrl Pts',(-4.49577912758347,65.3522681128993,-0.999996659575287));
#11747=CARTESIAN_POINT('Ctrl Pts',(-4.27011867988553,65.5939773953705,-0.999282264895648));
#11748=CARTESIAN_POINT('Ctrl Pts',(-4.05313299536065,65.8249664656563,-0.961114565716939));
#11749=CARTESIAN_POINT('Ctrl Pts',(-3.77759767648932,66.1171628295233,-0.851604117965662));
#11750=CARTESIAN_POINT('Ctrl Pts',(-3.69374856435225,66.2058281404195,-0.802598657937852));
#11751=CARTESIAN_POINT('Ctrl Pts',(-3.59903537077136,66.3058720846073,-0.719290800499551));
#11752=CARTESIAN_POINT('Ctrl Pts',(-3.5673078356616,66.3393565938053,-0.685176495363256));
#11753=CARTESIAN_POINT('Ctrl Pts',(-3.52916164823958,66.3795935502702,-0.622196622174967));
#11754=CARTESIAN_POINT('Ctrl Pts',(-3.51722873942943,66.3921754671225,-0.596659731807143));
#11755=CARTESIAN_POINT('Ctrl Pts',(-3.50336554458146,66.4067907218004,-0.54660892766267));
#11756=CARTESIAN_POINT('Ctrl Pts',(-3.50000005215408,66.4103380398239,-0.523688157655823));
#11757=CARTESIAN_POINT('Ctrl Pts',(-3.50000005215408,66.4103380398239,-0.5));
#11758=CARTESIAN_POINT('Ctrl Pts',(-43.8154147315711,48.6907327741139,-1.));
#11759=CARTESIAN_POINT('Ctrl Pts',(-39.0848296102827,52.9476526179206,-1.));
#11760=CARTESIAN_POINT('Ctrl Pts',(-26.5901726516514,61.2640862277762,-1.));
#11761=CARTESIAN_POINT('Ctrl Pts',(-11.9208714066264,64.9651481244126,-1.));
#11762=CARTESIAN_POINT('Ctrl Pts',(-3.44737045934298,65.4117239371994,-1.));
#11763=CARTESIAN_POINT('Ctrl Pts',(-43.9055084933057,48.7908512222924,-1.));
#11764=CARTESIAN_POINT('Ctrl Pts',(-39.1652661483434,53.0564613287282,-1.));
#11765=CARTESIAN_POINT('Ctrl Pts',(-26.644886860364,61.3900067037295,-1.));
#11766=CARTESIAN_POINT('Ctrl Pts',(-11.9452581048927,65.0987368085599,-1.));
#11767=CARTESIAN_POINT('Ctrl Pts',(-3.45445898162256,65.5462242807717,-1.));
#11768=CARTESIAN_POINT('Ctrl Pts',(-44.1031252478979,49.0104566913386,-0.971808140171034));
#11769=CARTESIAN_POINT('Ctrl Pts',(-39.3414785434962,53.2953279758539,-0.971808140171034));
#11770=CARTESIAN_POINT('Ctrl Pts',(-26.7647757593422,61.6663710360812,-0.971808140171034));
#11771=CARTESIAN_POINT('Ctrl Pts',(-11.999146307213,65.3917368619871,-0.971808140171034));
#11772=CARTESIAN_POINT('Ctrl Pts',(-3.47000734746695,65.8412449445396,-0.971808140171034));
#11773=CARTESIAN_POINT('Ctrl Pts',(-44.3409026923365,49.2746915094961,-0.833290471766669));
#11774=CARTESIAN_POINT('Ctrl Pts',(-39.5536059418454,53.5826445455058,-0.833290471766669));
#11775=CARTESIAN_POINT('Ctrl Pts',(-26.9090875567574,61.9988227963467,-0.833290471766669));
#11776=CARTESIAN_POINT('Ctrl Pts',(-12.063799271066,65.7442917264554,-0.833290471766669));
#11777=CARTESIAN_POINT('Ctrl Pts',(-3.48871553191873,66.1962212198666,-0.833290471766669));
#11778=CARTESIAN_POINT('Ctrl Pts',(-44.4634654960036,49.4108918131722,-0.658220287281615));
#11779=CARTESIAN_POINT('Ctrl Pts',(-39.6629130559856,53.730773269524,-0.658220287281615));
#11780=CARTESIAN_POINT('Ctrl Pts',(-26.9834540708907,62.170210923397,-0.658220287281615));
#11781=CARTESIAN_POINT('Ctrl Pts',(-12.0971862442843,65.9260135133591,-0.658220287281615));
#11782=CARTESIAN_POINT('Ctrl Pts',(-3.49835869863435,66.3791943678964,-0.658220287281615));
#11783=CARTESIAN_POINT('Ctrl Pts',(-44.4843267851547,49.4340743272176,-0.550507627227611));
#11784=CARTESIAN_POINT('Ctrl Pts',(-39.6815188181328,53.7559854685692,-0.550507627227611));
#11785=CARTESIAN_POINT('Ctrl Pts',(-26.9961123174777,62.199382197682,-0.55050762722761));
#11786=CARTESIAN_POINT('Ctrl Pts',(-12.1028677344286,65.9569442594478,-0.550507627227611));
#11787=CARTESIAN_POINT('Ctrl Pts',(-3.50000005215407,66.4103380398239,-0.550507627227611));
#11788=CARTESIAN_POINT('Ctrl Pts',(-44.4843267851547,49.4340743272176,-0.5));
#11789=CARTESIAN_POINT('Ctrl Pts',(-39.6815217510119,53.7559828293541,-0.5));
#11790=CARTESIAN_POINT('Ctrl Pts',(-26.9961139627133,62.1993800378268,-0.5));
#11791=CARTESIAN_POINT('Ctrl Pts',(-12.1028624810078,65.9569445363169,-0.5));
#11792=CARTESIAN_POINT('Ctrl Pts',(-3.50000005215407,66.4103380398239,-0.5));
#11793=CARTESIAN_POINT('',(-44.4843267851547,49.4340743272176,-0.5));
#11794=CARTESIAN_POINT('Ctrl Pts',(-44.4843267851547,49.4340743272176,-0.5));
#11795=CARTESIAN_POINT('Ctrl Pts',(-39.6815217510119,53.7559828293541,-0.5));
#11796=CARTESIAN_POINT('Ctrl Pts',(-26.9961139627133,62.1993800378268,-0.5));
#11797=CARTESIAN_POINT('Ctrl Pts',(-12.1028624810078,65.9569445363169,-0.5));
#11798=CARTESIAN_POINT('Ctrl Pts',(-3.50000005215407,66.4103380398239,-0.5));
#11799=CARTESIAN_POINT('',(-43.0258544159714,49.3898155204073,-1.));
#11800=CARTESIAN_POINT('Ctrl Pts',(-4.49999287608697,65.347642274252,-1.));
#11801=CARTESIAN_POINT('Ctrl Pts',(-12.6141992344244,64.7873275497435,-1.));
#11802=CARTESIAN_POINT('Ctrl Pts',(-26.539916582796,61.1574092527382,-1.));
#11803=CARTESIAN_POINT('Ctrl Pts',(-38.492038329673,53.3388163437676,-1.));
#11804=CARTESIAN_POINT('Ctrl Pts',(-43.0258277277326,49.3897848914068,-1.));
#11805=CARTESIAN_POINT('Ctrl Pts',(-43.0258544159713,49.3898155204074,-1.));
#11806=CARTESIAN_POINT('Ctrl Pts',(-43.0289453065343,49.3899218175586,-0.999999999999998));
#11807=CARTESIAN_POINT('Ctrl Pts',(-43.0320362194888,49.3900280353733,-0.999996659575785));
#11808=CARTESIAN_POINT('Ctrl Pts',(-43.3625165290647,49.4013762772691,-0.999282264891524));
#11809=CARTESIAN_POINT('Ctrl Pts',(-43.6792825197838,49.411278168176,-0.961114565266303));
#11810=CARTESIAN_POINT('Ctrl Pts',(-44.0807294447841,49.4230593083595,-0.851604116580191));
#11811=CARTESIAN_POINT('Ctrl Pts',(-44.2027155629016,49.426464875828,-0.802598656580162));
#11812=CARTESIAN_POINT('Ctrl Pts',(-44.3404296551971,49.4302342864775,-0.719290799366101));
#11813=CARTESIAN_POINT('Ctrl Pts',(-44.3865415337339,49.4314766550187,-0.685176494366288));
#11814=CARTESIAN_POINT('Ctrl Pts',(-44.4419667860166,49.4329550522851,-0.622196621474981));
#11815=CARTESIAN_POINT('Ctrl Pts',(-44.4593013853825,49.4334139703658,-0.596659731246014));
#11816=CARTESIAN_POINT('Ctrl Pts',(-44.4794386900381,49.4339457570793,-0.546608927385875));
#11817=CARTESIAN_POINT('Ctrl Pts',(-44.4843267851547,49.4340743272176,-0.523688157515383));
#11818=CARTESIAN_POINT('Ctrl Pts',(-44.4843267851547,49.4340743272176,-0.5));
#11819=CARTESIAN_POINT('Ctrl Pts',(-42.0728541286074,48.4368152330433,-1.));
#11820=CARTESIAN_POINT('Ctrl Pts',(-42.640976087061,49.0049371914969,-1.));
#11821=CARTESIAN_POINT('Ctrl Pts',(-43.2090980455146,49.5730591499505,-1.));
#11822=CARTESIAN_POINT('Ctrl Pts',(-43.7772200039682,50.1411811084041,-1.));
#11823=CARTESIAN_POINT('Ctrl Pts',(-42.1680922238454,48.3415771378052,-1.));
#11824=CARTESIAN_POINT('Ctrl Pts',(-42.7362141822991,48.9096990962588,-1.));
#11825=CARTESIAN_POINT('Ctrl Pts',(-43.3043361407527,49.4778210547124,-1.));
#11826=CARTESIAN_POINT('Ctrl Pts',(-43.8724580992063,50.045943013166,-1.));
#11827=CARTESIAN_POINT('Ctrl Pts',(-42.3769930764959,48.1326762851548,-0.971808102952475));
#11828=CARTESIAN_POINT('Ctrl Pts',(-42.9451150349495,48.7007982436084,-0.971808102952475));
#11829=CARTESIAN_POINT('Ctrl Pts',(-43.5132369934031,49.268920202062,-0.971808102952475));
#11830=CARTESIAN_POINT('Ctrl Pts',(-44.0813589518567,49.8370421605156,-0.971808102952475));
#11831=CARTESIAN_POINT('Ctrl Pts',(-42.6283474071041,47.8813219545465,-0.833290469373124));
#11832=CARTESIAN_POINT('Ctrl Pts',(-43.1964693655577,48.4494439130001,-0.833290469373124));
#11833=CARTESIAN_POINT('Ctrl Pts',(-43.7645913240113,49.0175658714537,-0.833290469373124));
#11834=CARTESIAN_POINT('Ctrl Pts',(-44.3327132824649,49.5856878299074,-0.833290469373124));
#11835=CARTESIAN_POINT('Ctrl Pts',(-42.7579085431626,47.7517608184881,-0.658220301677485));
#11836=CARTESIAN_POINT('Ctrl Pts',(-43.3260305016162,48.3198827769417,-0.658220301677485));
#11837=CARTESIAN_POINT('Ctrl Pts',(-43.8941524600698,48.8880047353953,-0.658220301677485));
#11838=CARTESIAN_POINT('Ctrl Pts',(-44.4622744185234,49.4561266938489,-0.658220301677485));
#11839=CARTESIAN_POINT('Ctrl Pts',(-42.7799609097939,47.7297084518567,-0.550507627227611));
#11840=CARTESIAN_POINT('Ctrl Pts',(-43.3480828682475,48.2978304103103,-0.550507627227611));
#11841=CARTESIAN_POINT('Ctrl Pts',(-43.9162048267011,48.8659523687639,-0.550507627227611));
#11842=CARTESIAN_POINT('Ctrl Pts',(-44.4843267851547,49.4340743272176,-0.550507627227611));
#11843=CARTESIAN_POINT('Ctrl Pts',(-42.7799609097939,47.7297084518567,-0.5));
#11844=CARTESIAN_POINT('Ctrl Pts',(-43.3480828682475,48.2978304103103,-0.5));
#11845=CARTESIAN_POINT('Ctrl Pts',(-43.9162048267011,48.865952368764,-0.5));
#11846=CARTESIAN_POINT('Ctrl Pts',(-44.4843267851547,49.4340743272176,-0.5));
#11847=CARTESIAN_POINT('',(-43.4870676909805,48.4368152330433,-0.5));
#11848=CARTESIAN_POINT('Ctrl Pts',(-43.4870676909805,48.4368152330433,-0.5));
#11849=CARTESIAN_POINT('Ctrl Pts',(-43.8194873890386,48.7692349311014,-0.5));
#11850=CARTESIAN_POINT('Ctrl Pts',(-44.1519070870967,49.1016546291595,-0.5));
#11851=CARTESIAN_POINT('Ctrl Pts',(-44.4843267851547,49.4340743272176,-0.5));
#11852=CARTESIAN_POINT('',(-42.0728541286074,48.4368152330433,-1.));
#11853=CARTESIAN_POINT('Ctrl Pts',(-43.0258544159714,49.3898155204073,-1.));
#11854=CARTESIAN_POINT('Ctrl Pts',(-42.7081876535167,49.0721487579526,-1.));
#11855=CARTESIAN_POINT('Ctrl Pts',(-42.390520891062,48.754481995498,-1.));
#11856=CARTESIAN_POINT('Ctrl Pts',(-42.0728541286074,48.4368152330433,-1.));
#11857=CARTESIAN_POINT('Ctrl Pts',(-42.0728541286073,48.4368152330433,-1.));
#11858=CARTESIAN_POINT('Ctrl Pts',(-42.0758373826613,48.4368152330433,-1.));
#11859=CARTESIAN_POINT('Ctrl Pts',(-42.0788206553851,48.4368152330432,-0.999996662573218));
#11860=CARTESIAN_POINT('Ctrl Pts',(-42.3891672991337,48.4368152330429,-0.999302265636584));
#11861=CARTESIAN_POINT('Ctrl Pts',(-42.6858436501551,48.4368152330433,-0.963482075025164));
#11862=CARTESIAN_POINT('Ctrl Pts',(-43.0764450635856,48.4368152330433,-0.858238518539666));
#11863=CARTESIAN_POINT('Ctrl Pts',(-43.1996051054209,48.4368152330445,-0.809084162256851));
#11864=CARTESIAN_POINT('Ctrl Pts',(-43.3396803388846,48.4368152330442,-0.724661461890501));
#11865=CARTESIAN_POINT('Ctrl Pts',(-43.3867603692687,48.4368152330995,-0.689889988931679));
#11866=CARTESIAN_POINT('Ctrl Pts',(-43.4435346408405,48.4368152330926,-0.62550026787406));
#11867=CARTESIAN_POINT('Ctrl Pts',(-43.4613340724679,48.4368152330901,-0.599305982615585));
#11868=CARTESIAN_POINT('Ctrl Pts',(-43.4820387709354,48.4368152330876,-0.547912925897784));
#11869=CARTESIAN_POINT('Ctrl Pts',(-43.4870676909805,48.4368152330433,-0.524349936740698));
#11870=CARTESIAN_POINT('Ctrl Pts',(-43.4870676909805,48.4368152330433,-0.5));
#11871=CARTESIAN_POINT('Ctrl Pts',(-48.4368152330433,42.0728541286074,-1.));
#11872=CARTESIAN_POINT('Ctrl Pts',(-46.315494864898,44.1941744967527,-1.));
#11873=CARTESIAN_POINT('Ctrl Pts',(-44.1941744967527,46.315494864898,-1.));
#11874=CARTESIAN_POINT('Ctrl Pts',(-42.0728541286074,48.4368152330433,-1.));
#11875=CARTESIAN_POINT('Ctrl Pts',(-48.5320533282814,42.1680922238455,-1.));
#11876=CARTESIAN_POINT('Ctrl Pts',(-46.4107329601361,44.2894125919908,-1.));
#11877=CARTESIAN_POINT('Ctrl Pts',(-44.2894125919908,46.4107329601361,-1.));
#11878=CARTESIAN_POINT('Ctrl Pts',(-42.1680922238455,48.5320533282814,-1.));
#11879=CARTESIAN_POINT('Ctrl Pts',(-48.7409528434942,42.3769917390583,-0.971808323524366));
#11880=CARTESIAN_POINT('Ctrl Pts',(-46.6196324753489,44.4983121072036,-0.971808323524366));
#11881=CARTESIAN_POINT('Ctrl Pts',(-44.4983121072036,46.6196324753489,-0.971808323524366));
#11882=CARTESIAN_POINT('Ctrl Pts',(-42.3769917390583,48.7409528434942,-0.971808323524366));
#11883=CARTESIAN_POINT('Ctrl Pts',(-48.9923080766571,42.6283469722212,-0.833290483516123));
#11884=CARTESIAN_POINT('Ctrl Pts',(-46.8709877085118,44.7496673403665,-0.833290483516123));
#11885=CARTESIAN_POINT('Ctrl Pts',(-44.7496673403665,46.8709877085118,-0.833290483516123));
#11886=CARTESIAN_POINT('Ctrl Pts',(-42.6283469722212,48.9923080766571,-0.833290483516123));
#11887=CARTESIAN_POINT('Ctrl Pts',(-49.12186907144,42.757907967004,-0.658220216184674));
#11888=CARTESIAN_POINT('Ctrl Pts',(-47.0005487032947,44.8792283351493,-0.658220216184674));
#11889=CARTESIAN_POINT('Ctrl Pts',(-44.8792283351493,47.0005487032947,-0.658220216184674));
#11890=CARTESIAN_POINT('Ctrl Pts',(-42.757907967004,49.12186907144,-0.658220216184674));
#11891=CARTESIAN_POINT('Ctrl Pts',(-49.1439220142298,42.7799609097939,-0.550507627227611));
#11892=CARTESIAN_POINT('Ctrl Pts',(-47.0226016460845,44.9012812779392,-0.550507627227611));
#11893=CARTESIAN_POINT('Ctrl Pts',(-44.9012812779392,47.0226016460845,-0.550507627227611));
#11894=CARTESIAN_POINT('Ctrl Pts',(-42.7799609097939,49.1439220142298,-0.550507627227611));
#11895=CARTESIAN_POINT('Ctrl Pts',(-49.1439220142298,42.7799609097939,-0.5));
#11896=CARTESIAN_POINT('Ctrl Pts',(-47.0226016460845,44.9012812779392,-0.5));
#11897=CARTESIAN_POINT('Ctrl Pts',(-44.9012812779392,47.0226016460845,-0.5));
#11898=CARTESIAN_POINT('Ctrl Pts',(-42.7799609097939,49.1439220142298,-0.5));
#11899=CARTESIAN_POINT('',(-48.4368152330433,43.4870676909805,-0.5));
#11900=CARTESIAN_POINT('Ctrl Pts',(-48.4368152330433,43.4870676909805,-0.5));
#11901=CARTESIAN_POINT('Ctrl Pts',(-46.786899385689,45.1369835383347,-0.5));
#11902=CARTESIAN_POINT('Ctrl Pts',(-45.1369835383347,46.786899385689,-0.5));
#11903=CARTESIAN_POINT('Ctrl Pts',(-43.4870676909805,48.4368152330433,-0.5));
#11904=CARTESIAN_POINT('',(-48.4368152330433,42.0728541286074,-1.));
#11905=CARTESIAN_POINT('Ctrl Pts',(-42.0728541286074,48.4368152330433,-1.));
#11906=CARTESIAN_POINT('Ctrl Pts',(-44.1941744967527,46.315494864898,-1.));
#11907=CARTESIAN_POINT('Ctrl Pts',(-46.315494864898,44.1941744967527,-1.));
#11908=CARTESIAN_POINT('Ctrl Pts',(-48.4368152330433,42.0728541286074,-1.));
#11909=CARTESIAN_POINT('Ctrl Pts',(-48.4368152330433,42.0728541286074,-1.));
#11910=CARTESIAN_POINT('Ctrl Pts',(-48.4368152330433,42.0758379308263,-1.));
#11911=CARTESIAN_POINT('Ctrl Pts',(-48.4368152330433,42.0788217517253,-0.999996661346618));
#11912=CARTESIAN_POINT('Ctrl Pts',(-48.4368152330438,42.3891543535691,-0.99930216823534));
#11913=CARTESIAN_POINT('Ctrl Pts',(-48.4368152330433,42.6858176005549,-0.963485176950861));
#11914=CARTESIAN_POINT('Ctrl Pts',(-48.4368152330433,43.0764243828472,-0.858246438360644));
#11915=CARTESIAN_POINT('Ctrl Pts',(-48.436815233042,43.199594188128,-0.809089942184839));
#11916=CARTESIAN_POINT('Ctrl Pts',(-48.4368152330423,43.3396772674533,-0.724663716986127));
#11917=CARTESIAN_POINT('Ctrl Pts',(-48.436815232987,43.3867588330912,-0.689891550896854));
#11918=CARTESIAN_POINT('Ctrl Pts',(-48.4368152329939,43.4435343219815,-0.625500731761714));
#11919=CARTESIAN_POINT('Ctrl Pts',(-48.4368152329964,43.4613339429209,-0.599306272092639));
#11920=CARTESIAN_POINT('Ctrl Pts',(-48.436815232999,43.4820387592448,-0.54791298008539));
#11921=CARTESIAN_POINT('Ctrl Pts',(-48.4368152330433,43.4870676909805,-0.524349965064298));
#11922=CARTESIAN_POINT('Ctrl Pts',(-48.4368152330433,43.4870676909805,-0.5));
#11923=CARTESIAN_POINT('Ctrl Pts',(-50.1411811367512,43.7772200323153,-1.));
#11924=CARTESIAN_POINT('Ctrl Pts',(-49.5730591688486,43.2090980644126,-1.));
#11925=CARTESIAN_POINT('Ctrl Pts',(-49.0049372009459,42.64097609651,-1.));
#11926=CARTESIAN_POINT('Ctrl Pts',(-48.4368152330433,42.0728541286074,-1.));
#11927=CARTESIAN_POINT('Ctrl Pts',(-50.0459430415131,43.8724581275534,-1.));
#11928=CARTESIAN_POINT('Ctrl Pts',(-49.4778210736105,43.3043361596507,-1.));
#11929=CARTESIAN_POINT('Ctrl Pts',(-48.9096991057078,42.7362141917481,-1.));
#11930=CARTESIAN_POINT('Ctrl Pts',(-48.3415771378052,42.1680922238455,-1.));
#11931=CARTESIAN_POINT('Ctrl Pts',(-49.8370421888626,44.0813589802038,-0.97180810295247));
#11932=CARTESIAN_POINT('Ctrl Pts',(-49.26892022096,43.5132370123012,-0.97180810295247));
#11933=CARTESIAN_POINT('Ctrl Pts',(-48.7007982530574,42.9451150443985,-0.97180810295247));
#11934=CARTESIAN_POINT('Ctrl Pts',(-48.1326762851548,42.3769930764959,-0.97180810295247));
#11935=CARTESIAN_POINT('Ctrl Pts',(-49.5856878582544,44.332713310812,-0.833290469373124));
#11936=CARTESIAN_POINT('Ctrl Pts',(-49.0175658903518,43.7645913429094,-0.833290469373124));
#11937=CARTESIAN_POINT('Ctrl Pts',(-48.4494439224492,43.1964693750067,-0.833290469373124));
#11938=CARTESIAN_POINT('Ctrl Pts',(-47.8813219545466,42.6283474071041,-0.833290469373124));
#11939=CARTESIAN_POINT('Ctrl Pts',(-49.456126722196,44.4622744468705,-0.658220301677487));
#11940=CARTESIAN_POINT('Ctrl Pts',(-48.8880047542933,43.8941524789679,-0.658220301677487));
#11941=CARTESIAN_POINT('Ctrl Pts',(-48.3198827863907,43.3260305110652,-0.658220301677487));
#11942=CARTESIAN_POINT('Ctrl Pts',(-47.7517608184881,42.7579085431626,-0.658220301677487));
#11943=CARTESIAN_POINT('Ctrl Pts',(-49.4340743555646,44.4843268135018,-0.550507627227611));
#11944=CARTESIAN_POINT('Ctrl Pts',(-48.865952387662,43.9162048455992,-0.550507627227611));
#11945=CARTESIAN_POINT('Ctrl Pts',(-48.2978304197594,43.3480828776965,-0.550507627227611));
#11946=CARTESIAN_POINT('Ctrl Pts',(-47.7297084518567,42.7799609097939,-0.550507627227611));
#11947=CARTESIAN_POINT('Ctrl Pts',(-49.4340743555646,44.4843268135018,-0.5));
#11948=CARTESIAN_POINT('Ctrl Pts',(-48.865952387662,43.9162048455992,-0.5));
#11949=CARTESIAN_POINT('Ctrl Pts',(-48.2978304197594,43.3480828776965,-0.5));
#11950=CARTESIAN_POINT('Ctrl Pts',(-47.7297084518567,42.7799609097939,-0.5));
#11951=CARTESIAN_POINT('',(-49.4340743555646,44.4843268135018,-0.5));
#11952=CARTESIAN_POINT('Ctrl Pts',(-49.4340743555646,44.4843268135018,-0.5));
#11953=CARTESIAN_POINT('Ctrl Pts',(-49.1016546480575,44.1519071059947,-0.5));
#11954=CARTESIAN_POINT('Ctrl Pts',(-48.7692349405504,43.8194873984876,-0.5));
#11955=CARTESIAN_POINT('Ctrl Pts',(-48.4368152330433,43.4870676909805,-0.5));
#11956=CARTESIAN_POINT('',(-49.3898155574447,43.0258544530085,-1.));
#11957=CARTESIAN_POINT('Ctrl Pts',(-48.4368152330433,42.0728541286074,-1.));
#11958=CARTESIAN_POINT('Ctrl Pts',(-48.7544820078437,42.3905209034078,-1.));
#11959=CARTESIAN_POINT('Ctrl Pts',(-49.0721487826441,42.7081876782082,-1.));
#11960=CARTESIAN_POINT('Ctrl Pts',(-49.3898155574446,43.0258544530086,-1.));
#11961=CARTESIAN_POINT('Ctrl Pts',(-49.3898155574884,43.0258544530465,-1.));
#11962=CARTESIAN_POINT('Ctrl Pts',(-49.3899218546129,43.0289453433607,-0.999999999999939));
#11963=CARTESIAN_POINT('Ctrl Pts',(-49.3900280723829,43.0320362567204,-0.999996659575288));
#11964=CARTESIAN_POINT('Ctrl Pts',(-49.401376312206,43.362516562108,-0.999282264895785));
#11965=CARTESIAN_POINT('Ctrl Pts',(-49.4112782011659,43.6792825488886,-0.961114565732372));
#11966=CARTESIAN_POINT('Ctrl Pts',(-49.4230593389771,44.0807294715564,-0.851604118018192));
#11967=CARTESIAN_POINT('Ctrl Pts',(-49.4264649057539,44.2027155899456,-0.802598657989283));
#11968=CARTESIAN_POINT('Ctrl Pts',(-49.4302343156285,44.3404296827653,-0.719290800542554));
#11969=CARTESIAN_POINT('Ctrl Pts',(-49.4314766839112,44.3865415615183,-0.685176495401091));
#11970=CARTESIAN_POINT('Ctrl Pts',(-49.432955080868,44.4419668141024,-0.622196622201559));
#11971=CARTESIAN_POINT('Ctrl Pts',(-49.4334139988521,44.4593014135717,-0.596659731828449));
#11972=CARTESIAN_POINT('Ctrl Pts',(-49.4339457854536,44.4794387183537,-0.546608927673216));
#11973=CARTESIAN_POINT('Ctrl Pts',(-49.4340743555646,44.4843268135018,-0.523688157661173));
#11974=CARTESIAN_POINT('Ctrl Pts',(-49.4340743555646,44.4843268135018,-0.5));
#11975=CARTESIAN_POINT('Ctrl Pts',(-65.4117244471468,3.44737045125502,-1.));
#11976=CARTESIAN_POINT('Ctrl Pts',(-64.9651485635288,11.9208714367201,-1.));
#11977=CARTESIAN_POINT('Ctrl Pts',(-61.2640865150605,26.5901727232481,-1.));
#11978=CARTESIAN_POINT('Ctrl Pts',(-52.947652729112,39.0848296555389,-1.));
#11979=CARTESIAN_POINT('Ctrl Pts',(-48.6907328101226,43.815414751404,-1.));
#11980=CARTESIAN_POINT('Ctrl Pts',(-65.5462247906616,3.45445897462395,-1.));
#11981=CARTESIAN_POINT('Ctrl Pts',(-65.0987372474741,11.9452581361537,-1.));
#11982=CARTESIAN_POINT('Ctrl Pts',(-61.390006990498,26.6448869332134,-1.));
#11983=CARTESIAN_POINT('Ctrl Pts',(-53.0564614390411,39.1652661947982,-1.));
#11984=CARTESIAN_POINT('Ctrl Pts',(-48.7908512572693,43.9055085142853,-1.));
#11985=CARTESIAN_POINT('Ctrl Pts',(-65.8412454543037,3.47000734285776,-0.971808140171029));
#11986=CARTESIAN_POINT('Ctrl Pts',(-65.3917373004549,11.9991463410361,-0.971808140171029));
#11987=CARTESIAN_POINT('Ctrl Pts',(-61.66637132172,26.7647758349409,-0.971808140171029));
#11988=CARTESIAN_POINT('Ctrl Pts',(-53.2953280842435,39.3414785925814,-0.971808140171029));
#11989=CARTESIAN_POINT('Ctrl Pts',(-49.010456724052,44.1031252713929,-0.971808140171029));
#11990=CARTESIAN_POINT('Ctrl Pts',(-66.1962217294791,3.48871553018455,-0.833290471766669));
#11991=CARTESIAN_POINT('Ctrl Pts',(-65.7442921643876,12.0637993079712,-0.833290471766669));
#11992=CARTESIAN_POINT('Ctrl Pts',(-61.9988230806254,26.9090876356633,-0.833290471766669));
#11993=CARTESIAN_POINT('Ctrl Pts',(-53.5826446515795,39.5536059940951,-0.833290471766669));
#11994=CARTESIAN_POINT('Ctrl Pts',(-49.2746915394859,44.340902718858,-0.833290471766669));
#11995=CARTESIAN_POINT('Ctrl Pts',(-66.3791948774308,3.4983586983821,-0.658220287281617));
#11996=CARTESIAN_POINT('Ctrl Pts',(-65.9260139510147,12.0971862827783,-0.658220287281617));
#11997=CARTESIAN_POINT('Ctrl Pts',(-62.170211206975,26.9834541515017,-0.658220287281617));
#11998=CARTESIAN_POINT('Ctrl Pts',(-53.7307733744046,39.6629131098665,-0.658220287281617));
#11999=CARTESIAN_POINT('Ctrl Pts',(-49.4108918417582,44.4634655240852,-0.658220287281617));
#12000=CARTESIAN_POINT('Ctrl Pts',(-66.410338549345,3.50000005215406,-0.550507627227611));
#12001=CARTESIAN_POINT('Ctrl Pts',(-65.9569446970564,12.1028677731932,-0.550507627227611));
#12002=CARTESIAN_POINT('Ctrl Pts',(-62.1993824811407,26.9961123983788,-0.550507627227611));
#12003=CARTESIAN_POINT('Ctrl Pts',(-53.7559855732467,39.6815188722913,-0.550507627227611));
#12004=CARTESIAN_POINT('Ctrl Pts',(-49.4340743555646,44.4843268135018,-0.550507627227611));
#12005=CARTESIAN_POINT('Ctrl Pts',(-66.410338549345,3.50000005215406,-0.5));
#12006=CARTESIAN_POINT('Ctrl Pts',(-65.9569449739255,12.1028625197723,-0.5));
#12007=CARTESIAN_POINT('Ctrl Pts',(-62.1993803212855,26.9961140436145,-0.5));
#12008=CARTESIAN_POINT('Ctrl Pts',(-53.7559829340316,39.6815218051704,-0.5));
#12009=CARTESIAN_POINT('Ctrl Pts',(-49.4340743555646,44.4843268135018,-0.5));
#12010=CARTESIAN_POINT('',(-66.410338549345,3.50000005215406,-0.5));
#12011=CARTESIAN_POINT('Ctrl Pts',(-66.410338549345,3.50000005215406,-0.5));
#12012=CARTESIAN_POINT('Ctrl Pts',(-65.9569449739255,12.1028625197723,-0.5));
#12013=CARTESIAN_POINT('Ctrl Pts',(-62.1993803212855,26.9961140436145,-0.5));
#12014=CARTESIAN_POINT('Ctrl Pts',(-53.7559829340316,39.6815218051704,-0.5));
#12015=CARTESIAN_POINT('Ctrl Pts',(-49.4340743555646,44.4843268135018,-0.5));
#12016=CARTESIAN_POINT('',(-65.3477471476504,4.50000005215406,-1.));
#12017=CARTESIAN_POINT('Ctrl Pts',(-49.3897849284466,43.0258277647711,-1.));
#12018=CARTESIAN_POINT('Ctrl Pts',(-53.3388164568708,38.4920383859398,-1.));
#12019=CARTESIAN_POINT('Ctrl Pts',(-61.1574095373423,26.5399166594991,-1.));
#12020=CARTESIAN_POINT('Ctrl Pts',(-64.7873279810716,12.6141992686924,-1.));
#12021=CARTESIAN_POINT('Ctrl Pts',(-65.3476427750787,4.49999287608551,-1.));
#12022=CARTESIAN_POINT('Ctrl Pts',(-65.3477471476504,4.50000005215422,-1.));
#12023=CARTESIAN_POINT('Ctrl Pts',(-65.3500079007577,4.49788962591305,-0.999999999999997));
#12024=CARTESIAN_POINT('Ctrl Pts',(-65.352268613597,4.49577912774123,-0.999996659575787));
#12025=CARTESIAN_POINT('Ctrl Pts',(-65.5939778993033,4.27011867888654,-0.99928226489247));
#12026=CARTESIAN_POINT('Ctrl Pts',(-65.8249669725165,4.05313299338099,-0.961114565372621));
#12027=CARTESIAN_POINT('Ctrl Pts',(-66.1171633386971,3.77759767456622,-0.851604116948671));
#12028=CARTESIAN_POINT('Ctrl Pts',(-66.2058286498031,3.69374856291093,-0.802598656941181));
#12029=CARTESIAN_POINT('Ctrl Pts',(-66.3058725941159,3.59903536997999,-0.719290799667714));
#12030=CARTESIAN_POINT('Ctrl Pts',(-66.3393571033351,3.56730783510749,-0.685176494631558));
#12031=CARTESIAN_POINT('Ctrl Pts',(-66.3795940598041,3.52916164799098,-0.622196621661205));
#12032=CARTESIAN_POINT('Ctrl Pts',(-66.392175976653,3.51722873928088,-0.596659731395303));
#12033=CARTESIAN_POINT('Ctrl Pts',(-66.4067912313236,3.50336554455216,-0.54660892745954));
#12034=CARTESIAN_POINT('Ctrl Pts',(-66.410338549345,3.50000005215406,-0.523688157552757));
#12035=CARTESIAN_POINT('Ctrl Pts',(-66.410338549345,3.50000005215406,-0.5));
#12036=CARTESIAN_POINT('Ctrl Pts',(-64.0000009685755,4.50000005215406,-1.));
#12037=CARTESIAN_POINT('Ctrl Pts',(-64.803446828832,4.50000005215406,-1.));
#12038=CARTESIAN_POINT('Ctrl Pts',(-65.6068926890885,4.50000005215406,-1.));
#12039=CARTESIAN_POINT('Ctrl Pts',(-66.410338549345,4.50000005215406,-1.));
#12040=CARTESIAN_POINT('Ctrl Pts',(-64.0000009685755,4.36531304621376,-1.));
#12041=CARTESIAN_POINT('Ctrl Pts',(-64.803446828832,4.36531304621376,-1.));
#12042=CARTESIAN_POINT('Ctrl Pts',(-65.6068926890885,4.36531304621376,-1.));
#12043=CARTESIAN_POINT('Ctrl Pts',(-66.410338549345,4.36531304621376,-1.));
#12044=CARTESIAN_POINT('Ctrl Pts',(-64.0000009685755,4.06990496768955,-0.971810739309192));
#12045=CARTESIAN_POINT('Ctrl Pts',(-64.803446828832,4.06990496768955,-0.971810739309192));
#12046=CARTESIAN_POINT('Ctrl Pts',(-65.6068926890885,4.06990496768955,-0.971810739309192));
#12047=CARTESIAN_POINT('Ctrl Pts',(-66.410338549345,4.06990496768955,-0.971810739309192));
#12048=CARTESIAN_POINT('Ctrl Pts',(-64.0000009685755,3.71442108575157,-0.83329063200756));
#12049=CARTESIAN_POINT('Ctrl Pts',(-64.803446828832,3.71442108575157,-0.83329063200756));
#12050=CARTESIAN_POINT('Ctrl Pts',(-65.6068926890885,3.71442108575157,-0.83329063200756));
#12051=CARTESIAN_POINT('Ctrl Pts',(-66.410338549345,3.71442108575157,-0.83329063200756));
#12052=CARTESIAN_POINT('Ctrl Pts',(-64.0000009685755,3.53119626987795,-0.658219252103162));
#12053=CARTESIAN_POINT('Ctrl Pts',(-64.803446828832,3.53119626987795,-0.658219252103162));
#12054=CARTESIAN_POINT('Ctrl Pts',(-65.6068926890885,3.53119626987795,-0.658219252103162));
#12055=CARTESIAN_POINT('Ctrl Pts',(-66.410338549345,3.53119626987795,-0.658219252103162));
#12056=CARTESIAN_POINT('Ctrl Pts',(-64.0000009685755,3.50000005215406,-0.550507627227611));
#12057=CARTESIAN_POINT('Ctrl Pts',(-64.803446828832,3.50000005215406,-0.550507627227611));
#12058=CARTESIAN_POINT('Ctrl Pts',(-65.6068926890885,3.50000005215406,-0.550507627227611));
#12059=CARTESIAN_POINT('Ctrl Pts',(-66.410338549345,3.50000005215406,-0.550507627227611));
#12060=CARTESIAN_POINT('Ctrl Pts',(-64.0000009685755,3.50000005215406,-0.5));
#12061=CARTESIAN_POINT('Ctrl Pts',(-64.803446828832,3.50000005215406,-0.5));
#12062=CARTESIAN_POINT('Ctrl Pts',(-65.6068926890885,3.50000005215406,-0.5));
#12063=CARTESIAN_POINT('Ctrl Pts',(-66.410338549345,3.50000005215406,-0.5));
#12064=CARTESIAN_POINT('',(-65.0000009685755,3.50000005215406,-0.5));
#12065=CARTESIAN_POINT('Ctrl Pts',(-65.0000009685755,3.50000005215406,-0.5));
#12066=CARTESIAN_POINT('Ctrl Pts',(-65.4701134954987,3.50000005215406,-0.5));
#12067=CARTESIAN_POINT('Ctrl Pts',(-65.9402260224219,3.50000005215406,-0.5));
#12068=CARTESIAN_POINT('Ctrl Pts',(-66.410338549345,3.50000005215406,-0.5));
#12069=CARTESIAN_POINT('',(-64.0000009685755,4.50000005215406,-1.));
#12070=CARTESIAN_POINT('Ctrl Pts',(-65.3477471476504,4.50000005215406,-1.));
#12071=CARTESIAN_POINT('Ctrl Pts',(-64.8984984212921,4.50000005215406,-1.));
#12072=CARTESIAN_POINT('Ctrl Pts',(-64.4492496949338,4.50000005215406,-1.));
#12073=CARTESIAN_POINT('Ctrl Pts',(-64.0000009685755,4.50000005215406,-1.));
#12074=CARTESIAN_POINT('Ctrl Pts',(-64.0000009685755,4.50000005215405,-1.));
#12075=CARTESIAN_POINT('Ctrl Pts',(-64.0021044796174,4.49789654111216,-1.));
#12076=CARTESIAN_POINT('Ctrl Pts',(-64.0042080037489,4.49579301698061,-0.999996681430972));
#12077=CARTESIAN_POINT('Ctrl Pts',(-64.2238092933523,4.27619172737727,-0.999303766165264));
#12078=CARTESIAN_POINT('Ctrl Pts',(-64.4337339807375,4.06626703999205,-0.96343423596997));
#12079=CARTESIAN_POINT('Ctrl Pts',(-64.7098723867226,3.790128634007,-0.8581163846848));
#12080=CARTESIAN_POINT('Ctrl Pts',(-64.7968533097631,3.70314771096781,-0.808994999336927));
#12081=CARTESIAN_POINT('Ctrl Pts',(-64.8958159168169,3.60418510391373,-0.724626628348719));
#12082=CARTESIAN_POINT('Ctrl Pts',(-64.9290897624164,3.57091125839112,-0.689865858906973));
#12083=CARTESIAN_POINT('Ctrl Pts',(-64.969221939285,3.53077908151293,-0.625493096158447));
#12084=CARTESIAN_POINT('Ctrl Pts',(-64.9818059687283,3.5181950520672,-0.599301507114717));
#12085=CARTESIAN_POINT('Ctrl Pts',(-64.9964451129841,3.50355590780781,-0.547912087857963));
#12086=CARTESIAN_POINT('Ctrl Pts',(-65.0000009685755,3.50000005215406,-0.524349498701582));
#12087=CARTESIAN_POINT('Ctrl Pts',(-65.0000009685755,3.50000005215406,-0.5));
#12088=CARTESIAN_POINT('Ctrl Pts',(-64.0000009685755,-4.50000005215407,
-1.));
#12089=CARTESIAN_POINT('Ctrl Pts',(-64.0000009685755,-1.5000000173847,-1.));
#12090=CARTESIAN_POINT('Ctrl Pts',(-64.0000009685755,1.50000001738468,-1.));
#12091=CARTESIAN_POINT('Ctrl Pts',(-64.0000009685755,4.50000005215406,-1.));
#12092=CARTESIAN_POINT('Ctrl Pts',(-64.1346879745158,-4.50000005215407,
-1.));
#12093=CARTESIAN_POINT('Ctrl Pts',(-64.1346879745158,-1.5000000173847,-1.));
#12094=CARTESIAN_POINT('Ctrl Pts',(-64.1346879745158,1.50000001738468,-1.));
#12095=CARTESIAN_POINT('Ctrl Pts',(-64.1346879745158,4.50000005215406,-1.));
#12096=CARTESIAN_POINT('Ctrl Pts',(-64.4300938053579,-4.50000005215407,
-0.971811008356019));
#12097=CARTESIAN_POINT('Ctrl Pts',(-64.4300938053579,-1.50000001738469,
-0.971811008356019));
#12098=CARTESIAN_POINT('Ctrl Pts',(-64.4300938053579,1.50000001738468,-0.971811008356019));
#12099=CARTESIAN_POINT('Ctrl Pts',(-64.4300938053579,4.50000005215406,-0.971811008356019));
#12100=CARTESIAN_POINT('Ctrl Pts',(-64.7855792270353,-4.50000005215407,
-0.833290647846648));
#12101=CARTESIAN_POINT('Ctrl Pts',(-64.7855792270353,-1.5000000173847,-0.833290647846648));
#12102=CARTESIAN_POINT('Ctrl Pts',(-64.7855792270353,1.50000001738468,-0.833290647846648));
#12103=CARTESIAN_POINT('Ctrl Pts',(-64.7855792270353,4.50000005215406,-0.833290647846648));
#12104=CARTESIAN_POINT('Ctrl Pts',(-64.9688038188229,-4.50000005215407,
-0.658219141609209));
#12105=CARTESIAN_POINT('Ctrl Pts',(-64.9688038188229,-1.5000000173847,-0.658219141609209));
#12106=CARTESIAN_POINT('Ctrl Pts',(-64.9688038188229,1.50000001738468,-0.658219141609209));
#12107=CARTESIAN_POINT('Ctrl Pts',(-64.9688038188229,4.50000005215406,-0.658219141609209));
#12108=CARTESIAN_POINT('Ctrl Pts',(-65.0000009685755,-4.50000005215407,
-0.550507627227611));
#12109=CARTESIAN_POINT('Ctrl Pts',(-65.0000009685755,-1.5000000173847,-0.550507627227611));
#12110=CARTESIAN_POINT('Ctrl Pts',(-65.0000009685755,1.50000001738468,-0.550507627227611));
#12111=CARTESIAN_POINT('Ctrl Pts',(-65.0000009685755,4.50000005215406,-0.550507627227611));
#12112=CARTESIAN_POINT('Ctrl Pts',(-65.0000009685755,-4.50000005215407,
-0.5));
#12113=CARTESIAN_POINT('Ctrl Pts',(-65.0000009685755,-1.5000000173847,-0.5));
#12114=CARTESIAN_POINT('Ctrl Pts',(-65.0000009685755,1.50000001738468,-0.5));
#12115=CARTESIAN_POINT('Ctrl Pts',(-65.0000009685755,4.50000005215406,-0.5));
#12116=CARTESIAN_POINT('',(-64.0000009685755,-3.50000005215407,-1.));
#12117=CARTESIAN_POINT('Ctrl Pts',(-64.0000009685755,4.50000005215406,-1.));
#12118=CARTESIAN_POINT('Ctrl Pts',(-64.0000009685755,1.83333335071801,-1.));
#12119=CARTESIAN_POINT('Ctrl Pts',(-64.0000009685755,-0.83333335071803,
-1.));
#12120=CARTESIAN_POINT('Ctrl Pts',(-64.0000009685755,-3.50000005215407,
-1.));
#12121=CARTESIAN_POINT('Ctrl Pts',(-64.0000009685755,-4.50000005215407,
-1.));
#12122=CARTESIAN_POINT('Ctrl Pts',(-64.0000009685755,-4.16666671882074,
-1.));
#12123=CARTESIAN_POINT('Ctrl Pts',(-64.0000009685755,-3.8333333854874,-1.));
#12124=CARTESIAN_POINT('Ctrl Pts',(-64.0000009685755,-3.50000005215407,
-1.));
#12125=CARTESIAN_POINT('Ctrl Pts',(-65.0000009685755,-3.50000005215407,
-0.5));
#12126=CARTESIAN_POINT('Ctrl Pts',(-65.0000009685755,-1.16666668405136,
-0.5));
#12127=CARTESIAN_POINT('Ctrl Pts',(-65.0000009685755,1.16666668405135,-0.5));
#12128=CARTESIAN_POINT('Ctrl Pts',(-65.0000009685755,3.50000005215405,-0.5));
#12129=CARTESIAN_POINT('Origin',(-3.525182260729E-7,-1.853499725156E-7,
0.));
#12130=CARTESIAN_POINT('',(-66.377354,-4.077983,0.));
#12131=CARTESIAN_POINT('',(-66.377354,-4.077983,0.));
#12132=CARTESIAN_POINT('Origin',(-3.525182260729E-7,-1.853499725156E-7,
0.));
#12133=CARTESIAN_POINT('Origin',(-66.257283,-5.70573600000001,0.));
#12134=CARTESIAN_POINT('',(-66.257283,-5.70573600000001,0.));
#12135=CARTESIAN_POINT('',(-66.257283,-5.70573600000001,0.));
#12136=CARTESIAN_POINT('',(-66.257283,-5.70573600000001,0.));
#12137=CARTESIAN_POINT('Origin',(1.375034588121E-6,7.380411601598E-8,0.));
#12138=CARTESIAN_POINT('',(-49.4340742221659,-44.4843266801031,-1.73472347597681E-17));
#12139=CARTESIAN_POINT('',(-49.4340742221659,-44.4843266801031,-1.73472347597681E-17));
#12140=CARTESIAN_POINT('Origin',(1.375034588121E-6,7.380411601598E-8,0.));
#12141=CARTESIAN_POINT('Origin',(-48.4368152330433,-43.4870676909805,0.));
#12142=CARTESIAN_POINT('',(-48.4368152330433,-43.4870676909805,0.));
#12143=CARTESIAN_POINT('',(-48.4368152330433,-43.4870676909805,0.));
#12144=CARTESIAN_POINT('',(-48.4368152330433,-43.4870676909805,0.));
#12145=CARTESIAN_POINT('Origin',(-43.4870676909805,-48.4368152330433,0.));
#12146=CARTESIAN_POINT('',(-43.4870676909805,-48.4368152330433,0.));
#12147=CARTESIAN_POINT('',(-43.4870676909805,-48.4368152330433,0.));
#12148=CARTESIAN_POINT('',(-43.4870676909805,-48.4368152330433,0.));
#12149=CARTESIAN_POINT('Origin',(-44.4843267486813,-49.4340742907442,-1.68155193061932E-17));
#12150=CARTESIAN_POINT('',(-44.4843267486813,-49.4340742907442,-1.73472347597681E-17));
#12151=CARTESIAN_POINT('',(-44.4843267486813,-49.4340742907442,-1.73472347597681E-17));
#12152=CARTESIAN_POINT('',(-43.4870676909805,-48.4368152330433,0.));
#12153=CARTESIAN_POINT('Origin',(1.375034588121E-6,7.380411601598E-8,0.));
#12154=CARTESIAN_POINT('',(-26.201457,-61.123373,0.));
#12155=CARTESIAN_POINT('',(-26.201457,-61.123373,0.));
#12156=CARTESIAN_POINT('Origin',(1.375034588121E-6,7.380411601598E-8,0.));
#12157=CARTESIAN_POINT('Origin',(-24.6935229999998,-61.7479789999996,0.));
#12158=CARTESIAN_POINT('',(-24.6935229999998,-61.7479789999996,0.));
#12159=CARTESIAN_POINT('',(-24.6935229999998,-61.7479789999996,0.));
#12160=CARTESIAN_POINT('',(-24.6935229999998,-61.7479789999996,0.));
#12161=CARTESIAN_POINT('Origin',(5.656851064772E-8,-2.064542063659E-7,0.));
#12162=CARTESIAN_POINT('',(-3.50000005215405,-66.4103379956298,-1.73472347597681E-17));
#12163=CARTESIAN_POINT('',(-3.50000005215405,-66.4103379956298,-1.73472347597681E-17));
#12164=CARTESIAN_POINT('Origin',(5.656851064772E-8,-2.064542063659E-7,0.));
#12165=CARTESIAN_POINT('Origin',(-3.50000005215405,-65.0000009685755,0.));
#12166=CARTESIAN_POINT('',(-3.50000005215405,-65.0000009685755,0.));
#12167=CARTESIAN_POINT('',(-3.50000005215405,-65.0000009685755,0.));
#12168=CARTESIAN_POINT('',(-3.50000005215405,-65.0000009685755,0.));
#12169=CARTESIAN_POINT('Origin',(3.50000005215408,-65.0000009685755,0.));
#12170=CARTESIAN_POINT('',(3.50000005215408,-65.0000009685755,0.));
#12171=CARTESIAN_POINT('',(3.50000005215408,-65.0000009685755,0.));
#12172=CARTESIAN_POINT('',(3.50000005215408,-65.0000009685755,0.));
#12173=CARTESIAN_POINT('Origin',(3.50000005215408,-66.4103380015924,-1.68155163065565E-17));
#12174=CARTESIAN_POINT('',(3.50000005215408,-66.4103380015924,-1.73472347597681E-17));
#12175=CARTESIAN_POINT('',(3.50000005215408,-66.4103380015924,-1.73472347597681E-17));
#12176=CARTESIAN_POINT('',(3.50000005215408,-65.0000009685755,0.));
#12177=CARTESIAN_POINT('Origin',(5.656851064772E-8,-2.064542063659E-7,0.));
#12178=CARTESIAN_POINT('',(44.484326558153,-49.4340741002159,-1.73472347597681E-17));
#12179=CARTESIAN_POINT('',(44.484326558153,-49.4340741002159,-1.73472347597681E-17));
#12180=CARTESIAN_POINT('Origin',(5.656851064772E-8,-2.064542063659E-7,0.));
#12181=CARTESIAN_POINT('Origin',(43.4870676909805,-48.4368152330433,0.));
#12182=CARTESIAN_POINT('',(43.4870676909805,-48.4368152330433,0.));
#12183=CARTESIAN_POINT('',(43.4870676909805,-48.4368152330433,0.));
#12184=CARTESIAN_POINT('',(43.4870676909805,-48.4368152330433,0.));
#12185=CARTESIAN_POINT('Origin',(48.4368152330433,-43.4870676909805,0.));
#12186=CARTESIAN_POINT('',(48.4368152330433,-43.4870676909805,0.));
#12187=CARTESIAN_POINT('',(48.4368152330433,-43.4870676909805,0.));
#12188=CARTESIAN_POINT('',(48.4368152330433,-43.4870676909805,0.));
#12189=CARTESIAN_POINT('Origin',(49.4340740923165,-44.4843265502537,-1.68155159603581E-17));
#12190=CARTESIAN_POINT('',(49.4340740923165,-44.4843265502537,-1.73472347597681E-17));
#12191=CARTESIAN_POINT('',(49.4340740923165,-44.4843265502537,-1.73472347597681E-17));
#12192=CARTESIAN_POINT('',(48.4368152330433,-43.4870676909805,0.));
#12193=CARTESIAN_POINT('Origin',(5.656851064772E-8,-2.064542063659E-7,0.));
#12194=CARTESIAN_POINT('',(66.4103378596061,-3.50000005215406,-1.73472347597681E-17));
#12195=CARTESIAN_POINT('',(66.4103378596061,-3.50000005215406,-1.73472347597681E-17));
#12196=CARTESIAN_POINT('Origin',(5.656851064772E-8,-2.064542063659E-7,0.));
#12197=CARTESIAN_POINT('Origin',(65.0000009685755,-3.50000005215406,0.));
#12198=CARTESIAN_POINT('',(65.0000009685755,-3.50000005215406,0.));
#12199=CARTESIAN_POINT('',(65.0000009685755,-3.50000005215406,0.));
#12200=CARTESIAN_POINT('',(65.0000009685755,-3.50000005215406,0.));
#12201=CARTESIAN_POINT('Origin',(65.0000009685755,3.50000005215406,0.));
#12202=CARTESIAN_POINT('',(65.0000009685755,3.50000005215406,0.));
#12203=CARTESIAN_POINT('',(65.0000009685755,3.50000005215406,0.));
#12204=CARTESIAN_POINT('',(65.0000009685755,3.50000005215406,0.));
#12205=CARTESIAN_POINT('Origin',(66.4103378443086,3.50000005215406,-1.68155144312539E-17));
#12206=CARTESIAN_POINT('',(66.4103378443086,3.50000005215406,-1.73472347597681E-17));
#12207=CARTESIAN_POINT('',(66.4103378443086,3.50000005215406,-1.73472347597681E-17));
#12208=CARTESIAN_POINT('',(65.0000009685755,3.50000005215406,0.));
#12209=CARTESIAN_POINT('Origin',(-3.525182260729E-7,-1.853499725156E-7,
0.));
#12210=CARTESIAN_POINT('',(49.4340739844678,44.484326442405,-1.73472347597681E-17));
#12211=CARTESIAN_POINT('',(49.4340739844678,44.484326442405,-1.73472347597681E-17));
#12212=CARTESIAN_POINT('Origin',(-3.525182260729E-7,-1.853499725156E-7,
0.));
#12213=CARTESIAN_POINT('Origin',(48.4368152330433,43.4870676909805,0.));
#12214=CARTESIAN_POINT('',(48.4368152330433,43.4870676909805,0.));
#12215=CARTESIAN_POINT('',(48.4368152330433,43.4870676909805,0.));
#12216=CARTESIAN_POINT('',(48.4368152330433,43.4870676909805,0.));
#12217=CARTESIAN_POINT('Origin',(43.4870676909805,48.4368152330433,0.));
#12218=CARTESIAN_POINT('',(43.4870676909805,48.4368152330433,0.));
#12219=CARTESIAN_POINT('',(43.4870676909805,48.4368152330433,0.));
#12220=CARTESIAN_POINT('',(43.4870676909805,48.4368152330433,0.));
#12221=CARTESIAN_POINT('Origin',(44.4843264512151,49.434073993278,-1.6815514290397E-17));
#12222=CARTESIAN_POINT('',(44.4843264512151,49.434073993278,-1.73472347597681E-17));
#12223=CARTESIAN_POINT('',(44.4843264512151,49.434073993278,-1.73472347597681E-17));
#12224=CARTESIAN_POINT('',(43.4870676909805,48.4368152330433,0.));
#12225=CARTESIAN_POINT('Origin',(-3.525182260729E-7,-1.853499725156E-7,
0.));
#12226=CARTESIAN_POINT('',(3.50000005215405,66.4103380026666,-1.73472347597681E-17));
#12227=CARTESIAN_POINT('',(3.50000005215405,66.4103380026666,-1.73472347597681E-17));
#12228=CARTESIAN_POINT('Origin',(-3.525182260729E-7,-1.853499725156E-7,
0.));
#12229=CARTESIAN_POINT('Origin',(3.50000005215405,65.0000009685755,0.));
#12230=CARTESIAN_POINT('',(3.50000005215405,65.0000009685755,0.));
#12231=CARTESIAN_POINT('',(3.50000005215405,65.0000009685755,0.));
#12232=CARTESIAN_POINT('',(3.50000005215405,65.0000009685755,0.));
#12233=CARTESIAN_POINT('Origin',(-3.50000005215408,65.0000009685755,0.));
#12234=CARTESIAN_POINT('',(-3.50000005215408,65.0000009685755,0.));
#12235=CARTESIAN_POINT('',(-3.50000005215408,65.0000009685755,0.));
#12236=CARTESIAN_POINT('',(-3.50000005215408,65.0000009685755,0.));
#12237=CARTESIAN_POINT('Origin',(-3.50000005215408,66.4103380398239,-1.68155167623925E-17));
#12238=CARTESIAN_POINT('',(-3.50000005215408,66.4103380398239,-1.73472347597681E-17));
#12239=CARTESIAN_POINT('',(-3.50000005215408,66.4103380398239,-1.73472347597681E-17));
#12240=CARTESIAN_POINT('',(-3.50000005215408,65.0000009685755,0.));
#12241=CARTESIAN_POINT('Origin',(-3.525182260729E-7,-1.853499725156E-7,
0.));
#12242=CARTESIAN_POINT('',(-44.4843267851547,49.4340743272176,-1.73472347597681E-17));
#12243=CARTESIAN_POINT('',(-44.4843267851547,49.4340743272176,-1.73472347597681E-17));
#12244=CARTESIAN_POINT('Origin',(-3.525182260729E-7,-1.853499725156E-7,
0.));
#12245=CARTESIAN_POINT('Origin',(-43.4870676909805,48.4368152330433,0.));
#12246=CARTESIAN_POINT('',(-43.4870676909805,48.4368152330433,0.));
#12247=CARTESIAN_POINT('',(-43.4870676909805,48.4368152330433,0.));
#12248=CARTESIAN_POINT('',(-43.4870676909805,48.4368152330433,0.));
#12249=CARTESIAN_POINT('Origin',(-48.4368152330433,43.4870676909805,0.));
#12250=CARTESIAN_POINT('',(-48.4368152330433,43.4870676909805,0.));
#12251=CARTESIAN_POINT('',(-48.4368152330433,43.4870676909805,0.));
#12252=CARTESIAN_POINT('',(-48.4368152330433,43.4870676909805,0.));
#12253=CARTESIAN_POINT('Origin',(-49.4340743555646,44.4843268135018,-1.68155203991791E-17));
#12254=CARTESIAN_POINT('',(-49.4340743555646,44.4843268135018,-1.73472347597681E-17));
#12255=CARTESIAN_POINT('',(-49.4340743555646,44.4843268135018,-1.73472347597681E-17));
#12256=CARTESIAN_POINT('',(-48.4368152330433,43.4870676909805,0.));
#12257=CARTESIAN_POINT('Origin',(-3.525182260729E-7,-1.853499725156E-7,
0.));
#12258=CARTESIAN_POINT('',(-66.410338549345,3.50000005215406,-1.73472347597681E-17));
#12259=CARTESIAN_POINT('',(-66.410338549345,3.50000005215406,-1.73472347597681E-17));
#12260=CARTESIAN_POINT('Origin',(-3.525182260729E-7,-1.853499725156E-7,
0.));
#12261=CARTESIAN_POINT('Origin',(-65.0000009685755,3.50000005215406,0.));
#12262=CARTESIAN_POINT('',(-65.0000009685755,3.50000005215406,0.));
#12263=CARTESIAN_POINT('',(-65.0000009685755,3.50000005215406,0.));
#12264=CARTESIAN_POINT('',(-65.0000009685755,3.50000005215406,0.));
#12265=CARTESIAN_POINT('Origin',(-65.0000009685755,-3.50000005215407,0.));
#12266=CARTESIAN_POINT('',(-65.0000009685755,-3.50000005215407,0.));
#12267=CARTESIAN_POINT('Origin',(-3.54637901267552E-7,1.91157489837224E-8,
-1.));
#12268=CARTESIAN_POINT('Origin',(-3.54637901267552E-7,1.91157489837224E-8,
0.));
#12269=UNCERTAINTY_MEASURE_WITH_UNIT(LENGTH_MEASURE(0.01),#12273,
'DISTANCE_ACCURACY_VALUE',
'Maximum model space distance between geometric entities at asserted c
onnectivities');
#12270=UNCERTAINTY_MEASURE_WITH_UNIT(LENGTH_MEASURE(0.01),#12273,
'DISTANCE_ACCURACY_VALUE',
'Maximum model space distance between geometric entities at asserted c
onnectivities');
#12271=(
GEOMETRIC_REPRESENTATION_CONTEXT(3)
GLOBAL_UNCERTAINTY_ASSIGNED_CONTEXT((#12269))
GLOBAL_UNIT_ASSIGNED_CONTEXT((#12273,#12275,#12276))
REPRESENTATION_CONTEXT('','3D')
);
#12272=(
GEOMETRIC_REPRESENTATION_CONTEXT(3)
GLOBAL_UNCERTAINTY_ASSIGNED_CONTEXT((#12270))
GLOBAL_UNIT_ASSIGNED_CONTEXT((#12273,#12275,#12276))
REPRESENTATION_CONTEXT('','3D')
);
#12273=(
LENGTH_UNIT()
NAMED_UNIT(*)
SI_UNIT(.MILLI.,.METRE.)
);
#12274=(
LENGTH_UNIT()
NAMED_UNIT(*)
SI_UNIT($,.METRE.)
);
#12275=(
NAMED_UNIT(*)
PLANE_ANGLE_UNIT()
SI_UNIT($,.RADIAN.)
);
#12276=(
NAMED_UNIT(*)
SI_UNIT($,.STERADIAN.)
SOLID_ANGLE_UNIT()
);
#12277=SHAPE_DEFINITION_REPRESENTATION(#12278,#12279);
#12278=PRODUCT_DEFINITION_SHAPE('',$,#12281);
#12279=SHAPE_REPRESENTATION('',(#4500),#12271);
#12280=PRODUCT_DEFINITION_CONTEXT('part definition',#12285,'design');
#12281=PRODUCT_DEFINITION('2026-05-19-21-11-04-562','Back',#12282,#12280);
#12282=PRODUCT_DEFINITION_FORMATION('',$,#12287);
#12283=PRODUCT_RELATED_PRODUCT_CATEGORY('Back','Back',(#12287));
#12284=APPLICATION_PROTOCOL_DEFINITION('international standard',
'automotive_design',2009,#12285);
#12285=APPLICATION_CONTEXT(
'Core Data for Automotive Mechanical Design Process');
#12286=PRODUCT_CONTEXT('part definition',#12285,'mechanical');
#12287=PRODUCT('2026-05-19-21-11-04-562','Back',$,(#12286));
#12288=PRESENTATION_STYLE_ASSIGNMENT((#12290));
#12289=PRESENTATION_STYLE_ASSIGNMENT((#12291));
#12290=SURFACE_STYLE_USAGE(.BOTH.,#12292);
#12291=SURFACE_STYLE_USAGE(.BOTH.,#12293);
#12292=SURFACE_SIDE_STYLE('',(#12294));
#12293=SURFACE_SIDE_STYLE('',(#12295));
#12294=SURFACE_STYLE_FILL_AREA(#12296);
#12295=SURFACE_STYLE_FILL_AREA(#12297);
#12296=FILL_AREA_STYLE('Steel - Satin',(#12298));
#12297=FILL_AREA_STYLE('Opaque(198,193,188)',(#12299));
#12298=FILL_AREA_STYLE_COLOUR('Steel - Satin',#12300);
#12299=FILL_AREA_STYLE_COLOUR('Opaque(198,193,188)',#12301);
#12300=COLOUR_RGB('Steel - Satin',0.627450980392157,0.627450980392157,0.627450980392157);
#12301=COLOUR_RGB('Opaque(198,193,188)',0.776470588235294,0.756862745098039,
0.737254901960784);
ENDSEC;
END-ISO-10303-21;
