ISO-10303-21;
HEADER;
/* Generated by software containing ST-Developer
 * from STEP Tools, Inc. (www.steptools.com) 
 */

FILE_DESCRIPTION(
/* description */ (''),
/* implementation_level */ '2;1');

FILE_NAME(
/* name */ 'Front.step',
/* time_stamp */ '2026-05-17T11:35:04+02:00',
/* author */ (''),
/* organization */ (''),
/* preprocessor_version */ 'ST-DEVELOPER v20.1',
/* originating_system */ 'Autodesk Translation Framework v15.8.0.0',
/* authorisation */ '');

FILE_SCHEMA (('AUTOMOTIVE_DESIGN { 1 0 10303 214 3 1 1 }'));
ENDSEC;

DATA;
#10=MECHANICAL_DESIGN_GEOMETRIC_PRESENTATION_REPRESENTATION('',(#13),#12236);
#11=SHAPE_REPRESENTATION_RELATIONSHIP('SRR','None',#12243,#12);
#12=ADVANCED_BREP_SHAPE_REPRESENTATION('',(#14),#12235);
#13=STYLED_ITEM('',(#12253),#14);
#14=MANIFOLD_SOLID_BREP('Body1',#6437);
#15=ELLIPSE('',#6897,1.00215511917578,1.);
#16=ELLIPSE('',#6898,1.00120010926291,1.);
#17=ELLIPSE('',#6900,1.00862923315412,1.);
#18=ELLIPSE('',#6902,1.00862905826538,1.);
#19=ELLIPSE('',#6904,1.00862906844974,1.);
#20=ELLIPSE('',#6906,1.00862855027062,1.);
#21=ELLIPSE('',#6908,1.01093492227829,1.);
#22=ELLIPSE('',#6910,1.00120836741603,1.);
#23=ELLIPSE('',#6912,1.00216193294217,1.);
#24=ELLIPSE('',#6914,1.00862942923989,1.);
#25=ELLIPSE('',#6916,1.00862855027061,1.);
#26=ELLIPSE('',#6918,1.00862938037263,1.);
#27=ELLIPSE('',#6920,1.00862855027062,1.);
#28=ELLIPSE('',#6922,1.0109348001904,1.);
#29=ELLIPSE('',#6924,1.00120123078498,1.);
#30=ELLIPSE('',#6926,1.00215513725284,1.);
#31=ELLIPSE('',#6928,1.00862923315413,1.);
#32=ELLIPSE('',#6930,1.00862905826539,1.);
#33=ELLIPSE('',#6932,1.00862906844974,1.);
#34=ELLIPSE('',#6934,1.00862855027062,1.);
#35=ELLIPSE('',#6936,1.0109348001904,1.);
#36=ELLIPSE('',#6938,1.00120391069617,1.);
#37=ELLIPSE('',#6940,1.00215154690115,1.);
#38=ELLIPSE('',#6945,1.00862942923988,1.);
#39=ELLIPSE('',#6947,1.00862855027062,1.);
#40=ELLIPSE('',#6949,1.00862906844974,1.);
#41=ELLIPSE('',#6951,1.00862905826538,1.);
#42=ELLIPSE('',#6953,1.01093804600266,1.);
#43=FACE_BOUND('',#1150,.T.);
#44=FACE_BOUND('',#1196,.T.);
#45=FACE_BOUND('',#1233,.T.);
#46=FACE_BOUND('',#1235,.T.);
#47=FACE_BOUND('',#1241,.T.);
#48=FACE_BOUND('',#1275,.T.);
#49=FACE_BOUND('',#1276,.T.);
#50=FACE_BOUND('',#1277,.T.);
#51=FACE_BOUND('',#1278,.T.);
#52=FACE_BOUND('',#1279,.T.);
#53=FACE_BOUND('',#1280,.T.);
#54=FACE_BOUND('',#1281,.T.);
#55=FACE_BOUND('',#1282,.T.);
#56=FACE_BOUND('',#1283,.T.);
#57=FACE_BOUND('',#1284,.T.);
#58=FACE_BOUND('',#1285,.T.);
#59=FACE_BOUND('',#1286,.T.);
#60=FACE_BOUND('',#1287,.T.);
#61=FACE_BOUND('',#1288,.T.);
#62=FACE_BOUND('',#1289,.T.);
#63=FACE_BOUND('',#1290,.T.);
#64=FACE_BOUND('',#1291,.T.);
#65=FACE_BOUND('',#1292,.T.);
#66=FACE_BOUND('',#1293,.T.);
#67=FACE_BOUND('',#1294,.T.);
#68=FACE_BOUND('',#1295,.T.);
#69=FACE_BOUND('',#1296,.T.);
#70=FACE_BOUND('',#1297,.T.);
#71=FACE_BOUND('',#1298,.T.);
#72=FACE_BOUND('',#1299,.T.);
#73=FACE_BOUND('',#1300,.T.);
#74=FACE_BOUND('',#1301,.T.);
#75=FACE_BOUND('',#1302,.T.);
#76=FACE_BOUND('',#1303,.T.);
#77=FACE_BOUND('',#1304,.T.);
#78=FACE_BOUND('',#1305,.T.);
#79=FACE_BOUND('',#1306,.T.);
#80=FACE_BOUND('',#1307,.T.);
#81=FACE_BOUND('',#1308,.T.);
#82=FACE_BOUND('',#1309,.T.);
#83=FACE_BOUND('',#1310,.T.);
#84=FACE_BOUND('',#1311,.T.);
#85=FACE_BOUND('',#1312,.T.);
#86=FACE_BOUND('',#1313,.T.);
#87=FACE_BOUND('',#1314,.T.);
#88=FACE_BOUND('',#1315,.T.);
#89=FACE_BOUND('',#1316,.T.);
#90=FACE_BOUND('',#1317,.T.);
#91=FACE_BOUND('',#1318,.T.);
#92=FACE_BOUND('',#1319,.T.);
#93=FACE_BOUND('',#1320,.T.);
#94=FACE_BOUND('',#1321,.T.);
#95=FACE_BOUND('',#1322,.T.);
#96=FACE_BOUND('',#1323,.T.);
#97=FACE_BOUND('',#1324,.T.);
#98=FACE_BOUND('',#1325,.T.);
#99=FACE_BOUND('',#1326,.T.);
#100=FACE_BOUND('',#1327,.T.);
#101=FACE_BOUND('',#1328,.T.);
#102=FACE_BOUND('',#1329,.T.);
#103=FACE_BOUND('',#1330,.T.);
#104=FACE_BOUND('',#1331,.T.);
#105=FACE_BOUND('',#1332,.T.);
#106=FACE_BOUND('',#1333,.T.);
#107=FACE_BOUND('',#1334,.T.);
#108=FACE_BOUND('',#1335,.T.);
#109=FACE_BOUND('',#1336,.T.);
#110=FACE_BOUND('',#1337,.T.);
#111=FACE_BOUND('',#1338,.T.);
#112=FACE_BOUND('',#1339,.T.);
#113=FACE_BOUND('',#1340,.T.);
#114=FACE_BOUND('',#1341,.T.);
#115=FACE_BOUND('',#1342,.T.);
#116=FACE_BOUND('',#1343,.T.);
#117=FACE_BOUND('',#1344,.T.);
#118=FACE_BOUND('',#1345,.T.);
#119=FACE_BOUND('',#1346,.T.);
#120=FACE_BOUND('',#1347,.T.);
#121=FACE_BOUND('',#1348,.T.);
#122=FACE_BOUND('',#1349,.T.);
#123=FACE_BOUND('',#1350,.T.);
#124=FACE_BOUND('',#1351,.T.);
#125=B_SPLINE_SURFACE_WITH_KNOTS('',3,3,((#9789,#9790,#9791,#9792),(#9793,
#9794,#9795,#9796),(#9797,#9798,#9799,#9800),(#9801,#9802,#9803,#9804),
(#9805,#9806,#9807,#9808),(#9809,#9810,#9811,#9812),(#9813,#9814,#9815,
#9816),(#9817,#9818,#9819,#9820)),.UNSPECIFIED.,.F.,.F.,.F.,(4,1,1,1,1,
4),(4,4),(0.,0.285714285714286,0.428571428571429,0.571428571428571,0.857142857142857,
1.),(-0.151398937566762,0.0394959972017661),.UNSPECIFIED.);
#126=B_SPLINE_SURFACE_WITH_KNOTS('',3,3,((#9861,#9862,#9863,#9864),(#9865,
#9866,#9867,#9868),(#9869,#9870,#9871,#9872),(#9873,#9874,#9875,#9876),
(#9877,#9878,#9879,#9880),(#9881,#9882,#9883,#9884),(#9885,#9886,#9887,
#9888),(#9889,#9890,#9891,#9892)),.UNSPECIFIED.,.F.,.F.,.F.,(4,1,1,1,1,
4),(4,4),(0.,0.285714285714286,0.428571428571429,0.571428571428571,0.857142857142857,
1.),(-0.151401094622699,0.039495973794276),.UNSPECIFIED.);
#127=B_SPLINE_SURFACE_WITH_KNOTS('',3,3,((#9917,#9918,#9919,#9920),(#9921,
#9922,#9923,#9924),(#9925,#9926,#9927,#9928),(#9929,#9930,#9931,#9932),
(#9933,#9934,#9935,#9936),(#9937,#9938,#9939,#9940),(#9941,#9942,#9943,
#9944),(#9945,#9946,#9947,#9948)),.UNSPECIFIED.,.F.,.F.,.F.,(4,1,1,1,1,
4),(4,4),(0.,0.285714285714286,0.428571428571429,0.571428571428571,0.857142857142857,
1.),(-0.156398058651865,0.0444928753511276),.UNSPECIFIED.);
#128=B_SPLINE_SURFACE_WITH_KNOTS('',3,3,((#9973,#9974,#9975,#9976),(#9977,
#9978,#9979,#9980),(#9981,#9982,#9983,#9984),(#9985,#9986,#9987,#9988),
(#9989,#9990,#9991,#9992),(#9993,#9994,#9995,#9996),(#9997,#9998,#9999,
#10000),(#10001,#10002,#10003,#10004)),.UNSPECIFIED.,.F.,.F.,.F.,(4,1,1,
1,1,4),(4,4),(0.,0.285714285714286,0.428571428571429,0.571428571428571,
0.857142857142857,1.),(-0.136477458906244,0.014702016559835),
 .UNSPECIFIED.);
#129=B_SPLINE_SURFACE_WITH_KNOTS('',3,3,((#10029,#10030,#10031,#10032),
(#10033,#10034,#10035,#10036),(#10037,#10038,#10039,#10040),(#10041,#10042,
#10043,#10044),(#10045,#10046,#10047,#10048),(#10049,#10050,#10051,#10052),
(#10053,#10054,#10055,#10056),(#10057,#10058,#10059,#10060)),
 .UNSPECIFIED.,.F.,.F.,.F.,(4,1,1,1,1,4),(4,4),(0.,0.285714285714286,0.428571428571429,
0.571428571428571,0.857142857142857,1.),(-3.74911074068321,0.0197063304580054),
 .UNSPECIFIED.);
#130=B_SPLINE_SURFACE_WITH_KNOTS('',3,3,((#10085,#10086,#10087,#10088),
(#10089,#10090,#10091,#10092),(#10093,#10094,#10095,#10096),(#10097,#10098,
#10099,#10100),(#10101,#10102,#10103,#10104),(#10105,#10106,#10107,#10108),
(#10109,#10110,#10111,#10112),(#10113,#10114,#10115,#10116)),
 .UNSPECIFIED.,.F.,.F.,.F.,(4,1,1,1,1,4),(4,4),(0.,0.285714285714286,0.428571428571429,
0.571428571428571,0.857142857142857,1.),(-0.111822230246315,0.0394963757524085),
 .UNSPECIFIED.);
#131=B_SPLINE_SURFACE_WITH_KNOTS('',3,3,((#10141,#10142,#10143,#10144),
(#10145,#10146,#10147,#10148),(#10149,#10150,#10151,#10152),(#10153,#10154,
#10155,#10156),(#10157,#10158,#10159,#10160),(#10161,#10162,#10163,#10164),
(#10165,#10166,#10167,#10168),(#10169,#10170,#10171,#10172)),
 .UNSPECIFIED.,.F.,.F.,.F.,(4,1,1,1,1,4),(4,4),(0.,0.285714285714286,0.428571428571429,
0.571428571428571,0.857142857142857,1.),(-0.151401961011278,0.0394959737942662),
 .UNSPECIFIED.);
#132=B_SPLINE_SURFACE_WITH_KNOTS('',3,3,((#10197,#10198,#10199,#10200),
(#10201,#10202,#10203,#10204),(#10205,#10206,#10207,#10208),(#10209,#10210,
#10211,#10212),(#10213,#10214,#10215,#10216),(#10217,#10218,#10219,#10220),
(#10221,#10222,#10223,#10224),(#10225,#10226,#10227,#10228)),
 .UNSPECIFIED.,.F.,.F.,.F.,(4,1,1,1,1,4),(4,4),(0.,0.285714285714286,0.428571428571429,
0.571428571428571,0.857142857142857,1.),(-0.151401071215186,0.0394959972017679),
 .UNSPECIFIED.);
#133=B_SPLINE_SURFACE_WITH_KNOTS('',3,3,((#10253,#10254,#10255,#10256),
(#10257,#10258,#10259,#10260),(#10261,#10262,#10263,#10264),(#10265,#10266,
#10267,#10268),(#10269,#10270,#10271,#10272),(#10273,#10274,#10275,#10276),
(#10277,#10278,#10279,#10280),(#10281,#10282,#10283,#10284)),
 .UNSPECIFIED.,.F.,.F.,.F.,(4,1,1,1,1,4),(4,4),(0.,0.285714285714286,0.428571428571429,
0.571428571428571,0.857142857142857,1.),(-0.151400128554426,0.0394948062141243),
 .UNSPECIFIED.);
#134=B_SPLINE_SURFACE_WITH_KNOTS('',3,3,((#10309,#10310,#10311,#10312),
(#10313,#10314,#10315,#10316),(#10317,#10318,#10319,#10320),(#10321,#10322,
#10323,#10324),(#10325,#10326,#10327,#10328),(#10329,#10330,#10331,#10332),
(#10333,#10334,#10335,#10336),(#10337,#10338,#10339,#10340)),
 .UNSPECIFIED.,.F.,.F.,.F.,(4,1,1,1,1,4),(4,4),(0.,0.285714285714286,0.428571428571429,
0.571428571428571,0.857142857142857,1.),(-0.156389100607373,0.0444864871321937),
 .UNSPECIFIED.);
#135=B_SPLINE_SURFACE_WITH_KNOTS('',3,3,((#10365,#10366,#10367,#10368),
(#10369,#10370,#10371,#10372),(#10373,#10374,#10375,#10376),(#10377,#10378,
#10379,#10380),(#10381,#10382,#10383,#10384),(#10385,#10386,#10387,#10388),
(#10389,#10390,#10391,#10392),(#10393,#10394,#10395,#10396)),
 .UNSPECIFIED.,.F.,.F.,.F.,(4,1,1,1,1,4),(4,4),(0.,0.285714285714286,0.428571428571429,
0.571428571428571,0.857142857142857,1.),(-0.13651331208251,0.014752543799232),
 .UNSPECIFIED.);
#136=B_SPLINE_SURFACE_WITH_KNOTS('',3,3,((#10421,#10422,#10423,#10424),
(#10425,#10426,#10427,#10428),(#10429,#10430,#10431,#10432),(#10433,#10434,
#10435,#10436),(#10437,#10438,#10439,#10440),(#10441,#10442,#10443,#10444),
(#10445,#10446,#10447,#10448),(#10449,#10450,#10451,#10452)),
 .UNSPECIFIED.,.F.,.F.,.F.,(4,1,1,1,1,4),(4,4),(0.,0.285714285714286,0.428571428571429,
0.571428571428571,0.857142857142857,1.),(-2.19450710759848,3.33066907387547E-16),
 .UNSPECIFIED.);
#137=B_SPLINE_SURFACE_WITH_KNOTS('',3,3,((#10471,#10472,#10473,#10474),
(#10475,#10476,#10477,#10478),(#10479,#10480,#10481,#10482),(#10483,#10484,
#10485,#10486),(#10487,#10488,#10489,#10490),(#10491,#10492,#10493,#10494),
(#10495,#10496,#10497,#10498),(#10499,#10500,#10501,#10502)),
 .UNSPECIFIED.,.F.,.F.,.F.,(4,1,1,1,1,4),(4,4),(0.,0.285714285714286,0.428571428571429,
0.571428571428571,0.857142857142857,1.),(-2.1847377486208,0.0197374918734492),
 .UNSPECIFIED.);
#138=B_SPLINE_SURFACE_WITH_KNOTS('',3,3,((#10545,#10546,#10547,#10548),
(#10549,#10550,#10551,#10552),(#10553,#10554,#10555,#10556),(#10557,#10558,
#10559,#10560),(#10561,#10562,#10563,#10564),(#10565,#10566,#10567,#10568),
(#10569,#10570,#10571,#10572),(#10573,#10574,#10575,#10576)),
 .UNSPECIFIED.,.F.,.F.,.F.,(4,1,1,1,1,4),(4,4),(0.,0.285714285714286,0.428571428571429,
0.571428571428571,0.857142857142857,1.),(-0.111885003749114,0.0394968264242861),
 .UNSPECIFIED.);
#139=B_SPLINE_SURFACE_WITH_KNOTS('',3,3,((#10601,#10602,#10603,#10604),
(#10605,#10606,#10607,#10608),(#10609,#10610,#10611,#10612),(#10613,#10614,
#10615,#10616),(#10617,#10618,#10619,#10620),(#10621,#10622,#10623,#10624),
(#10625,#10626,#10627,#10628),(#10629,#10630,#10631,#10632)),
 .UNSPECIFIED.,.F.,.F.,.F.,(4,1,1,1,1,4),(4,4),(0.,0.285714285714286,0.428571428571429,
0.571428571428571,0.857142857142857,1.),(-0.151401460109615,0.039494806214095),
 .UNSPECIFIED.);
#140=B_SPLINE_SURFACE_WITH_KNOTS('',3,3,((#10657,#10658,#10659,#10660),
(#10661,#10662,#10663,#10664),(#10665,#10666,#10667,#10668),(#10669,#10670,
#10671,#10672),(#10673,#10674,#10675,#10676),(#10677,#10678,#10679,#10680),
(#10681,#10682,#10683,#10684),(#10685,#10686,#10687,#10688)),
 .UNSPECIFIED.,.F.,.F.,.F.,(4,1,1,1,1,4),(4,4),(0.,0.285714285714286,0.428571428571429,
0.571428571428571,0.857142857142857,1.),(-1.56985043642759,9.21313495184876E-6),
 .UNSPECIFIED.);
#141=B_SPLINE_SURFACE_WITH_KNOTS('',3,3,((#10697,#10698,#10699,#10700),
(#10701,#10702,#10703,#10704),(#10705,#10706,#10707,#10708),(#10709,#10710,
#10711,#10712),(#10713,#10714,#10715,#10716),(#10717,#10718,#10719,#10720),
(#10721,#10722,#10723,#10724),(#10725,#10726,#10727,#10728)),
 .UNSPECIFIED.,.F.,.F.,.F.,(4,1,1,1,1,4),(4,4),(0.,0.285714285714286,0.428571428571429,
0.571428571428571,0.857142857142857,1.),(-0.151399654476099,0.0394967141111708),
 .UNSPECIFIED.);
#142=B_SPLINE_SURFACE_WITH_KNOTS('',3,3,((#10753,#10754,#10755,#10756),
(#10757,#10758,#10759,#10760),(#10761,#10762,#10763,#10764),(#10765,#10766,
#10767,#10768),(#10769,#10770,#10771,#10772),(#10773,#10774,#10775,#10776),
(#10777,#10778,#10779,#10780),(#10781,#10782,#10783,#10784)),
 .UNSPECIFIED.,.F.,.F.,.F.,(4,1,1,1,1,4),(4,4),(0.,0.285714285714286,0.428571428571429,
0.571428571428571,0.857142857142857,1.),(-0.151401562373208,0.0394948062141195),
 .UNSPECIFIED.);
#143=B_SPLINE_SURFACE_WITH_KNOTS('',3,3,((#10809,#10810,#10811,#10812),
(#10813,#10814,#10815,#10816),(#10817,#10818,#10819,#10820),(#10821,#10822,
#10823,#10824),(#10825,#10826,#10827,#10828),(#10829,#10830,#10831,#10832),
(#10833,#10834,#10835,#10836),(#10837,#10838,#10839,#10840)),
 .UNSPECIFIED.,.F.,.F.,.F.,(4,1,1,1,1,4),(4,4),(0.,0.285714285714286,0.428571428571429,
0.571428571428571,0.857142857142857,1.),(-0.156388850911505,0.044486237436324),
 .UNSPECIFIED.);
#144=B_SPLINE_SURFACE_WITH_KNOTS('',3,3,((#10865,#10866,#10867,#10868),
(#10869,#10870,#10871,#10872),(#10873,#10874,#10875,#10876),(#10877,#10878,
#10879,#10880),(#10881,#10882,#10883,#10884),(#10885,#10886,#10887,#10888),
(#10889,#10890,#10891,#10892),(#10893,#10894,#10895,#10896)),
 .UNSPECIFIED.,.F.,.F.,.F.,(4,1,1,1,1,4),(4,4),(0.,0.285714285714286,0.428571428571429,
0.571428571428571,0.857142857142857,1.),(-0.136471204725263,0.0147088887168065),
 .UNSPECIFIED.);
#145=B_SPLINE_SURFACE_WITH_KNOTS('',3,3,((#10921,#10922,#10923,#10924),
(#10925,#10926,#10927,#10928),(#10929,#10930,#10931,#10932),(#10933,#10934,
#10935,#10936),(#10937,#10938,#10939,#10940),(#10941,#10942,#10943,#10944),
(#10945,#10946,#10947,#10948),(#10949,#10950,#10951,#10952)),
 .UNSPECIFIED.,.F.,.F.,.F.,(4,1,1,1,1,4),(4,4),(0.,0.285714285714286,0.428571428571429,
0.571428571428571,0.857142857142857,1.),(-3.74912431432649,0.0197064131948173),
 .UNSPECIFIED.);
#146=B_SPLINE_SURFACE_WITH_KNOTS('',3,3,((#10977,#10978,#10979,#10980),
(#10981,#10982,#10983,#10984),(#10985,#10986,#10987,#10988),(#10989,#10990,
#10991,#10992),(#10993,#10994,#10995,#10996),(#10997,#10998,#10999,#11000),
(#11001,#11002,#11003,#11004),(#11005,#11006,#11007,#11008)),
 .UNSPECIFIED.,.F.,.F.,.F.,(4,1,1,1,1,4),(4,4),(0.,0.285714285714286,0.428571428571429,
0.571428571428571,0.857142857142857,1.),(-0.111822395720029,0.0394963757524298),
 .UNSPECIFIED.);
#147=B_SPLINE_SURFACE_WITH_KNOTS('',3,3,((#11033,#11034,#11035,#11036),
(#11037,#11038,#11039,#11040),(#11041,#11042,#11043,#11044),(#11045,#11046,
#11047,#11048),(#11049,#11050,#11051,#11052),(#11053,#11054,#11055,#11056),
(#11057,#11058,#11059,#11060),(#11061,#11062,#11063,#11064)),
 .UNSPECIFIED.,.F.,.F.,.F.,(4,1,1,1,1,4),(4,4),(0.,0.285714285714286,0.428571428571429,
0.571428571428571,0.857142857142857,1.),(-0.151401961011336,0.039495973794291),
 .UNSPECIFIED.);
#148=B_SPLINE_SURFACE_WITH_KNOTS('',3,3,((#11089,#11090,#11091,#11092),
(#11093,#11094,#11095,#11096),(#11097,#11098,#11099,#11100),(#11101,#11102,
#11103,#11104),(#11105,#11106,#11107,#11108),(#11109,#11110,#11111,#11112),
(#11113,#11114,#11115,#11116),(#11117,#11118,#11119,#11120)),
 .UNSPECIFIED.,.F.,.F.,.F.,(4,1,1,1,1,4),(4,4),(0.,0.285714285714286,0.428571428571429,
0.571428571428571,0.857142857142857,1.),(-0.151401071215229,0.0394959972017643),
 .UNSPECIFIED.);
#149=B_SPLINE_SURFACE_WITH_KNOTS('',3,3,((#11145,#11146,#11147,#11148),
(#11149,#11150,#11151,#11152),(#11153,#11154,#11155,#11156),(#11157,#11158,
#11159,#11160),(#11161,#11162,#11163,#11164),(#11165,#11166,#11167,#11168),
(#11169,#11170,#11171,#11172),(#11173,#11174,#11175,#11176)),
 .UNSPECIFIED.,.F.,.F.,.F.,(4,1,1,1,1,4),(4,4),(0.,0.285714285714286,0.428571428571429,
0.571428571428571,0.857142857142857,1.),(-0.151400128554406,0.039494806214126),
 .UNSPECIFIED.);
#150=B_SPLINE_SURFACE_WITH_KNOTS('',3,3,((#11201,#11202,#11203,#11204),
(#11205,#11206,#11207,#11208),(#11209,#11210,#11211,#11212),(#11213,#11214,
#11215,#11216),(#11217,#11218,#11219,#11220),(#11221,#11222,#11223,#11224),
(#11225,#11226,#11227,#11228),(#11229,#11230,#11231,#11232)),
 .UNSPECIFIED.,.F.,.F.,.F.,(4,1,1,1,1,4),(4,4),(0.,0.285714285714286,0.428571428571429,
0.571428571428571,0.857142857142857,1.),(-0.15638885091151,0.0444862374363208),
 .UNSPECIFIED.);
#151=B_SPLINE_SURFACE_WITH_KNOTS('',3,3,((#11257,#11258,#11259,#11260),
(#11261,#11262,#11263,#11264),(#11265,#11266,#11267,#11268),(#11269,#11270,
#11271,#11272),(#11273,#11274,#11275,#11276),(#11277,#11278,#11279,#11280),
(#11281,#11282,#11283,#11284),(#11285,#11286,#11287,#11288)),
 .UNSPECIFIED.,.F.,.F.,.F.,(4,1,1,1,1,4),(4,4),(0.,0.285714285714286,0.428571428571429,
0.571428571428571,0.857142857142857,1.),(-0.136487612996851,0.0147252969884022),
 .UNSPECIFIED.);
#152=B_SPLINE_SURFACE_WITH_KNOTS('',3,3,((#11313,#11314,#11315,#11316),
(#11317,#11318,#11319,#11320),(#11321,#11322,#11323,#11324),(#11325,#11326,
#11327,#11328),(#11329,#11330,#11331,#11332),(#11333,#11334,#11335,#11336),
(#11337,#11338,#11339,#11340),(#11341,#11342,#11343,#11344)),
 .UNSPECIFIED.,.F.,.F.,.F.,(4,1,1,1,1,4),(4,4),(0.,0.285714285714286,0.428571428571429,
0.571428571428571,0.857142857142857,1.),(-5.94914410633821,0.019689973744824),
 .UNSPECIFIED.);
#153=B_SPLINE_SURFACE_WITH_KNOTS('',3,3,((#11369,#11370,#11371,#11372),
(#11373,#11374,#11375,#11376),(#11377,#11378,#11379,#11380),(#11381,#11382,
#11383,#11384),(#11385,#11386,#11387,#11388),(#11389,#11390,#11391,#11392),
(#11393,#11394,#11395,#11396),(#11397,#11398,#11399,#11400)),
 .UNSPECIFIED.,.F.,.F.,.F.,(4,1,1,1,1,4),(4,4),(0.,0.285714285714286,0.428571428571429,
0.571428571428571,0.857142857142857,1.),(-0.111789967491957,0.0394968264242919),
 .UNSPECIFIED.);
#154=B_SPLINE_SURFACE_WITH_KNOTS('',3,3,((#11425,#11426,#11427,#11428),
(#11429,#11430,#11431,#11432),(#11433,#11434,#11435,#11436),(#11437,#11438,
#11439,#11440),(#11441,#11442,#11443,#11444),(#11445,#11446,#11447,#11448),
(#11449,#11450,#11451,#11452),(#11453,#11454,#11455,#11456)),
 .UNSPECIFIED.,.F.,.F.,.F.,(4,1,1,1,1,4),(4,4),(0.,0.285714285714286,0.428571428571429,
0.571428571428571,0.857142857142857,1.),(-0.151401460109633,0.039494806214118),
 .UNSPECIFIED.);
#155=TOROIDAL_SURFACE('',#6461,67.2,0.8);
#156=TOROIDAL_SURFACE('',#6473,67.2,0.8);
#157=TOROIDAL_SURFACE('',#6496,67.2,0.8);
#158=TOROIDAL_SURFACE('',#6511,67.2,0.8);
#159=TOROIDAL_SURFACE('',#6525,67.2,0.8);
#160=TOROIDAL_SURFACE('',#6539,67.2,0.8);
#161=TOROIDAL_SURFACE('',#6553,67.2,0.8);
#162=TOROIDAL_SURFACE('',#6567,67.2,0.8);
#163=B_SPLINE_CURVE_WITH_KNOTS('',3,(#8827,#8828,#8829,#8830,#8831,#8832),
 .UNSPECIFIED.,.F.,.F.,(4,2,4),(1.54694200617557,1.73980155165731,1.93266109713904),
 .UNSPECIFIED.);
#164=B_SPLINE_CURVE_WITH_KNOTS('',3,(#8843,#8844,#8845,#8846,#8847,#8848,
#8849,#8850,#8851,#8852),.UNSPECIFIED.,.F.,.F.,(4,2,2,2,4),(-0.0966891299983768,
-0.0888665017982709,-0.0592368053342588,-0.0296151288309262,0.),
 .UNSPECIFIED.);
#165=B_SPLINE_CURVE_WITH_KNOTS('',3,(#8867,#8868,#8869,#8870,#8871,#8872,
#8873,#8874,#8875,#8876),.UNSPECIFIED.,.F.,.F.,(4,2,2,2,4),(0.,0.0296151288309262,
0.0592368053342588,0.0888665017982709,0.0966891299983777),.UNSPECIFIED.);
#166=B_SPLINE_CURVE_WITH_KNOTS('',3,(#9823,#9824,#9825,#9826),
 .UNSPECIFIED.,.F.,.F.,(4,4),(-0.111904131352644,1.30451205393456E-15),
 .UNSPECIFIED.);
#167=B_SPLINE_CURVE_WITH_KNOTS('',3,(#9828,#9829,#9830,#9831,#9832,#9833,
#9834,#9835,#9836,#9837,#9838,#9839,#9840,#9841),.UNSPECIFIED.,.F.,.F.,
(4,2,2,2,2,2,4),(0.,0.0981876185739391,0.253257042050386,0.361662239581635,
0.406041617187376,0.439970633647786,0.440389363678312),.UNSPECIFIED.);
#168=B_SPLINE_CURVE_WITH_KNOTS('',3,(#9843,#9844,#9845,#9846),
 .UNSPECIFIED.,.F.,.F.,(4,4),(-0.0394959972017661,0.151398937566762),
 .UNSPECIFIED.);
#169=B_SPLINE_CURVE_WITH_KNOTS('',3,(#9847,#9848,#9849,#9850,#9851,#9852,
#9853,#9854,#9855,#9856,#9857,#9858,#9859,#9860),.UNSPECIFIED.,.F.,.F.,
(4,2,2,2,2,2,4),(0.,0.0981876661955798,0.253257094083527,0.361662081009918,
0.406041408407883,0.439970410026523,0.440389318853158),.UNSPECIFIED.);
#170=B_SPLINE_CURVE_WITH_KNOTS('',3,(#9894,#9895,#9896,#9897),
 .UNSPECIFIED.,.F.,.F.,(4,4),(-0.111905097420935,-9.71445146547012E-17),
 .UNSPECIFIED.);
#171=B_SPLINE_CURVE_WITH_KNOTS('',3,(#9899,#9900,#9901,#9902,#9903,#9904,
#9905,#9906,#9907,#9908,#9909,#9910,#9911,#9912),.UNSPECIFIED.,.F.,.F.,
(4,2,2,2,2,2,4),(0.,0.0981876205542686,0.253257053712186,0.361662262588471,
0.406041641450886,0.439970656956673,0.440389369857815),.UNSPECIFIED.);
#172=B_SPLINE_CURVE_WITH_KNOTS('',3,(#9913,#9914,#9915,#9916),
 .UNSPECIFIED.,.F.,.F.,(4,4),(-0.039495973794276,0.151401094622699),
 .UNSPECIFIED.);
#173=B_SPLINE_CURVE_WITH_KNOTS('',3,(#9950,#9951,#9952,#9953),
 .UNSPECIFIED.,.F.,.F.,(4,4),(-0.11690208485759,-4.71844785465692E-16),
 .UNSPECIFIED.);
#174=B_SPLINE_CURVE_WITH_KNOTS('',3,(#9955,#9956,#9957,#9958,#9959,#9960,
#9961,#9962,#9963,#9964,#9965,#9966,#9967,#9968),.UNSPECIFIED.,.F.,.F.,
(4,2,2,2,2,2,4),(0.,0.0979357205229173,0.252615646563184,0.361361393645905,
0.405877891726841,0.439898644838202,0.440317063532015),.UNSPECIFIED.);
#175=B_SPLINE_CURVE_WITH_KNOTS('',3,(#9969,#9970,#9971,#9972),
 .UNSPECIFIED.,.F.,.F.,(4,4),(-0.0444928753511276,0.156398058651865),
 .UNSPECIFIED.);
#176=B_SPLINE_CURVE_WITH_KNOTS('',3,(#10006,#10007,#10008,#10009),
 .UNSPECIFIED.,.F.,.F.,(4,4),(-0.0919845835551154,-1.16226472890446E-16),
 .UNSPECIFIED.);
#177=B_SPLINE_CURVE_WITH_KNOTS('',3,(#10011,#10012,#10013,#10014,#10015,
#10016,#10017,#10018,#10019,#10020,#10021,#10022,#10023,#10024),
 .UNSPECIFIED.,.F.,.F.,(4,2,2,2,2,2,4),(0.,0.0990066205578831,0.25753497998645,
0.367745356574182,0.412873975645199,0.447420365786367,0.447862468789608),
 .UNSPECIFIED.);
#178=B_SPLINE_CURVE_WITH_KNOTS('',3,(#10025,#10026,#10027,#10028),
 .UNSPECIFIED.,.F.,.F.,(4,4),(-0.014702016559835,0.136477458906244),
 .UNSPECIFIED.);
#179=B_SPLINE_CURVE_WITH_KNOTS('',3,(#10062,#10063,#10064,#10065),
 .UNSPECIFIED.,.F.,.F.,(4,4),(-3.73440872412336,1.41900380334903E-15),
 .UNSPECIFIED.);
#180=B_SPLINE_CURVE_WITH_KNOTS('',3,(#10067,#10068,#10069,#10070,#10071,
#10072,#10073,#10074,#10075,#10076,#10077,#10078,#10079,#10080),
 .UNSPECIFIED.,.F.,.F.,(4,2,2,2,2,2,4),(0.,0.098900601160818,0.255068831864421,
0.362510054732244,0.406502659270877,0.440173261388025,0.440595796025216),
 .UNSPECIFIED.);
#181=B_SPLINE_CURVE_WITH_KNOTS('',3,(#10081,#10082,#10083,#10084),
 .UNSPECIFIED.,.F.,.F.,(4,4),(-0.0197063304580054,3.74911074068321),
 .UNSPECIFIED.);
#182=B_SPLINE_CURVE_WITH_KNOTS('',3,(#10118,#10119,#10120,#10121),
 .UNSPECIFIED.,.F.,.F.,(4,4),(-0.092115899788304,6.93889390390723E-17),
 .UNSPECIFIED.);
#183=B_SPLINE_CURVE_WITH_KNOTS('',3,(#10123,#10124,#10125,#10126,#10127,
#10128,#10129,#10130,#10131,#10132,#10133,#10134,#10135,#10136),
 .UNSPECIFIED.,.F.,.F.,(4,2,2,2,2,2,4),(0.,0.0981875872259839,0.253256860358837,
0.361661884882667,0.406041243740344,0.439970275268511,0.44038926844446),
 .UNSPECIFIED.);
#184=B_SPLINE_CURVE_WITH_KNOTS('',3,(#10137,#10138,#10139,#10140),
 .UNSPECIFIED.,.F.,.F.,(4,4),(-0.0394963757524085,0.111822230246315),
 .UNSPECIFIED.);
#185=B_SPLINE_CURVE_WITH_KNOTS('',3,(#10174,#10175,#10176,#10177),
 .UNSPECIFIED.,.F.,.F.,(4,4),(-0.111905585258867,5.20417042793042E-16),
 .UNSPECIFIED.);
#186=B_SPLINE_CURVE_WITH_KNOTS('',3,(#10179,#10180,#10181,#10182,#10183,
#10184,#10185,#10186,#10187,#10188,#10189,#10190,#10191,#10192),
 .UNSPECIFIED.,.F.,.F.,(4,2,2,2,2,2,4),(0.,0.0981876229783423,0.253257078407891,
0.361662323251788,0.406041707328559,0.439970721297298,0.44038938625081),
 .UNSPECIFIED.);
#187=B_SPLINE_CURVE_WITH_KNOTS('',3,(#10193,#10194,#10195,#10196),
 .UNSPECIFIED.,.F.,.F.,(4,4),(-0.0394959737942662,0.151401961011278),
 .UNSPECIFIED.);
#188=B_SPLINE_CURVE_WITH_KNOTS('',3,(#10230,#10231,#10232,#10233),
 .UNSPECIFIED.,.F.,.F.,(4,4),(-0.11190509742092,5.55111512312578E-17),
 .UNSPECIFIED.);
#189=B_SPLINE_CURVE_WITH_KNOTS('',3,(#10235,#10236,#10237,#10238,#10239,
#10240,#10241,#10242,#10243,#10244,#10245,#10246,#10247,#10248),
 .UNSPECIFIED.,.F.,.F.,(4,2,2,2,2,2,4),(0.,0.0981876272442074,0.253257130378951,
0.361662456638393,0.406041852918347,0.439970863893991,0.440389422336706),
 .UNSPECIFIED.);
#190=B_SPLINE_CURVE_WITH_KNOTS('',3,(#10249,#10250,#10251,#10252),
 .UNSPECIFIED.,.F.,.F.,(4,4),(-0.0394959972017679,0.151401071215186),
 .UNSPECIFIED.);
#191=B_SPLINE_CURVE_WITH_KNOTS('',3,(#10286,#10287,#10288,#10289),
 .UNSPECIFIED.,.F.,.F.,(4,4),(-0.111904131352657,1.45716771982052E-16),
 .UNSPECIFIED.);
#192=B_SPLINE_CURVE_WITH_KNOTS('',3,(#10291,#10292,#10293,#10294,#10295,
#10296,#10297,#10298,#10299,#10300,#10301,#10302,#10303,#10304),
 .UNSPECIFIED.,.F.,.F.,(4,2,2,2,2,2,4),(0.,0.0981876816723444,0.253257251753066,
0.361662468120661,0.406041828755864,0.439970820539744,0.440389423469591),
 .UNSPECIFIED.);
#193=B_SPLINE_CURVE_WITH_KNOTS('',3,(#10305,#10306,#10307,#10308),
 .UNSPECIFIED.,.F.,.F.,(4,4),(-0.0394948062141243,0.151400128554426),
 .UNSPECIFIED.);
#194=B_SPLINE_CURVE_WITH_KNOTS('',3,(#10342,#10343,#10344,#10345),
 .UNSPECIFIED.,.F.,.F.,(4,4),(-0.116894294393251,-2.98372437868011E-16),
 .UNSPECIFIED.);
#195=B_SPLINE_CURVE_WITH_KNOTS('',3,(#10347,#10348,#10349,#10350,#10351,
#10352,#10353,#10354,#10355,#10356,#10357,#10358,#10359,#10360),
 .UNSPECIFIED.,.F.,.F.,(4,2,2,2,2,2,4),(0.,0.0979360630496002,0.252616539023537,
0.361361847806606,0.405878161341051,0.439898786594044,0.440317173902725),
 .UNSPECIFIED.);
#196=B_SPLINE_CURVE_WITH_KNOTS('',3,(#10361,#10362,#10363,#10364),
 .UNSPECIFIED.,.F.,.F.,(4,4),(-0.0444864871321937,0.156389100607373),
 .UNSPECIFIED.);
#197=B_SPLINE_CURVE_WITH_KNOTS('',3,(#10398,#10399,#10400,#10401),
 .UNSPECIFIED.,.F.,.F.,(4,4),(-0.0920268249503162,1.81105130891979E-15),
 .UNSPECIFIED.);
#198=B_SPLINE_CURVE_WITH_KNOTS('',3,(#10403,#10404,#10405,#10406,#10407,
#10408,#10409,#10410,#10411,#10412,#10413,#10414,#10415,#10416),
 .UNSPECIFIED.,.F.,.F.,(4,2,2,2,2,2,4),(0.,0.0990057019110136,0.257533095161301,
0.367744765103115,0.412873981354071,0.447420834323103,0.447863651064513),
 .UNSPECIFIED.);
#199=B_SPLINE_CURVE_WITH_KNOTS('',3,(#10417,#10418,#10419,#10420),
 .UNSPECIFIED.,.F.,.F.,(4,4),(-0.014752543799232,0.13651331208251),
 .UNSPECIFIED.);
#200=B_SPLINE_CURVE_WITH_KNOTS('',3,(#10454,#10455,#10456,#10457),
 .UNSPECIFIED.,.F.,.F.,(4,4),(-2.17975456379925,3.33066907387547E-16),
 .UNSPECIFIED.);
#201=B_SPLINE_CURVE_WITH_KNOTS('',3,(#10459,#10460,#10461,#10462,#10463,
#10464,#10465,#10466),.UNSPECIFIED.,.F.,.F.,(4,1,1,1,1,4),(-1.,-0.857142857142857,
-0.571428571428571,-0.428571428571429,-0.285714285714286,0.),
 .UNSPECIFIED.);
#202=B_SPLINE_CURVE_WITH_KNOTS('',3,(#10467,#10468,#10469,#10470),
 .UNSPECIFIED.,.F.,.F.,(4,4),(-3.33066907387547E-16,2.19450710759848),
 .UNSPECIFIED.);
#203=B_SPLINE_CURVE_WITH_KNOTS('',3,(#10505,#10506,#10507,#10508,#10509,
#10510,#10511,#10512,#10513,#10514,#10515,#10516,#10517,#10518,#10519,#10520),
 .UNSPECIFIED.,.F.,.F.,(4,3,3,3,3,4),(0.,0.285714286512357,0.428571429768536,
0.571428573024715,0.857142859537072,1.00000000279325),.UNSPECIFIED.);
#204=B_SPLINE_CURVE_WITH_KNOTS('',3,(#10522,#10523,#10524,#10525),
 .UNSPECIFIED.,.F.,.F.,(4,4),(-2.1847377486208,-2.32799890476088E-15),
 .UNSPECIFIED.);
#205=B_SPLINE_CURVE_WITH_KNOTS('',3,(#10527,#10528,#10529,#10530,#10531,
#10532,#10533,#10534,#10535,#10536,#10537,#10538,#10539,#10540),
 .UNSPECIFIED.,.F.,.F.,(4,2,2,2,2,2,4),(0.,0.0988998399196651,0.255066858117157,
0.36250765528386,0.406500268466668,0.440170969977715,0.440595179504222),
 .UNSPECIFIED.);
#206=B_SPLINE_CURVE_WITH_KNOTS('',3,(#10541,#10542,#10543,#10544),
 .UNSPECIFIED.,.F.,.F.,(4,4),(-0.0197374918734492,2.18466300571803),
 .UNSPECIFIED.);
#207=B_SPLINE_CURVE_WITH_KNOTS('',3,(#10578,#10579,#10580,#10581),
 .UNSPECIFIED.,.F.,.F.,(4,4),(-0.0394968264242861,0.111885003749114),
 .UNSPECIFIED.);
#208=B_SPLINE_CURVE_WITH_KNOTS('',3,(#10583,#10584,#10585,#10586),
 .UNSPECIFIED.,.F.,.F.,(4,4),(-0.0921475118756487,-5.20417042793042E-17),
 .UNSPECIFIED.);
#209=B_SPLINE_CURVE_WITH_KNOTS('',3,(#10587,#10588,#10589,#10590,#10591,
#10592,#10593,#10594,#10595,#10596,#10597,#10598,#10599,#10600),
 .UNSPECIFIED.,.F.,.F.,(4,2,2,2,2,2,4),(0.,0.0981875488613253,0.253256633413913,
0.361661437628175,0.406040772245392,0.439969822516238,0.44038914830394),
 .UNSPECIFIED.);
#210=B_SPLINE_CURVE_WITH_KNOTS('',3,(#10634,#10635,#10636,#10637),
 .UNSPECIFIED.,.F.,.F.,(4,4),(-0.039494806214095,0.151401460109615),
 .UNSPECIFIED.);
#211=B_SPLINE_CURVE_WITH_KNOTS('',3,(#10639,#10640,#10641,#10642),
 .UNSPECIFIED.,.F.,.F.,(4,4),(-0.111904633685328,1.11022302462516E-16),
 .UNSPECIFIED.);
#212=B_SPLINE_CURVE_WITH_KNOTS('',3,(#10643,#10644,#10645,#10646,#10647,
#10648,#10649,#10650,#10651,#10652,#10653,#10654,#10655,#10656),
 .UNSPECIFIED.,.F.,.F.,(4,2,2,2,2,2,4),(0.,0.0981876712357989,0.253257145430668,
0.361662206964864,0.40604154515512,0.439970543557073,0.440389352893751),
 .UNSPECIFIED.);
#213=B_SPLINE_CURVE_WITH_KNOTS('',3,(#10689,#10690,#10691,#10692),
 .UNSPECIFIED.,.F.,.F.,(4,4),(-1.56985042931103,2.33213581367527E-16),
 .UNSPECIFIED.);
#214=B_SPLINE_CURVE_WITH_KNOTS('',3,(#10693,#10694,#10695,#10696),
 .UNSPECIFIED.,.F.,.F.,(4,4),(7.47429120448536E-5,1.56985043642759),
 .UNSPECIFIED.);
#215=B_SPLINE_CURVE_WITH_KNOTS('',3,(#10730,#10731,#10732,#10733),
 .UNSPECIFIED.,.F.,.F.,(4,4),(-0.0394967141111708,0.151399654476099),
 .UNSPECIFIED.);
#216=B_SPLINE_CURVE_WITH_KNOTS('',3,(#10735,#10736,#10737,#10738),
 .UNSPECIFIED.,.F.,.F.,(4,4),(-0.111904848262007,-1.59594559789866E-16),
 .UNSPECIFIED.);
#217=B_SPLINE_CURVE_WITH_KNOTS('',3,(#10739,#10740,#10741,#10742,#10743,
#10744,#10745,#10746,#10747,#10748,#10749,#10750,#10751,#10752),
 .UNSPECIFIED.,.F.,.F.,(4,2,2,2,2,2,4),(0.,0.098187590826445,0.253257020088307,
0.361662358191976,0.406041768043827,0.43997079287896,0.440389396920539),
 .UNSPECIFIED.);
#218=B_SPLINE_CURVE_WITH_KNOTS('',3,(#10786,#10787,#10788,#10789),
 .UNSPECIFIED.,.F.,.F.,(4,4),(-0.0394948062141195,0.151401562373208),
 .UNSPECIFIED.);
#219=B_SPLINE_CURVE_WITH_KNOTS('',3,(#10791,#10792,#10793,#10794),
 .UNSPECIFIED.,.F.,.F.,(4,4),(-0.111904848262046,-1.59594559789866E-16),
 .UNSPECIFIED.);
#220=B_SPLINE_CURVE_WITH_KNOTS('',3,(#10795,#10796,#10797,#10798,#10799,
#10800,#10801,#10802,#10803,#10804,#10805,#10806,#10807,#10808),
 .UNSPECIFIED.,.F.,.F.,(4,2,2,2,2,2,4),(0.,0.0981876838672651,0.253257274113915,
0.361662523104273,0.40604188847667,0.439970878877046,0.440389438328853),
 .UNSPECIFIED.);
#221=B_SPLINE_CURVE_WITH_KNOTS('',3,(#10842,#10843,#10844,#10845),
 .UNSPECIFIED.,.F.,.F.,(4,4),(-0.044486237436324,0.156388850911505),
 .UNSPECIFIED.);
#222=B_SPLINE_CURVE_WITH_KNOTS('',3,(#10847,#10848,#10849,#10850),
 .UNSPECIFIED.,.F.,.F.,(4,4),(-0.116894044697383,4.78783679369599E-16),
 .UNSPECIFIED.);
#223=B_SPLINE_CURVE_WITH_KNOTS('',3,(#10851,#10852,#10853,#10854,#10855,
#10856,#10857,#10858,#10859,#10860,#10861,#10862,#10863,#10864),
 .UNSPECIFIED.,.F.,.F.,(4,2,2,2,2,2,4),(0.,0.0979360853345873,0.252616664857851,
0.361362030685925,0.405878339582099,0.439898946538596,0.44031722325852),
 .UNSPECIFIED.);
#224=B_SPLINE_CURVE_WITH_KNOTS('',3,(#10898,#10899,#10900,#10901),
 .UNSPECIFIED.,.F.,.F.,(4,4),(-0.0147088887168065,0.136471204725263),
 .UNSPECIFIED.);
#225=B_SPLINE_CURVE_WITH_KNOTS('',3,(#10903,#10904,#10905,#10906),
 .UNSPECIFIED.,.F.,.F.,(4,4),(-0.0919849672889366,1.00440489259057E-15),
 .UNSPECIFIED.);
#226=B_SPLINE_CURVE_WITH_KNOTS('',3,(#10907,#10908,#10909,#10910,#10911,
#10912,#10913,#10914,#10915,#10916,#10917,#10918,#10919,#10920),
 .UNSPECIFIED.,.F.,.F.,(4,2,2,2,2,2,4),(0.,0.0990064977551798,0.257534742138541,
0.367746886848828,0.412876035622804,0.447422689709098,0.4478630478002),
 .UNSPECIFIED.);
#227=B_SPLINE_CURVE_WITH_KNOTS('',3,(#10954,#10955,#10956,#10957),
 .UNSPECIFIED.,.F.,.F.,(4,4),(-0.0197064131948173,3.74912431432649),
 .UNSPECIFIED.);
#228=B_SPLINE_CURVE_WITH_KNOTS('',3,(#10959,#10960,#10961,#10962),
 .UNSPECIFIED.,.F.,.F.,(4,4),(-3.73441542560971,-3.71230823859037E-16),
 .UNSPECIFIED.);
#229=B_SPLINE_CURVE_WITH_KNOTS('',3,(#10963,#10964,#10965,#10966,#10967,
#10968,#10969,#10970,#10971,#10972,#10973,#10974,#10975,#10976),
 .UNSPECIFIED.,.F.,.F.,(4,2,2,2,2,2,4),(0.,0.0989005991335716,0.255068826552396,
0.362510046267567,0.406502650268843,0.440173252405837,0.440595793835053),
 .UNSPECIFIED.);
#230=B_SPLINE_CURVE_WITH_KNOTS('',3,(#11010,#11011,#11012,#11013),
 .UNSPECIFIED.,.F.,.F.,(4,4),(-0.0394963757524298,0.111822395720029),
 .UNSPECIFIED.);
#231=B_SPLINE_CURVE_WITH_KNOTS('',3,(#11015,#11016,#11017,#11018),
 .UNSPECIFIED.,.F.,.F.,(4,4),(-0.0921159825252218,-5.48172618408671E-16),
 .UNSPECIFIED.);
#232=B_SPLINE_CURVE_WITH_KNOTS('',3,(#11019,#11020,#11021,#11022,#11023,
#11024,#11025,#11026,#11027,#11028,#11029,#11030,#11031,#11032),
 .UNSPECIFIED.,.F.,.F.,(4,2,2,2,2,2,4),(0.,0.0981875750549258,0.253256736365466,
0.361661581426041,0.406040914420456,0.439969953803246,0.440389186425299),
 .UNSPECIFIED.);
#233=B_SPLINE_CURVE_WITH_KNOTS('',3,(#11066,#11067,#11068,#11069),
 .UNSPECIFIED.,.F.,.F.,(4,4),(-0.039495973794291,0.151401961011336),
 .UNSPECIFIED.);
#234=B_SPLINE_CURVE_WITH_KNOTS('',3,(#11071,#11072,#11073,#11074),
 .UNSPECIFIED.,.F.,.F.,(4,4),(-0.111905585258908,-7.14706072102445E-16),
 .UNSPECIFIED.);
#235=B_SPLINE_CURVE_WITH_KNOTS('',3,(#11075,#11076,#11077,#11078,#11079,
#11080,#11081,#11082,#11083,#11084,#11085,#11086,#11087,#11088),
 .UNSPECIFIED.,.F.,.F.,(4,2,2,2,2,2,4),(0.,0.0981876136668682,0.253256983546637,
0.361662090369442,0.406041454455449,0.439970474342893,0.440389323314052),
 .UNSPECIFIED.);
#236=B_SPLINE_CURVE_WITH_KNOTS('',3,(#11122,#11123,#11124,#11125),
 .UNSPECIFIED.,.F.,.F.,(4,4),(-0.0394959972017643,0.151401071215229),
 .UNSPECIFIED.);
#237=B_SPLINE_CURVE_WITH_KNOTS('',3,(#11127,#11128,#11129,#11130),
 .UNSPECIFIED.,.F.,.F.,(4,4),(-0.111905097420941,-5.55111512312578E-16),
 .UNSPECIFIED.);
#238=B_SPLINE_CURVE_WITH_KNOTS('',3,(#11131,#11132,#11133,#11134,#11135,
#11136,#11137,#11138,#11139,#11140,#11141,#11142,#11143,#11144),
 .UNSPECIFIED.,.F.,.F.,(4,2,2,2,2,2,4),(0.,0.0981876193833711,0.25325705029599,
0.36166225983022,0.406041639175317,0.4399706551216,0.440389369150286),
 .UNSPECIFIED.);
#239=B_SPLINE_CURVE_WITH_KNOTS('',3,(#11178,#11179,#11180,#11181),
 .UNSPECIFIED.,.F.,.F.,(4,4),(-0.039494806214126,0.151400128554406),
 .UNSPECIFIED.);
#240=B_SPLINE_CURVE_WITH_KNOTS('',3,(#11183,#11184,#11185,#11186),
 .UNSPECIFIED.,.F.,.F.,(4,4),(-0.111904131352643,7.42461647718073E-16),
 .UNSPECIFIED.);
#241=B_SPLINE_CURVE_WITH_KNOTS('',3,(#11187,#11188,#11189,#11190,#11191,
#11192,#11193,#11194,#11195,#11196,#11197,#11198,#11199,#11200),
 .UNSPECIFIED.,.F.,.F.,(4,2,2,2,2,2,4),(0.,0.0981876751674728,0.253257185484581,
0.36166230529304,0.406041651923342,0.439970647823582,0.440389379465284),
 .UNSPECIFIED.);
#242=B_SPLINE_CURVE_WITH_KNOTS('',3,(#11234,#11235,#11236,#11237),
 .UNSPECIFIED.,.F.,.F.,(4,4),(-0.0444862374363208,0.15638885091151),
 .UNSPECIFIED.);
#243=B_SPLINE_CURVE_WITH_KNOTS('',3,(#11239,#11240,#11241,#11242),
 .UNSPECIFIED.,.F.,.F.,(4,4),(-0.116894044697391,-1.25593979660721E-15),
 .UNSPECIFIED.);
#244=B_SPLINE_CURVE_WITH_KNOTS('',3,(#11243,#11244,#11245,#11246,#11247,
#11248,#11249,#11250,#11251,#11252,#11253,#11254,#11255,#11256),
 .UNSPECIFIED.,.F.,.F.,(4,2,2,2,2,2,4),(0.,0.0979360697473839,0.252616505521191,
0.361361741493928,0.405878045905177,0.439898676171097,0.440317144375376),
 .UNSPECIFIED.);
#245=B_SPLINE_CURVE_WITH_KNOTS('',3,(#11290,#11291,#11292,#11293),
 .UNSPECIFIED.,.F.,.F.,(4,4),(-0.0147252969884022,0.136487612996851),
 .UNSPECIFIED.);
#246=B_SPLINE_CURVE_WITH_KNOTS('',3,(#11295,#11296,#11297,#11298),
 .UNSPECIFIED.,.F.,.F.,(4,4),(-0.0920013755605282,7.49400541621981E-16),
 .UNSPECIFIED.);
#247=B_SPLINE_CURVE_WITH_KNOTS('',3,(#11299,#11300,#11301,#11302,#11303,
#11304,#11305,#11306,#11307,#11308,#11309,#11310,#11311,#11312),
 .UNSPECIFIED.,.F.,.F.,(4,2,2,2,2,2,4),(0.,0.0990061968561379,0.257534104726976,
0.367744417451362,0.412873125741687,0.447419645707088,0.44786283977921),
 .UNSPECIFIED.);
#248=B_SPLINE_CURVE_WITH_KNOTS('',3,(#11346,#11347,#11348,#11349),
 .UNSPECIFIED.,.F.,.F.,(4,4),(-0.019689973744824,5.94914410633821),
 .UNSPECIFIED.);
#249=B_SPLINE_CURVE_WITH_KNOTS('',3,(#11351,#11352,#11353,#11354),
 .UNSPECIFIED.,.F.,.F.,(4,4),(-5.93441880934976,-1.80758186196783E-15),
 .UNSPECIFIED.);
#250=B_SPLINE_CURVE_WITH_KNOTS('',3,(#11355,#11356,#11357,#11358,#11359,
#11360,#11361,#11362,#11363,#11364,#11365,#11366,#11367,#11368),
 .UNSPECIFIED.,.F.,.F.,(4,2,2,2,2,2,4),(0.,0.0989009979351199,0.255069843166514,
0.362510684860891,0.406503117745324,0.440173595285309,0.440595953809096),
 .UNSPECIFIED.);
#251=B_SPLINE_CURVE_WITH_KNOTS('',3,(#11402,#11403,#11404,#11405),
 .UNSPECIFIED.,.F.,.F.,(4,4),(-0.0394968264242919,0.111789967491957),
 .UNSPECIFIED.);
#252=B_SPLINE_CURVE_WITH_KNOTS('',3,(#11407,#11408,#11409,#11410),
 .UNSPECIFIED.,.F.,.F.,(4,4),(-0.0920999937471381,8.15320033709099E-16),
 .UNSPECIFIED.);
#253=B_SPLINE_CURVE_WITH_KNOTS('',3,(#11411,#11412,#11413,#11414,#11415,
#11416,#11417,#11418,#11419,#11420,#11421,#11422,#11423,#11424),
 .UNSPECIFIED.,.F.,.F.,(4,2,2,2,2,2,4),(0.,0.0981875461922666,0.253256606223091,
0.361661371221579,0.406040700206383,0.439969752216631,0.440389130353093),
 .UNSPECIFIED.);
#254=B_SPLINE_CURVE_WITH_KNOTS('',3,(#11457,#11458,#11459,#11460),
 .UNSPECIFIED.,.F.,.F.,(4,4),(-0.039494806214118,0.151401460109633),
 .UNSPECIFIED.);
#255=B_SPLINE_CURVE_WITH_KNOTS('',3,(#11461,#11462,#11463,#11464),
 .UNSPECIFIED.,.F.,.F.,(4,4),(-0.111904633685343,0.),.UNSPECIFIED.);
#256=B_SPLINE_CURVE_WITH_KNOTS('',3,(#11577,#11578,#11579,#11580,#11581,
#11582,#11583,#11584,#11585,#11586,#11587,#11588,#11589,#11590,#11591,#11592,
#11593,#11594,#11595,#11596,#11597,#11598,#11599,#11600,#11601,#11602,#11603,
#11604,#11605,#11606,#11607,#11608,#11609,#11610,#11611,#11612,#11613),
 .UNSPECIFIED.,.F.,.F.,(4,3,3,3,3,3,3,3,3,3,3,3,4),(0.,0.13301820335066,
0.2660312069282,0.399039471083923,0.53204345599579,0.665085684411923,0.798114463483982,
0.931131637071528,1.06413904732008,1.19717856161691,1.33019372508733,1.46322801059728,
1.57079634655311),.UNSPECIFIED.);
#257=PLANE('',#6454);
#258=PLANE('',#6455);
#259=PLANE('',#6456);
#260=PLANE('',#6458);
#261=PLANE('',#6459);
#262=PLANE('',#6460);
#263=PLANE('',#6467);
#264=PLANE('',#6468);
#265=PLANE('',#6469);
#266=PLANE('',#6478);
#267=PLANE('',#6479);
#268=PLANE('',#6480);
#269=PLANE('',#6481);
#270=PLANE('',#6482);
#271=PLANE('',#6483);
#272=PLANE('',#6487);
#273=PLANE('',#6488);
#274=PLANE('',#6489);
#275=PLANE('',#6490);
#276=PLANE('',#6491);
#277=PLANE('',#6492);
#278=PLANE('',#6502);
#279=PLANE('',#6503);
#280=PLANE('',#6504);
#281=PLANE('',#6505);
#282=PLANE('',#6506);
#283=PLANE('',#6507);
#284=PLANE('',#6516);
#285=PLANE('',#6517);
#286=PLANE('',#6518);
#287=PLANE('',#6519);
#288=PLANE('',#6520);
#289=PLANE('',#6521);
#290=PLANE('',#6530);
#291=PLANE('',#6531);
#292=PLANE('',#6532);
#293=PLANE('',#6533);
#294=PLANE('',#6534);
#295=PLANE('',#6535);
#296=PLANE('',#6544);
#297=PLANE('',#6545);
#298=PLANE('',#6546);
#299=PLANE('',#6547);
#300=PLANE('',#6548);
#301=PLANE('',#6549);
#302=PLANE('',#6558);
#303=PLANE('',#6559);
#304=PLANE('',#6560);
#305=PLANE('',#6561);
#306=PLANE('',#6562);
#307=PLANE('',#6563);
#308=PLANE('',#6572);
#309=PLANE('',#6573);
#310=PLANE('',#6574);
#311=PLANE('',#6578);
#312=PLANE('',#6582);
#313=PLANE('',#6586);
#314=PLANE('',#6590);
#315=PLANE('',#6594);
#316=PLANE('',#6598);
#317=PLANE('',#6602);
#318=PLANE('',#6606);
#319=PLANE('',#6610);
#320=PLANE('',#6614);
#321=PLANE('',#6618);
#322=PLANE('',#6622);
#323=PLANE('',#6626);
#324=PLANE('',#6630);
#325=PLANE('',#6634);
#326=PLANE('',#6638);
#327=PLANE('',#6642);
#328=PLANE('',#6646);
#329=PLANE('',#6650);
#330=PLANE('',#6654);
#331=PLANE('',#6658);
#332=PLANE('',#6662);
#333=PLANE('',#6666);
#334=PLANE('',#6670);
#335=PLANE('',#6674);
#336=PLANE('',#6678);
#337=PLANE('',#6682);
#338=PLANE('',#6686);
#339=PLANE('',#6690);
#340=PLANE('',#6694);
#341=PLANE('',#6698);
#342=PLANE('',#6702);
#343=PLANE('',#6706);
#344=PLANE('',#6710);
#345=PLANE('',#6714);
#346=PLANE('',#6718);
#347=PLANE('',#6722);
#348=PLANE('',#6726);
#349=PLANE('',#6730);
#350=PLANE('',#6734);
#351=PLANE('',#6738);
#352=PLANE('',#6742);
#353=PLANE('',#6746);
#354=PLANE('',#6750);
#355=PLANE('',#6754);
#356=PLANE('',#6758);
#357=PLANE('',#6762);
#358=PLANE('',#6766);
#359=PLANE('',#6770);
#360=PLANE('',#6774);
#361=PLANE('',#6778);
#362=PLANE('',#6782);
#363=PLANE('',#6786);
#364=PLANE('',#6790);
#365=PLANE('',#6794);
#366=PLANE('',#6798);
#367=PLANE('',#6802);
#368=PLANE('',#6806);
#369=PLANE('',#6810);
#370=PLANE('',#6814);
#371=PLANE('',#6818);
#372=PLANE('',#6822);
#373=PLANE('',#6826);
#374=PLANE('',#6830);
#375=PLANE('',#6834);
#376=PLANE('',#6838);
#377=PLANE('',#6842);
#378=PLANE('',#6846);
#379=PLANE('',#6850);
#380=PLANE('',#6854);
#381=PLANE('',#6858);
#382=PLANE('',#6862);
#383=PLANE('',#6866);
#384=PLANE('',#6870);
#385=PLANE('',#6874);
#386=PLANE('',#6878);
#387=PLANE('',#6879);
#388=PLANE('',#6880);
#389=PLANE('',#6881);
#390=PLANE('',#6882);
#391=PLANE('',#6883);
#392=PLANE('',#6884);
#393=PLANE('',#6885);
#394=PLANE('',#6886);
#395=PLANE('',#6887);
#396=PLANE('',#6888);
#397=PLANE('',#6889);
#398=PLANE('',#6890);
#399=PLANE('',#6891);
#400=PLANE('',#6892);
#401=PLANE('',#6893);
#402=PLANE('',#6894);
#403=PLANE('',#6955);
#404=PLANE('',#6956);
#405=PLANE('',#6957);
#406=PLANE('',#6958);
#407=PLANE('',#6959);
#408=PLANE('',#6960);
#409=PLANE('',#6961);
#410=PLANE('',#6962);
#411=PLANE('',#6963);
#412=PLANE('',#6964);
#413=PLANE('',#6965);
#414=PLANE('',#6966);
#415=PLANE('',#6967);
#416=PLANE('',#6968);
#417=PLANE('',#6969);
#418=PLANE('',#6970);
#419=PLANE('',#6971);
#420=PLANE('',#6972);
#421=PLANE('',#6973);
#422=PLANE('',#6974);
#423=PLANE('',#6975);
#424=PLANE('',#6976);
#425=PLANE('',#6977);
#426=PLANE('',#6978);
#427=PLANE('',#6979);
#428=PLANE('',#6980);
#429=PLANE('',#6981);
#430=PLANE('',#6982);
#431=PLANE('',#6983);
#432=PLANE('',#6984);
#433=PLANE('',#6985);
#434=PLANE('',#6986);
#435=PLANE('',#6987);
#436=PLANE('',#6988);
#437=PLANE('',#6989);
#438=PLANE('',#6990);
#439=PLANE('',#6991);
#440=PLANE('',#6992);
#441=PLANE('',#6993);
#442=PLANE('',#6994);
#443=PLANE('',#6995);
#444=PLANE('',#6996);
#445=PLANE('',#6997);
#446=PLANE('',#6998);
#447=PLANE('',#6999);
#448=PLANE('',#7000);
#449=PLANE('',#7001);
#450=PLANE('',#7002);
#451=PLANE('',#7003);
#452=PLANE('',#7004);
#453=PLANE('',#7005);
#454=PLANE('',#7006);
#455=PLANE('',#7007);
#456=PLANE('',#7008);
#457=PLANE('',#7009);
#458=PLANE('',#7010);
#459=PLANE('',#7011);
#460=PLANE('',#7012);
#461=PLANE('',#7013);
#462=PLANE('',#7014);
#463=PLANE('',#7015);
#464=PLANE('',#7016);
#465=PLANE('',#7017);
#466=PLANE('',#7018);
#467=PLANE('',#7019);
#468=PLANE('',#7020);
#469=PLANE('',#7021);
#470=PLANE('',#7022);
#471=PLANE('',#7023);
#472=PLANE('',#7024);
#473=PLANE('',#7025);
#474=PLANE('',#7026);
#475=PLANE('',#7027);
#476=PLANE('',#7028);
#477=PLANE('',#7029);
#478=PLANE('',#7030);
#479=PLANE('',#7031);
#480=PLANE('',#7032);
#481=PLANE('',#7033);
#482=PLANE('',#7034);
#483=PLANE('',#7035);
#484=PLANE('',#7036);
#485=PLANE('',#7037);
#486=PLANE('',#7038);
#487=PLANE('',#7039);
#488=PLANE('',#7040);
#489=PLANE('',#7041);
#490=PLANE('',#7042);
#491=PLANE('',#7052);
#492=FACE_OUTER_BOUND('',#881,.T.);
#493=FACE_OUTER_BOUND('',#882,.T.);
#494=FACE_OUTER_BOUND('',#883,.T.);
#495=FACE_OUTER_BOUND('',#884,.T.);
#496=FACE_OUTER_BOUND('',#885,.T.);
#497=FACE_OUTER_BOUND('',#886,.T.);
#498=FACE_OUTER_BOUND('',#887,.T.);
#499=FACE_OUTER_BOUND('',#888,.T.);
#500=FACE_OUTER_BOUND('',#889,.T.);
#501=FACE_OUTER_BOUND('',#890,.T.);
#502=FACE_OUTER_BOUND('',#891,.T.);
#503=FACE_OUTER_BOUND('',#892,.T.);
#504=FACE_OUTER_BOUND('',#893,.T.);
#505=FACE_OUTER_BOUND('',#894,.T.);
#506=FACE_OUTER_BOUND('',#895,.T.);
#507=FACE_OUTER_BOUND('',#896,.T.);
#508=FACE_OUTER_BOUND('',#897,.T.);
#509=FACE_OUTER_BOUND('',#898,.T.);
#510=FACE_OUTER_BOUND('',#899,.T.);
#511=FACE_OUTER_BOUND('',#900,.T.);
#512=FACE_OUTER_BOUND('',#901,.T.);
#513=FACE_OUTER_BOUND('',#902,.T.);
#514=FACE_OUTER_BOUND('',#903,.T.);
#515=FACE_OUTER_BOUND('',#904,.T.);
#516=FACE_OUTER_BOUND('',#905,.T.);
#517=FACE_OUTER_BOUND('',#906,.T.);
#518=FACE_OUTER_BOUND('',#907,.T.);
#519=FACE_OUTER_BOUND('',#908,.T.);
#520=FACE_OUTER_BOUND('',#909,.T.);
#521=FACE_OUTER_BOUND('',#910,.T.);
#522=FACE_OUTER_BOUND('',#911,.T.);
#523=FACE_OUTER_BOUND('',#912,.T.);
#524=FACE_OUTER_BOUND('',#913,.T.);
#525=FACE_OUTER_BOUND('',#914,.T.);
#526=FACE_OUTER_BOUND('',#915,.T.);
#527=FACE_OUTER_BOUND('',#916,.T.);
#528=FACE_OUTER_BOUND('',#917,.T.);
#529=FACE_OUTER_BOUND('',#918,.T.);
#530=FACE_OUTER_BOUND('',#919,.T.);
#531=FACE_OUTER_BOUND('',#920,.T.);
#532=FACE_OUTER_BOUND('',#921,.T.);
#533=FACE_OUTER_BOUND('',#922,.T.);
#534=FACE_OUTER_BOUND('',#923,.T.);
#535=FACE_OUTER_BOUND('',#924,.T.);
#536=FACE_OUTER_BOUND('',#925,.T.);
#537=FACE_OUTER_BOUND('',#926,.T.);
#538=FACE_OUTER_BOUND('',#927,.T.);
#539=FACE_OUTER_BOUND('',#928,.T.);
#540=FACE_OUTER_BOUND('',#929,.T.);
#541=FACE_OUTER_BOUND('',#930,.T.);
#542=FACE_OUTER_BOUND('',#931,.T.);
#543=FACE_OUTER_BOUND('',#932,.T.);
#544=FACE_OUTER_BOUND('',#933,.T.);
#545=FACE_OUTER_BOUND('',#934,.T.);
#546=FACE_OUTER_BOUND('',#935,.T.);
#547=FACE_OUTER_BOUND('',#936,.T.);
#548=FACE_OUTER_BOUND('',#937,.T.);
#549=FACE_OUTER_BOUND('',#938,.T.);
#550=FACE_OUTER_BOUND('',#939,.T.);
#551=FACE_OUTER_BOUND('',#940,.T.);
#552=FACE_OUTER_BOUND('',#941,.T.);
#553=FACE_OUTER_BOUND('',#942,.T.);
#554=FACE_OUTER_BOUND('',#943,.T.);
#555=FACE_OUTER_BOUND('',#944,.T.);
#556=FACE_OUTER_BOUND('',#945,.T.);
#557=FACE_OUTER_BOUND('',#946,.T.);
#558=FACE_OUTER_BOUND('',#947,.T.);
#559=FACE_OUTER_BOUND('',#948,.T.);
#560=FACE_OUTER_BOUND('',#949,.T.);
#561=FACE_OUTER_BOUND('',#950,.T.);
#562=FACE_OUTER_BOUND('',#951,.T.);
#563=FACE_OUTER_BOUND('',#952,.T.);
#564=FACE_OUTER_BOUND('',#953,.T.);
#565=FACE_OUTER_BOUND('',#954,.T.);
#566=FACE_OUTER_BOUND('',#955,.T.);
#567=FACE_OUTER_BOUND('',#956,.T.);
#568=FACE_OUTER_BOUND('',#957,.T.);
#569=FACE_OUTER_BOUND('',#958,.T.);
#570=FACE_OUTER_BOUND('',#959,.T.);
#571=FACE_OUTER_BOUND('',#960,.T.);
#572=FACE_OUTER_BOUND('',#961,.T.);
#573=FACE_OUTER_BOUND('',#962,.T.);
#574=FACE_OUTER_BOUND('',#963,.T.);
#575=FACE_OUTER_BOUND('',#964,.T.);
#576=FACE_OUTER_BOUND('',#965,.T.);
#577=FACE_OUTER_BOUND('',#966,.T.);
#578=FACE_OUTER_BOUND('',#967,.T.);
#579=FACE_OUTER_BOUND('',#968,.T.);
#580=FACE_OUTER_BOUND('',#969,.T.);
#581=FACE_OUTER_BOUND('',#970,.T.);
#582=FACE_OUTER_BOUND('',#971,.T.);
#583=FACE_OUTER_BOUND('',#972,.T.);
#584=FACE_OUTER_BOUND('',#973,.T.);
#585=FACE_OUTER_BOUND('',#974,.T.);
#586=FACE_OUTER_BOUND('',#975,.T.);
#587=FACE_OUTER_BOUND('',#976,.T.);
#588=FACE_OUTER_BOUND('',#977,.T.);
#589=FACE_OUTER_BOUND('',#978,.T.);
#590=FACE_OUTER_BOUND('',#979,.T.);
#591=FACE_OUTER_BOUND('',#980,.T.);
#592=FACE_OUTER_BOUND('',#981,.T.);
#593=FACE_OUTER_BOUND('',#982,.T.);
#594=FACE_OUTER_BOUND('',#983,.T.);
#595=FACE_OUTER_BOUND('',#984,.T.);
#596=FACE_OUTER_BOUND('',#985,.T.);
#597=FACE_OUTER_BOUND('',#986,.T.);
#598=FACE_OUTER_BOUND('',#987,.T.);
#599=FACE_OUTER_BOUND('',#988,.T.);
#600=FACE_OUTER_BOUND('',#989,.T.);
#601=FACE_OUTER_BOUND('',#990,.T.);
#602=FACE_OUTER_BOUND('',#991,.T.);
#603=FACE_OUTER_BOUND('',#992,.T.);
#604=FACE_OUTER_BOUND('',#993,.T.);
#605=FACE_OUTER_BOUND('',#994,.T.);
#606=FACE_OUTER_BOUND('',#995,.T.);
#607=FACE_OUTER_BOUND('',#996,.T.);
#608=FACE_OUTER_BOUND('',#997,.T.);
#609=FACE_OUTER_BOUND('',#998,.T.);
#610=FACE_OUTER_BOUND('',#999,.T.);
#611=FACE_OUTER_BOUND('',#1000,.T.);
#612=FACE_OUTER_BOUND('',#1001,.T.);
#613=FACE_OUTER_BOUND('',#1002,.T.);
#614=FACE_OUTER_BOUND('',#1003,.T.);
#615=FACE_OUTER_BOUND('',#1004,.T.);
#616=FACE_OUTER_BOUND('',#1005,.T.);
#617=FACE_OUTER_BOUND('',#1006,.T.);
#618=FACE_OUTER_BOUND('',#1007,.T.);
#619=FACE_OUTER_BOUND('',#1008,.T.);
#620=FACE_OUTER_BOUND('',#1009,.T.);
#621=FACE_OUTER_BOUND('',#1010,.T.);
#622=FACE_OUTER_BOUND('',#1011,.T.);
#623=FACE_OUTER_BOUND('',#1012,.T.);
#624=FACE_OUTER_BOUND('',#1013,.T.);
#625=FACE_OUTER_BOUND('',#1014,.T.);
#626=FACE_OUTER_BOUND('',#1015,.T.);
#627=FACE_OUTER_BOUND('',#1016,.T.);
#628=FACE_OUTER_BOUND('',#1017,.T.);
#629=FACE_OUTER_BOUND('',#1018,.T.);
#630=FACE_OUTER_BOUND('',#1019,.T.);
#631=FACE_OUTER_BOUND('',#1020,.T.);
#632=FACE_OUTER_BOUND('',#1021,.T.);
#633=FACE_OUTER_BOUND('',#1022,.T.);
#634=FACE_OUTER_BOUND('',#1023,.T.);
#635=FACE_OUTER_BOUND('',#1024,.T.);
#636=FACE_OUTER_BOUND('',#1025,.T.);
#637=FACE_OUTER_BOUND('',#1026,.T.);
#638=FACE_OUTER_BOUND('',#1027,.T.);
#639=FACE_OUTER_BOUND('',#1028,.T.);
#640=FACE_OUTER_BOUND('',#1029,.T.);
#641=FACE_OUTER_BOUND('',#1030,.T.);
#642=FACE_OUTER_BOUND('',#1031,.T.);
#643=FACE_OUTER_BOUND('',#1032,.T.);
#644=FACE_OUTER_BOUND('',#1033,.T.);
#645=FACE_OUTER_BOUND('',#1034,.T.);
#646=FACE_OUTER_BOUND('',#1035,.T.);
#647=FACE_OUTER_BOUND('',#1036,.T.);
#648=FACE_OUTER_BOUND('',#1037,.T.);
#649=FACE_OUTER_BOUND('',#1038,.T.);
#650=FACE_OUTER_BOUND('',#1039,.T.);
#651=FACE_OUTER_BOUND('',#1040,.T.);
#652=FACE_OUTER_BOUND('',#1041,.T.);
#653=FACE_OUTER_BOUND('',#1042,.T.);
#654=FACE_OUTER_BOUND('',#1043,.T.);
#655=FACE_OUTER_BOUND('',#1044,.T.);
#656=FACE_OUTER_BOUND('',#1045,.T.);
#657=FACE_OUTER_BOUND('',#1046,.T.);
#658=FACE_OUTER_BOUND('',#1047,.T.);
#659=FACE_OUTER_BOUND('',#1048,.T.);
#660=FACE_OUTER_BOUND('',#1049,.T.);
#661=FACE_OUTER_BOUND('',#1050,.T.);
#662=FACE_OUTER_BOUND('',#1051,.T.);
#663=FACE_OUTER_BOUND('',#1052,.T.);
#664=FACE_OUTER_BOUND('',#1053,.T.);
#665=FACE_OUTER_BOUND('',#1054,.T.);
#666=FACE_OUTER_BOUND('',#1055,.T.);
#667=FACE_OUTER_BOUND('',#1056,.T.);
#668=FACE_OUTER_BOUND('',#1057,.T.);
#669=FACE_OUTER_BOUND('',#1058,.T.);
#670=FACE_OUTER_BOUND('',#1059,.T.);
#671=FACE_OUTER_BOUND('',#1060,.T.);
#672=FACE_OUTER_BOUND('',#1061,.T.);
#673=FACE_OUTER_BOUND('',#1062,.T.);
#674=FACE_OUTER_BOUND('',#1063,.T.);
#675=FACE_OUTER_BOUND('',#1064,.T.);
#676=FACE_OUTER_BOUND('',#1065,.T.);
#677=FACE_OUTER_BOUND('',#1066,.T.);
#678=FACE_OUTER_BOUND('',#1067,.T.);
#679=FACE_OUTER_BOUND('',#1068,.T.);
#680=FACE_OUTER_BOUND('',#1069,.T.);
#681=FACE_OUTER_BOUND('',#1070,.T.);
#682=FACE_OUTER_BOUND('',#1071,.T.);
#683=FACE_OUTER_BOUND('',#1072,.T.);
#684=FACE_OUTER_BOUND('',#1073,.T.);
#685=FACE_OUTER_BOUND('',#1074,.T.);
#686=FACE_OUTER_BOUND('',#1075,.T.);
#687=FACE_OUTER_BOUND('',#1076,.T.);
#688=FACE_OUTER_BOUND('',#1077,.T.);
#689=FACE_OUTER_BOUND('',#1078,.T.);
#690=FACE_OUTER_BOUND('',#1079,.T.);
#691=FACE_OUTER_BOUND('',#1080,.T.);
#692=FACE_OUTER_BOUND('',#1081,.T.);
#693=FACE_OUTER_BOUND('',#1082,.T.);
#694=FACE_OUTER_BOUND('',#1083,.T.);
#695=FACE_OUTER_BOUND('',#1084,.T.);
#696=FACE_OUTER_BOUND('',#1085,.T.);
#697=FACE_OUTER_BOUND('',#1086,.T.);
#698=FACE_OUTER_BOUND('',#1087,.T.);
#699=FACE_OUTER_BOUND('',#1088,.T.);
#700=FACE_OUTER_BOUND('',#1089,.T.);
#701=FACE_OUTER_BOUND('',#1090,.T.);
#702=FACE_OUTER_BOUND('',#1091,.T.);
#703=FACE_OUTER_BOUND('',#1092,.T.);
#704=FACE_OUTER_BOUND('',#1093,.T.);
#705=FACE_OUTER_BOUND('',#1094,.T.);
#706=FACE_OUTER_BOUND('',#1095,.T.);
#707=FACE_OUTER_BOUND('',#1096,.T.);
#708=FACE_OUTER_BOUND('',#1097,.T.);
#709=FACE_OUTER_BOUND('',#1098,.T.);
#710=FACE_OUTER_BOUND('',#1099,.T.);
#711=FACE_OUTER_BOUND('',#1100,.T.);
#712=FACE_OUTER_BOUND('',#1101,.T.);
#713=FACE_OUTER_BOUND('',#1102,.T.);
#714=FACE_OUTER_BOUND('',#1103,.T.);
#715=FACE_OUTER_BOUND('',#1104,.T.);
#716=FACE_OUTER_BOUND('',#1105,.T.);
#717=FACE_OUTER_BOUND('',#1106,.T.);
#718=FACE_OUTER_BOUND('',#1107,.T.);
#719=FACE_OUTER_BOUND('',#1108,.T.);
#720=FACE_OUTER_BOUND('',#1109,.T.);
#721=FACE_OUTER_BOUND('',#1110,.T.);
#722=FACE_OUTER_BOUND('',#1111,.T.);
#723=FACE_OUTER_BOUND('',#1112,.T.);
#724=FACE_OUTER_BOUND('',#1113,.T.);
#725=FACE_OUTER_BOUND('',#1114,.T.);
#726=FACE_OUTER_BOUND('',#1115,.T.);
#727=FACE_OUTER_BOUND('',#1116,.T.);
#728=FACE_OUTER_BOUND('',#1117,.T.);
#729=FACE_OUTER_BOUND('',#1118,.T.);
#730=FACE_OUTER_BOUND('',#1119,.T.);
#731=FACE_OUTER_BOUND('',#1120,.T.);
#732=FACE_OUTER_BOUND('',#1121,.T.);
#733=FACE_OUTER_BOUND('',#1122,.T.);
#734=FACE_OUTER_BOUND('',#1123,.T.);
#735=FACE_OUTER_BOUND('',#1124,.T.);
#736=FACE_OUTER_BOUND('',#1125,.T.);
#737=FACE_OUTER_BOUND('',#1126,.T.);
#738=FACE_OUTER_BOUND('',#1127,.T.);
#739=FACE_OUTER_BOUND('',#1128,.T.);
#740=FACE_OUTER_BOUND('',#1129,.T.);
#741=FACE_OUTER_BOUND('',#1130,.T.);
#742=FACE_OUTER_BOUND('',#1131,.T.);
#743=FACE_OUTER_BOUND('',#1132,.T.);
#744=FACE_OUTER_BOUND('',#1133,.T.);
#745=FACE_OUTER_BOUND('',#1134,.T.);
#746=FACE_OUTER_BOUND('',#1135,.T.);
#747=FACE_OUTER_BOUND('',#1136,.T.);
#748=FACE_OUTER_BOUND('',#1137,.T.);
#749=FACE_OUTER_BOUND('',#1138,.T.);
#750=FACE_OUTER_BOUND('',#1139,.T.);
#751=FACE_OUTER_BOUND('',#1140,.T.);
#752=FACE_OUTER_BOUND('',#1141,.T.);
#753=FACE_OUTER_BOUND('',#1142,.T.);
#754=FACE_OUTER_BOUND('',#1143,.T.);
#755=FACE_OUTER_BOUND('',#1144,.T.);
#756=FACE_OUTER_BOUND('',#1145,.T.);
#757=FACE_OUTER_BOUND('',#1146,.T.);
#758=FACE_OUTER_BOUND('',#1147,.T.);
#759=FACE_OUTER_BOUND('',#1148,.T.);
#760=FACE_OUTER_BOUND('',#1149,.T.);
#761=FACE_OUTER_BOUND('',#1151,.T.);
#762=FACE_OUTER_BOUND('',#1152,.T.);
#763=FACE_OUTER_BOUND('',#1153,.T.);
#764=FACE_OUTER_BOUND('',#1154,.T.);
#765=FACE_OUTER_BOUND('',#1155,.T.);
#766=FACE_OUTER_BOUND('',#1156,.T.);
#767=FACE_OUTER_BOUND('',#1157,.T.);
#768=FACE_OUTER_BOUND('',#1158,.T.);
#769=FACE_OUTER_BOUND('',#1159,.T.);
#770=FACE_OUTER_BOUND('',#1160,.T.);
#771=FACE_OUTER_BOUND('',#1161,.T.);
#772=FACE_OUTER_BOUND('',#1162,.T.);
#773=FACE_OUTER_BOUND('',#1163,.T.);
#774=FACE_OUTER_BOUND('',#1164,.T.);
#775=FACE_OUTER_BOUND('',#1165,.T.);
#776=FACE_OUTER_BOUND('',#1166,.T.);
#777=FACE_OUTER_BOUND('',#1167,.T.);
#778=FACE_OUTER_BOUND('',#1168,.T.);
#779=FACE_OUTER_BOUND('',#1169,.T.);
#780=FACE_OUTER_BOUND('',#1170,.T.);
#781=FACE_OUTER_BOUND('',#1171,.T.);
#782=FACE_OUTER_BOUND('',#1172,.T.);
#783=FACE_OUTER_BOUND('',#1173,.T.);
#784=FACE_OUTER_BOUND('',#1174,.T.);
#785=FACE_OUTER_BOUND('',#1175,.T.);
#786=FACE_OUTER_BOUND('',#1176,.T.);
#787=FACE_OUTER_BOUND('',#1177,.T.);
#788=FACE_OUTER_BOUND('',#1178,.T.);
#789=FACE_OUTER_BOUND('',#1179,.T.);
#790=FACE_OUTER_BOUND('',#1180,.T.);
#791=FACE_OUTER_BOUND('',#1181,.T.);
#792=FACE_OUTER_BOUND('',#1182,.T.);
#793=FACE_OUTER_BOUND('',#1183,.T.);
#794=FACE_OUTER_BOUND('',#1184,.T.);
#795=FACE_OUTER_BOUND('',#1185,.T.);
#796=FACE_OUTER_BOUND('',#1186,.T.);
#797=FACE_OUTER_BOUND('',#1187,.T.);
#798=FACE_OUTER_BOUND('',#1188,.T.);
#799=FACE_OUTER_BOUND('',#1189,.T.);
#800=FACE_OUTER_BOUND('',#1190,.T.);
#801=FACE_OUTER_BOUND('',#1191,.T.);
#802=FACE_OUTER_BOUND('',#1192,.T.);
#803=FACE_OUTER_BOUND('',#1193,.T.);
#804=FACE_OUTER_BOUND('',#1194,.T.);
#805=FACE_OUTER_BOUND('',#1195,.T.);
#806=FACE_OUTER_BOUND('',#1197,.T.);
#807=FACE_OUTER_BOUND('',#1198,.T.);
#808=FACE_OUTER_BOUND('',#1199,.T.);
#809=FACE_OUTER_BOUND('',#1200,.T.);
#810=FACE_OUTER_BOUND('',#1201,.T.);
#811=FACE_OUTER_BOUND('',#1202,.T.);
#812=FACE_OUTER_BOUND('',#1203,.T.);
#813=FACE_OUTER_BOUND('',#1204,.T.);
#814=FACE_OUTER_BOUND('',#1205,.T.);
#815=FACE_OUTER_BOUND('',#1206,.T.);
#816=FACE_OUTER_BOUND('',#1207,.T.);
#817=FACE_OUTER_BOUND('',#1208,.T.);
#818=FACE_OUTER_BOUND('',#1209,.T.);
#819=FACE_OUTER_BOUND('',#1210,.T.);
#820=FACE_OUTER_BOUND('',#1211,.T.);
#821=FACE_OUTER_BOUND('',#1212,.T.);
#822=FACE_OUTER_BOUND('',#1213,.T.);
#823=FACE_OUTER_BOUND('',#1214,.T.);
#824=FACE_OUTER_BOUND('',#1215,.T.);
#825=FACE_OUTER_BOUND('',#1216,.T.);
#826=FACE_OUTER_BOUND('',#1217,.T.);
#827=FACE_OUTER_BOUND('',#1218,.T.);
#828=FACE_OUTER_BOUND('',#1219,.T.);
#829=FACE_OUTER_BOUND('',#1220,.T.);
#830=FACE_OUTER_BOUND('',#1221,.T.);
#831=FACE_OUTER_BOUND('',#1222,.T.);
#832=FACE_OUTER_BOUND('',#1223,.T.);
#833=FACE_OUTER_BOUND('',#1224,.T.);
#834=FACE_OUTER_BOUND('',#1225,.T.);
#835=FACE_OUTER_BOUND('',#1226,.T.);
#836=FACE_OUTER_BOUND('',#1227,.T.);
#837=FACE_OUTER_BOUND('',#1228,.T.);
#838=FACE_OUTER_BOUND('',#1229,.T.);
#839=FACE_OUTER_BOUND('',#1230,.T.);
#840=FACE_OUTER_BOUND('',#1231,.T.);
#841=FACE_OUTER_BOUND('',#1232,.T.);
#842=FACE_OUTER_BOUND('',#1234,.T.);
#843=FACE_OUTER_BOUND('',#1236,.T.);
#844=FACE_OUTER_BOUND('',#1237,.T.);
#845=FACE_OUTER_BOUND('',#1238,.T.);
#846=FACE_OUTER_BOUND('',#1239,.T.);
#847=FACE_OUTER_BOUND('',#1240,.T.);
#848=FACE_OUTER_BOUND('',#1242,.T.);
#849=FACE_OUTER_BOUND('',#1243,.T.);
#850=FACE_OUTER_BOUND('',#1244,.T.);
#851=FACE_OUTER_BOUND('',#1245,.T.);
#852=FACE_OUTER_BOUND('',#1246,.T.);
#853=FACE_OUTER_BOUND('',#1247,.T.);
#854=FACE_OUTER_BOUND('',#1248,.T.);
#855=FACE_OUTER_BOUND('',#1249,.T.);
#856=FACE_OUTER_BOUND('',#1250,.T.);
#857=FACE_OUTER_BOUND('',#1251,.T.);
#858=FACE_OUTER_BOUND('',#1252,.T.);
#859=FACE_OUTER_BOUND('',#1253,.T.);
#860=FACE_OUTER_BOUND('',#1254,.T.);
#861=FACE_OUTER_BOUND('',#1255,.T.);
#862=FACE_OUTER_BOUND('',#1256,.T.);
#863=FACE_OUTER_BOUND('',#1257,.T.);
#864=FACE_OUTER_BOUND('',#1258,.T.);
#865=FACE_OUTER_BOUND('',#1259,.T.);
#866=FACE_OUTER_BOUND('',#1260,.T.);
#867=FACE_OUTER_BOUND('',#1261,.T.);
#868=FACE_OUTER_BOUND('',#1262,.T.);
#869=FACE_OUTER_BOUND('',#1263,.T.);
#870=FACE_OUTER_BOUND('',#1264,.T.);
#871=FACE_OUTER_BOUND('',#1265,.T.);
#872=FACE_OUTER_BOUND('',#1266,.T.);
#873=FACE_OUTER_BOUND('',#1267,.T.);
#874=FACE_OUTER_BOUND('',#1268,.T.);
#875=FACE_OUTER_BOUND('',#1269,.T.);
#876=FACE_OUTER_BOUND('',#1270,.T.);
#877=FACE_OUTER_BOUND('',#1271,.T.);
#878=FACE_OUTER_BOUND('',#1272,.T.);
#879=FACE_OUTER_BOUND('',#1273,.T.);
#880=FACE_OUTER_BOUND('',#1274,.T.);
#881=EDGE_LOOP('',(#4150,#4151,#4152,#4153));
#882=EDGE_LOOP('',(#4154,#4155,#4156,#4157));
#883=EDGE_LOOP('',(#4158,#4159,#4160,#4161,#4162,#4163,#4164));
#884=EDGE_LOOP('',(#4165,#4166,#4167,#4168));
#885=EDGE_LOOP('',(#4169,#4170,#4171,#4172));
#886=EDGE_LOOP('',(#4173,#4174,#4175,#4176));
#887=EDGE_LOOP('',(#4177,#4178,#4179,#4180,#4181,#4182,#4183));
#888=EDGE_LOOP('',(#4184,#4185,#4186,#4187,#4188,#4189,#4190,#4191));
#889=EDGE_LOOP('',(#4192,#4193,#4194,#4195));
#890=EDGE_LOOP('',(#4196,#4197,#4198,#4199));
#891=EDGE_LOOP('',(#4200,#4201,#4202,#4203));
#892=EDGE_LOOP('',(#4204,#4205,#4206,#4207));
#893=EDGE_LOOP('',(#4208,#4209,#4210,#4211));
#894=EDGE_LOOP('',(#4212,#4213,#4214,#4215));
#895=EDGE_LOOP('',(#4216,#4217,#4218,#4219,#4220,#4221,#4222,#4223));
#896=EDGE_LOOP('',(#4224,#4225,#4226,#4227,#4228,#4229,#4230,#4231));
#897=EDGE_LOOP('',(#4232,#4233,#4234,#4235));
#898=EDGE_LOOP('',(#4236,#4237,#4238,#4239));
#899=EDGE_LOOP('',(#4240,#4241,#4242,#4243));
#900=EDGE_LOOP('',(#4244,#4245,#4246,#4247));
#901=EDGE_LOOP('',(#4248,#4249,#4250,#4251));
#902=EDGE_LOOP('',(#4252,#4253,#4254,#4255,#4256,#4257,#4258,#4259));
#903=EDGE_LOOP('',(#4260,#4261,#4262,#4263,#4264,#4265,#4266,#4267));
#904=EDGE_LOOP('',(#4268,#4269,#4270,#4271));
#905=EDGE_LOOP('',(#4272,#4273,#4274,#4275));
#906=EDGE_LOOP('',(#4276,#4277,#4278,#4279));
#907=EDGE_LOOP('',(#4280,#4281,#4282,#4283));
#908=EDGE_LOOP('',(#4284,#4285,#4286,#4287,#4288));
#909=EDGE_LOOP('',(#4289,#4290,#4291,#4292));
#910=EDGE_LOOP('',(#4293,#4294,#4295,#4296,#4297,#4298,#4299,#4300));
#911=EDGE_LOOP('',(#4301,#4302,#4303,#4304,#4305,#4306,#4307,#4308));
#912=EDGE_LOOP('',(#4309,#4310,#4311,#4312));
#913=EDGE_LOOP('',(#4313,#4314,#4315,#4316));
#914=EDGE_LOOP('',(#4317,#4318,#4319,#4320));
#915=EDGE_LOOP('',(#4321,#4322,#4323,#4324));
#916=EDGE_LOOP('',(#4325,#4326,#4327,#4328));
#917=EDGE_LOOP('',(#4329,#4330,#4331,#4332));
#918=EDGE_LOOP('',(#4333,#4334,#4335,#4336,#4337,#4338,#4339,#4340));
#919=EDGE_LOOP('',(#4341,#4342,#4343,#4344,#4345,#4346,#4347,#4348));
#920=EDGE_LOOP('',(#4349,#4350,#4351,#4352));
#921=EDGE_LOOP('',(#4353,#4354,#4355,#4356));
#922=EDGE_LOOP('',(#4357,#4358,#4359,#4360));
#923=EDGE_LOOP('',(#4361,#4362,#4363,#4364));
#924=EDGE_LOOP('',(#4365,#4366,#4367,#4368));
#925=EDGE_LOOP('',(#4369,#4370,#4371,#4372));
#926=EDGE_LOOP('',(#4373,#4374,#4375,#4376,#4377,#4378,#4379,#4380));
#927=EDGE_LOOP('',(#4381,#4382,#4383,#4384,#4385,#4386,#4387,#4388));
#928=EDGE_LOOP('',(#4389,#4390,#4391,#4392));
#929=EDGE_LOOP('',(#4393,#4394,#4395,#4396));
#930=EDGE_LOOP('',(#4397,#4398,#4399,#4400));
#931=EDGE_LOOP('',(#4401,#4402,#4403,#4404));
#932=EDGE_LOOP('',(#4405,#4406,#4407,#4408));
#933=EDGE_LOOP('',(#4409,#4410,#4411,#4412));
#934=EDGE_LOOP('',(#4413,#4414,#4415,#4416,#4417,#4418,#4419,#4420));
#935=EDGE_LOOP('',(#4421,#4422,#4423,#4424,#4425,#4426,#4427,#4428));
#936=EDGE_LOOP('',(#4429,#4430,#4431,#4432));
#937=EDGE_LOOP('',(#4433,#4434,#4435,#4436));
#938=EDGE_LOOP('',(#4437,#4438,#4439,#4440));
#939=EDGE_LOOP('',(#4441,#4442,#4443,#4444));
#940=EDGE_LOOP('',(#4445,#4446,#4447,#4448));
#941=EDGE_LOOP('',(#4449,#4450,#4451,#4452));
#942=EDGE_LOOP('',(#4453,#4454,#4455,#4456,#4457,#4458,#4459,#4460));
#943=EDGE_LOOP('',(#4461,#4462,#4463,#4464,#4465,#4466,#4467,#4468));
#944=EDGE_LOOP('',(#4469,#4470,#4471,#4472));
#945=EDGE_LOOP('',(#4473,#4474,#4475,#4476));
#946=EDGE_LOOP('',(#4477,#4478,#4479,#4480));
#947=EDGE_LOOP('',(#4481,#4482,#4483,#4484));
#948=EDGE_LOOP('',(#4485,#4486,#4487,#4488));
#949=EDGE_LOOP('',(#4489,#4490,#4491,#4492));
#950=EDGE_LOOP('',(#4493,#4494,#4495,#4496,#4497,#4498,#4499,#4500));
#951=EDGE_LOOP('',(#4501,#4502,#4503,#4504,#4505,#4506,#4507,#4508));
#952=EDGE_LOOP('',(#4509,#4510,#4511,#4512));
#953=EDGE_LOOP('',(#4513));
#954=EDGE_LOOP('',(#4514,#4515,#4516,#4517));
#955=EDGE_LOOP('',(#4518));
#956=EDGE_LOOP('',(#4519,#4520,#4521,#4522));
#957=EDGE_LOOP('',(#4523));
#958=EDGE_LOOP('',(#4524,#4525,#4526,#4527));
#959=EDGE_LOOP('',(#4528));
#960=EDGE_LOOP('',(#4529,#4530,#4531,#4532));
#961=EDGE_LOOP('',(#4533));
#962=EDGE_LOOP('',(#4534,#4535,#4536,#4537));
#963=EDGE_LOOP('',(#4538));
#964=EDGE_LOOP('',(#4539,#4540,#4541,#4542));
#965=EDGE_LOOP('',(#4543));
#966=EDGE_LOOP('',(#4544,#4545,#4546,#4547));
#967=EDGE_LOOP('',(#4548));
#968=EDGE_LOOP('',(#4549,#4550,#4551,#4552));
#969=EDGE_LOOP('',(#4553));
#970=EDGE_LOOP('',(#4554,#4555,#4556,#4557));
#971=EDGE_LOOP('',(#4558));
#972=EDGE_LOOP('',(#4559,#4560,#4561,#4562));
#973=EDGE_LOOP('',(#4563));
#974=EDGE_LOOP('',(#4564,#4565,#4566,#4567));
#975=EDGE_LOOP('',(#4568));
#976=EDGE_LOOP('',(#4569,#4570,#4571,#4572));
#977=EDGE_LOOP('',(#4573));
#978=EDGE_LOOP('',(#4574,#4575,#4576,#4577));
#979=EDGE_LOOP('',(#4578));
#980=EDGE_LOOP('',(#4579,#4580,#4581,#4582));
#981=EDGE_LOOP('',(#4583));
#982=EDGE_LOOP('',(#4584,#4585,#4586,#4587));
#983=EDGE_LOOP('',(#4588));
#984=EDGE_LOOP('',(#4589,#4590,#4591,#4592));
#985=EDGE_LOOP('',(#4593));
#986=EDGE_LOOP('',(#4594,#4595,#4596,#4597));
#987=EDGE_LOOP('',(#4598));
#988=EDGE_LOOP('',(#4599,#4600,#4601,#4602));
#989=EDGE_LOOP('',(#4603));
#990=EDGE_LOOP('',(#4604,#4605,#4606,#4607));
#991=EDGE_LOOP('',(#4608));
#992=EDGE_LOOP('',(#4609,#4610,#4611,#4612));
#993=EDGE_LOOP('',(#4613));
#994=EDGE_LOOP('',(#4614,#4615,#4616,#4617));
#995=EDGE_LOOP('',(#4618));
#996=EDGE_LOOP('',(#4619,#4620,#4621,#4622));
#997=EDGE_LOOP('',(#4623));
#998=EDGE_LOOP('',(#4624,#4625,#4626,#4627));
#999=EDGE_LOOP('',(#4628));
#1000=EDGE_LOOP('',(#4629,#4630,#4631,#4632));
#1001=EDGE_LOOP('',(#4633));
#1002=EDGE_LOOP('',(#4634,#4635,#4636,#4637));
#1003=EDGE_LOOP('',(#4638));
#1004=EDGE_LOOP('',(#4639,#4640,#4641,#4642));
#1005=EDGE_LOOP('',(#4643));
#1006=EDGE_LOOP('',(#4644,#4645,#4646,#4647));
#1007=EDGE_LOOP('',(#4648));
#1008=EDGE_LOOP('',(#4649,#4650,#4651,#4652));
#1009=EDGE_LOOP('',(#4653));
#1010=EDGE_LOOP('',(#4654,#4655,#4656,#4657));
#1011=EDGE_LOOP('',(#4658));
#1012=EDGE_LOOP('',(#4659,#4660,#4661,#4662));
#1013=EDGE_LOOP('',(#4663));
#1014=EDGE_LOOP('',(#4664,#4665,#4666,#4667));
#1015=EDGE_LOOP('',(#4668));
#1016=EDGE_LOOP('',(#4669,#4670,#4671,#4672));
#1017=EDGE_LOOP('',(#4673));
#1018=EDGE_LOOP('',(#4674,#4675,#4676,#4677));
#1019=EDGE_LOOP('',(#4678));
#1020=EDGE_LOOP('',(#4679,#4680,#4681,#4682));
#1021=EDGE_LOOP('',(#4683));
#1022=EDGE_LOOP('',(#4684,#4685,#4686,#4687));
#1023=EDGE_LOOP('',(#4688));
#1024=EDGE_LOOP('',(#4689,#4690,#4691,#4692));
#1025=EDGE_LOOP('',(#4693));
#1026=EDGE_LOOP('',(#4694,#4695,#4696,#4697));
#1027=EDGE_LOOP('',(#4698));
#1028=EDGE_LOOP('',(#4699,#4700,#4701,#4702));
#1029=EDGE_LOOP('',(#4703));
#1030=EDGE_LOOP('',(#4704,#4705,#4706,#4707));
#1031=EDGE_LOOP('',(#4708));
#1032=EDGE_LOOP('',(#4709,#4710,#4711,#4712));
#1033=EDGE_LOOP('',(#4713));
#1034=EDGE_LOOP('',(#4714,#4715,#4716,#4717));
#1035=EDGE_LOOP('',(#4718));
#1036=EDGE_LOOP('',(#4719,#4720,#4721,#4722));
#1037=EDGE_LOOP('',(#4723));
#1038=EDGE_LOOP('',(#4724,#4725,#4726,#4727));
#1039=EDGE_LOOP('',(#4728));
#1040=EDGE_LOOP('',(#4729,#4730,#4731,#4732));
#1041=EDGE_LOOP('',(#4733));
#1042=EDGE_LOOP('',(#4734,#4735,#4736,#4737));
#1043=EDGE_LOOP('',(#4738));
#1044=EDGE_LOOP('',(#4739,#4740,#4741,#4742));
#1045=EDGE_LOOP('',(#4743));
#1046=EDGE_LOOP('',(#4744,#4745,#4746,#4747));
#1047=EDGE_LOOP('',(#4748));
#1048=EDGE_LOOP('',(#4749,#4750,#4751,#4752));
#1049=EDGE_LOOP('',(#4753));
#1050=EDGE_LOOP('',(#4754,#4755,#4756,#4757));
#1051=EDGE_LOOP('',(#4758));
#1052=EDGE_LOOP('',(#4759,#4760,#4761,#4762));
#1053=EDGE_LOOP('',(#4763));
#1054=EDGE_LOOP('',(#4764,#4765,#4766,#4767));
#1055=EDGE_LOOP('',(#4768));
#1056=EDGE_LOOP('',(#4769,#4770,#4771,#4772));
#1057=EDGE_LOOP('',(#4773));
#1058=EDGE_LOOP('',(#4774,#4775,#4776,#4777));
#1059=EDGE_LOOP('',(#4778));
#1060=EDGE_LOOP('',(#4779,#4780,#4781,#4782));
#1061=EDGE_LOOP('',(#4783));
#1062=EDGE_LOOP('',(#4784,#4785,#4786,#4787));
#1063=EDGE_LOOP('',(#4788));
#1064=EDGE_LOOP('',(#4789,#4790,#4791,#4792));
#1065=EDGE_LOOP('',(#4793));
#1066=EDGE_LOOP('',(#4794,#4795,#4796,#4797));
#1067=EDGE_LOOP('',(#4798));
#1068=EDGE_LOOP('',(#4799,#4800,#4801,#4802));
#1069=EDGE_LOOP('',(#4803));
#1070=EDGE_LOOP('',(#4804,#4805,#4806,#4807));
#1071=EDGE_LOOP('',(#4808));
#1072=EDGE_LOOP('',(#4809,#4810,#4811,#4812));
#1073=EDGE_LOOP('',(#4813));
#1074=EDGE_LOOP('',(#4814,#4815,#4816,#4817));
#1075=EDGE_LOOP('',(#4818));
#1076=EDGE_LOOP('',(#4819,#4820,#4821,#4822));
#1077=EDGE_LOOP('',(#4823));
#1078=EDGE_LOOP('',(#4824,#4825,#4826,#4827));
#1079=EDGE_LOOP('',(#4828));
#1080=EDGE_LOOP('',(#4829,#4830,#4831,#4832));
#1081=EDGE_LOOP('',(#4833));
#1082=EDGE_LOOP('',(#4834,#4835,#4836,#4837));
#1083=EDGE_LOOP('',(#4838));
#1084=EDGE_LOOP('',(#4839,#4840,#4841,#4842));
#1085=EDGE_LOOP('',(#4843));
#1086=EDGE_LOOP('',(#4844,#4845,#4846,#4847));
#1087=EDGE_LOOP('',(#4848));
#1088=EDGE_LOOP('',(#4849,#4850,#4851,#4852));
#1089=EDGE_LOOP('',(#4853));
#1090=EDGE_LOOP('',(#4854,#4855,#4856,#4857));
#1091=EDGE_LOOP('',(#4858));
#1092=EDGE_LOOP('',(#4859,#4860,#4861,#4862));
#1093=EDGE_LOOP('',(#4863));
#1094=EDGE_LOOP('',(#4864,#4865,#4866,#4867));
#1095=EDGE_LOOP('',(#4868));
#1096=EDGE_LOOP('',(#4869,#4870,#4871,#4872));
#1097=EDGE_LOOP('',(#4873));
#1098=EDGE_LOOP('',(#4874,#4875,#4876,#4877));
#1099=EDGE_LOOP('',(#4878));
#1100=EDGE_LOOP('',(#4879,#4880,#4881,#4882));
#1101=EDGE_LOOP('',(#4883));
#1102=EDGE_LOOP('',(#4884,#4885,#4886,#4887));
#1103=EDGE_LOOP('',(#4888));
#1104=EDGE_LOOP('',(#4889,#4890,#4891,#4892));
#1105=EDGE_LOOP('',(#4893,#4894,#4895,#4896));
#1106=EDGE_LOOP('',(#4897,#4898,#4899,#4900));
#1107=EDGE_LOOP('',(#4901,#4902,#4903,#4904));
#1108=EDGE_LOOP('',(#4905,#4906,#4907,#4908));
#1109=EDGE_LOOP('',(#4909,#4910,#4911,#4912));
#1110=EDGE_LOOP('',(#4913,#4914,#4915,#4916));
#1111=EDGE_LOOP('',(#4917,#4918,#4919,#4920));
#1112=EDGE_LOOP('',(#4921,#4922,#4923,#4924));
#1113=EDGE_LOOP('',(#4925,#4926,#4927,#4928));
#1114=EDGE_LOOP('',(#4929,#4930,#4931,#4932));
#1115=EDGE_LOOP('',(#4933,#4934,#4935,#4936));
#1116=EDGE_LOOP('',(#4937,#4938,#4939,#4940));
#1117=EDGE_LOOP('',(#4941,#4942,#4943,#4944));
#1118=EDGE_LOOP('',(#4945,#4946,#4947,#4948));
#1119=EDGE_LOOP('',(#4949,#4950,#4951,#4952));
#1120=EDGE_LOOP('',(#4953,#4954,#4955,#4956));
#1121=EDGE_LOOP('',(#4957,#4958,#4959,#4960));
#1122=EDGE_LOOP('',(#4961,#4962,#4963,#4964));
#1123=EDGE_LOOP('',(#4965,#4966,#4967,#4968));
#1124=EDGE_LOOP('',(#4969,#4970,#4971,#4972));
#1125=EDGE_LOOP('',(#4973,#4974,#4975,#4976));
#1126=EDGE_LOOP('',(#4977,#4978,#4979,#4980));
#1127=EDGE_LOOP('',(#4981,#4982,#4983,#4984));
#1128=EDGE_LOOP('',(#4985,#4986,#4987,#4988));
#1129=EDGE_LOOP('',(#4989,#4990,#4991,#4992));
#1130=EDGE_LOOP('',(#4993,#4994,#4995,#4996));
#1131=EDGE_LOOP('',(#4997,#4998,#4999,#5000));
#1132=EDGE_LOOP('',(#5001,#5002,#5003,#5004));
#1133=EDGE_LOOP('',(#5005,#5006,#5007,#5008));
#1134=EDGE_LOOP('',(#5009,#5010,#5011,#5012));
#1135=EDGE_LOOP('',(#5013,#5014,#5015,#5016));
#1136=EDGE_LOOP('',(#5017,#5018,#5019,#5020));
#1137=EDGE_LOOP('',(#5021,#5022,#5023,#5024));
#1138=EDGE_LOOP('',(#5025,#5026,#5027,#5028));
#1139=EDGE_LOOP('',(#5029,#5030,#5031,#5032));
#1140=EDGE_LOOP('',(#5033,#5034,#5035,#5036));
#1141=EDGE_LOOP('',(#5037,#5038,#5039,#5040));
#1142=EDGE_LOOP('',(#5041,#5042,#5043,#5044));
#1143=EDGE_LOOP('',(#5045,#5046,#5047,#5048));
#1144=EDGE_LOOP('',(#5049,#5050,#5051,#5052));
#1145=EDGE_LOOP('',(#5053,#5054,#5055,#5056));
#1146=EDGE_LOOP('',(#5057,#5058,#5059,#5060));
#1147=EDGE_LOOP('',(#5061,#5062,#5063,#5064));
#1148=EDGE_LOOP('',(#5065,#5066,#5067,#5068));
#1149=EDGE_LOOP('',(#5069));
#1150=EDGE_LOOP('',(#5070,#5071,#5072,#5073,#5074,#5075,#5076,#5077,#5078,
#5079,#5080,#5081,#5082,#5083,#5084,#5085,#5086,#5087,#5088,#5089,#5090,
#5091,#5092,#5093,#5094,#5095,#5096,#5097,#5098,#5099));
#1151=EDGE_LOOP('',(#5100,#5101,#5102,#5103));
#1152=EDGE_LOOP('',(#5104,#5105,#5106,#5107));
#1153=EDGE_LOOP('',(#5108,#5109,#5110,#5111));
#1154=EDGE_LOOP('',(#5112,#5113,#5114,#5115));
#1155=EDGE_LOOP('',(#5116,#5117,#5118,#5119));
#1156=EDGE_LOOP('',(#5120,#5121,#5122,#5123));
#1157=EDGE_LOOP('',(#5124,#5125,#5126,#5127));
#1158=EDGE_LOOP('',(#5128,#5129,#5130,#5131));
#1159=EDGE_LOOP('',(#5132,#5133,#5134,#5135));
#1160=EDGE_LOOP('',(#5136,#5137,#5138,#5139));
#1161=EDGE_LOOP('',(#5140,#5141,#5142,#5143));
#1162=EDGE_LOOP('',(#5144,#5145,#5146,#5147));
#1163=EDGE_LOOP('',(#5148,#5149,#5150,#5151));
#1164=EDGE_LOOP('',(#5152,#5153,#5154,#5155));
#1165=EDGE_LOOP('',(#5156,#5157,#5158,#5159));
#1166=EDGE_LOOP('',(#5160,#5161,#5162,#5163));
#1167=EDGE_LOOP('',(#5164,#5165,#5166,#5167));
#1168=EDGE_LOOP('',(#5168,#5169,#5170,#5171));
#1169=EDGE_LOOP('',(#5172,#5173,#5174,#5175));
#1170=EDGE_LOOP('',(#5176,#5177,#5178,#5179));
#1171=EDGE_LOOP('',(#5180,#5181,#5182,#5183));
#1172=EDGE_LOOP('',(#5184,#5185,#5186,#5187));
#1173=EDGE_LOOP('',(#5188,#5189,#5190,#5191));
#1174=EDGE_LOOP('',(#5192,#5193,#5194,#5195));
#1175=EDGE_LOOP('',(#5196,#5197,#5198,#5199));
#1176=EDGE_LOOP('',(#5200,#5201,#5202,#5203));
#1177=EDGE_LOOP('',(#5204,#5205,#5206,#5207));
#1178=EDGE_LOOP('',(#5208,#5209,#5210,#5211));
#1179=EDGE_LOOP('',(#5212,#5213,#5214,#5215));
#1180=EDGE_LOOP('',(#5216,#5217,#5218,#5219));
#1181=EDGE_LOOP('',(#5220,#5221,#5222,#5223));
#1182=EDGE_LOOP('',(#5224,#5225,#5226,#5227));
#1183=EDGE_LOOP('',(#5228,#5229,#5230,#5231));
#1184=EDGE_LOOP('',(#5232,#5233,#5234,#5235));
#1185=EDGE_LOOP('',(#5236,#5237,#5238,#5239));
#1186=EDGE_LOOP('',(#5240,#5241,#5242,#5243));
#1187=EDGE_LOOP('',(#5244,#5245,#5246,#5247));
#1188=EDGE_LOOP('',(#5248,#5249,#5250,#5251));
#1189=EDGE_LOOP('',(#5252,#5253,#5254,#5255));
#1190=EDGE_LOOP('',(#5256,#5257,#5258,#5259));
#1191=EDGE_LOOP('',(#5260,#5261,#5262,#5263));
#1192=EDGE_LOOP('',(#5264,#5265,#5266,#5267));
#1193=EDGE_LOOP('',(#5268,#5269,#5270,#5271));
#1194=EDGE_LOOP('',(#5272,#5273,#5274,#5275));
#1195=EDGE_LOOP('',(#5276,#5277,#5278,#5279,#5280,#5281,#5282,#5283,#5284,
#5285,#5286,#5287,#5288,#5289,#5290,#5291,#5292,#5293,#5294,#5295,#5296,
#5297,#5298,#5299,#5300,#5301,#5302,#5303,#5304,#5305));
#1196=EDGE_LOOP('',(#5306,#5307,#5308,#5309,#5310,#5311,#5312,#5313,#5314,
#5315,#5316,#5317,#5318,#5319,#5320,#5321,#5322,#5323,#5324,#5325,#5326,
#5327,#5328,#5329,#5330,#5331,#5332,#5333,#5334,#5335));
#1197=EDGE_LOOP('',(#5336,#5337,#5338,#5339));
#1198=EDGE_LOOP('',(#5340,#5341,#5342,#5343,#5344,#5345));
#1199=EDGE_LOOP('',(#5346,#5347,#5348,#5349,#5350,#5351));
#1200=EDGE_LOOP('',(#5352,#5353,#5354,#5355,#5356,#5357));
#1201=EDGE_LOOP('',(#5358,#5359,#5360,#5361));
#1202=EDGE_LOOP('',(#5362,#5363,#5364,#5365));
#1203=EDGE_LOOP('',(#5366,#5367,#5368,#5369));
#1204=EDGE_LOOP('',(#5370,#5371,#5372,#5373,#5374,#5375,#5376,#5377,#5378));
#1205=EDGE_LOOP('',(#5379,#5380,#5381,#5382));
#1206=EDGE_LOOP('',(#5383,#5384,#5385,#5386));
#1207=EDGE_LOOP('',(#5387,#5388,#5389,#5390));
#1208=EDGE_LOOP('',(#5391,#5392,#5393,#5394));
#1209=EDGE_LOOP('',(#5395,#5396,#5397,#5398,#5399,#5400));
#1210=EDGE_LOOP('',(#5401,#5402,#5403,#5404));
#1211=EDGE_LOOP('',(#5405,#5406,#5407,#5408));
#1212=EDGE_LOOP('',(#5409,#5410,#5411,#5412));
#1213=EDGE_LOOP('',(#5413,#5414,#5415,#5416));
#1214=EDGE_LOOP('',(#5417,#5418,#5419,#5420));
#1215=EDGE_LOOP('',(#5421,#5422,#5423,#5424));
#1216=EDGE_LOOP('',(#5425,#5426,#5427,#5428));
#1217=EDGE_LOOP('',(#5429,#5430,#5431,#5432));
#1218=EDGE_LOOP('',(#5433,#5434,#5435,#5436));
#1219=EDGE_LOOP('',(#5437,#5438,#5439,#5440));
#1220=EDGE_LOOP('',(#5441,#5442,#5443,#5444));
#1221=EDGE_LOOP('',(#5445,#5446,#5447,#5448,#5449,#5450));
#1222=EDGE_LOOP('',(#5451,#5452,#5453,#5454));
#1223=EDGE_LOOP('',(#5455,#5456,#5457,#5458));
#1224=EDGE_LOOP('',(#5459,#5460,#5461,#5462));
#1225=EDGE_LOOP('',(#5463,#5464,#5465,#5466));
#1226=EDGE_LOOP('',(#5467,#5468,#5469,#5470));
#1227=EDGE_LOOP('',(#5471,#5472,#5473,#5474));
#1228=EDGE_LOOP('',(#5475,#5476,#5477,#5478));
#1229=EDGE_LOOP('',(#5479,#5480,#5481,#5482));
#1230=EDGE_LOOP('',(#5483,#5484,#5485,#5486));
#1231=EDGE_LOOP('',(#5487,#5488,#5489,#5490));
#1232=EDGE_LOOP('',(#5491,#5492,#5493,#5494,#5495,#5496,#5497,#5498,#5499,
#5500,#5501,#5502,#5503,#5504,#5505,#5506,#5507,#5508,#5509,#5510,#5511,
#5512,#5513,#5514,#5515,#5516,#5517,#5518,#5519,#5520));
#1233=EDGE_LOOP('',(#5521,#5522,#5523,#5524,#5525,#5526,#5527,#5528,#5529,
#5530,#5531,#5532,#5533,#5534,#5535,#5536,#5537,#5538,#5539,#5540,#5541,
#5542,#5543,#5544,#5545,#5546,#5547,#5548,#5549));
#1234=EDGE_LOOP('',(#5550,#5551,#5552,#5553,#5554,#5555,#5556,#5557,#5558,
#5559,#5560,#5561,#5562,#5563,#5564,#5565,#5566,#5567,#5568,#5569,#5570,
#5571,#5572,#5573,#5574,#5575,#5576,#5577,#5578,#5579));
#1235=EDGE_LOOP('',(#5580,#5581,#5582,#5583));
#1236=EDGE_LOOP('',(#5584,#5585,#5586,#5587));
#1237=EDGE_LOOP('',(#5588,#5589,#5590,#5591));
#1238=EDGE_LOOP('',(#5592,#5593,#5594,#5595));
#1239=EDGE_LOOP('',(#5596,#5597,#5598,#5599));
#1240=EDGE_LOOP('',(#5600,#5601,#5602,#5603,#5604,#5605,#5606,#5607,#5608,
#5609,#5610,#5611,#5612,#5613,#5614,#5615,#5616,#5617,#5618,#5619,#5620,
#5621,#5622,#5623,#5624,#5625));
#1241=EDGE_LOOP('',(#5626,#5627,#5628,#5629));
#1242=EDGE_LOOP('',(#5630,#5631,#5632,#5633));
#1243=EDGE_LOOP('',(#5634,#5635,#5636,#5637));
#1244=EDGE_LOOP('',(#5638,#5639,#5640,#5641));
#1245=EDGE_LOOP('',(#5642,#5643,#5644,#5645));
#1246=EDGE_LOOP('',(#5646,#5647,#5648,#5649));
#1247=EDGE_LOOP('',(#5650,#5651,#5652,#5653));
#1248=EDGE_LOOP('',(#5654,#5655,#5656,#5657));
#1249=EDGE_LOOP('',(#5658,#5659,#5660,#5661));
#1250=EDGE_LOOP('',(#5662,#5663,#5664,#5665));
#1251=EDGE_LOOP('',(#5666,#5667,#5668,#5669));
#1252=EDGE_LOOP('',(#5670,#5671,#5672,#5673));
#1253=EDGE_LOOP('',(#5674,#5675,#5676,#5677));
#1254=EDGE_LOOP('',(#5678,#5679,#5680,#5681));
#1255=EDGE_LOOP('',(#5682,#5683,#5684,#5685));
#1256=EDGE_LOOP('',(#5686,#5687,#5688,#5689));
#1257=EDGE_LOOP('',(#5690,#5691,#5692,#5693));
#1258=EDGE_LOOP('',(#5694,#5695,#5696,#5697));
#1259=EDGE_LOOP('',(#5698,#5699,#5700,#5701));
#1260=EDGE_LOOP('',(#5702,#5703,#5704,#5705));
#1261=EDGE_LOOP('',(#5706,#5707,#5708,#5709));
#1262=EDGE_LOOP('',(#5710,#5711,#5712,#5713));
#1263=EDGE_LOOP('',(#5714,#5715,#5716,#5717));
#1264=EDGE_LOOP('',(#5718,#5719,#5720,#5721));
#1265=EDGE_LOOP('',(#5722,#5723,#5724,#5725));
#1266=EDGE_LOOP('',(#5726,#5727,#5728,#5729));
#1267=EDGE_LOOP('',(#5730,#5731,#5732,#5733));
#1268=EDGE_LOOP('',(#5734,#5735,#5736,#5737));
#1269=EDGE_LOOP('',(#5738,#5739,#5740,#5741));
#1270=EDGE_LOOP('',(#5742,#5743,#5744,#5745));
#1271=EDGE_LOOP('',(#5746,#5747,#5748,#5749));
#1272=EDGE_LOOP('',(#5750,#5751,#5752,#5753));
#1273=EDGE_LOOP('',(#5754,#5755,#5756,#5757,#5758,#5759,#5760,#5761,#5762,
#5763,#5764,#5765,#5766,#5767,#5768,#5769,#5770,#5771,#5772,#5773,#5774,
#5775,#5776,#5777,#5778,#5779,#5780,#5781,#5782,#5783,#5784,#5785,#5786,
#5787,#5788,#5789,#5790,#5791,#5792,#5793));
#1274=EDGE_LOOP('',(#5794,#5795,#5796,#5797,#5798,#5799,#5800,#5801,#5802,
#5803,#5804,#5805,#5806,#5807,#5808,#5809,#5810,#5811,#5812,#5813,#5814,
#5815,#5816,#5817,#5818,#5819,#5820,#5821,#5822,#5823,#5824,#5825));
#1275=EDGE_LOOP('',(#5826));
#1276=EDGE_LOOP('',(#5827));
#1277=EDGE_LOOP('',(#5828));
#1278=EDGE_LOOP('',(#5829));
#1279=EDGE_LOOP('',(#5830));
#1280=EDGE_LOOP('',(#5831));
#1281=EDGE_LOOP('',(#5832));
#1282=EDGE_LOOP('',(#5833));
#1283=EDGE_LOOP('',(#5834));
#1284=EDGE_LOOP('',(#5835));
#1285=EDGE_LOOP('',(#5836));
#1286=EDGE_LOOP('',(#5837));
#1287=EDGE_LOOP('',(#5838));
#1288=EDGE_LOOP('',(#5839));
#1289=EDGE_LOOP('',(#5840));
#1290=EDGE_LOOP('',(#5841));
#1291=EDGE_LOOP('',(#5842));
#1292=EDGE_LOOP('',(#5843));
#1293=EDGE_LOOP('',(#5844));
#1294=EDGE_LOOP('',(#5845));
#1295=EDGE_LOOP('',(#5846));
#1296=EDGE_LOOP('',(#5847));
#1297=EDGE_LOOP('',(#5848));
#1298=EDGE_LOOP('',(#5849));
#1299=EDGE_LOOP('',(#5850));
#1300=EDGE_LOOP('',(#5851));
#1301=EDGE_LOOP('',(#5852));
#1302=EDGE_LOOP('',(#5853));
#1303=EDGE_LOOP('',(#5854));
#1304=EDGE_LOOP('',(#5855));
#1305=EDGE_LOOP('',(#5856));
#1306=EDGE_LOOP('',(#5857));
#1307=EDGE_LOOP('',(#5858));
#1308=EDGE_LOOP('',(#5859));
#1309=EDGE_LOOP('',(#5860));
#1310=EDGE_LOOP('',(#5861));
#1311=EDGE_LOOP('',(#5862));
#1312=EDGE_LOOP('',(#5863));
#1313=EDGE_LOOP('',(#5864));
#1314=EDGE_LOOP('',(#5865));
#1315=EDGE_LOOP('',(#5866));
#1316=EDGE_LOOP('',(#5867,#5868,#5869,#5870,#5871,#5872,#5873,#5874,#5875,
#5876,#5877,#5878,#5879,#5880,#5881,#5882,#5883,#5884,#5885,#5886,#5887,
#5888,#5889,#5890,#5891,#5892,#5893,#5894,#5895,#5896));
#1317=EDGE_LOOP('',(#5897));
#1318=EDGE_LOOP('',(#5898));
#1319=EDGE_LOOP('',(#5899));
#1320=EDGE_LOOP('',(#5900));
#1321=EDGE_LOOP('',(#5901));
#1322=EDGE_LOOP('',(#5902));
#1323=EDGE_LOOP('',(#5903));
#1324=EDGE_LOOP('',(#5904));
#1325=EDGE_LOOP('',(#5905));
#1326=EDGE_LOOP('',(#5906));
#1327=EDGE_LOOP('',(#5907));
#1328=EDGE_LOOP('',(#5908));
#1329=EDGE_LOOP('',(#5909));
#1330=EDGE_LOOP('',(#5910));
#1331=EDGE_LOOP('',(#5911));
#1332=EDGE_LOOP('',(#5912));
#1333=EDGE_LOOP('',(#5913));
#1334=EDGE_LOOP('',(#5914));
#1335=EDGE_LOOP('',(#5915));
#1336=EDGE_LOOP('',(#5916));
#1337=EDGE_LOOP('',(#5917));
#1338=EDGE_LOOP('',(#5918));
#1339=EDGE_LOOP('',(#5919));
#1340=EDGE_LOOP('',(#5920));
#1341=EDGE_LOOP('',(#5921));
#1342=EDGE_LOOP('',(#5922));
#1343=EDGE_LOOP('',(#5923));
#1344=EDGE_LOOP('',(#5924));
#1345=EDGE_LOOP('',(#5925));
#1346=EDGE_LOOP('',(#5926));
#1347=EDGE_LOOP('',(#5927));
#1348=EDGE_LOOP('',(#5928));
#1349=EDGE_LOOP('',(#5929));
#1350=EDGE_LOOP('',(#5930));
#1351=EDGE_LOOP('',(#5931));
#1352=LINE('',#8819,#1906);
#1353=LINE('',#8822,#1907);
#1354=LINE('',#8825,#1908);
#1355=LINE('',#8833,#1909);
#1356=LINE('',#8836,#1910);
#1357=LINE('',#8838,#1911);
#1358=LINE('',#8840,#1912);
#1359=LINE('',#8842,#1913);
#1360=LINE('',#8857,#1914);
#1361=LINE('',#8858,#1915);
#1362=LINE('',#8861,#1916);
#1363=LINE('',#8862,#1917);
#1364=LINE('',#8864,#1918);
#1365=LINE('',#8877,#1919);
#1366=LINE('',#8891,#1920);
#1367=LINE('',#8893,#1921);
#1368=LINE('',#8895,#1922);
#1369=LINE('',#8896,#1923);
#1370=LINE('',#8899,#1924);
#1371=LINE('',#8901,#1925);
#1372=LINE('',#8902,#1926);
#1373=LINE('',#8905,#1927);
#1374=LINE('',#8908,#1928);
#1375=LINE('',#8911,#1929);
#1376=LINE('',#8914,#1930);
#1377=LINE('',#8925,#1931);
#1378=LINE('',#8926,#1932);
#1379=LINE('',#8929,#1933);
#1380=LINE('',#8930,#1934);
#1381=LINE('',#8933,#1935);
#1382=LINE('',#8934,#1936);
#1383=LINE('',#8938,#1937);
#1384=LINE('',#8940,#1938);
#1385=LINE('',#8942,#1939);
#1386=LINE('',#8943,#1940);
#1387=LINE('',#8946,#1941);
#1388=LINE('',#8948,#1942);
#1389=LINE('',#8949,#1943);
#1390=LINE('',#8952,#1944);
#1391=LINE('',#8955,#1945);
#1392=LINE('',#8958,#1946);
#1393=LINE('',#8961,#1947);
#1394=LINE('',#8963,#1948);
#1395=LINE('',#8964,#1949);
#1396=LINE('',#8967,#1950);
#1397=LINE('',#8968,#1951);
#1398=LINE('',#8971,#1952);
#1399=LINE('',#8972,#1953);
#1400=LINE('',#8976,#1954);
#1401=LINE('',#8978,#1955);
#1402=LINE('',#8980,#1956);
#1403=LINE('',#8981,#1957);
#1404=LINE('',#8984,#1958);
#1405=LINE('',#8986,#1959);
#1406=LINE('',#8987,#1960);
#1407=LINE('',#8990,#1961);
#1408=LINE('',#8993,#1962);
#1409=LINE('',#8996,#1963);
#1410=LINE('',#8999,#1964);
#1411=LINE('',#9012,#1965);
#1412=LINE('',#9013,#1966);
#1413=LINE('',#9016,#1967);
#1414=LINE('',#9017,#1968);
#1415=LINE('',#9020,#1969);
#1416=LINE('',#9021,#1970);
#1417=LINE('',#9025,#1971);
#1418=LINE('',#9027,#1972);
#1419=LINE('',#9029,#1973);
#1420=LINE('',#9030,#1974);
#1421=LINE('',#9033,#1975);
#1422=LINE('',#9035,#1976);
#1423=LINE('',#9036,#1977);
#1424=LINE('',#9039,#1978);
#1425=LINE('',#9042,#1979);
#1426=LINE('',#9045,#1980);
#1427=LINE('',#9048,#1981);
#1428=LINE('',#9059,#1982);
#1429=LINE('',#9060,#1983);
#1430=LINE('',#9063,#1984);
#1431=LINE('',#9064,#1985);
#1432=LINE('',#9067,#1986);
#1433=LINE('',#9068,#1987);
#1434=LINE('',#9072,#1988);
#1435=LINE('',#9074,#1989);
#1436=LINE('',#9076,#1990);
#1437=LINE('',#9077,#1991);
#1438=LINE('',#9080,#1992);
#1439=LINE('',#9082,#1993);
#1440=LINE('',#9083,#1994);
#1441=LINE('',#9086,#1995);
#1442=LINE('',#9089,#1996);
#1443=LINE('',#9092,#1997);
#1444=LINE('',#9095,#1998);
#1445=LINE('',#9106,#1999);
#1446=LINE('',#9107,#2000);
#1447=LINE('',#9110,#2001);
#1448=LINE('',#9111,#2002);
#1449=LINE('',#9114,#2003);
#1450=LINE('',#9115,#2004);
#1451=LINE('',#9119,#2005);
#1452=LINE('',#9121,#2006);
#1453=LINE('',#9123,#2007);
#1454=LINE('',#9124,#2008);
#1455=LINE('',#9127,#2009);
#1456=LINE('',#9129,#2010);
#1457=LINE('',#9130,#2011);
#1458=LINE('',#9133,#2012);
#1459=LINE('',#9136,#2013);
#1460=LINE('',#9139,#2014);
#1461=LINE('',#9142,#2015);
#1462=LINE('',#9153,#2016);
#1463=LINE('',#9154,#2017);
#1464=LINE('',#9157,#2018);
#1465=LINE('',#9158,#2019);
#1466=LINE('',#9161,#2020);
#1467=LINE('',#9162,#2021);
#1468=LINE('',#9166,#2022);
#1469=LINE('',#9168,#2023);
#1470=LINE('',#9170,#2024);
#1471=LINE('',#9171,#2025);
#1472=LINE('',#9174,#2026);
#1473=LINE('',#9176,#2027);
#1474=LINE('',#9177,#2028);
#1475=LINE('',#9180,#2029);
#1476=LINE('',#9183,#2030);
#1477=LINE('',#9186,#2031);
#1478=LINE('',#9189,#2032);
#1479=LINE('',#9200,#2033);
#1480=LINE('',#9201,#2034);
#1481=LINE('',#9204,#2035);
#1482=LINE('',#9205,#2036);
#1483=LINE('',#9208,#2037);
#1484=LINE('',#9209,#2038);
#1485=LINE('',#9213,#2039);
#1486=LINE('',#9215,#2040);
#1487=LINE('',#9217,#2041);
#1488=LINE('',#9218,#2042);
#1489=LINE('',#9221,#2043);
#1490=LINE('',#9223,#2044);
#1491=LINE('',#9224,#2045);
#1492=LINE('',#9227,#2046);
#1493=LINE('',#9230,#2047);
#1494=LINE('',#9233,#2048);
#1495=LINE('',#9236,#2049);
#1496=LINE('',#9247,#2050);
#1497=LINE('',#9248,#2051);
#1498=LINE('',#9251,#2052);
#1499=LINE('',#9252,#2053);
#1500=LINE('',#9255,#2054);
#1501=LINE('',#9256,#2055);
#1502=LINE('',#9261,#2056);
#1503=LINE('',#9268,#2057);
#1504=LINE('',#9275,#2058);
#1505=LINE('',#9282,#2059);
#1506=LINE('',#9289,#2060);
#1507=LINE('',#9296,#2061);
#1508=LINE('',#9303,#2062);
#1509=LINE('',#9310,#2063);
#1510=LINE('',#9317,#2064);
#1511=LINE('',#9324,#2065);
#1512=LINE('',#9331,#2066);
#1513=LINE('',#9338,#2067);
#1514=LINE('',#9345,#2068);
#1515=LINE('',#9352,#2069);
#1516=LINE('',#9359,#2070);
#1517=LINE('',#9366,#2071);
#1518=LINE('',#9373,#2072);
#1519=LINE('',#9380,#2073);
#1520=LINE('',#9387,#2074);
#1521=LINE('',#9394,#2075);
#1522=LINE('',#9401,#2076);
#1523=LINE('',#9408,#2077);
#1524=LINE('',#9415,#2078);
#1525=LINE('',#9422,#2079);
#1526=LINE('',#9429,#2080);
#1527=LINE('',#9436,#2081);
#1528=LINE('',#9443,#2082);
#1529=LINE('',#9450,#2083);
#1530=LINE('',#9457,#2084);
#1531=LINE('',#9464,#2085);
#1532=LINE('',#9471,#2086);
#1533=LINE('',#9478,#2087);
#1534=LINE('',#9485,#2088);
#1535=LINE('',#9492,#2089);
#1536=LINE('',#9499,#2090);
#1537=LINE('',#9506,#2091);
#1538=LINE('',#9513,#2092);
#1539=LINE('',#9520,#2093);
#1540=LINE('',#9527,#2094);
#1541=LINE('',#9534,#2095);
#1542=LINE('',#9541,#2096);
#1543=LINE('',#9548,#2097);
#1544=LINE('',#9555,#2098);
#1545=LINE('',#9562,#2099);
#1546=LINE('',#9569,#2100);
#1547=LINE('',#9576,#2101);
#1548=LINE('',#9583,#2102);
#1549=LINE('',#9590,#2103);
#1550=LINE('',#9597,#2104);
#1551=LINE('',#9604,#2105);
#1552=LINE('',#9611,#2106);
#1553=LINE('',#9618,#2107);
#1554=LINE('',#9625,#2108);
#1555=LINE('',#9632,#2109);
#1556=LINE('',#9639,#2110);
#1557=LINE('',#9646,#2111);
#1558=LINE('',#9653,#2112);
#1559=LINE('',#9660,#2113);
#1560=LINE('',#9667,#2114);
#1561=LINE('',#9674,#2115);
#1562=LINE('',#9681,#2116);
#1563=LINE('',#9688,#2117);
#1564=LINE('',#9695,#2118);
#1565=LINE('',#9702,#2119);
#1566=LINE('',#9709,#2120);
#1567=LINE('',#9716,#2121);
#1568=LINE('',#9723,#2122);
#1569=LINE('',#9730,#2123);
#1570=LINE('',#9737,#2124);
#1571=LINE('',#9744,#2125);
#1572=LINE('',#9751,#2126);
#1573=LINE('',#9758,#2127);
#1574=LINE('',#9765,#2128);
#1575=LINE('',#9772,#2129);
#1576=LINE('',#9779,#2130);
#1577=LINE('',#9786,#2131);
#1578=LINE('',#11467,#2132);
#1579=LINE('',#11469,#2133);
#1580=LINE('',#11470,#2134);
#1581=LINE('',#11473,#2135);
#1582=LINE('',#11474,#2136);
#1583=LINE('',#11477,#2137);
#1584=LINE('',#11478,#2138);
#1585=LINE('',#11481,#2139);
#1586=LINE('',#11482,#2140);
#1587=LINE('',#11485,#2141);
#1588=LINE('',#11486,#2142);
#1589=LINE('',#11489,#2143);
#1590=LINE('',#11490,#2144);
#1591=LINE('',#11493,#2145);
#1592=LINE('',#11494,#2146);
#1593=LINE('',#11497,#2147);
#1594=LINE('',#11498,#2148);
#1595=LINE('',#11501,#2149);
#1596=LINE('',#11502,#2150);
#1597=LINE('',#11505,#2151);
#1598=LINE('',#11506,#2152);
#1599=LINE('',#11509,#2153);
#1600=LINE('',#11510,#2154);
#1601=LINE('',#11513,#2155);
#1602=LINE('',#11514,#2156);
#1603=LINE('',#11517,#2157);
#1604=LINE('',#11518,#2158);
#1605=LINE('',#11521,#2159);
#1606=LINE('',#11522,#2160);
#1607=LINE('',#11525,#2161);
#1608=LINE('',#11526,#2162);
#1609=LINE('',#11533,#2163);
#1610=LINE('',#11537,#2164);
#1611=LINE('',#11541,#2165);
#1612=LINE('',#11544,#2166);
#1613=LINE('',#11547,#2167);
#1614=LINE('',#11550,#2168);
#1615=LINE('',#11553,#2169);
#1616=LINE('',#11556,#2170);
#1617=LINE('',#11559,#2171);
#1618=LINE('',#11562,#2172);
#1619=LINE('',#11565,#2173);
#1620=LINE('',#11568,#2174);
#1621=LINE('',#11571,#2175);
#1622=LINE('',#11574,#2176);
#1623=LINE('',#11615,#2177);
#1624=LINE('',#11619,#2178);
#1625=LINE('',#11623,#2179);
#1626=LINE('',#11627,#2180);
#1627=LINE('',#11631,#2181);
#1628=LINE('',#11635,#2182);
#1629=LINE('',#11639,#2183);
#1630=LINE('',#11643,#2184);
#1631=LINE('',#11647,#2185);
#1632=LINE('',#11651,#2186);
#1633=LINE('',#11655,#2187);
#1634=LINE('',#11659,#2188);
#1635=LINE('',#11663,#2189);
#1636=LINE('',#11667,#2190);
#1637=LINE('',#11671,#2191);
#1638=LINE('',#11677,#2192);
#1639=LINE('',#11678,#2193);
#1640=LINE('',#11680,#2194);
#1641=LINE('',#11681,#2195);
#1642=LINE('',#11684,#2196);
#1643=LINE('',#11686,#2197);
#1644=LINE('',#11690,#2198);
#1645=LINE('',#11692,#2199);
#1646=LINE('',#11696,#2200);
#1647=LINE('',#11698,#2201);
#1648=LINE('',#11702,#2202);
#1649=LINE('',#11704,#2203);
#1650=LINE('',#11708,#2204);
#1651=LINE('',#11710,#2205);
#1652=LINE('',#11713,#2206);
#1653=LINE('',#11714,#2207);
#1654=LINE('',#11716,#2208);
#1655=LINE('',#11717,#2209);
#1656=LINE('',#11719,#2210);
#1657=LINE('',#11721,#2211);
#1658=LINE('',#11723,#2212);
#1659=LINE('',#11725,#2213);
#1660=LINE('',#11727,#2214);
#1661=LINE('',#11729,#2215);
#1662=LINE('',#11731,#2216);
#1663=LINE('',#11733,#2217);
#1664=LINE('',#11735,#2218);
#1665=LINE('',#11737,#2219);
#1666=LINE('',#11739,#2220);
#1667=LINE('',#11741,#2221);
#1668=LINE('',#11746,#2222);
#1669=LINE('',#11748,#2223);
#1670=LINE('',#11750,#2224);
#1671=LINE('',#11752,#2225);
#1672=LINE('',#11754,#2226);
#1673=LINE('',#11756,#2227);
#1674=LINE('',#11758,#2228);
#1675=LINE('',#11760,#2229);
#1676=LINE('',#11762,#2230);
#1677=LINE('',#11764,#2231);
#1678=LINE('',#11766,#2232);
#1679=LINE('',#11768,#2233);
#1680=LINE('',#11770,#2234);
#1681=LINE('',#11772,#2235);
#1682=LINE('',#11774,#2236);
#1683=LINE('',#11776,#2237);
#1684=LINE('',#11778,#2238);
#1685=LINE('',#11780,#2239);
#1686=LINE('',#11782,#2240);
#1687=LINE('',#11784,#2241);
#1688=LINE('',#11786,#2242);
#1689=LINE('',#11788,#2243);
#1690=LINE('',#11790,#2244);
#1691=LINE('',#11792,#2245);
#1692=LINE('',#11794,#2246);
#1693=LINE('',#11796,#2247);
#1694=LINE('',#11798,#2248);
#1695=LINE('',#11800,#2249);
#1696=LINE('',#11802,#2250);
#1697=LINE('',#11803,#2251);
#1698=LINE('',#11807,#2252);
#1699=LINE('',#11809,#2253);
#1700=LINE('',#11811,#2254);
#1701=LINE('',#11812,#2255);
#1702=LINE('',#11816,#2256);
#1703=LINE('',#11817,#2257);
#1704=LINE('',#11819,#2258);
#1705=LINE('',#11821,#2259);
#1706=LINE('',#11822,#2260);
#1707=LINE('',#11825,#2261);
#1708=LINE('',#11827,#2262);
#1709=LINE('',#11829,#2263);
#1710=LINE('',#11830,#2264);
#1711=LINE('',#11833,#2265);
#1712=LINE('',#11835,#2266);
#1713=LINE('',#11837,#2267);
#1714=LINE('',#11838,#2268);
#1715=LINE('',#11842,#2269);
#1716=LINE('',#11844,#2270);
#1717=LINE('',#11846,#2271);
#1718=LINE('',#11847,#2272);
#1719=LINE('',#11850,#2273);
#1720=LINE('',#11852,#2274);
#1721=LINE('',#11853,#2275);
#1722=LINE('',#11856,#2276);
#1723=LINE('',#11858,#2277);
#1724=LINE('',#11859,#2278);
#1725=LINE('',#11862,#2279);
#1726=LINE('',#11864,#2280);
#1727=LINE('',#11866,#2281);
#1728=LINE('',#11868,#2282);
#1729=LINE('',#11870,#2283);
#1730=LINE('',#11871,#2284);
#1731=LINE('',#11874,#2285);
#1732=LINE('',#11876,#2286);
#1733=LINE('',#11877,#2287);
#1734=LINE('',#11880,#2288);
#1735=LINE('',#11881,#2289);
#1736=LINE('',#11884,#2290);
#1737=LINE('',#11885,#2291);
#1738=LINE('',#11888,#2292);
#1739=LINE('',#11889,#2293);
#1740=LINE('',#11892,#2294);
#1741=LINE('',#11894,#2295);
#1742=LINE('',#11895,#2296);
#1743=LINE('',#11899,#2297);
#1744=LINE('',#11901,#2298);
#1745=LINE('',#11903,#2299);
#1746=LINE('',#11904,#2300);
#1747=LINE('',#11907,#2301);
#1748=LINE('',#11909,#2302);
#1749=LINE('',#11910,#2303);
#1750=LINE('',#11913,#2304);
#1751=LINE('',#11915,#2305);
#1752=LINE('',#11916,#2306);
#1753=LINE('',#11919,#2307);
#1754=LINE('',#11921,#2308);
#1755=LINE('',#11922,#2309);
#1756=LINE('',#11925,#2310);
#1757=LINE('',#11927,#2311);
#1758=LINE('',#11928,#2312);
#1759=LINE('',#11931,#2313);
#1760=LINE('',#11933,#2314);
#1761=LINE('',#11934,#2315);
#1762=LINE('',#11936,#2316);
#1763=LINE('',#11937,#2317);
#1764=LINE('',#11941,#2318);
#1765=LINE('',#11943,#2319);
#1766=LINE('',#11945,#2320);
#1767=LINE('',#11946,#2321);
#1768=LINE('',#11949,#2322);
#1769=LINE('',#11951,#2323);
#1770=LINE('',#11952,#2324);
#1771=LINE('',#11955,#2325);
#1772=LINE('',#11957,#2326);
#1773=LINE('',#11958,#2327);
#1774=LINE('',#11961,#2328);
#1775=LINE('',#11963,#2329);
#1776=LINE('',#11964,#2330);
#1777=LINE('',#11966,#2331);
#1778=LINE('',#11967,#2332);
#1779=LINE('',#11970,#2333);
#1780=LINE('',#11972,#2334);
#1781=LINE('',#11973,#2335);
#1782=LINE('',#11975,#2336);
#1783=LINE('',#11976,#2337);
#1784=LINE('',#11979,#2338);
#1785=LINE('',#11980,#2339);
#1786=LINE('',#11983,#2340);
#1787=LINE('',#11984,#2341);
#1788=LINE('',#11986,#2342);
#1789=LINE('',#11989,#2343);
#1790=LINE('',#11991,#2344);
#1791=LINE('',#11992,#2345);
#1792=LINE('',#11995,#2346);
#1793=LINE('',#11997,#2347);
#1794=LINE('',#11998,#2348);
#1795=LINE('',#12001,#2349);
#1796=LINE('',#12003,#2350);
#1797=LINE('',#12004,#2351);
#1798=LINE('',#12007,#2352);
#1799=LINE('',#12009,#2353);
#1800=LINE('',#12010,#2354);
#1801=LINE('',#12012,#2355);
#1802=LINE('',#12013,#2356);
#1803=LINE('',#12017,#2357);
#1804=LINE('',#12019,#2358);
#1805=LINE('',#12021,#2359);
#1806=LINE('',#12023,#2360);
#1807=LINE('',#12025,#2361);
#1808=LINE('',#12027,#2362);
#1809=LINE('',#12029,#2363);
#1810=LINE('',#12031,#2364);
#1811=LINE('',#12033,#2365);
#1812=LINE('',#12035,#2366);
#1813=LINE('',#12037,#2367);
#1814=LINE('',#12039,#2368);
#1815=LINE('',#12041,#2369);
#1816=LINE('',#12043,#2370);
#1817=LINE('',#12045,#2371);
#1818=LINE('',#12047,#2372);
#1819=LINE('',#12049,#2373);
#1820=LINE('',#12051,#2374);
#1821=LINE('',#12053,#2375);
#1822=LINE('',#12055,#2376);
#1823=LINE('',#12057,#2377);
#1824=LINE('',#12059,#2378);
#1825=LINE('',#12061,#2379);
#1826=LINE('',#12063,#2380);
#1827=LINE('',#12065,#2381);
#1828=LINE('',#12067,#2382);
#1829=LINE('',#12069,#2383);
#1830=LINE('',#12071,#2384);
#1831=LINE('',#12073,#2385);
#1832=LINE('',#12074,#2386);
#1833=LINE('',#12078,#2387);
#1834=LINE('',#12080,#2388);
#1835=LINE('',#12082,#2389);
#1836=LINE('',#12083,#2390);
#1837=LINE('',#12087,#2391);
#1838=LINE('',#12088,#2392);
#1839=LINE('',#12089,#2393);
#1840=LINE('',#12092,#2394);
#1841=LINE('',#12093,#2395);
#1842=LINE('',#12096,#2396);
#1843=LINE('',#12097,#2397);
#1844=LINE('',#12099,#2398);
#1845=LINE('',#12103,#2399);
#1846=LINE('',#12105,#2400);
#1847=LINE('',#12106,#2401);
#1848=LINE('',#12109,#2402);
#1849=LINE('',#12110,#2403);
#1850=LINE('',#12113,#2404);
#1851=LINE('',#12114,#2405);
#1852=LINE('',#12117,#2406);
#1853=LINE('',#12118,#2407);
#1854=LINE('',#12121,#2408);
#1855=LINE('',#12122,#2409);
#1856=LINE('',#12125,#2410);
#1857=LINE('',#12126,#2411);
#1858=LINE('',#12129,#2412);
#1859=LINE('',#12130,#2413);
#1860=LINE('',#12133,#2414);
#1861=LINE('',#12134,#2415);
#1862=LINE('',#12137,#2416);
#1863=LINE('',#12138,#2417);
#1864=LINE('',#12141,#2418);
#1865=LINE('',#12142,#2419);
#1866=LINE('',#12145,#2420);
#1867=LINE('',#12146,#2421);
#1868=LINE('',#12149,#2422);
#1869=LINE('',#12150,#2423);
#1870=LINE('',#12153,#2424);
#1871=LINE('',#12154,#2425);
#1872=LINE('',#12157,#2426);
#1873=LINE('',#12158,#2427);
#1874=LINE('',#12161,#2428);
#1875=LINE('',#12162,#2429);
#1876=LINE('',#12165,#2430);
#1877=LINE('',#12166,#2431);
#1878=LINE('',#12169,#2432);
#1879=LINE('',#12170,#2433);
#1880=LINE('',#12173,#2434);
#1881=LINE('',#12174,#2435);
#1882=LINE('',#12177,#2436);
#1883=LINE('',#12178,#2437);
#1884=LINE('',#12181,#2438);
#1885=LINE('',#12182,#2439);
#1886=LINE('',#12185,#2440);
#1887=LINE('',#12186,#2441);
#1888=LINE('',#12189,#2442);
#1889=LINE('',#12190,#2443);
#1890=LINE('',#12193,#2444);
#1891=LINE('',#12194,#2445);
#1892=LINE('',#12197,#2446);
#1893=LINE('',#12198,#2447);
#1894=LINE('',#12201,#2448);
#1895=LINE('',#12202,#2449);
#1896=LINE('',#12205,#2450);
#1897=LINE('',#12206,#2451);
#1898=LINE('',#12209,#2452);
#1899=LINE('',#12210,#2453);
#1900=LINE('',#12213,#2454);
#1901=LINE('',#12214,#2455);
#1902=LINE('',#12217,#2456);
#1903=LINE('',#12218,#2457);
#1904=LINE('',#12220,#2458);
#1905=LINE('',#12225,#2459);
#1906=VECTOR('',#7059,10.);
#1907=VECTOR('',#7062,10.);
#1908=VECTOR('',#7065,10.);
#1909=VECTOR('',#7066,10.);
#1910=VECTOR('',#7069,10.);
#1911=VECTOR('',#7070,10.);
#1912=VECTOR('',#7071,10.);
#1913=VECTOR('',#7072,10.);
#1914=VECTOR('',#7077,10.);
#1915=VECTOR('',#7078,10.);
#1916=VECTOR('',#7081,10.);
#1917=VECTOR('',#7082,10.);
#1918=VECTOR('',#7085,10.);
#1919=VECTOR('',#7088,10.);
#1920=VECTOR('',#7103,10.);
#1921=VECTOR('',#7104,10.);
#1922=VECTOR('',#7105,10.);
#1923=VECTOR('',#7106,10.);
#1924=VECTOR('',#7109,10.);
#1925=VECTOR('',#7110,10.);
#1926=VECTOR('',#7111,10.);
#1927=VECTOR('',#7114,10.);
#1928=VECTOR('',#7117,10.);
#1929=VECTOR('',#7120,10.);
#1930=VECTOR('',#7123,10.);
#1931=VECTOR('',#7136,10.);
#1932=VECTOR('',#7137,10.);
#1933=VECTOR('',#7140,10.);
#1934=VECTOR('',#7141,10.);
#1935=VECTOR('',#7144,10.);
#1936=VECTOR('',#7145,10.);
#1937=VECTOR('',#7148,10.);
#1938=VECTOR('',#7149,10.);
#1939=VECTOR('',#7150,10.);
#1940=VECTOR('',#7151,10.);
#1941=VECTOR('',#7154,10.);
#1942=VECTOR('',#7155,10.);
#1943=VECTOR('',#7156,10.);
#1944=VECTOR('',#7159,10.);
#1945=VECTOR('',#7162,10.);
#1946=VECTOR('',#7165,10.);
#1947=VECTOR('',#7168,10.);
#1948=VECTOR('',#7171,10.);
#1949=VECTOR('',#7172,10.);
#1950=VECTOR('',#7175,10.);
#1951=VECTOR('',#7176,10.);
#1952=VECTOR('',#7179,10.);
#1953=VECTOR('',#7180,10.);
#1954=VECTOR('',#7183,10.);
#1955=VECTOR('',#7184,10.);
#1956=VECTOR('',#7185,10.);
#1957=VECTOR('',#7186,10.);
#1958=VECTOR('',#7189,10.);
#1959=VECTOR('',#7190,10.);
#1960=VECTOR('',#7191,10.);
#1961=VECTOR('',#7194,10.);
#1962=VECTOR('',#7197,10.);
#1963=VECTOR('',#7200,10.);
#1964=VECTOR('',#7203,10.);
#1965=VECTOR('',#7218,10.);
#1966=VECTOR('',#7219,10.);
#1967=VECTOR('',#7222,10.);
#1968=VECTOR('',#7223,10.);
#1969=VECTOR('',#7226,10.);
#1970=VECTOR('',#7227,10.);
#1971=VECTOR('',#7230,10.);
#1972=VECTOR('',#7231,10.);
#1973=VECTOR('',#7232,10.);
#1974=VECTOR('',#7233,10.);
#1975=VECTOR('',#7236,10.);
#1976=VECTOR('',#7237,10.);
#1977=VECTOR('',#7238,10.);
#1978=VECTOR('',#7241,10.);
#1979=VECTOR('',#7244,10.);
#1980=VECTOR('',#7247,10.);
#1981=VECTOR('',#7250,10.);
#1982=VECTOR('',#7263,10.);
#1983=VECTOR('',#7264,10.);
#1984=VECTOR('',#7267,10.);
#1985=VECTOR('',#7268,10.);
#1986=VECTOR('',#7271,10.);
#1987=VECTOR('',#7272,10.);
#1988=VECTOR('',#7275,10.);
#1989=VECTOR('',#7276,10.);
#1990=VECTOR('',#7277,10.);
#1991=VECTOR('',#7278,10.);
#1992=VECTOR('',#7281,10.);
#1993=VECTOR('',#7282,10.);
#1994=VECTOR('',#7283,10.);
#1995=VECTOR('',#7286,10.);
#1996=VECTOR('',#7289,10.);
#1997=VECTOR('',#7292,10.);
#1998=VECTOR('',#7295,10.);
#1999=VECTOR('',#7308,10.);
#2000=VECTOR('',#7309,10.);
#2001=VECTOR('',#7312,10.);
#2002=VECTOR('',#7313,10.);
#2003=VECTOR('',#7316,10.);
#2004=VECTOR('',#7317,10.);
#2005=VECTOR('',#7320,10.);
#2006=VECTOR('',#7321,10.);
#2007=VECTOR('',#7322,10.);
#2008=VECTOR('',#7323,10.);
#2009=VECTOR('',#7326,10.);
#2010=VECTOR('',#7327,10.);
#2011=VECTOR('',#7328,10.);
#2012=VECTOR('',#7331,10.);
#2013=VECTOR('',#7334,10.);
#2014=VECTOR('',#7337,10.);
#2015=VECTOR('',#7340,10.);
#2016=VECTOR('',#7353,10.);
#2017=VECTOR('',#7354,10.);
#2018=VECTOR('',#7357,10.);
#2019=VECTOR('',#7358,10.);
#2020=VECTOR('',#7361,10.);
#2021=VECTOR('',#7362,10.);
#2022=VECTOR('',#7365,10.);
#2023=VECTOR('',#7366,10.);
#2024=VECTOR('',#7367,10.);
#2025=VECTOR('',#7368,10.);
#2026=VECTOR('',#7371,10.);
#2027=VECTOR('',#7372,10.);
#2028=VECTOR('',#7373,10.);
#2029=VECTOR('',#7376,10.);
#2030=VECTOR('',#7379,10.);
#2031=VECTOR('',#7382,10.);
#2032=VECTOR('',#7385,10.);
#2033=VECTOR('',#7398,10.);
#2034=VECTOR('',#7399,10.);
#2035=VECTOR('',#7402,10.);
#2036=VECTOR('',#7403,10.);
#2037=VECTOR('',#7406,10.);
#2038=VECTOR('',#7407,10.);
#2039=VECTOR('',#7410,10.);
#2040=VECTOR('',#7411,10.);
#2041=VECTOR('',#7412,10.);
#2042=VECTOR('',#7413,10.);
#2043=VECTOR('',#7416,10.);
#2044=VECTOR('',#7417,10.);
#2045=VECTOR('',#7418,10.);
#2046=VECTOR('',#7421,10.);
#2047=VECTOR('',#7424,10.);
#2048=VECTOR('',#7427,10.);
#2049=VECTOR('',#7430,10.);
#2050=VECTOR('',#7443,10.);
#2051=VECTOR('',#7444,10.);
#2052=VECTOR('',#7447,10.);
#2053=VECTOR('',#7448,10.);
#2054=VECTOR('',#7451,10.);
#2055=VECTOR('',#7452,10.);
#2056=VECTOR('',#7457,1.00000001490116);
#2057=VECTOR('',#7466,1.00000001490116);
#2058=VECTOR('',#7475,1.00000001490116);
#2059=VECTOR('',#7484,1.00000001490116);
#2060=VECTOR('',#7493,1.00000001490116);
#2061=VECTOR('',#7502,1.00000001490116);
#2062=VECTOR('',#7511,1.00000001490116);
#2063=VECTOR('',#7520,1.00000001490116);
#2064=VECTOR('',#7529,1.00000001490116);
#2065=VECTOR('',#7538,1.00000001490116);
#2066=VECTOR('',#7547,1.00000001490116);
#2067=VECTOR('',#7556,1.00000001490116);
#2068=VECTOR('',#7565,1.00000001490116);
#2069=VECTOR('',#7574,1.00000001490116);
#2070=VECTOR('',#7583,1.00000001490116);
#2071=VECTOR('',#7592,1.00000001490116);
#2072=VECTOR('',#7601,1.00000001490116);
#2073=VECTOR('',#7610,1.00000001490116);
#2074=VECTOR('',#7619,1.00000001490116);
#2075=VECTOR('',#7628,1.00000001490116);
#2076=VECTOR('',#7637,1.00000001490116);
#2077=VECTOR('',#7646,1.00000001490116);
#2078=VECTOR('',#7655,1.00000001490116);
#2079=VECTOR('',#7664,1.00000001490116);
#2080=VECTOR('',#7673,1.00000001490116);
#2081=VECTOR('',#7682,1.00000001490116);
#2082=VECTOR('',#7691,1.00000001490116);
#2083=VECTOR('',#7700,1.00000001490116);
#2084=VECTOR('',#7709,1.00000001490116);
#2085=VECTOR('',#7718,1.00000001490116);
#2086=VECTOR('',#7727,1.00000001490116);
#2087=VECTOR('',#7736,1.00000001490116);
#2088=VECTOR('',#7745,1.00000001490116);
#2089=VECTOR('',#7754,1.00000001490116);
#2090=VECTOR('',#7763,1.00000001490116);
#2091=VECTOR('',#7772,1.00000001490116);
#2092=VECTOR('',#7781,1.00000001490116);
#2093=VECTOR('',#7790,1.00000001490116);
#2094=VECTOR('',#7799,1.00000001490116);
#2095=VECTOR('',#7808,1.00000001490116);
#2096=VECTOR('',#7817,1.00000001490116);
#2097=VECTOR('',#7826,1.00000001490116);
#2098=VECTOR('',#7835,1.00000001490116);
#2099=VECTOR('',#7844,1.00000001490116);
#2100=VECTOR('',#7853,1.00000001490116);
#2101=VECTOR('',#7862,1.00000001490116);
#2102=VECTOR('',#7871,1.00000001490116);
#2103=VECTOR('',#7880,1.00000001490116);
#2104=VECTOR('',#7889,1.00000001490116);
#2105=VECTOR('',#7898,1.00000001490116);
#2106=VECTOR('',#7907,1.00000001490116);
#2107=VECTOR('',#7916,1.00000001490116);
#2108=VECTOR('',#7925,1.00000001490116);
#2109=VECTOR('',#7934,1.00000001490116);
#2110=VECTOR('',#7943,1.00000001490116);
#2111=VECTOR('',#7952,1.00000001490116);
#2112=VECTOR('',#7961,1.00000001490116);
#2113=VECTOR('',#7970,1.00000001490116);
#2114=VECTOR('',#7979,1.00000001490116);
#2115=VECTOR('',#7988,1.00000001490116);
#2116=VECTOR('',#7997,1.00000001490116);
#2117=VECTOR('',#8006,1.00000001490116);
#2118=VECTOR('',#8015,1.00000001490116);
#2119=VECTOR('',#8024,1.00000001490116);
#2120=VECTOR('',#8033,1.00000001490116);
#2121=VECTOR('',#8042,1.00000001490116);
#2122=VECTOR('',#8051,1.00000001490116);
#2123=VECTOR('',#8060,1.00000001490116);
#2124=VECTOR('',#8069,1.00000001490116);
#2125=VECTOR('',#8078,1.00000001490116);
#2126=VECTOR('',#8087,1.00000001490116);
#2127=VECTOR('',#8096,1.00000001490116);
#2128=VECTOR('',#8105,1.00000001490116);
#2129=VECTOR('',#8114,1.00000001490116);
#2130=VECTOR('',#8123,1.00000001490116);
#2131=VECTOR('',#8132,1.00000001490116);
#2132=VECTOR('',#8139,10.);
#2133=VECTOR('',#8140,10.);
#2134=VECTOR('',#8141,10.);
#2135=VECTOR('',#8144,10.);
#2136=VECTOR('',#8145,10.);
#2137=VECTOR('',#8148,10.);
#2138=VECTOR('',#8149,10.);
#2139=VECTOR('',#8152,10.);
#2140=VECTOR('',#8153,10.);
#2141=VECTOR('',#8156,10.);
#2142=VECTOR('',#8157,10.);
#2143=VECTOR('',#8160,10.);
#2144=VECTOR('',#8161,10.);
#2145=VECTOR('',#8164,10.);
#2146=VECTOR('',#8165,10.);
#2147=VECTOR('',#8168,10.);
#2148=VECTOR('',#8169,10.);
#2149=VECTOR('',#8172,10.);
#2150=VECTOR('',#8173,10.);
#2151=VECTOR('',#8176,10.);
#2152=VECTOR('',#8177,10.);
#2153=VECTOR('',#8180,10.);
#2154=VECTOR('',#8181,10.);
#2155=VECTOR('',#8184,10.);
#2156=VECTOR('',#8185,10.);
#2157=VECTOR('',#8188,10.);
#2158=VECTOR('',#8189,10.);
#2159=VECTOR('',#8192,10.);
#2160=VECTOR('',#8193,10.);
#2161=VECTOR('',#8196,10.);
#2162=VECTOR('',#8197,10.);
#2163=VECTOR('',#8204,10.);
#2164=VECTOR('',#8207,10.);
#2165=VECTOR('',#8212,10.);
#2166=VECTOR('',#8215,10.);
#2167=VECTOR('',#8218,10.);
#2168=VECTOR('',#8221,10.);
#2169=VECTOR('',#8224,10.);
#2170=VECTOR('',#8227,10.);
#2171=VECTOR('',#8230,10.);
#2172=VECTOR('',#8233,10.);
#2173=VECTOR('',#8236,10.);
#2174=VECTOR('',#8239,10.);
#2175=VECTOR('',#8242,10.);
#2176=VECTOR('',#8245,10.);
#2177=VECTOR('',#8248,10.);
#2178=VECTOR('',#8253,10.);
#2179=VECTOR('',#8258,10.);
#2180=VECTOR('',#8263,10.);
#2181=VECTOR('',#8268,10.);
#2182=VECTOR('',#8273,10.);
#2183=VECTOR('',#8278,10.);
#2184=VECTOR('',#8283,10.);
#2185=VECTOR('',#8288,10.);
#2186=VECTOR('',#8293,10.);
#2187=VECTOR('',#8298,10.);
#2188=VECTOR('',#8303,10.);
#2189=VECTOR('',#8308,10.);
#2190=VECTOR('',#8313,10.);
#2191=VECTOR('',#8318,10.);
#2192=VECTOR('',#8325,10.);
#2193=VECTOR('',#8326,10.);
#2194=VECTOR('',#8329,10.);
#2195=VECTOR('',#8330,10.);
#2196=VECTOR('',#8333,10.);
#2197=VECTOR('',#8334,10.);
#2198=VECTOR('',#8339,10.);
#2199=VECTOR('',#8340,10.);
#2200=VECTOR('',#8345,10.);
#2201=VECTOR('',#8346,10.);
#2202=VECTOR('',#8351,10.);
#2203=VECTOR('',#8352,10.);
#2204=VECTOR('',#8357,10.);
#2205=VECTOR('',#8358,10.);
#2206=VECTOR('',#8363,10.);
#2207=VECTOR('',#8364,10.);
#2208=VECTOR('',#8367,10.);
#2209=VECTOR('',#8368,10.);
#2210=VECTOR('',#8371,10.);
#2211=VECTOR('',#8374,10.);
#2212=VECTOR('',#8377,10.);
#2213=VECTOR('',#8380,10.);
#2214=VECTOR('',#8383,10.);
#2215=VECTOR('',#8386,10.);
#2216=VECTOR('',#8389,10.);
#2217=VECTOR('',#8392,10.);
#2218=VECTOR('',#8395,10.);
#2219=VECTOR('',#8398,10.);
#2220=VECTOR('',#8401,10.);
#2221=VECTOR('',#8404,10.);
#2222=VECTOR('',#8409,10.);
#2223=VECTOR('',#8410,10.);
#2224=VECTOR('',#8411,10.);
#2225=VECTOR('',#8412,10.);
#2226=VECTOR('',#8413,10.);
#2227=VECTOR('',#8414,10.);
#2228=VECTOR('',#8415,10.);
#2229=VECTOR('',#8416,10.);
#2230=VECTOR('',#8417,10.);
#2231=VECTOR('',#8418,10.);
#2232=VECTOR('',#8419,10.);
#2233=VECTOR('',#8420,10.);
#2234=VECTOR('',#8421,10.);
#2235=VECTOR('',#8422,10.);
#2236=VECTOR('',#8423,10.);
#2237=VECTOR('',#8424,10.);
#2238=VECTOR('',#8425,10.);
#2239=VECTOR('',#8426,10.);
#2240=VECTOR('',#8427,10.);
#2241=VECTOR('',#8428,10.);
#2242=VECTOR('',#8429,10.);
#2243=VECTOR('',#8430,10.);
#2244=VECTOR('',#8431,10.);
#2245=VECTOR('',#8432,10.);
#2246=VECTOR('',#8433,10.);
#2247=VECTOR('',#8434,10.);
#2248=VECTOR('',#8435,10.);
#2249=VECTOR('',#8436,10.);
#2250=VECTOR('',#8437,10.);
#2251=VECTOR('',#8438,10.);
#2252=VECTOR('',#8441,10.);
#2253=VECTOR('',#8442,10.);
#2254=VECTOR('',#8443,10.);
#2255=VECTOR('',#8444,10.);
#2256=VECTOR('',#8447,10.);
#2257=VECTOR('',#8448,10.);
#2258=VECTOR('',#8449,10.);
#2259=VECTOR('',#8450,10.);
#2260=VECTOR('',#8451,10.);
#2261=VECTOR('',#8454,10.);
#2262=VECTOR('',#8455,10.);
#2263=VECTOR('',#8456,10.);
#2264=VECTOR('',#8457,10.);
#2265=VECTOR('',#8460,10.);
#2266=VECTOR('',#8461,10.);
#2267=VECTOR('',#8462,10.);
#2268=VECTOR('',#8463,10.);
#2269=VECTOR('',#8466,10.);
#2270=VECTOR('',#8467,10.);
#2271=VECTOR('',#8468,10.);
#2272=VECTOR('',#8469,10.);
#2273=VECTOR('',#8472,10.);
#2274=VECTOR('',#8473,10.);
#2275=VECTOR('',#8474,10.);
#2276=VECTOR('',#8477,10.);
#2277=VECTOR('',#8478,10.);
#2278=VECTOR('',#8479,10.);
#2279=VECTOR('',#8482,10.);
#2280=VECTOR('',#8483,10.);
#2281=VECTOR('',#8484,10.);
#2282=VECTOR('',#8485,10.);
#2283=VECTOR('',#8486,10.);
#2284=VECTOR('',#8487,10.);
#2285=VECTOR('',#8490,10.);
#2286=VECTOR('',#8491,10.);
#2287=VECTOR('',#8492,10.);
#2288=VECTOR('',#8495,10.);
#2289=VECTOR('',#8496,10.);
#2290=VECTOR('',#8499,10.);
#2291=VECTOR('',#8500,10.);
#2292=VECTOR('',#8503,10.);
#2293=VECTOR('',#8504,10.);
#2294=VECTOR('',#8507,10.);
#2295=VECTOR('',#8508,10.);
#2296=VECTOR('',#8509,10.);
#2297=VECTOR('',#8512,10.);
#2298=VECTOR('',#8513,10.);
#2299=VECTOR('',#8514,10.);
#2300=VECTOR('',#8515,10.);
#2301=VECTOR('',#8518,10.);
#2302=VECTOR('',#8519,10.);
#2303=VECTOR('',#8520,10.);
#2304=VECTOR('',#8523,10.);
#2305=VECTOR('',#8524,10.);
#2306=VECTOR('',#8525,10.);
#2307=VECTOR('',#8528,10.);
#2308=VECTOR('',#8529,10.);
#2309=VECTOR('',#8530,10.);
#2310=VECTOR('',#8533,10.);
#2311=VECTOR('',#8534,10.);
#2312=VECTOR('',#8535,10.);
#2313=VECTOR('',#8538,10.);
#2314=VECTOR('',#8539,10.);
#2315=VECTOR('',#8540,10.);
#2316=VECTOR('',#8543,10.);
#2317=VECTOR('',#8544,10.);
#2318=VECTOR('',#8547,10.);
#2319=VECTOR('',#8548,10.);
#2320=VECTOR('',#8549,10.);
#2321=VECTOR('',#8550,10.);
#2322=VECTOR('',#8553,10.);
#2323=VECTOR('',#8554,10.);
#2324=VECTOR('',#8555,10.);
#2325=VECTOR('',#8558,10.);
#2326=VECTOR('',#8559,10.);
#2327=VECTOR('',#8560,10.);
#2328=VECTOR('',#8563,10.);
#2329=VECTOR('',#8564,10.);
#2330=VECTOR('',#8565,10.);
#2331=VECTOR('',#8568,10.);
#2332=VECTOR('',#8569,10.);
#2333=VECTOR('',#8572,10.);
#2334=VECTOR('',#8573,10.);
#2335=VECTOR('',#8574,10.);
#2336=VECTOR('',#8577,10.);
#2337=VECTOR('',#8578,10.);
#2338=VECTOR('',#8581,10.);
#2339=VECTOR('',#8582,10.);
#2340=VECTOR('',#8585,10.);
#2341=VECTOR('',#8586,10.);
#2342=VECTOR('',#8589,10.);
#2343=VECTOR('',#8592,10.);
#2344=VECTOR('',#8593,10.);
#2345=VECTOR('',#8594,10.);
#2346=VECTOR('',#8597,10.);
#2347=VECTOR('',#8598,10.);
#2348=VECTOR('',#8599,10.);
#2349=VECTOR('',#8602,10.);
#2350=VECTOR('',#8603,10.);
#2351=VECTOR('',#8604,10.);
#2352=VECTOR('',#8607,10.);
#2353=VECTOR('',#8608,10.);
#2354=VECTOR('',#8609,10.);
#2355=VECTOR('',#8612,10.);
#2356=VECTOR('',#8613,10.);
#2357=VECTOR('',#8616,10.);
#2358=VECTOR('',#8617,10.);
#2359=VECTOR('',#8618,10.);
#2360=VECTOR('',#8619,10.);
#2361=VECTOR('',#8620,10.);
#2362=VECTOR('',#8621,10.);
#2363=VECTOR('',#8622,10.);
#2364=VECTOR('',#8623,10.);
#2365=VECTOR('',#8624,10.);
#2366=VECTOR('',#8625,10.);
#2367=VECTOR('',#8626,10.);
#2368=VECTOR('',#8627,10.);
#2369=VECTOR('',#8628,10.);
#2370=VECTOR('',#8629,10.);
#2371=VECTOR('',#8630,10.);
#2372=VECTOR('',#8631,10.);
#2373=VECTOR('',#8632,10.);
#2374=VECTOR('',#8633,10.);
#2375=VECTOR('',#8634,10.);
#2376=VECTOR('',#8635,10.);
#2377=VECTOR('',#8636,10.);
#2378=VECTOR('',#8637,10.);
#2379=VECTOR('',#8638,10.);
#2380=VECTOR('',#8639,10.);
#2381=VECTOR('',#8640,10.);
#2382=VECTOR('',#8641,10.);
#2383=VECTOR('',#8642,10.);
#2384=VECTOR('',#8643,10.);
#2385=VECTOR('',#8644,10.);
#2386=VECTOR('',#8645,10.);
#2387=VECTOR('',#8648,10.);
#2388=VECTOR('',#8649,10.);
#2389=VECTOR('',#8650,10.);
#2390=VECTOR('',#8651,10.);
#2391=VECTOR('',#8654,10.);
#2392=VECTOR('',#8655,10.);
#2393=VECTOR('',#8656,10.);
#2394=VECTOR('',#8659,10.);
#2395=VECTOR('',#8660,10.);
#2396=VECTOR('',#8663,10.);
#2397=VECTOR('',#8664,10.);
#2398=VECTOR('',#8667,10.);
#2399=VECTOR('',#8672,10.);
#2400=VECTOR('',#8673,10.);
#2401=VECTOR('',#8674,10.);
#2402=VECTOR('',#8677,10.);
#2403=VECTOR('',#8678,10.);
#2404=VECTOR('',#8681,10.);
#2405=VECTOR('',#8682,10.);
#2406=VECTOR('',#8685,10.);
#2407=VECTOR('',#8686,10.);
#2408=VECTOR('',#8689,10.);
#2409=VECTOR('',#8690,10.);
#2410=VECTOR('',#8693,10.);
#2411=VECTOR('',#8694,10.);
#2412=VECTOR('',#8697,10.);
#2413=VECTOR('',#8698,10.);
#2414=VECTOR('',#8701,10.);
#2415=VECTOR('',#8702,10.);
#2416=VECTOR('',#8705,10.);
#2417=VECTOR('',#8706,10.);
#2418=VECTOR('',#8709,10.);
#2419=VECTOR('',#8710,10.);
#2420=VECTOR('',#8713,10.);
#2421=VECTOR('',#8714,10.);
#2422=VECTOR('',#8717,10.);
#2423=VECTOR('',#8718,10.);
#2424=VECTOR('',#8721,10.);
#2425=VECTOR('',#8722,10.);
#2426=VECTOR('',#8725,10.);
#2427=VECTOR('',#8726,10.);
#2428=VECTOR('',#8729,10.);
#2429=VECTOR('',#8730,10.);
#2430=VECTOR('',#8733,10.);
#2431=VECTOR('',#8734,10.);
#2432=VECTOR('',#8737,10.);
#2433=VECTOR('',#8738,10.);
#2434=VECTOR('',#8741,10.);
#2435=VECTOR('',#8742,10.);
#2436=VECTOR('',#8745,10.);
#2437=VECTOR('',#8746,10.);
#2438=VECTOR('',#8749,10.);
#2439=VECTOR('',#8750,10.);
#2440=VECTOR('',#8753,10.);
#2441=VECTOR('',#8754,10.);
#2442=VECTOR('',#8757,10.);
#2443=VECTOR('',#8758,10.);
#2444=VECTOR('',#8761,10.);
#2445=VECTOR('',#8762,10.);
#2446=VECTOR('',#8765,10.);
#2447=VECTOR('',#8766,10.);
#2448=VECTOR('',#8769,10.);
#2449=VECTOR('',#8770,10.);
#2450=VECTOR('',#8773,10.);
#2451=VECTOR('',#8774,10.);
#2452=VECTOR('',#8777,10.);
#2453=VECTOR('',#8778,10.);
#2454=VECTOR('',#8781,10.);
#2455=VECTOR('',#8782,10.);
#2456=VECTOR('',#8785,10.);
#2457=VECTOR('',#8786,10.);
#2458=VECTOR('',#8789,10.);
#2459=VECTOR('',#8798,68.);
#2460=CIRCLE('',#6452,0.2);
#2461=CIRCLE('',#6453,0.2);
#2462=CIRCLE('',#6457,68.);
#2463=CIRCLE('',#6462,68.);
#2464=CIRCLE('',#6463,0.8);
#2465=CIRCLE('',#6464,67.2);
#2466=CIRCLE('',#6465,0.8);
#2467=CIRCLE('',#6466,68.);
#2468=CIRCLE('',#6470,66.7);
#2469=CIRCLE('',#6472,66.7);
#2470=CIRCLE('',#6474,0.8);
#2471=CIRCLE('',#6475,67.2);
#2472=CIRCLE('',#6476,0.8);
#2473=CIRCLE('',#6477,68.);
#2474=CIRCLE('',#6484,66.7);
#2475=CIRCLE('',#6486,66.7);
#2476=CIRCLE('',#6493,66.7);
#2477=CIRCLE('',#6495,66.7);
#2478=CIRCLE('',#6497,0.8);
#2479=CIRCLE('',#6498,67.2);
#2480=CIRCLE('',#6499,0.8);
#2481=CIRCLE('',#6500,68.);
#2482=CIRCLE('',#6501,68.);
#2483=CIRCLE('',#6508,66.7);
#2484=CIRCLE('',#6510,66.7);
#2485=CIRCLE('',#6512,0.8);
#2486=CIRCLE('',#6513,67.2);
#2487=CIRCLE('',#6514,0.8);
#2488=CIRCLE('',#6515,68.);
#2489=CIRCLE('',#6522,66.7);
#2490=CIRCLE('',#6524,66.7);
#2491=CIRCLE('',#6526,0.8);
#2492=CIRCLE('',#6527,67.2);
#2493=CIRCLE('',#6528,0.8);
#2494=CIRCLE('',#6529,68.);
#2495=CIRCLE('',#6536,66.7);
#2496=CIRCLE('',#6538,66.7);
#2497=CIRCLE('',#6540,0.8);
#2498=CIRCLE('',#6541,67.2);
#2499=CIRCLE('',#6542,0.8);
#2500=CIRCLE('',#6543,68.);
#2501=CIRCLE('',#6550,66.7);
#2502=CIRCLE('',#6552,66.7);
#2503=CIRCLE('',#6554,0.8);
#2504=CIRCLE('',#6555,67.2);
#2505=CIRCLE('',#6556,0.8);
#2506=CIRCLE('',#6557,68.);
#2507=CIRCLE('',#6564,66.7);
#2508=CIRCLE('',#6566,66.7);
#2509=CIRCLE('',#6568,0.8);
#2510=CIRCLE('',#6569,67.2);
#2511=CIRCLE('',#6570,0.8);
#2512=CIRCLE('',#6571,68.);
#2513=CIRCLE('',#6576,1.00000001490116);
#2514=CIRCLE('',#6577,1.00000001490116);
#2515=CIRCLE('',#6580,1.00000001490116);
#2516=CIRCLE('',#6581,1.00000001490116);
#2517=CIRCLE('',#6584,1.00000001490116);
#2518=CIRCLE('',#6585,1.00000001490116);
#2519=CIRCLE('',#6588,1.00000001490116);
#2520=CIRCLE('',#6589,1.00000001490116);
#2521=CIRCLE('',#6592,1.00000001490116);
#2522=CIRCLE('',#6593,1.00000001490116);
#2523=CIRCLE('',#6596,1.00000001490116);
#2524=CIRCLE('',#6597,1.00000001490116);
#2525=CIRCLE('',#6600,1.00000001490116);
#2526=CIRCLE('',#6601,1.00000001490116);
#2527=CIRCLE('',#6604,1.00000001490116);
#2528=CIRCLE('',#6605,1.00000001490116);
#2529=CIRCLE('',#6608,1.00000001490116);
#2530=CIRCLE('',#6609,1.00000001490116);
#2531=CIRCLE('',#6612,1.00000001490116);
#2532=CIRCLE('',#6613,1.00000001490116);
#2533=CIRCLE('',#6616,1.00000001490116);
#2534=CIRCLE('',#6617,1.00000001490116);
#2535=CIRCLE('',#6620,1.00000001490116);
#2536=CIRCLE('',#6621,1.00000001490116);
#2537=CIRCLE('',#6624,1.00000001490116);
#2538=CIRCLE('',#6625,1.00000001490116);
#2539=CIRCLE('',#6628,1.00000001490116);
#2540=CIRCLE('',#6629,1.00000001490116);
#2541=CIRCLE('',#6632,1.00000001490116);
#2542=CIRCLE('',#6633,1.00000001490116);
#2543=CIRCLE('',#6636,1.00000001490116);
#2544=CIRCLE('',#6637,1.00000001490116);
#2545=CIRCLE('',#6640,1.00000001490116);
#2546=CIRCLE('',#6641,1.00000001490116);
#2547=CIRCLE('',#6644,1.00000001490116);
#2548=CIRCLE('',#6645,1.00000001490116);
#2549=CIRCLE('',#6648,1.00000001490116);
#2550=CIRCLE('',#6649,1.00000001490116);
#2551=CIRCLE('',#6652,1.00000001490116);
#2552=CIRCLE('',#6653,1.00000001490116);
#2553=CIRCLE('',#6656,1.00000001490116);
#2554=CIRCLE('',#6657,1.00000001490116);
#2555=CIRCLE('',#6660,1.00000001490116);
#2556=CIRCLE('',#6661,1.00000001490116);
#2557=CIRCLE('',#6664,1.00000001490116);
#2558=CIRCLE('',#6665,1.00000001490116);
#2559=CIRCLE('',#6668,1.00000001490116);
#2560=CIRCLE('',#6669,1.00000001490116);
#2561=CIRCLE('',#6672,1.00000001490116);
#2562=CIRCLE('',#6673,1.00000001490116);
#2563=CIRCLE('',#6676,1.00000001490116);
#2564=CIRCLE('',#6677,1.00000001490116);
#2565=CIRCLE('',#6680,1.00000001490116);
#2566=CIRCLE('',#6681,1.00000001490116);
#2567=CIRCLE('',#6684,1.00000001490116);
#2568=CIRCLE('',#6685,1.00000001490116);
#2569=CIRCLE('',#6688,1.00000001490116);
#2570=CIRCLE('',#6689,1.00000001490116);
#2571=CIRCLE('',#6692,1.00000001490116);
#2572=CIRCLE('',#6693,1.00000001490116);
#2573=CIRCLE('',#6696,1.00000001490116);
#2574=CIRCLE('',#6697,1.00000001490116);
#2575=CIRCLE('',#6700,1.00000001490116);
#2576=CIRCLE('',#6701,1.00000001490116);
#2577=CIRCLE('',#6704,1.00000001490116);
#2578=CIRCLE('',#6705,1.00000001490116);
#2579=CIRCLE('',#6708,1.00000001490116);
#2580=CIRCLE('',#6709,1.00000001490116);
#2581=CIRCLE('',#6712,1.00000001490116);
#2582=CIRCLE('',#6713,1.00000001490116);
#2583=CIRCLE('',#6716,1.00000001490116);
#2584=CIRCLE('',#6717,1.00000001490116);
#2585=CIRCLE('',#6720,1.00000001490116);
#2586=CIRCLE('',#6721,1.00000001490116);
#2587=CIRCLE('',#6724,1.00000001490116);
#2588=CIRCLE('',#6725,1.00000001490116);
#2589=CIRCLE('',#6728,1.00000001490116);
#2590=CIRCLE('',#6729,1.00000001490116);
#2591=CIRCLE('',#6732,1.00000001490116);
#2592=CIRCLE('',#6733,1.00000001490116);
#2593=CIRCLE('',#6736,1.00000001490116);
#2594=CIRCLE('',#6737,1.00000001490116);
#2595=CIRCLE('',#6740,1.00000001490116);
#2596=CIRCLE('',#6741,1.00000001490116);
#2597=CIRCLE('',#6744,1.00000001490116);
#2598=CIRCLE('',#6745,1.00000001490116);
#2599=CIRCLE('',#6748,1.00000001490116);
#2600=CIRCLE('',#6749,1.00000001490116);
#2601=CIRCLE('',#6752,1.00000001490116);
#2602=CIRCLE('',#6753,1.00000001490116);
#2603=CIRCLE('',#6756,1.00000001490116);
#2604=CIRCLE('',#6757,1.00000001490116);
#2605=CIRCLE('',#6760,1.00000001490116);
#2606=CIRCLE('',#6761,1.00000001490116);
#2607=CIRCLE('',#6764,1.00000001490116);
#2608=CIRCLE('',#6765,1.00000001490116);
#2609=CIRCLE('',#6768,1.00000001490116);
#2610=CIRCLE('',#6769,1.00000001490116);
#2611=CIRCLE('',#6772,1.00000001490116);
#2612=CIRCLE('',#6773,1.00000001490116);
#2613=CIRCLE('',#6776,1.00000001490116);
#2614=CIRCLE('',#6777,1.00000001490116);
#2615=CIRCLE('',#6780,1.00000001490116);
#2616=CIRCLE('',#6781,1.00000001490116);
#2617=CIRCLE('',#6784,1.00000001490116);
#2618=CIRCLE('',#6785,1.00000001490116);
#2619=CIRCLE('',#6788,1.00000001490116);
#2620=CIRCLE('',#6789,1.00000001490116);
#2621=CIRCLE('',#6792,1.00000001490116);
#2622=CIRCLE('',#6793,1.00000001490116);
#2623=CIRCLE('',#6796,1.00000001490116);
#2624=CIRCLE('',#6797,1.00000001490116);
#2625=CIRCLE('',#6800,1.00000001490116);
#2626=CIRCLE('',#6801,1.00000001490116);
#2627=CIRCLE('',#6804,1.00000001490116);
#2628=CIRCLE('',#6805,1.00000001490116);
#2629=CIRCLE('',#6808,1.00000001490116);
#2630=CIRCLE('',#6809,1.00000001490116);
#2631=CIRCLE('',#6812,1.00000001490116);
#2632=CIRCLE('',#6813,1.00000001490116);
#2633=CIRCLE('',#6816,1.00000001490116);
#2634=CIRCLE('',#6817,1.00000001490116);
#2635=CIRCLE('',#6820,1.00000001490116);
#2636=CIRCLE('',#6821,1.00000001490116);
#2637=CIRCLE('',#6824,1.00000001490116);
#2638=CIRCLE('',#6825,1.00000001490116);
#2639=CIRCLE('',#6828,1.00000001490116);
#2640=CIRCLE('',#6829,1.00000001490116);
#2641=CIRCLE('',#6832,1.00000001490116);
#2642=CIRCLE('',#6833,1.00000001490116);
#2643=CIRCLE('',#6836,1.00000001490116);
#2644=CIRCLE('',#6837,1.00000001490116);
#2645=CIRCLE('',#6840,1.00000001490116);
#2646=CIRCLE('',#6841,1.00000001490116);
#2647=CIRCLE('',#6844,1.00000001490116);
#2648=CIRCLE('',#6845,1.00000001490116);
#2649=CIRCLE('',#6848,1.00000001490116);
#2650=CIRCLE('',#6849,1.00000001490116);
#2651=CIRCLE('',#6852,1.00000001490116);
#2652=CIRCLE('',#6853,1.00000001490116);
#2653=CIRCLE('',#6856,1.00000001490116);
#2654=CIRCLE('',#6857,1.00000001490116);
#2655=CIRCLE('',#6860,1.00000001490116);
#2656=CIRCLE('',#6861,1.00000001490116);
#2657=CIRCLE('',#6864,1.00000001490116);
#2658=CIRCLE('',#6865,1.00000001490116);
#2659=CIRCLE('',#6868,1.00000001490116);
#2660=CIRCLE('',#6869,1.00000001490116);
#2661=CIRCLE('',#6872,1.00000001490116);
#2662=CIRCLE('',#6873,1.00000001490116);
#2663=CIRCLE('',#6876,1.00000001490116);
#2664=CIRCLE('',#6877,1.00000001490116);
#2665=CIRCLE('',#6895,68.);
#2666=CIRCLE('',#6942,1.);
#2667=CIRCLE('',#7044,68.);
#2668=CIRCLE('',#7045,68.);
#2669=CIRCLE('',#7046,68.);
#2670=CIRCLE('',#7047,68.);
#2671=CIRCLE('',#7048,68.);
#2672=CIRCLE('',#7049,68.);
#2673=CIRCLE('',#7050,68.);
#2674=CIRCLE('',#7051,68.);
#2675=VERTEX_POINT('',#8815);
#2676=VERTEX_POINT('',#8816);
#2677=VERTEX_POINT('',#8818);
#2678=VERTEX_POINT('',#8820);
#2679=VERTEX_POINT('',#8824);
#2680=VERTEX_POINT('',#8826);
#2681=VERTEX_POINT('',#8835);
#2682=VERTEX_POINT('',#8837);
#2683=VERTEX_POINT('',#8839);
#2684=VERTEX_POINT('',#8841);
#2685=VERTEX_POINT('',#8854);
#2686=VERTEX_POINT('',#8856);
#2687=VERTEX_POINT('',#8860);
#2688=VERTEX_POINT('',#8866);
#2689=VERTEX_POINT('',#8879);
#2690=VERTEX_POINT('',#8881);
#2691=VERTEX_POINT('',#8883);
#2692=VERTEX_POINT('',#8885);
#2693=VERTEX_POINT('',#8889);
#2694=VERTEX_POINT('',#8890);
#2695=VERTEX_POINT('',#8892);
#2696=VERTEX_POINT('',#8894);
#2697=VERTEX_POINT('',#8898);
#2698=VERTEX_POINT('',#8900);
#2699=VERTEX_POINT('',#8904);
#2700=VERTEX_POINT('',#8906);
#2701=VERTEX_POINT('',#8910);
#2702=VERTEX_POINT('',#8912);
#2703=VERTEX_POINT('',#8916);
#2704=VERTEX_POINT('',#8917);
#2705=VERTEX_POINT('',#8919);
#2706=VERTEX_POINT('',#8921);
#2707=VERTEX_POINT('',#8928);
#2708=VERTEX_POINT('',#8932);
#2709=VERTEX_POINT('',#8936);
#2710=VERTEX_POINT('',#8937);
#2711=VERTEX_POINT('',#8939);
#2712=VERTEX_POINT('',#8941);
#2713=VERTEX_POINT('',#8945);
#2714=VERTEX_POINT('',#8947);
#2715=VERTEX_POINT('',#8951);
#2716=VERTEX_POINT('',#8953);
#2717=VERTEX_POINT('',#8957);
#2718=VERTEX_POINT('',#8959);
#2719=VERTEX_POINT('',#8966);
#2720=VERTEX_POINT('',#8970);
#2721=VERTEX_POINT('',#8974);
#2722=VERTEX_POINT('',#8975);
#2723=VERTEX_POINT('',#8977);
#2724=VERTEX_POINT('',#8979);
#2725=VERTEX_POINT('',#8983);
#2726=VERTEX_POINT('',#8985);
#2727=VERTEX_POINT('',#8989);
#2728=VERTEX_POINT('',#8991);
#2729=VERTEX_POINT('',#8995);
#2730=VERTEX_POINT('',#8997);
#2731=VERTEX_POINT('',#9001);
#2732=VERTEX_POINT('',#9002);
#2733=VERTEX_POINT('',#9004);
#2734=VERTEX_POINT('',#9006);
#2735=VERTEX_POINT('',#9008);
#2736=VERTEX_POINT('',#9015);
#2737=VERTEX_POINT('',#9019);
#2738=VERTEX_POINT('',#9023);
#2739=VERTEX_POINT('',#9024);
#2740=VERTEX_POINT('',#9026);
#2741=VERTEX_POINT('',#9028);
#2742=VERTEX_POINT('',#9032);
#2743=VERTEX_POINT('',#9034);
#2744=VERTEX_POINT('',#9038);
#2745=VERTEX_POINT('',#9040);
#2746=VERTEX_POINT('',#9044);
#2747=VERTEX_POINT('',#9046);
#2748=VERTEX_POINT('',#9050);
#2749=VERTEX_POINT('',#9051);
#2750=VERTEX_POINT('',#9053);
#2751=VERTEX_POINT('',#9055);
#2752=VERTEX_POINT('',#9062);
#2753=VERTEX_POINT('',#9066);
#2754=VERTEX_POINT('',#9070);
#2755=VERTEX_POINT('',#9071);
#2756=VERTEX_POINT('',#9073);
#2757=VERTEX_POINT('',#9075);
#2758=VERTEX_POINT('',#9079);
#2759=VERTEX_POINT('',#9081);
#2760=VERTEX_POINT('',#9085);
#2761=VERTEX_POINT('',#9087);
#2762=VERTEX_POINT('',#9091);
#2763=VERTEX_POINT('',#9093);
#2764=VERTEX_POINT('',#9097);
#2765=VERTEX_POINT('',#9098);
#2766=VERTEX_POINT('',#9100);
#2767=VERTEX_POINT('',#9102);
#2768=VERTEX_POINT('',#9109);
#2769=VERTEX_POINT('',#9113);
#2770=VERTEX_POINT('',#9117);
#2771=VERTEX_POINT('',#9118);
#2772=VERTEX_POINT('',#9120);
#2773=VERTEX_POINT('',#9122);
#2774=VERTEX_POINT('',#9126);
#2775=VERTEX_POINT('',#9128);
#2776=VERTEX_POINT('',#9132);
#2777=VERTEX_POINT('',#9134);
#2778=VERTEX_POINT('',#9138);
#2779=VERTEX_POINT('',#9140);
#2780=VERTEX_POINT('',#9144);
#2781=VERTEX_POINT('',#9145);
#2782=VERTEX_POINT('',#9147);
#2783=VERTEX_POINT('',#9149);
#2784=VERTEX_POINT('',#9156);
#2785=VERTEX_POINT('',#9160);
#2786=VERTEX_POINT('',#9164);
#2787=VERTEX_POINT('',#9165);
#2788=VERTEX_POINT('',#9167);
#2789=VERTEX_POINT('',#9169);
#2790=VERTEX_POINT('',#9173);
#2791=VERTEX_POINT('',#9175);
#2792=VERTEX_POINT('',#9179);
#2793=VERTEX_POINT('',#9181);
#2794=VERTEX_POINT('',#9185);
#2795=VERTEX_POINT('',#9187);
#2796=VERTEX_POINT('',#9191);
#2797=VERTEX_POINT('',#9192);
#2798=VERTEX_POINT('',#9194);
#2799=VERTEX_POINT('',#9196);
#2800=VERTEX_POINT('',#9203);
#2801=VERTEX_POINT('',#9207);
#2802=VERTEX_POINT('',#9211);
#2803=VERTEX_POINT('',#9212);
#2804=VERTEX_POINT('',#9214);
#2805=VERTEX_POINT('',#9216);
#2806=VERTEX_POINT('',#9220);
#2807=VERTEX_POINT('',#9222);
#2808=VERTEX_POINT('',#9226);
#2809=VERTEX_POINT('',#9228);
#2810=VERTEX_POINT('',#9232);
#2811=VERTEX_POINT('',#9234);
#2812=VERTEX_POINT('',#9238);
#2813=VERTEX_POINT('',#9239);
#2814=VERTEX_POINT('',#9241);
#2815=VERTEX_POINT('',#9243);
#2816=VERTEX_POINT('',#9250);
#2817=VERTEX_POINT('',#9254);
#2818=VERTEX_POINT('',#9258);
#2819=VERTEX_POINT('',#9260);
#2820=VERTEX_POINT('',#9265);
#2821=VERTEX_POINT('',#9267);
#2822=VERTEX_POINT('',#9272);
#2823=VERTEX_POINT('',#9274);
#2824=VERTEX_POINT('',#9279);
#2825=VERTEX_POINT('',#9281);
#2826=VERTEX_POINT('',#9286);
#2827=VERTEX_POINT('',#9288);
#2828=VERTEX_POINT('',#9293);
#2829=VERTEX_POINT('',#9295);
#2830=VERTEX_POINT('',#9300);
#2831=VERTEX_POINT('',#9302);
#2832=VERTEX_POINT('',#9307);
#2833=VERTEX_POINT('',#9309);
#2834=VERTEX_POINT('',#9314);
#2835=VERTEX_POINT('',#9316);
#2836=VERTEX_POINT('',#9321);
#2837=VERTEX_POINT('',#9323);
#2838=VERTEX_POINT('',#9328);
#2839=VERTEX_POINT('',#9330);
#2840=VERTEX_POINT('',#9335);
#2841=VERTEX_POINT('',#9337);
#2842=VERTEX_POINT('',#9342);
#2843=VERTEX_POINT('',#9344);
#2844=VERTEX_POINT('',#9349);
#2845=VERTEX_POINT('',#9351);
#2846=VERTEX_POINT('',#9356);
#2847=VERTEX_POINT('',#9358);
#2848=VERTEX_POINT('',#9363);
#2849=VERTEX_POINT('',#9365);
#2850=VERTEX_POINT('',#9370);
#2851=VERTEX_POINT('',#9372);
#2852=VERTEX_POINT('',#9377);
#2853=VERTEX_POINT('',#9379);
#2854=VERTEX_POINT('',#9384);
#2855=VERTEX_POINT('',#9386);
#2856=VERTEX_POINT('',#9391);
#2857=VERTEX_POINT('',#9393);
#2858=VERTEX_POINT('',#9398);
#2859=VERTEX_POINT('',#9400);
#2860=VERTEX_POINT('',#9405);
#2861=VERTEX_POINT('',#9407);
#2862=VERTEX_POINT('',#9412);
#2863=VERTEX_POINT('',#9414);
#2864=VERTEX_POINT('',#9419);
#2865=VERTEX_POINT('',#9421);
#2866=VERTEX_POINT('',#9426);
#2867=VERTEX_POINT('',#9428);
#2868=VERTEX_POINT('',#9433);
#2869=VERTEX_POINT('',#9435);
#2870=VERTEX_POINT('',#9440);
#2871=VERTEX_POINT('',#9442);
#2872=VERTEX_POINT('',#9447);
#2873=VERTEX_POINT('',#9449);
#2874=VERTEX_POINT('',#9454);
#2875=VERTEX_POINT('',#9456);
#2876=VERTEX_POINT('',#9461);
#2877=VERTEX_POINT('',#9463);
#2878=VERTEX_POINT('',#9468);
#2879=VERTEX_POINT('',#9470);
#2880=VERTEX_POINT('',#9475);
#2881=VERTEX_POINT('',#9477);
#2882=VERTEX_POINT('',#9482);
#2883=VERTEX_POINT('',#9484);
#2884=VERTEX_POINT('',#9489);
#2885=VERTEX_POINT('',#9491);
#2886=VERTEX_POINT('',#9496);
#2887=VERTEX_POINT('',#9498);
#2888=VERTEX_POINT('',#9503);
#2889=VERTEX_POINT('',#9505);
#2890=VERTEX_POINT('',#9510);
#2891=VERTEX_POINT('',#9512);
#2892=VERTEX_POINT('',#9517);
#2893=VERTEX_POINT('',#9519);
#2894=VERTEX_POINT('',#9524);
#2895=VERTEX_POINT('',#9526);
#2896=VERTEX_POINT('',#9531);
#2897=VERTEX_POINT('',#9533);
#2898=VERTEX_POINT('',#9538);
#2899=VERTEX_POINT('',#9540);
#2900=VERTEX_POINT('',#9545);
#2901=VERTEX_POINT('',#9547);
#2902=VERTEX_POINT('',#9552);
#2903=VERTEX_POINT('',#9554);
#2904=VERTEX_POINT('',#9559);
#2905=VERTEX_POINT('',#9561);
#2906=VERTEX_POINT('',#9566);
#2907=VERTEX_POINT('',#9568);
#2908=VERTEX_POINT('',#9573);
#2909=VERTEX_POINT('',#9575);
#2910=VERTEX_POINT('',#9580);
#2911=VERTEX_POINT('',#9582);
#2912=VERTEX_POINT('',#9587);
#2913=VERTEX_POINT('',#9589);
#2914=VERTEX_POINT('',#9594);
#2915=VERTEX_POINT('',#9596);
#2916=VERTEX_POINT('',#9601);
#2917=VERTEX_POINT('',#9603);
#2918=VERTEX_POINT('',#9608);
#2919=VERTEX_POINT('',#9610);
#2920=VERTEX_POINT('',#9615);
#2921=VERTEX_POINT('',#9617);
#2922=VERTEX_POINT('',#9622);
#2923=VERTEX_POINT('',#9624);
#2924=VERTEX_POINT('',#9629);
#2925=VERTEX_POINT('',#9631);
#2926=VERTEX_POINT('',#9636);
#2927=VERTEX_POINT('',#9638);
#2928=VERTEX_POINT('',#9643);
#2929=VERTEX_POINT('',#9645);
#2930=VERTEX_POINT('',#9650);
#2931=VERTEX_POINT('',#9652);
#2932=VERTEX_POINT('',#9657);
#2933=VERTEX_POINT('',#9659);
#2934=VERTEX_POINT('',#9664);
#2935=VERTEX_POINT('',#9666);
#2936=VERTEX_POINT('',#9671);
#2937=VERTEX_POINT('',#9673);
#2938=VERTEX_POINT('',#9678);
#2939=VERTEX_POINT('',#9680);
#2940=VERTEX_POINT('',#9685);
#2941=VERTEX_POINT('',#9687);
#2942=VERTEX_POINT('',#9692);
#2943=VERTEX_POINT('',#9694);
#2944=VERTEX_POINT('',#9699);
#2945=VERTEX_POINT('',#9701);
#2946=VERTEX_POINT('',#9706);
#2947=VERTEX_POINT('',#9708);
#2948=VERTEX_POINT('',#9713);
#2949=VERTEX_POINT('',#9715);
#2950=VERTEX_POINT('',#9720);
#2951=VERTEX_POINT('',#9722);
#2952=VERTEX_POINT('',#9727);
#2953=VERTEX_POINT('',#9729);
#2954=VERTEX_POINT('',#9734);
#2955=VERTEX_POINT('',#9736);
#2956=VERTEX_POINT('',#9741);
#2957=VERTEX_POINT('',#9743);
#2958=VERTEX_POINT('',#9748);
#2959=VERTEX_POINT('',#9750);
#2960=VERTEX_POINT('',#9755);
#2961=VERTEX_POINT('',#9757);
#2962=VERTEX_POINT('',#9762);
#2963=VERTEX_POINT('',#9764);
#2964=VERTEX_POINT('',#9769);
#2965=VERTEX_POINT('',#9771);
#2966=VERTEX_POINT('',#9776);
#2967=VERTEX_POINT('',#9778);
#2968=VERTEX_POINT('',#9783);
#2969=VERTEX_POINT('',#9785);
#2970=VERTEX_POINT('',#9821);
#2971=VERTEX_POINT('',#9822);
#2972=VERTEX_POINT('',#9827);
#2973=VERTEX_POINT('',#9842);
#2974=VERTEX_POINT('',#9893);
#2975=VERTEX_POINT('',#9898);
#2976=VERTEX_POINT('',#9949);
#2977=VERTEX_POINT('',#9954);
#2978=VERTEX_POINT('',#10005);
#2979=VERTEX_POINT('',#10010);
#2980=VERTEX_POINT('',#10061);
#2981=VERTEX_POINT('',#10066);
#2982=VERTEX_POINT('',#10117);
#2983=VERTEX_POINT('',#10122);
#2984=VERTEX_POINT('',#10173);
#2985=VERTEX_POINT('',#10178);
#2986=VERTEX_POINT('',#10229);
#2987=VERTEX_POINT('',#10234);
#2988=VERTEX_POINT('',#10285);
#2989=VERTEX_POINT('',#10290);
#2990=VERTEX_POINT('',#10341);
#2991=VERTEX_POINT('',#10346);
#2992=VERTEX_POINT('',#10397);
#2993=VERTEX_POINT('',#10402);
#2994=VERTEX_POINT('',#10453);
#2995=VERTEX_POINT('',#10458);
#2996=VERTEX_POINT('',#10503);
#2997=VERTEX_POINT('',#10504);
#2998=VERTEX_POINT('',#10521);
#2999=VERTEX_POINT('',#10526);
#3000=VERTEX_POINT('',#10577);
#3001=VERTEX_POINT('',#10582);
#3002=VERTEX_POINT('',#10633);
#3003=VERTEX_POINT('',#10638);
#3004=VERTEX_POINT('',#10729);
#3005=VERTEX_POINT('',#10734);
#3006=VERTEX_POINT('',#10785);
#3007=VERTEX_POINT('',#10790);
#3008=VERTEX_POINT('',#10841);
#3009=VERTEX_POINT('',#10846);
#3010=VERTEX_POINT('',#10897);
#3011=VERTEX_POINT('',#10902);
#3012=VERTEX_POINT('',#10953);
#3013=VERTEX_POINT('',#10958);
#3014=VERTEX_POINT('',#11009);
#3015=VERTEX_POINT('',#11014);
#3016=VERTEX_POINT('',#11065);
#3017=VERTEX_POINT('',#11070);
#3018=VERTEX_POINT('',#11121);
#3019=VERTEX_POINT('',#11126);
#3020=VERTEX_POINT('',#11177);
#3021=VERTEX_POINT('',#11182);
#3022=VERTEX_POINT('',#11233);
#3023=VERTEX_POINT('',#11238);
#3024=VERTEX_POINT('',#11289);
#3025=VERTEX_POINT('',#11294);
#3026=VERTEX_POINT('',#11345);
#3027=VERTEX_POINT('',#11350);
#3028=VERTEX_POINT('',#11401);
#3029=VERTEX_POINT('',#11406);
#3030=VERTEX_POINT('',#11466);
#3031=VERTEX_POINT('',#11468);
#3032=VERTEX_POINT('',#11472);
#3033=VERTEX_POINT('',#11476);
#3034=VERTEX_POINT('',#11480);
#3035=VERTEX_POINT('',#11484);
#3036=VERTEX_POINT('',#11488);
#3037=VERTEX_POINT('',#11492);
#3038=VERTEX_POINT('',#11496);
#3039=VERTEX_POINT('',#11500);
#3040=VERTEX_POINT('',#11504);
#3041=VERTEX_POINT('',#11508);
#3042=VERTEX_POINT('',#11512);
#3043=VERTEX_POINT('',#11516);
#3044=VERTEX_POINT('',#11520);
#3045=VERTEX_POINT('',#11524);
#3046=VERTEX_POINT('',#11528);
#3047=VERTEX_POINT('',#11531);
#3048=VERTEX_POINT('',#11532);
#3049=VERTEX_POINT('',#11534);
#3050=VERTEX_POINT('',#11536);
#3051=VERTEX_POINT('',#11540);
#3052=VERTEX_POINT('',#11542);
#3053=VERTEX_POINT('',#11546);
#3054=VERTEX_POINT('',#11548);
#3055=VERTEX_POINT('',#11552);
#3056=VERTEX_POINT('',#11554);
#3057=VERTEX_POINT('',#11558);
#3058=VERTEX_POINT('',#11560);
#3059=VERTEX_POINT('',#11564);
#3060=VERTEX_POINT('',#11566);
#3061=VERTEX_POINT('',#11570);
#3062=VERTEX_POINT('',#11572);
#3063=VERTEX_POINT('',#11576);
#3064=VERTEX_POINT('',#11614);
#3065=VERTEX_POINT('',#11618);
#3066=VERTEX_POINT('',#11622);
#3067=VERTEX_POINT('',#11626);
#3068=VERTEX_POINT('',#11630);
#3069=VERTEX_POINT('',#11634);
#3070=VERTEX_POINT('',#11638);
#3071=VERTEX_POINT('',#11642);
#3072=VERTEX_POINT('',#11646);
#3073=VERTEX_POINT('',#11650);
#3074=VERTEX_POINT('',#11654);
#3075=VERTEX_POINT('',#11658);
#3076=VERTEX_POINT('',#11662);
#3077=VERTEX_POINT('',#11666);
#3078=VERTEX_POINT('',#11670);
#3079=VERTEX_POINT('',#11674);
#3080=VERTEX_POINT('',#11675);
#3081=VERTEX_POINT('',#11683);
#3082=VERTEX_POINT('',#11685);
#3083=VERTEX_POINT('',#11689);
#3084=VERTEX_POINT('',#11691);
#3085=VERTEX_POINT('',#11695);
#3086=VERTEX_POINT('',#11697);
#3087=VERTEX_POINT('',#11701);
#3088=VERTEX_POINT('',#11703);
#3089=VERTEX_POINT('',#11707);
#3090=VERTEX_POINT('',#11709);
#3091=VERTEX_POINT('',#11744);
#3092=VERTEX_POINT('',#11745);
#3093=VERTEX_POINT('',#11747);
#3094=VERTEX_POINT('',#11749);
#3095=VERTEX_POINT('',#11751);
#3096=VERTEX_POINT('',#11753);
#3097=VERTEX_POINT('',#11755);
#3098=VERTEX_POINT('',#11757);
#3099=VERTEX_POINT('',#11759);
#3100=VERTEX_POINT('',#11761);
#3101=VERTEX_POINT('',#11763);
#3102=VERTEX_POINT('',#11765);
#3103=VERTEX_POINT('',#11767);
#3104=VERTEX_POINT('',#11769);
#3105=VERTEX_POINT('',#11771);
#3106=VERTEX_POINT('',#11773);
#3107=VERTEX_POINT('',#11775);
#3108=VERTEX_POINT('',#11777);
#3109=VERTEX_POINT('',#11779);
#3110=VERTEX_POINT('',#11781);
#3111=VERTEX_POINT('',#11783);
#3112=VERTEX_POINT('',#11785);
#3113=VERTEX_POINT('',#11787);
#3114=VERTEX_POINT('',#11789);
#3115=VERTEX_POINT('',#11791);
#3116=VERTEX_POINT('',#11793);
#3117=VERTEX_POINT('',#11795);
#3118=VERTEX_POINT('',#11797);
#3119=VERTEX_POINT('',#11799);
#3120=VERTEX_POINT('',#11801);
#3121=VERTEX_POINT('',#11805);
#3122=VERTEX_POINT('',#11806);
#3123=VERTEX_POINT('',#11808);
#3124=VERTEX_POINT('',#11810);
#3125=VERTEX_POINT('',#11814);
#3126=VERTEX_POINT('',#11815);
#3127=VERTEX_POINT('',#11818);
#3128=VERTEX_POINT('',#11820);
#3129=VERTEX_POINT('',#11824);
#3130=VERTEX_POINT('',#11826);
#3131=VERTEX_POINT('',#11828);
#3132=VERTEX_POINT('',#11832);
#3133=VERTEX_POINT('',#11834);
#3134=VERTEX_POINT('',#11836);
#3135=VERTEX_POINT('',#11840);
#3136=VERTEX_POINT('',#11841);
#3137=VERTEX_POINT('',#11843);
#3138=VERTEX_POINT('',#11845);
#3139=VERTEX_POINT('',#11849);
#3140=VERTEX_POINT('',#11851);
#3141=VERTEX_POINT('',#11855);
#3142=VERTEX_POINT('',#11857);
#3143=VERTEX_POINT('',#11861);
#3144=VERTEX_POINT('',#11863);
#3145=VERTEX_POINT('',#11865);
#3146=VERTEX_POINT('',#11867);
#3147=VERTEX_POINT('',#11869);
#3148=VERTEX_POINT('',#11873);
#3149=VERTEX_POINT('',#11875);
#3150=VERTEX_POINT('',#11879);
#3151=VERTEX_POINT('',#11883);
#3152=VERTEX_POINT('',#11887);
#3153=VERTEX_POINT('',#11891);
#3154=VERTEX_POINT('',#11893);
#3155=VERTEX_POINT('',#11897);
#3156=VERTEX_POINT('',#11898);
#3157=VERTEX_POINT('',#11900);
#3158=VERTEX_POINT('',#11902);
#3159=VERTEX_POINT('',#11906);
#3160=VERTEX_POINT('',#11908);
#3161=VERTEX_POINT('',#11912);
#3162=VERTEX_POINT('',#11914);
#3163=VERTEX_POINT('',#11918);
#3164=VERTEX_POINT('',#11920);
#3165=VERTEX_POINT('',#11924);
#3166=VERTEX_POINT('',#11926);
#3167=VERTEX_POINT('',#11930);
#3168=VERTEX_POINT('',#11932);
#3169=VERTEX_POINT('',#11939);
#3170=VERTEX_POINT('',#11940);
#3171=VERTEX_POINT('',#11942);
#3172=VERTEX_POINT('',#11944);
#3173=VERTEX_POINT('',#11948);
#3174=VERTEX_POINT('',#11950);
#3175=VERTEX_POINT('',#11954);
#3176=VERTEX_POINT('',#11956);
#3177=VERTEX_POINT('',#11960);
#3178=VERTEX_POINT('',#11962);
#3179=VERTEX_POINT('',#11969);
#3180=VERTEX_POINT('',#11971);
#3181=VERTEX_POINT('',#11978);
#3182=VERTEX_POINT('',#11982);
#3183=VERTEX_POINT('',#11988);
#3184=VERTEX_POINT('',#11990);
#3185=VERTEX_POINT('',#11994);
#3186=VERTEX_POINT('',#11996);
#3187=VERTEX_POINT('',#12000);
#3188=VERTEX_POINT('',#12002);
#3189=VERTEX_POINT('',#12006);
#3190=VERTEX_POINT('',#12008);
#3191=VERTEX_POINT('',#12015);
#3192=VERTEX_POINT('',#12016);
#3193=VERTEX_POINT('',#12018);
#3194=VERTEX_POINT('',#12020);
#3195=VERTEX_POINT('',#12022);
#3196=VERTEX_POINT('',#12024);
#3197=VERTEX_POINT('',#12026);
#3198=VERTEX_POINT('',#12028);
#3199=VERTEX_POINT('',#12030);
#3200=VERTEX_POINT('',#12032);
#3201=VERTEX_POINT('',#12034);
#3202=VERTEX_POINT('',#12036);
#3203=VERTEX_POINT('',#12038);
#3204=VERTEX_POINT('',#12040);
#3205=VERTEX_POINT('',#12042);
#3206=VERTEX_POINT('',#12044);
#3207=VERTEX_POINT('',#12046);
#3208=VERTEX_POINT('',#12048);
#3209=VERTEX_POINT('',#12050);
#3210=VERTEX_POINT('',#12052);
#3211=VERTEX_POINT('',#12054);
#3212=VERTEX_POINT('',#12056);
#3213=VERTEX_POINT('',#12058);
#3214=VERTEX_POINT('',#12060);
#3215=VERTEX_POINT('',#12062);
#3216=VERTEX_POINT('',#12064);
#3217=VERTEX_POINT('',#12066);
#3218=VERTEX_POINT('',#12068);
#3219=VERTEX_POINT('',#12070);
#3220=VERTEX_POINT('',#12072);
#3221=VERTEX_POINT('',#12076);
#3222=VERTEX_POINT('',#12077);
#3223=VERTEX_POINT('',#12079);
#3224=VERTEX_POINT('',#12081);
#3225=VERTEX_POINT('',#12085);
#3226=VERTEX_POINT('',#12086);
#3227=VERTEX_POINT('',#12091);
#3228=VERTEX_POINT('',#12095);
#3229=VERTEX_POINT('',#12102);
#3230=VERTEX_POINT('',#12104);
#3231=VERTEX_POINT('',#12108);
#3232=VERTEX_POINT('',#12112);
#3233=VERTEX_POINT('',#12116);
#3234=VERTEX_POINT('',#12120);
#3235=VERTEX_POINT('',#12124);
#3236=VERTEX_POINT('',#12128);
#3237=VERTEX_POINT('',#12132);
#3238=VERTEX_POINT('',#12136);
#3239=VERTEX_POINT('',#12140);
#3240=VERTEX_POINT('',#12144);
#3241=VERTEX_POINT('',#12148);
#3242=VERTEX_POINT('',#12152);
#3243=VERTEX_POINT('',#12156);
#3244=VERTEX_POINT('',#12160);
#3245=VERTEX_POINT('',#12164);
#3246=VERTEX_POINT('',#12168);
#3247=VERTEX_POINT('',#12172);
#3248=VERTEX_POINT('',#12176);
#3249=VERTEX_POINT('',#12180);
#3250=VERTEX_POINT('',#12184);
#3251=VERTEX_POINT('',#12188);
#3252=VERTEX_POINT('',#12192);
#3253=VERTEX_POINT('',#12196);
#3254=VERTEX_POINT('',#12200);
#3255=VERTEX_POINT('',#12204);
#3256=VERTEX_POINT('',#12208);
#3257=VERTEX_POINT('',#12212);
#3258=VERTEX_POINT('',#12216);
#3259=EDGE_CURVE('',#2675,#2676,#2460,.T.);
#3260=EDGE_CURVE('',#2676,#2677,#1352,.T.);
#3261=EDGE_CURVE('',#2677,#2678,#2461,.T.);
#3262=EDGE_CURVE('',#2678,#2675,#1353,.T.);
#3263=EDGE_CURVE('',#2679,#2676,#1354,.T.);
#3264=EDGE_CURVE('',#2680,#2679,#163,.T.);
#3265=EDGE_CURVE('',#2677,#2680,#1355,.T.);
#3266=EDGE_CURVE('',#2675,#2681,#1356,.T.);
#3267=EDGE_CURVE('',#2681,#2682,#1357,.T.);
#3268=EDGE_CURVE('',#2682,#2683,#1358,.T.);
#3269=EDGE_CURVE('',#2684,#2683,#1359,.T.);
#3270=EDGE_CURVE('',#2679,#2684,#164,.T.);
#3271=EDGE_CURVE('',#2683,#2685,#2462,.T.);
#3272=EDGE_CURVE('',#2682,#2686,#1360,.T.);
#3273=EDGE_CURVE('',#2685,#2686,#1361,.T.);
#3274=EDGE_CURVE('',#2687,#2678,#1362,.T.);
#3275=EDGE_CURVE('',#2681,#2687,#1363,.T.);
#3276=EDGE_CURVE('',#2686,#2687,#1364,.T.);
#3277=EDGE_CURVE('',#2688,#2680,#165,.T.);
#3278=EDGE_CURVE('',#2685,#2688,#1365,.T.);
#3279=EDGE_CURVE('',#2684,#2689,#2463,.T.);
#3280=EDGE_CURVE('',#2689,#2690,#2464,.T.);
#3281=EDGE_CURVE('',#2690,#2691,#2465,.T.);
#3282=EDGE_CURVE('',#2691,#2692,#2466,.T.);
#3283=EDGE_CURVE('',#2692,#2688,#2467,.T.);
#3284=EDGE_CURVE('',#2693,#2694,#1366,.T.);
#3285=EDGE_CURVE('',#2694,#2695,#1367,.T.);
#3286=EDGE_CURVE('',#2695,#2696,#1368,.T.);
#3287=EDGE_CURVE('',#2693,#2696,#1369,.T.);
#3288=EDGE_CURVE('',#2696,#2697,#1370,.T.);
#3289=EDGE_CURVE('',#2697,#2698,#1371,.T.);
#3290=EDGE_CURVE('',#2698,#2693,#1372,.T.);
#3291=EDGE_CURVE('',#2699,#2697,#1373,.T.);
#3292=EDGE_CURVE('',#2700,#2699,#2468,.T.);
#3293=EDGE_CURVE('',#2700,#2698,#1374,.T.);
#3294=EDGE_CURVE('',#2701,#2699,#1375,.T.);
#3295=EDGE_CURVE('',#2702,#2701,#2469,.T.);
#3296=EDGE_CURVE('',#2702,#2700,#1376,.T.);
#3297=EDGE_CURVE('',#2703,#2704,#2470,.T.);
#3298=EDGE_CURVE('',#2704,#2705,#2471,.T.);
#3299=EDGE_CURVE('',#2705,#2706,#2472,.T.);
#3300=EDGE_CURVE('',#2706,#2703,#2473,.T.);
#3301=EDGE_CURVE('',#2704,#2695,#1377,.T.);
#3302=EDGE_CURVE('',#2694,#2705,#1378,.T.);
#3303=EDGE_CURVE('',#2707,#2703,#1379,.T.);
#3304=EDGE_CURVE('',#2701,#2707,#1380,.T.);
#3305=EDGE_CURVE('',#2708,#2702,#1381,.T.);
#3306=EDGE_CURVE('',#2708,#2706,#1382,.T.);
#3307=EDGE_CURVE('',#2709,#2710,#1383,.T.);
#3308=EDGE_CURVE('',#2710,#2711,#1384,.T.);
#3309=EDGE_CURVE('',#2711,#2712,#1385,.T.);
#3310=EDGE_CURVE('',#2709,#2712,#1386,.T.);
#3311=EDGE_CURVE('',#2712,#2713,#1387,.T.);
#3312=EDGE_CURVE('',#2713,#2714,#1388,.T.);
#3313=EDGE_CURVE('',#2714,#2709,#1389,.T.);
#3314=EDGE_CURVE('',#2715,#2713,#1390,.T.);
#3315=EDGE_CURVE('',#2716,#2715,#2474,.T.);
#3316=EDGE_CURVE('',#2716,#2714,#1391,.T.);
#3317=EDGE_CURVE('',#2717,#2715,#1392,.T.);
#3318=EDGE_CURVE('',#2718,#2717,#2475,.T.);
#3319=EDGE_CURVE('',#2718,#2716,#1393,.T.);
#3320=EDGE_CURVE('',#2690,#2711,#1394,.T.);
#3321=EDGE_CURVE('',#2710,#2691,#1395,.T.);
#3322=EDGE_CURVE('',#2719,#2689,#1396,.T.);
#3323=EDGE_CURVE('',#2717,#2719,#1397,.T.);
#3324=EDGE_CURVE('',#2720,#2718,#1398,.T.);
#3325=EDGE_CURVE('',#2720,#2692,#1399,.T.);
#3326=EDGE_CURVE('',#2721,#2722,#1400,.T.);
#3327=EDGE_CURVE('',#2722,#2723,#1401,.T.);
#3328=EDGE_CURVE('',#2723,#2724,#1402,.T.);
#3329=EDGE_CURVE('',#2721,#2724,#1403,.T.);
#3330=EDGE_CURVE('',#2724,#2725,#1404,.T.);
#3331=EDGE_CURVE('',#2725,#2726,#1405,.T.);
#3332=EDGE_CURVE('',#2726,#2721,#1406,.T.);
#3333=EDGE_CURVE('',#2727,#2725,#1407,.T.);
#3334=EDGE_CURVE('',#2728,#2727,#2476,.T.);
#3335=EDGE_CURVE('',#2728,#2726,#1408,.T.);
#3336=EDGE_CURVE('',#2729,#2727,#1409,.T.);
#3337=EDGE_CURVE('',#2730,#2729,#2477,.T.);
#3338=EDGE_CURVE('',#2730,#2728,#1410,.T.);
#3339=EDGE_CURVE('',#2731,#2732,#2478,.T.);
#3340=EDGE_CURVE('',#2732,#2733,#2479,.T.);
#3341=EDGE_CURVE('',#2733,#2734,#2480,.T.);
#3342=EDGE_CURVE('',#2734,#2735,#2481,.T.);
#3343=EDGE_CURVE('',#2735,#2731,#2482,.T.);
#3344=EDGE_CURVE('',#2732,#2723,#1411,.T.);
#3345=EDGE_CURVE('',#2722,#2733,#1412,.T.);
#3346=EDGE_CURVE('',#2736,#2731,#1413,.T.);
#3347=EDGE_CURVE('',#2729,#2736,#1414,.T.);
#3348=EDGE_CURVE('',#2737,#2730,#1415,.T.);
#3349=EDGE_CURVE('',#2737,#2734,#1416,.T.);
#3350=EDGE_CURVE('',#2738,#2739,#1417,.T.);
#3351=EDGE_CURVE('',#2739,#2740,#1418,.T.);
#3352=EDGE_CURVE('',#2740,#2741,#1419,.T.);
#3353=EDGE_CURVE('',#2738,#2741,#1420,.T.);
#3354=EDGE_CURVE('',#2741,#2742,#1421,.T.);
#3355=EDGE_CURVE('',#2742,#2743,#1422,.T.);
#3356=EDGE_CURVE('',#2743,#2738,#1423,.T.);
#3357=EDGE_CURVE('',#2744,#2742,#1424,.T.);
#3358=EDGE_CURVE('',#2745,#2744,#2483,.T.);
#3359=EDGE_CURVE('',#2745,#2743,#1425,.T.);
#3360=EDGE_CURVE('',#2746,#2744,#1426,.T.);
#3361=EDGE_CURVE('',#2747,#2746,#2484,.T.);
#3362=EDGE_CURVE('',#2747,#2745,#1427,.T.);
#3363=EDGE_CURVE('',#2748,#2749,#2485,.T.);
#3364=EDGE_CURVE('',#2749,#2750,#2486,.T.);
#3365=EDGE_CURVE('',#2750,#2751,#2487,.T.);
#3366=EDGE_CURVE('',#2751,#2748,#2488,.T.);
#3367=EDGE_CURVE('',#2749,#2740,#1428,.T.);
#3368=EDGE_CURVE('',#2739,#2750,#1429,.T.);
#3369=EDGE_CURVE('',#2752,#2748,#1430,.T.);
#3370=EDGE_CURVE('',#2746,#2752,#1431,.T.);
#3371=EDGE_CURVE('',#2753,#2747,#1432,.T.);
#3372=EDGE_CURVE('',#2753,#2751,#1433,.T.);
#3373=EDGE_CURVE('',#2754,#2755,#1434,.T.);
#3374=EDGE_CURVE('',#2755,#2756,#1435,.T.);
#3375=EDGE_CURVE('',#2756,#2757,#1436,.T.);
#3376=EDGE_CURVE('',#2754,#2757,#1437,.T.);
#3377=EDGE_CURVE('',#2757,#2758,#1438,.T.);
#3378=EDGE_CURVE('',#2758,#2759,#1439,.T.);
#3379=EDGE_CURVE('',#2759,#2754,#1440,.T.);
#3380=EDGE_CURVE('',#2760,#2758,#1441,.T.);
#3381=EDGE_CURVE('',#2761,#2760,#2489,.T.);
#3382=EDGE_CURVE('',#2761,#2759,#1442,.T.);
#3383=EDGE_CURVE('',#2762,#2760,#1443,.T.);
#3384=EDGE_CURVE('',#2763,#2762,#2490,.T.);
#3385=EDGE_CURVE('',#2763,#2761,#1444,.T.);
#3386=EDGE_CURVE('',#2764,#2765,#2491,.T.);
#3387=EDGE_CURVE('',#2765,#2766,#2492,.T.);
#3388=EDGE_CURVE('',#2766,#2767,#2493,.T.);
#3389=EDGE_CURVE('',#2767,#2764,#2494,.T.);
#3390=EDGE_CURVE('',#2765,#2756,#1445,.T.);
#3391=EDGE_CURVE('',#2755,#2766,#1446,.T.);
#3392=EDGE_CURVE('',#2768,#2764,#1447,.T.);
#3393=EDGE_CURVE('',#2762,#2768,#1448,.T.);
#3394=EDGE_CURVE('',#2769,#2763,#1449,.T.);
#3395=EDGE_CURVE('',#2769,#2767,#1450,.T.);
#3396=EDGE_CURVE('',#2770,#2771,#1451,.T.);
#3397=EDGE_CURVE('',#2771,#2772,#1452,.T.);
#3398=EDGE_CURVE('',#2772,#2773,#1453,.T.);
#3399=EDGE_CURVE('',#2770,#2773,#1454,.T.);
#3400=EDGE_CURVE('',#2773,#2774,#1455,.T.);
#3401=EDGE_CURVE('',#2774,#2775,#1456,.T.);
#3402=EDGE_CURVE('',#2775,#2770,#1457,.T.);
#3403=EDGE_CURVE('',#2776,#2774,#1458,.T.);
#3404=EDGE_CURVE('',#2777,#2776,#2495,.T.);
#3405=EDGE_CURVE('',#2777,#2775,#1459,.T.);
#3406=EDGE_CURVE('',#2778,#2776,#1460,.T.);
#3407=EDGE_CURVE('',#2779,#2778,#2496,.T.);
#3408=EDGE_CURVE('',#2779,#2777,#1461,.T.);
#3409=EDGE_CURVE('',#2780,#2781,#2497,.T.);
#3410=EDGE_CURVE('',#2781,#2782,#2498,.T.);
#3411=EDGE_CURVE('',#2782,#2783,#2499,.T.);
#3412=EDGE_CURVE('',#2783,#2780,#2500,.T.);
#3413=EDGE_CURVE('',#2781,#2772,#1462,.T.);
#3414=EDGE_CURVE('',#2771,#2782,#1463,.T.);
#3415=EDGE_CURVE('',#2784,#2780,#1464,.T.);
#3416=EDGE_CURVE('',#2778,#2784,#1465,.T.);
#3417=EDGE_CURVE('',#2785,#2779,#1466,.T.);
#3418=EDGE_CURVE('',#2785,#2783,#1467,.T.);
#3419=EDGE_CURVE('',#2786,#2787,#1468,.T.);
#3420=EDGE_CURVE('',#2787,#2788,#1469,.T.);
#3421=EDGE_CURVE('',#2788,#2789,#1470,.T.);
#3422=EDGE_CURVE('',#2786,#2789,#1471,.T.);
#3423=EDGE_CURVE('',#2789,#2790,#1472,.T.);
#3424=EDGE_CURVE('',#2790,#2791,#1473,.T.);
#3425=EDGE_CURVE('',#2791,#2786,#1474,.T.);
#3426=EDGE_CURVE('',#2792,#2790,#1475,.T.);
#3427=EDGE_CURVE('',#2793,#2792,#2501,.T.);
#3428=EDGE_CURVE('',#2793,#2791,#1476,.T.);
#3429=EDGE_CURVE('',#2794,#2792,#1477,.T.);
#3430=EDGE_CURVE('',#2795,#2794,#2502,.T.);
#3431=EDGE_CURVE('',#2795,#2793,#1478,.T.);
#3432=EDGE_CURVE('',#2796,#2797,#2503,.T.);
#3433=EDGE_CURVE('',#2797,#2798,#2504,.T.);
#3434=EDGE_CURVE('',#2798,#2799,#2505,.T.);
#3435=EDGE_CURVE('',#2799,#2796,#2506,.T.);
#3436=EDGE_CURVE('',#2797,#2788,#1479,.T.);
#3437=EDGE_CURVE('',#2787,#2798,#1480,.T.);
#3438=EDGE_CURVE('',#2800,#2796,#1481,.T.);
#3439=EDGE_CURVE('',#2794,#2800,#1482,.T.);
#3440=EDGE_CURVE('',#2801,#2795,#1483,.T.);
#3441=EDGE_CURVE('',#2801,#2799,#1484,.T.);
#3442=EDGE_CURVE('',#2802,#2803,#1485,.T.);
#3443=EDGE_CURVE('',#2803,#2804,#1486,.T.);
#3444=EDGE_CURVE('',#2804,#2805,#1487,.T.);
#3445=EDGE_CURVE('',#2802,#2805,#1488,.T.);
#3446=EDGE_CURVE('',#2805,#2806,#1489,.T.);
#3447=EDGE_CURVE('',#2806,#2807,#1490,.T.);
#3448=EDGE_CURVE('',#2807,#2802,#1491,.T.);
#3449=EDGE_CURVE('',#2808,#2806,#1492,.T.);
#3450=EDGE_CURVE('',#2809,#2808,#2507,.T.);
#3451=EDGE_CURVE('',#2809,#2807,#1493,.T.);
#3452=EDGE_CURVE('',#2810,#2808,#1494,.T.);
#3453=EDGE_CURVE('',#2811,#2810,#2508,.T.);
#3454=EDGE_CURVE('',#2811,#2809,#1495,.T.);
#3455=EDGE_CURVE('',#2812,#2813,#2509,.T.);
#3456=EDGE_CURVE('',#2813,#2814,#2510,.T.);
#3457=EDGE_CURVE('',#2814,#2815,#2511,.T.);
#3458=EDGE_CURVE('',#2815,#2812,#2512,.T.);
#3459=EDGE_CURVE('',#2813,#2804,#1496,.T.);
#3460=EDGE_CURVE('',#2803,#2814,#1497,.T.);
#3461=EDGE_CURVE('',#2816,#2812,#1498,.T.);
#3462=EDGE_CURVE('',#2810,#2816,#1499,.T.);
#3463=EDGE_CURVE('',#2817,#2811,#1500,.T.);
#3464=EDGE_CURVE('',#2817,#2815,#1501,.T.);
#3465=EDGE_CURVE('',#2818,#2818,#2513,.T.);
#3466=EDGE_CURVE('',#2818,#2819,#1502,.T.);
#3467=EDGE_CURVE('',#2819,#2819,#2514,.T.);
#3468=EDGE_CURVE('',#2820,#2820,#2515,.T.);
#3469=EDGE_CURVE('',#2820,#2821,#1503,.T.);
#3470=EDGE_CURVE('',#2821,#2821,#2516,.T.);
#3471=EDGE_CURVE('',#2822,#2822,#2517,.T.);
#3472=EDGE_CURVE('',#2822,#2823,#1504,.T.);
#3473=EDGE_CURVE('',#2823,#2823,#2518,.T.);
#3474=EDGE_CURVE('',#2824,#2824,#2519,.T.);
#3475=EDGE_CURVE('',#2824,#2825,#1505,.T.);
#3476=EDGE_CURVE('',#2825,#2825,#2520,.T.);
#3477=EDGE_CURVE('',#2826,#2826,#2521,.T.);
#3478=EDGE_CURVE('',#2826,#2827,#1506,.T.);
#3479=EDGE_CURVE('',#2827,#2827,#2522,.T.);
#3480=EDGE_CURVE('',#2828,#2828,#2523,.T.);
#3481=EDGE_CURVE('',#2828,#2829,#1507,.T.);
#3482=EDGE_CURVE('',#2829,#2829,#2524,.T.);
#3483=EDGE_CURVE('',#2830,#2830,#2525,.T.);
#3484=EDGE_CURVE('',#2830,#2831,#1508,.T.);
#3485=EDGE_CURVE('',#2831,#2831,#2526,.T.);
#3486=EDGE_CURVE('',#2832,#2832,#2527,.T.);
#3487=EDGE_CURVE('',#2832,#2833,#1509,.T.);
#3488=EDGE_CURVE('',#2833,#2833,#2528,.T.);
#3489=EDGE_CURVE('',#2834,#2834,#2529,.T.);
#3490=EDGE_CURVE('',#2834,#2835,#1510,.T.);
#3491=EDGE_CURVE('',#2835,#2835,#2530,.T.);
#3492=EDGE_CURVE('',#2836,#2836,#2531,.T.);
#3493=EDGE_CURVE('',#2836,#2837,#1511,.T.);
#3494=EDGE_CURVE('',#2837,#2837,#2532,.T.);
#3495=EDGE_CURVE('',#2838,#2838,#2533,.T.);
#3496=EDGE_CURVE('',#2838,#2839,#1512,.T.);
#3497=EDGE_CURVE('',#2839,#2839,#2534,.T.);
#3498=EDGE_CURVE('',#2840,#2840,#2535,.T.);
#3499=EDGE_CURVE('',#2840,#2841,#1513,.T.);
#3500=EDGE_CURVE('',#2841,#2841,#2536,.T.);
#3501=EDGE_CURVE('',#2842,#2842,#2537,.T.);
#3502=EDGE_CURVE('',#2842,#2843,#1514,.T.);
#3503=EDGE_CURVE('',#2843,#2843,#2538,.T.);
#3504=EDGE_CURVE('',#2844,#2844,#2539,.T.);
#3505=EDGE_CURVE('',#2844,#2845,#1515,.T.);
#3506=EDGE_CURVE('',#2845,#2845,#2540,.T.);
#3507=EDGE_CURVE('',#2846,#2846,#2541,.T.);
#3508=EDGE_CURVE('',#2846,#2847,#1516,.T.);
#3509=EDGE_CURVE('',#2847,#2847,#2542,.T.);
#3510=EDGE_CURVE('',#2848,#2848,#2543,.T.);
#3511=EDGE_CURVE('',#2848,#2849,#1517,.T.);
#3512=EDGE_CURVE('',#2849,#2849,#2544,.T.);
#3513=EDGE_CURVE('',#2850,#2850,#2545,.T.);
#3514=EDGE_CURVE('',#2850,#2851,#1518,.T.);
#3515=EDGE_CURVE('',#2851,#2851,#2546,.T.);
#3516=EDGE_CURVE('',#2852,#2852,#2547,.T.);
#3517=EDGE_CURVE('',#2852,#2853,#1519,.T.);
#3518=EDGE_CURVE('',#2853,#2853,#2548,.T.);
#3519=EDGE_CURVE('',#2854,#2854,#2549,.T.);
#3520=EDGE_CURVE('',#2854,#2855,#1520,.T.);
#3521=EDGE_CURVE('',#2855,#2855,#2550,.T.);
#3522=EDGE_CURVE('',#2856,#2856,#2551,.T.);
#3523=EDGE_CURVE('',#2856,#2857,#1521,.T.);
#3524=EDGE_CURVE('',#2857,#2857,#2552,.T.);
#3525=EDGE_CURVE('',#2858,#2858,#2553,.T.);
#3526=EDGE_CURVE('',#2858,#2859,#1522,.T.);
#3527=EDGE_CURVE('',#2859,#2859,#2554,.T.);
#3528=EDGE_CURVE('',#2860,#2860,#2555,.T.);
#3529=EDGE_CURVE('',#2860,#2861,#1523,.T.);
#3530=EDGE_CURVE('',#2861,#2861,#2556,.T.);
#3531=EDGE_CURVE('',#2862,#2862,#2557,.T.);
#3532=EDGE_CURVE('',#2862,#2863,#1524,.T.);
#3533=EDGE_CURVE('',#2863,#2863,#2558,.T.);
#3534=EDGE_CURVE('',#2864,#2864,#2559,.T.);
#3535=EDGE_CURVE('',#2864,#2865,#1525,.T.);
#3536=EDGE_CURVE('',#2865,#2865,#2560,.T.);
#3537=EDGE_CURVE('',#2866,#2866,#2561,.T.);
#3538=EDGE_CURVE('',#2866,#2867,#1526,.T.);
#3539=EDGE_CURVE('',#2867,#2867,#2562,.T.);
#3540=EDGE_CURVE('',#2868,#2868,#2563,.T.);
#3541=EDGE_CURVE('',#2868,#2869,#1527,.T.);
#3542=EDGE_CURVE('',#2869,#2869,#2564,.T.);
#3543=EDGE_CURVE('',#2870,#2870,#2565,.T.);
#3544=EDGE_CURVE('',#2870,#2871,#1528,.T.);
#3545=EDGE_CURVE('',#2871,#2871,#2566,.T.);
#3546=EDGE_CURVE('',#2872,#2872,#2567,.T.);
#3547=EDGE_CURVE('',#2872,#2873,#1529,.T.);
#3548=EDGE_CURVE('',#2873,#2873,#2568,.T.);
#3549=EDGE_CURVE('',#2874,#2874,#2569,.T.);
#3550=EDGE_CURVE('',#2874,#2875,#1530,.T.);
#3551=EDGE_CURVE('',#2875,#2875,#2570,.T.);
#3552=EDGE_CURVE('',#2876,#2876,#2571,.T.);
#3553=EDGE_CURVE('',#2876,#2877,#1531,.T.);
#3554=EDGE_CURVE('',#2877,#2877,#2572,.T.);
#3555=EDGE_CURVE('',#2878,#2878,#2573,.T.);
#3556=EDGE_CURVE('',#2878,#2879,#1532,.T.);
#3557=EDGE_CURVE('',#2879,#2879,#2574,.T.);
#3558=EDGE_CURVE('',#2880,#2880,#2575,.T.);
#3559=EDGE_CURVE('',#2880,#2881,#1533,.T.);
#3560=EDGE_CURVE('',#2881,#2881,#2576,.T.);
#3561=EDGE_CURVE('',#2882,#2882,#2577,.T.);
#3562=EDGE_CURVE('',#2882,#2883,#1534,.T.);
#3563=EDGE_CURVE('',#2883,#2883,#2578,.T.);
#3564=EDGE_CURVE('',#2884,#2884,#2579,.T.);
#3565=EDGE_CURVE('',#2884,#2885,#1535,.T.);
#3566=EDGE_CURVE('',#2885,#2885,#2580,.T.);
#3567=EDGE_CURVE('',#2886,#2886,#2581,.T.);
#3568=EDGE_CURVE('',#2886,#2887,#1536,.T.);
#3569=EDGE_CURVE('',#2887,#2887,#2582,.T.);
#3570=EDGE_CURVE('',#2888,#2888,#2583,.T.);
#3571=EDGE_CURVE('',#2888,#2889,#1537,.T.);
#3572=EDGE_CURVE('',#2889,#2889,#2584,.T.);
#3573=EDGE_CURVE('',#2890,#2890,#2585,.T.);
#3574=EDGE_CURVE('',#2890,#2891,#1538,.T.);
#3575=EDGE_CURVE('',#2891,#2891,#2586,.T.);
#3576=EDGE_CURVE('',#2892,#2892,#2587,.T.);
#3577=EDGE_CURVE('',#2892,#2893,#1539,.T.);
#3578=EDGE_CURVE('',#2893,#2893,#2588,.T.);
#3579=EDGE_CURVE('',#2894,#2894,#2589,.T.);
#3580=EDGE_CURVE('',#2894,#2895,#1540,.T.);
#3581=EDGE_CURVE('',#2895,#2895,#2590,.T.);
#3582=EDGE_CURVE('',#2896,#2896,#2591,.T.);
#3583=EDGE_CURVE('',#2896,#2897,#1541,.T.);
#3584=EDGE_CURVE('',#2897,#2897,#2592,.T.);
#3585=EDGE_CURVE('',#2898,#2898,#2593,.T.);
#3586=EDGE_CURVE('',#2898,#2899,#1542,.T.);
#3587=EDGE_CURVE('',#2899,#2899,#2594,.T.);
#3588=EDGE_CURVE('',#2900,#2900,#2595,.T.);
#3589=EDGE_CURVE('',#2900,#2901,#1543,.T.);
#3590=EDGE_CURVE('',#2901,#2901,#2596,.T.);
#3591=EDGE_CURVE('',#2902,#2902,#2597,.T.);
#3592=EDGE_CURVE('',#2902,#2903,#1544,.T.);
#3593=EDGE_CURVE('',#2903,#2903,#2598,.T.);
#3594=EDGE_CURVE('',#2904,#2904,#2599,.T.);
#3595=EDGE_CURVE('',#2904,#2905,#1545,.T.);
#3596=EDGE_CURVE('',#2905,#2905,#2600,.T.);
#3597=EDGE_CURVE('',#2906,#2906,#2601,.T.);
#3598=EDGE_CURVE('',#2906,#2907,#1546,.T.);
#3599=EDGE_CURVE('',#2907,#2907,#2602,.T.);
#3600=EDGE_CURVE('',#2908,#2908,#2603,.T.);
#3601=EDGE_CURVE('',#2908,#2909,#1547,.T.);
#3602=EDGE_CURVE('',#2909,#2909,#2604,.T.);
#3603=EDGE_CURVE('',#2910,#2910,#2605,.T.);
#3604=EDGE_CURVE('',#2910,#2911,#1548,.T.);
#3605=EDGE_CURVE('',#2911,#2911,#2606,.T.);
#3606=EDGE_CURVE('',#2912,#2912,#2607,.T.);
#3607=EDGE_CURVE('',#2912,#2913,#1549,.T.);
#3608=EDGE_CURVE('',#2913,#2913,#2608,.T.);
#3609=EDGE_CURVE('',#2914,#2914,#2609,.T.);
#3610=EDGE_CURVE('',#2914,#2915,#1550,.T.);
#3611=EDGE_CURVE('',#2915,#2915,#2610,.T.);
#3612=EDGE_CURVE('',#2916,#2916,#2611,.T.);
#3613=EDGE_CURVE('',#2916,#2917,#1551,.T.);
#3614=EDGE_CURVE('',#2917,#2917,#2612,.T.);
#3615=EDGE_CURVE('',#2918,#2918,#2613,.T.);
#3616=EDGE_CURVE('',#2918,#2919,#1552,.T.);
#3617=EDGE_CURVE('',#2919,#2919,#2614,.T.);
#3618=EDGE_CURVE('',#2920,#2920,#2615,.T.);
#3619=EDGE_CURVE('',#2920,#2921,#1553,.T.);
#3620=EDGE_CURVE('',#2921,#2921,#2616,.T.);
#3621=EDGE_CURVE('',#2922,#2922,#2617,.T.);
#3622=EDGE_CURVE('',#2922,#2923,#1554,.T.);
#3623=EDGE_CURVE('',#2923,#2923,#2618,.T.);
#3624=EDGE_CURVE('',#2924,#2924,#2619,.T.);
#3625=EDGE_CURVE('',#2924,#2925,#1555,.T.);
#3626=EDGE_CURVE('',#2925,#2925,#2620,.T.);
#3627=EDGE_CURVE('',#2926,#2926,#2621,.T.);
#3628=EDGE_CURVE('',#2926,#2927,#1556,.T.);
#3629=EDGE_CURVE('',#2927,#2927,#2622,.T.);
#3630=EDGE_CURVE('',#2928,#2928,#2623,.T.);
#3631=EDGE_CURVE('',#2928,#2929,#1557,.T.);
#3632=EDGE_CURVE('',#2929,#2929,#2624,.T.);
#3633=EDGE_CURVE('',#2930,#2930,#2625,.T.);
#3634=EDGE_CURVE('',#2930,#2931,#1558,.T.);
#3635=EDGE_CURVE('',#2931,#2931,#2626,.T.);
#3636=EDGE_CURVE('',#2932,#2932,#2627,.T.);
#3637=EDGE_CURVE('',#2932,#2933,#1559,.T.);
#3638=EDGE_CURVE('',#2933,#2933,#2628,.T.);
#3639=EDGE_CURVE('',#2934,#2934,#2629,.T.);
#3640=EDGE_CURVE('',#2934,#2935,#1560,.T.);
#3641=EDGE_CURVE('',#2935,#2935,#2630,.T.);
#3642=EDGE_CURVE('',#2936,#2936,#2631,.T.);
#3643=EDGE_CURVE('',#2936,#2937,#1561,.T.);
#3644=EDGE_CURVE('',#2937,#2937,#2632,.T.);
#3645=EDGE_CURVE('',#2938,#2938,#2633,.T.);
#3646=EDGE_CURVE('',#2938,#2939,#1562,.T.);
#3647=EDGE_CURVE('',#2939,#2939,#2634,.T.);
#3648=EDGE_CURVE('',#2940,#2940,#2635,.T.);
#3649=EDGE_CURVE('',#2940,#2941,#1563,.T.);
#3650=EDGE_CURVE('',#2941,#2941,#2636,.T.);
#3651=EDGE_CURVE('',#2942,#2942,#2637,.T.);
#3652=EDGE_CURVE('',#2942,#2943,#1564,.T.);
#3653=EDGE_CURVE('',#2943,#2943,#2638,.T.);
#3654=EDGE_CURVE('',#2944,#2944,#2639,.T.);
#3655=EDGE_CURVE('',#2944,#2945,#1565,.T.);
#3656=EDGE_CURVE('',#2945,#2945,#2640,.T.);
#3657=EDGE_CURVE('',#2946,#2946,#2641,.T.);
#3658=EDGE_CURVE('',#2946,#2947,#1566,.T.);
#3659=EDGE_CURVE('',#2947,#2947,#2642,.T.);
#3660=EDGE_CURVE('',#2948,#2948,#2643,.T.);
#3661=EDGE_CURVE('',#2948,#2949,#1567,.T.);
#3662=EDGE_CURVE('',#2949,#2949,#2644,.T.);
#3663=EDGE_CURVE('',#2950,#2950,#2645,.T.);
#3664=EDGE_CURVE('',#2950,#2951,#1568,.T.);
#3665=EDGE_CURVE('',#2951,#2951,#2646,.T.);
#3666=EDGE_CURVE('',#2952,#2952,#2647,.T.);
#3667=EDGE_CURVE('',#2952,#2953,#1569,.T.);
#3668=EDGE_CURVE('',#2953,#2953,#2648,.T.);
#3669=EDGE_CURVE('',#2954,#2954,#2649,.T.);
#3670=EDGE_CURVE('',#2954,#2955,#1570,.T.);
#3671=EDGE_CURVE('',#2955,#2955,#2650,.T.);
#3672=EDGE_CURVE('',#2956,#2956,#2651,.T.);
#3673=EDGE_CURVE('',#2956,#2957,#1571,.T.);
#3674=EDGE_CURVE('',#2957,#2957,#2652,.T.);
#3675=EDGE_CURVE('',#2958,#2958,#2653,.T.);
#3676=EDGE_CURVE('',#2958,#2959,#1572,.T.);
#3677=EDGE_CURVE('',#2959,#2959,#2654,.T.);
#3678=EDGE_CURVE('',#2960,#2960,#2655,.T.);
#3679=EDGE_CURVE('',#2960,#2961,#1573,.T.);
#3680=EDGE_CURVE('',#2961,#2961,#2656,.T.);
#3681=EDGE_CURVE('',#2962,#2962,#2657,.T.);
#3682=EDGE_CURVE('',#2962,#2963,#1574,.T.);
#3683=EDGE_CURVE('',#2963,#2963,#2658,.T.);
#3684=EDGE_CURVE('',#2964,#2964,#2659,.T.);
#3685=EDGE_CURVE('',#2964,#2965,#1575,.T.);
#3686=EDGE_CURVE('',#2965,#2965,#2660,.T.);
#3687=EDGE_CURVE('',#2966,#2966,#2661,.T.);
#3688=EDGE_CURVE('',#2966,#2967,#1576,.T.);
#3689=EDGE_CURVE('',#2967,#2967,#2662,.T.);
#3690=EDGE_CURVE('',#2968,#2968,#2663,.T.);
#3691=EDGE_CURVE('',#2968,#2969,#1577,.T.);
#3692=EDGE_CURVE('',#2969,#2969,#2664,.T.);
#3693=EDGE_CURVE('',#2970,#2971,#166,.T.);
#3694=EDGE_CURVE('',#2971,#2972,#167,.T.);
#3695=EDGE_CURVE('',#2972,#2973,#168,.T.);
#3696=EDGE_CURVE('',#2970,#2973,#169,.T.);
#3697=EDGE_CURVE('',#2971,#2974,#170,.T.);
#3698=EDGE_CURVE('',#2974,#2975,#171,.T.);
#3699=EDGE_CURVE('',#2975,#2972,#172,.T.);
#3700=EDGE_CURVE('',#2974,#2976,#173,.T.);
#3701=EDGE_CURVE('',#2976,#2977,#174,.T.);
#3702=EDGE_CURVE('',#2977,#2975,#175,.T.);
#3703=EDGE_CURVE('',#2976,#2978,#176,.T.);
#3704=EDGE_CURVE('',#2978,#2979,#177,.T.);
#3705=EDGE_CURVE('',#2979,#2977,#178,.T.);
#3706=EDGE_CURVE('',#2978,#2980,#179,.T.);
#3707=EDGE_CURVE('',#2980,#2981,#180,.T.);
#3708=EDGE_CURVE('',#2981,#2979,#181,.T.);
#3709=EDGE_CURVE('',#2980,#2982,#182,.T.);
#3710=EDGE_CURVE('',#2982,#2983,#183,.T.);
#3711=EDGE_CURVE('',#2983,#2981,#184,.T.);
#3712=EDGE_CURVE('',#2982,#2984,#185,.T.);
#3713=EDGE_CURVE('',#2984,#2985,#186,.T.);
#3714=EDGE_CURVE('',#2985,#2983,#187,.T.);
#3715=EDGE_CURVE('',#2984,#2986,#188,.T.);
#3716=EDGE_CURVE('',#2986,#2987,#189,.T.);
#3717=EDGE_CURVE('',#2987,#2985,#190,.T.);
#3718=EDGE_CURVE('',#2986,#2988,#191,.T.);
#3719=EDGE_CURVE('',#2988,#2989,#192,.T.);
#3720=EDGE_CURVE('',#2989,#2987,#193,.T.);
#3721=EDGE_CURVE('',#2988,#2990,#194,.T.);
#3722=EDGE_CURVE('',#2990,#2991,#195,.T.);
#3723=EDGE_CURVE('',#2991,#2989,#196,.T.);
#3724=EDGE_CURVE('',#2990,#2992,#197,.T.);
#3725=EDGE_CURVE('',#2992,#2993,#198,.T.);
#3726=EDGE_CURVE('',#2993,#2991,#199,.T.);
#3727=EDGE_CURVE('',#2992,#2994,#200,.T.);
#3728=EDGE_CURVE('',#2994,#2995,#201,.T.);
#3729=EDGE_CURVE('',#2995,#2993,#202,.T.);
#3730=EDGE_CURVE('',#2996,#2997,#203,.T.);
#3731=EDGE_CURVE('',#2997,#2998,#204,.T.);
#3732=EDGE_CURVE('',#2998,#2999,#205,.T.);
#3733=EDGE_CURVE('',#2999,#2996,#206,.T.);
#3734=EDGE_CURVE('',#3000,#2999,#207,.T.);
#3735=EDGE_CURVE('',#2998,#3001,#208,.T.);
#3736=EDGE_CURVE('',#3001,#3000,#209,.T.);
#3737=EDGE_CURVE('',#3002,#3000,#210,.T.);
#3738=EDGE_CURVE('',#3001,#3003,#211,.T.);
#3739=EDGE_CURVE('',#3003,#3002,#212,.T.);
#3740=EDGE_CURVE('',#2994,#2997,#213,.T.);
#3741=EDGE_CURVE('',#2996,#2995,#214,.T.);
#3742=EDGE_CURVE('',#3004,#3002,#215,.T.);
#3743=EDGE_CURVE('',#3003,#3005,#216,.T.);
#3744=EDGE_CURVE('',#3005,#3004,#217,.T.);
#3745=EDGE_CURVE('',#3006,#3004,#218,.T.);
#3746=EDGE_CURVE('',#3005,#3007,#219,.T.);
#3747=EDGE_CURVE('',#3007,#3006,#220,.T.);
#3748=EDGE_CURVE('',#3008,#3006,#221,.T.);
#3749=EDGE_CURVE('',#3007,#3009,#222,.T.);
#3750=EDGE_CURVE('',#3009,#3008,#223,.T.);
#3751=EDGE_CURVE('',#3010,#3008,#224,.T.);
#3752=EDGE_CURVE('',#3009,#3011,#225,.T.);
#3753=EDGE_CURVE('',#3011,#3010,#226,.T.);
#3754=EDGE_CURVE('',#3012,#3010,#227,.T.);
#3755=EDGE_CURVE('',#3011,#3013,#228,.T.);
#3756=EDGE_CURVE('',#3013,#3012,#229,.T.);
#3757=EDGE_CURVE('',#3014,#3012,#230,.T.);
#3758=EDGE_CURVE('',#3013,#3015,#231,.T.);
#3759=EDGE_CURVE('',#3015,#3014,#232,.T.);
#3760=EDGE_CURVE('',#3016,#3014,#233,.T.);
#3761=EDGE_CURVE('',#3015,#3017,#234,.T.);
#3762=EDGE_CURVE('',#3017,#3016,#235,.T.);
#3763=EDGE_CURVE('',#3018,#3016,#236,.T.);
#3764=EDGE_CURVE('',#3017,#3019,#237,.T.);
#3765=EDGE_CURVE('',#3019,#3018,#238,.T.);
#3766=EDGE_CURVE('',#3020,#3018,#239,.T.);
#3767=EDGE_CURVE('',#3019,#3021,#240,.T.);
#3768=EDGE_CURVE('',#3021,#3020,#241,.T.);
#3769=EDGE_CURVE('',#3022,#3020,#242,.T.);
#3770=EDGE_CURVE('',#3021,#3023,#243,.T.);
#3771=EDGE_CURVE('',#3023,#3022,#244,.T.);
#3772=EDGE_CURVE('',#3024,#3022,#245,.T.);
#3773=EDGE_CURVE('',#3023,#3025,#246,.T.);
#3774=EDGE_CURVE('',#3025,#3024,#247,.T.);
#3775=EDGE_CURVE('',#3026,#3024,#248,.T.);
#3776=EDGE_CURVE('',#3025,#3027,#249,.T.);
#3777=EDGE_CURVE('',#3027,#3026,#250,.T.);
#3778=EDGE_CURVE('',#3028,#3026,#251,.T.);
#3779=EDGE_CURVE('',#3027,#3029,#252,.T.);
#3780=EDGE_CURVE('',#3029,#3028,#253,.T.);
#3781=EDGE_CURVE('',#2973,#3028,#254,.T.);
#3782=EDGE_CURVE('',#3029,#2970,#255,.T.);
#3783=EDGE_CURVE('',#3025,#3030,#1578,.T.);
#3784=EDGE_CURVE('',#3031,#3030,#1579,.T.);
#3785=EDGE_CURVE('',#3027,#3031,#1580,.T.);
#3786=EDGE_CURVE('',#3023,#3032,#1581,.T.);
#3787=EDGE_CURVE('',#3030,#3032,#1582,.T.);
#3788=EDGE_CURVE('',#3021,#3033,#1583,.T.);
#3789=EDGE_CURVE('',#3032,#3033,#1584,.T.);
#3790=EDGE_CURVE('',#3019,#3034,#1585,.T.);
#3791=EDGE_CURVE('',#3033,#3034,#1586,.T.);
#3792=EDGE_CURVE('',#3017,#3035,#1587,.T.);
#3793=EDGE_CURVE('',#3034,#3035,#1588,.T.);
#3794=EDGE_CURVE('',#3015,#3036,#1589,.T.);
#3795=EDGE_CURVE('',#3035,#3036,#1590,.T.);
#3796=EDGE_CURVE('',#3013,#3037,#1591,.T.);
#3797=EDGE_CURVE('',#3036,#3037,#1592,.T.);
#3798=EDGE_CURVE('',#3011,#3038,#1593,.T.);
#3799=EDGE_CURVE('',#3037,#3038,#1594,.T.);
#3800=EDGE_CURVE('',#3009,#3039,#1595,.T.);
#3801=EDGE_CURVE('',#3038,#3039,#1596,.T.);
#3802=EDGE_CURVE('',#3007,#3040,#1597,.T.);
#3803=EDGE_CURVE('',#3039,#3040,#1598,.T.);
#3804=EDGE_CURVE('',#3005,#3041,#1599,.T.);
#3805=EDGE_CURVE('',#3040,#3041,#1600,.T.);
#3806=EDGE_CURVE('',#3003,#3042,#1601,.T.);
#3807=EDGE_CURVE('',#3041,#3042,#1602,.T.);
#3808=EDGE_CURVE('',#3001,#3043,#1603,.T.);
#3809=EDGE_CURVE('',#3042,#3043,#1604,.T.);
#3810=EDGE_CURVE('',#2998,#3044,#1605,.T.);
#3811=EDGE_CURVE('',#3043,#3044,#1606,.T.);
#3812=EDGE_CURVE('',#3045,#2997,#1607,.T.);
#3813=EDGE_CURVE('',#3044,#3045,#1608,.T.);
#3814=EDGE_CURVE('',#3046,#3046,#2665,.T.);
#3815=EDGE_CURVE('',#3047,#3048,#1609,.T.);
#3816=EDGE_CURVE('',#3048,#3049,#15,.T.);
#3817=EDGE_CURVE('',#3049,#3050,#1610,.T.);
#3818=EDGE_CURVE('',#3047,#3050,#16,.T.);
#3819=EDGE_CURVE('',#3048,#3051,#1611,.T.);
#3820=EDGE_CURVE('',#3051,#3052,#17,.T.);
#3821=EDGE_CURVE('',#3052,#3049,#1612,.T.);
#3822=EDGE_CURVE('',#3051,#3053,#1613,.T.);
#3823=EDGE_CURVE('',#3053,#3054,#18,.T.);
#3824=EDGE_CURVE('',#3054,#3052,#1614,.T.);
#3825=EDGE_CURVE('',#3053,#3055,#1615,.T.);
#3826=EDGE_CURVE('',#3055,#3056,#19,.T.);
#3827=EDGE_CURVE('',#3056,#3054,#1616,.T.);
#3828=EDGE_CURVE('',#3055,#3057,#1617,.T.);
#3829=EDGE_CURVE('',#3057,#3058,#20,.T.);
#3830=EDGE_CURVE('',#3058,#3056,#1618,.T.);
#3831=EDGE_CURVE('',#3057,#3059,#1619,.T.);
#3832=EDGE_CURVE('',#3059,#3060,#21,.T.);
#3833=EDGE_CURVE('',#3060,#3058,#1620,.T.);
#3834=EDGE_CURVE('',#3059,#3061,#1621,.T.);
#3835=EDGE_CURVE('',#3061,#3062,#22,.T.);
#3836=EDGE_CURVE('',#3062,#3060,#1622,.T.);
#3837=EDGE_CURVE('',#3045,#3063,#256,.T.);
#3838=EDGE_CURVE('',#3063,#3064,#1623,.T.);
#3839=EDGE_CURVE('',#3064,#3044,#23,.T.);
#3840=EDGE_CURVE('',#3064,#3065,#1624,.T.);
#3841=EDGE_CURVE('',#3065,#3043,#24,.T.);
#3842=EDGE_CURVE('',#3065,#3066,#1625,.T.);
#3843=EDGE_CURVE('',#3066,#3042,#25,.T.);
#3844=EDGE_CURVE('',#3066,#3067,#1626,.T.);
#3845=EDGE_CURVE('',#3067,#3041,#26,.T.);
#3846=EDGE_CURVE('',#3067,#3068,#1627,.T.);
#3847=EDGE_CURVE('',#3068,#3040,#27,.T.);
#3848=EDGE_CURVE('',#3068,#3069,#1628,.T.);
#3849=EDGE_CURVE('',#3069,#3039,#28,.T.);
#3850=EDGE_CURVE('',#3069,#3070,#1629,.T.);
#3851=EDGE_CURVE('',#3070,#3038,#29,.T.);
#3852=EDGE_CURVE('',#3070,#3071,#1630,.T.);
#3853=EDGE_CURVE('',#3071,#3037,#30,.T.);
#3854=EDGE_CURVE('',#3071,#3072,#1631,.T.);
#3855=EDGE_CURVE('',#3072,#3036,#31,.T.);
#3856=EDGE_CURVE('',#3072,#3073,#1632,.T.);
#3857=EDGE_CURVE('',#3073,#3035,#32,.T.);
#3858=EDGE_CURVE('',#3073,#3074,#1633,.T.);
#3859=EDGE_CURVE('',#3074,#3034,#33,.T.);
#3860=EDGE_CURVE('',#3074,#3075,#1634,.T.);
#3861=EDGE_CURVE('',#3075,#3033,#34,.T.);
#3862=EDGE_CURVE('',#3075,#3076,#1635,.T.);
#3863=EDGE_CURVE('',#3076,#3032,#35,.T.);
#3864=EDGE_CURVE('',#3076,#3077,#1636,.T.);
#3865=EDGE_CURVE('',#3077,#3030,#36,.T.);
#3866=EDGE_CURVE('',#3077,#3078,#1637,.T.);
#3867=EDGE_CURVE('',#3078,#3031,#37,.T.);
#3868=EDGE_CURVE('',#3079,#3080,#2666,.T.);
#3869=EDGE_CURVE('',#3080,#3063,#1638,.T.);
#3870=EDGE_CURVE('',#3045,#3079,#1639,.T.);
#3871=EDGE_CURVE('',#3061,#3080,#1640,.T.);
#3872=EDGE_CURVE('',#3079,#3062,#1641,.T.);
#3873=EDGE_CURVE('',#3081,#3031,#1642,.T.);
#3874=EDGE_CURVE('',#3078,#3082,#1643,.T.);
#3875=EDGE_CURVE('',#3082,#3081,#38,.T.);
#3876=EDGE_CURVE('',#3083,#3081,#1644,.T.);
#3877=EDGE_CURVE('',#3082,#3084,#1645,.T.);
#3878=EDGE_CURVE('',#3084,#3083,#39,.T.);
#3879=EDGE_CURVE('',#3085,#3083,#1646,.T.);
#3880=EDGE_CURVE('',#3084,#3086,#1647,.T.);
#3881=EDGE_CURVE('',#3086,#3085,#40,.T.);
#3882=EDGE_CURVE('',#3087,#3085,#1648,.T.);
#3883=EDGE_CURVE('',#3086,#3088,#1649,.T.);
#3884=EDGE_CURVE('',#3088,#3087,#41,.T.);
#3885=EDGE_CURVE('',#3089,#3087,#1650,.T.);
#3886=EDGE_CURVE('',#3088,#3090,#1651,.T.);
#3887=EDGE_CURVE('',#3090,#3089,#42,.T.);
#3888=EDGE_CURVE('',#3050,#3089,#1652,.T.);
#3889=EDGE_CURVE('',#3090,#3047,#1653,.T.);
#3890=EDGE_CURVE('',#3029,#3081,#1654,.T.);
#3891=EDGE_CURVE('',#2970,#3083,#1655,.T.);
#3892=EDGE_CURVE('',#2971,#3085,#1656,.T.);
#3893=EDGE_CURVE('',#2974,#3087,#1657,.T.);
#3894=EDGE_CURVE('',#2976,#3089,#1658,.T.);
#3895=EDGE_CURVE('',#2978,#3050,#1659,.T.);
#3896=EDGE_CURVE('',#2980,#3049,#1660,.T.);
#3897=EDGE_CURVE('',#2982,#3052,#1661,.T.);
#3898=EDGE_CURVE('',#2984,#3054,#1662,.T.);
#3899=EDGE_CURVE('',#2986,#3056,#1663,.T.);
#3900=EDGE_CURVE('',#2988,#3058,#1664,.T.);
#3901=EDGE_CURVE('',#2990,#3060,#1665,.T.);
#3902=EDGE_CURVE('',#2992,#3062,#1666,.T.);
#3903=EDGE_CURVE('',#2994,#3079,#1667,.T.);
#3904=EDGE_CURVE('',#3091,#3092,#1668,.T.);
#3905=EDGE_CURVE('',#3092,#3093,#1669,.T.);
#3906=EDGE_CURVE('',#3093,#3094,#1670,.T.);
#3907=EDGE_CURVE('',#3094,#3095,#1671,.T.);
#3908=EDGE_CURVE('',#3095,#3096,#1672,.T.);
#3909=EDGE_CURVE('',#3096,#3097,#1673,.T.);
#3910=EDGE_CURVE('',#3097,#3098,#1674,.T.);
#3911=EDGE_CURVE('',#3098,#3099,#1675,.T.);
#3912=EDGE_CURVE('',#3099,#3100,#1676,.T.);
#3913=EDGE_CURVE('',#3100,#3101,#1677,.T.);
#3914=EDGE_CURVE('',#3101,#3102,#1678,.T.);
#3915=EDGE_CURVE('',#3102,#3103,#1679,.T.);
#3916=EDGE_CURVE('',#3103,#3104,#1680,.T.);
#3917=EDGE_CURVE('',#3104,#3105,#1681,.T.);
#3918=EDGE_CURVE('',#3105,#3106,#1682,.T.);
#3919=EDGE_CURVE('',#3106,#3107,#1683,.T.);
#3920=EDGE_CURVE('',#3107,#3108,#1684,.T.);
#3921=EDGE_CURVE('',#3108,#3109,#1685,.T.);
#3922=EDGE_CURVE('',#3109,#3110,#1686,.T.);
#3923=EDGE_CURVE('',#3110,#3111,#1687,.T.);
#3924=EDGE_CURVE('',#3111,#3112,#1688,.T.);
#3925=EDGE_CURVE('',#3112,#3113,#1689,.T.);
#3926=EDGE_CURVE('',#3113,#3114,#1690,.T.);
#3927=EDGE_CURVE('',#3114,#3115,#1691,.T.);
#3928=EDGE_CURVE('',#3115,#3116,#1692,.T.);
#3929=EDGE_CURVE('',#3116,#3117,#1693,.T.);
#3930=EDGE_CURVE('',#3117,#3118,#1694,.T.);
#3931=EDGE_CURVE('',#3118,#3119,#1695,.T.);
#3932=EDGE_CURVE('',#3119,#3120,#1696,.T.);
#3933=EDGE_CURVE('',#3120,#3091,#1697,.T.);
#3934=EDGE_CURVE('',#3121,#3122,#1698,.T.);
#3935=EDGE_CURVE('',#3123,#3122,#1699,.T.);
#3936=EDGE_CURVE('',#3124,#3123,#1700,.T.);
#3937=EDGE_CURVE('',#3121,#3124,#1701,.T.);
#3938=EDGE_CURVE('',#3125,#3126,#1702,.T.);
#3939=EDGE_CURVE('',#3124,#3125,#1703,.T.);
#3940=EDGE_CURVE('',#3127,#3123,#1704,.T.);
#3941=EDGE_CURVE('',#3128,#3127,#1705,.T.);
#3942=EDGE_CURVE('',#3126,#3128,#1706,.T.);
#3943=EDGE_CURVE('',#3129,#3122,#1707,.T.);
#3944=EDGE_CURVE('',#3130,#3129,#1708,.T.);
#3945=EDGE_CURVE('',#3130,#3131,#1709,.T.);
#3946=EDGE_CURVE('',#3131,#3127,#1710,.T.);
#3947=EDGE_CURVE('',#3132,#3125,#1711,.T.);
#3948=EDGE_CURVE('',#3132,#3133,#1712,.T.);
#3949=EDGE_CURVE('',#3133,#3134,#1713,.T.);
#3950=EDGE_CURVE('',#3121,#3134,#1714,.T.);
#3951=EDGE_CURVE('',#3135,#3136,#1715,.T.);
#3952=EDGE_CURVE('',#3136,#3137,#1716,.T.);
#3953=EDGE_CURVE('',#3138,#3137,#1717,.T.);
#3954=EDGE_CURVE('',#3135,#3138,#1718,.T.);
#3955=EDGE_CURVE('',#3139,#3136,#1719,.T.);
#3956=EDGE_CURVE('',#3139,#3140,#1720,.T.);
#3957=EDGE_CURVE('',#3137,#3140,#1721,.T.);
#3958=EDGE_CURVE('',#3139,#3141,#1722,.T.);
#3959=EDGE_CURVE('',#3142,#3141,#1723,.T.);
#3960=EDGE_CURVE('',#3140,#3142,#1724,.T.);
#3961=EDGE_CURVE('',#3143,#3142,#1725,.T.);
#3962=EDGE_CURVE('',#3144,#3143,#1726,.T.);
#3963=EDGE_CURVE('',#3145,#3144,#1727,.T.);
#3964=EDGE_CURVE('',#3146,#3145,#1728,.T.);
#3965=EDGE_CURVE('',#3147,#3146,#1729,.T.);
#3966=EDGE_CURVE('',#3138,#3147,#1730,.T.);
#3967=EDGE_CURVE('',#3148,#3146,#1731,.T.);
#3968=EDGE_CURVE('',#3148,#3149,#1732,.T.);
#3969=EDGE_CURVE('',#3149,#3147,#1733,.T.);
#3970=EDGE_CURVE('',#3150,#3145,#1734,.T.);
#3971=EDGE_CURVE('',#3150,#3148,#1735,.T.);
#3972=EDGE_CURVE('',#3151,#3144,#1736,.T.);
#3973=EDGE_CURVE('',#3151,#3150,#1737,.T.);
#3974=EDGE_CURVE('',#3152,#3143,#1738,.T.);
#3975=EDGE_CURVE('',#3152,#3151,#1739,.T.);
#3976=EDGE_CURVE('',#3153,#3141,#1740,.T.);
#3977=EDGE_CURVE('',#3154,#3153,#1741,.T.);
#3978=EDGE_CURVE('',#3154,#3152,#1742,.T.);
#3979=EDGE_CURVE('',#3155,#3156,#1743,.T.);
#3980=EDGE_CURVE('',#3157,#3155,#1744,.T.);
#3981=EDGE_CURVE('',#3157,#3158,#1745,.T.);
#3982=EDGE_CURVE('',#3158,#3156,#1746,.T.);
#3983=EDGE_CURVE('',#3159,#3155,#1747,.T.);
#3984=EDGE_CURVE('',#3160,#3159,#1748,.T.);
#3985=EDGE_CURVE('',#3160,#3157,#1749,.T.);
#3986=EDGE_CURVE('',#3161,#3159,#1750,.T.);
#3987=EDGE_CURVE('',#3162,#3161,#1751,.T.);
#3988=EDGE_CURVE('',#3162,#3160,#1752,.T.);
#3989=EDGE_CURVE('',#3163,#3161,#1753,.T.);
#3990=EDGE_CURVE('',#3164,#3163,#1754,.T.);
#3991=EDGE_CURVE('',#3164,#3162,#1755,.T.);
#3992=EDGE_CURVE('',#3165,#3163,#1756,.T.);
#3993=EDGE_CURVE('',#3166,#3165,#1757,.T.);
#3994=EDGE_CURVE('',#3166,#3164,#1758,.T.);
#3995=EDGE_CURVE('',#3167,#3165,#1759,.T.);
#3996=EDGE_CURVE('',#3168,#3167,#1760,.T.);
#3997=EDGE_CURVE('',#3168,#3166,#1761,.T.);
#3998=EDGE_CURVE('',#3134,#3167,#1762,.T.);
#3999=EDGE_CURVE('',#3133,#3168,#1763,.T.);
#4000=EDGE_CURVE('',#3169,#3170,#1764,.T.);
#4001=EDGE_CURVE('',#3171,#3169,#1765,.T.);
#4002=EDGE_CURVE('',#3171,#3172,#1766,.T.);
#4003=EDGE_CURVE('',#3172,#3170,#1767,.T.);
#4004=EDGE_CURVE('',#3173,#3169,#1768,.T.);
#4005=EDGE_CURVE('',#3174,#3173,#1769,.T.);
#4006=EDGE_CURVE('',#3174,#3171,#1770,.T.);
#4007=EDGE_CURVE('',#3175,#3173,#1771,.T.);
#4008=EDGE_CURVE('',#3176,#3175,#1772,.T.);
#4009=EDGE_CURVE('',#3176,#3174,#1773,.T.);
#4010=EDGE_CURVE('',#3177,#3175,#1774,.T.);
#4011=EDGE_CURVE('',#3178,#3177,#1775,.T.);
#4012=EDGE_CURVE('',#3178,#3176,#1776,.T.);
#4013=EDGE_CURVE('',#3149,#3178,#1777,.T.);
#4014=EDGE_CURVE('',#3135,#3177,#1778,.T.);
#4015=EDGE_CURVE('',#3179,#3153,#1779,.T.);
#4016=EDGE_CURVE('',#3180,#3179,#1780,.T.);
#4017=EDGE_CURVE('',#3180,#3154,#1781,.T.);
#4018=EDGE_CURVE('',#3156,#3179,#1782,.T.);
#4019=EDGE_CURVE('',#3158,#3180,#1783,.T.);
#4020=EDGE_CURVE('',#3181,#3126,#1784,.T.);
#4021=EDGE_CURVE('',#3181,#3132,#1785,.T.);
#4022=EDGE_CURVE('',#3182,#3128,#1786,.T.);
#4023=EDGE_CURVE('',#3182,#3181,#1787,.T.);
#4024=EDGE_CURVE('',#3131,#3182,#1788,.T.);
#4025=EDGE_CURVE('',#3183,#3129,#1789,.T.);
#4026=EDGE_CURVE('',#3184,#3183,#1790,.T.);
#4027=EDGE_CURVE('',#3184,#3130,#1791,.T.);
#4028=EDGE_CURVE('',#3185,#3183,#1792,.T.);
#4029=EDGE_CURVE('',#3186,#3185,#1793,.T.);
#4030=EDGE_CURVE('',#3186,#3184,#1794,.T.);
#4031=EDGE_CURVE('',#3187,#3185,#1795,.T.);
#4032=EDGE_CURVE('',#3188,#3187,#1796,.T.);
#4033=EDGE_CURVE('',#3188,#3186,#1797,.T.);
#4034=EDGE_CURVE('',#3189,#3187,#1798,.T.);
#4035=EDGE_CURVE('',#3190,#3189,#1799,.T.);
#4036=EDGE_CURVE('',#3190,#3188,#1800,.T.);
#4037=EDGE_CURVE('',#3170,#3189,#1801,.T.);
#4038=EDGE_CURVE('',#3172,#3190,#1802,.T.);
#4039=EDGE_CURVE('',#3191,#3192,#1803,.T.);
#4040=EDGE_CURVE('',#3193,#3191,#1804,.T.);
#4041=EDGE_CURVE('',#3194,#3193,#1805,.T.);
#4042=EDGE_CURVE('',#3195,#3194,#1806,.T.);
#4043=EDGE_CURVE('',#3196,#3195,#1807,.T.);
#4044=EDGE_CURVE('',#3197,#3196,#1808,.T.);
#4045=EDGE_CURVE('',#3198,#3197,#1809,.T.);
#4046=EDGE_CURVE('',#3199,#3198,#1810,.T.);
#4047=EDGE_CURVE('',#3200,#3199,#1811,.T.);
#4048=EDGE_CURVE('',#3201,#3200,#1812,.T.);
#4049=EDGE_CURVE('',#3202,#3201,#1813,.T.);
#4050=EDGE_CURVE('',#3203,#3202,#1814,.T.);
#4051=EDGE_CURVE('',#3204,#3203,#1815,.T.);
#4052=EDGE_CURVE('',#3205,#3204,#1816,.T.);
#4053=EDGE_CURVE('',#3206,#3205,#1817,.T.);
#4054=EDGE_CURVE('',#3207,#3206,#1818,.T.);
#4055=EDGE_CURVE('',#3208,#3207,#1819,.T.);
#4056=EDGE_CURVE('',#3209,#3208,#1820,.T.);
#4057=EDGE_CURVE('',#3210,#3209,#1821,.T.);
#4058=EDGE_CURVE('',#3211,#3210,#1822,.T.);
#4059=EDGE_CURVE('',#3212,#3211,#1823,.T.);
#4060=EDGE_CURVE('',#3213,#3212,#1824,.T.);
#4061=EDGE_CURVE('',#3214,#3213,#1825,.T.);
#4062=EDGE_CURVE('',#3215,#3214,#1826,.T.);
#4063=EDGE_CURVE('',#3216,#3215,#1827,.T.);
#4064=EDGE_CURVE('',#3217,#3216,#1828,.T.);
#4065=EDGE_CURVE('',#3218,#3217,#1829,.T.);
#4066=EDGE_CURVE('',#3219,#3218,#1830,.T.);
#4067=EDGE_CURVE('',#3220,#3219,#1831,.T.);
#4068=EDGE_CURVE('',#3192,#3220,#1832,.T.);
#4069=EDGE_CURVE('',#3221,#3222,#1833,.T.);
#4070=EDGE_CURVE('',#3222,#3223,#1834,.T.);
#4071=EDGE_CURVE('',#3223,#3224,#1835,.T.);
#4072=EDGE_CURVE('',#3224,#3221,#1836,.T.);
#4073=EDGE_CURVE('',#3225,#3226,#1837,.T.);
#4074=EDGE_CURVE('',#3226,#3221,#1838,.T.);
#4075=EDGE_CURVE('',#3225,#3224,#1839,.T.);
#4076=EDGE_CURVE('',#3227,#3225,#1840,.T.);
#4077=EDGE_CURVE('',#3227,#3223,#1841,.T.);
#4078=EDGE_CURVE('',#3228,#3227,#1842,.T.);
#4079=EDGE_CURVE('',#3228,#3222,#1843,.T.);
#4080=EDGE_CURVE('',#3226,#3228,#1844,.T.);
#4081=EDGE_CURVE('',#3229,#3205,#1845,.T.);
#4082=EDGE_CURVE('',#3230,#3229,#1846,.T.);
#4083=EDGE_CURVE('',#3230,#3206,#1847,.T.);
#4084=EDGE_CURVE('',#3231,#3204,#1848,.T.);
#4085=EDGE_CURVE('',#3229,#3231,#1849,.T.);
#4086=EDGE_CURVE('',#3232,#3203,#1850,.T.);
#4087=EDGE_CURVE('',#3231,#3232,#1851,.T.);
#4088=EDGE_CURVE('',#3233,#3202,#1852,.T.);
#4089=EDGE_CURVE('',#3232,#3233,#1853,.T.);
#4090=EDGE_CURVE('',#3234,#3201,#1854,.T.);
#4091=EDGE_CURVE('',#3233,#3234,#1855,.T.);
#4092=EDGE_CURVE('',#3235,#3200,#1856,.T.);
#4093=EDGE_CURVE('',#3234,#3235,#1857,.T.);
#4094=EDGE_CURVE('',#3236,#3199,#1858,.T.);
#4095=EDGE_CURVE('',#3235,#3236,#1859,.T.);
#4096=EDGE_CURVE('',#3237,#3198,#1860,.T.);
#4097=EDGE_CURVE('',#3236,#3237,#1861,.T.);
#4098=EDGE_CURVE('',#3238,#3197,#1862,.T.);
#4099=EDGE_CURVE('',#3237,#3238,#1863,.T.);
#4100=EDGE_CURVE('',#3239,#3196,#1864,.T.);
#4101=EDGE_CURVE('',#3238,#3239,#1865,.T.);
#4102=EDGE_CURVE('',#3240,#3195,#1866,.T.);
#4103=EDGE_CURVE('',#3239,#3240,#1867,.T.);
#4104=EDGE_CURVE('',#3241,#3194,#1868,.T.);
#4105=EDGE_CURVE('',#3240,#3241,#1869,.T.);
#4106=EDGE_CURVE('',#3242,#3193,#1870,.T.);
#4107=EDGE_CURVE('',#3241,#3242,#1871,.T.);
#4108=EDGE_CURVE('',#3243,#3191,#1872,.T.);
#4109=EDGE_CURVE('',#3242,#3243,#1873,.T.);
#4110=EDGE_CURVE('',#3192,#3244,#1874,.T.);
#4111=EDGE_CURVE('',#3243,#3244,#1875,.T.);
#4112=EDGE_CURVE('',#3245,#3220,#1876,.T.);
#4113=EDGE_CURVE('',#3244,#3245,#1877,.T.);
#4114=EDGE_CURVE('',#3246,#3219,#1878,.T.);
#4115=EDGE_CURVE('',#3245,#3246,#1879,.T.);
#4116=EDGE_CURVE('',#3247,#3218,#1880,.T.);
#4117=EDGE_CURVE('',#3246,#3247,#1881,.T.);
#4118=EDGE_CURVE('',#3248,#3217,#1882,.T.);
#4119=EDGE_CURVE('',#3247,#3248,#1883,.T.);
#4120=EDGE_CURVE('',#3249,#3216,#1884,.T.);
#4121=EDGE_CURVE('',#3248,#3249,#1885,.T.);
#4122=EDGE_CURVE('',#3250,#3215,#1886,.T.);
#4123=EDGE_CURVE('',#3249,#3250,#1887,.T.);
#4124=EDGE_CURVE('',#3251,#3214,#1888,.T.);
#4125=EDGE_CURVE('',#3250,#3251,#1889,.T.);
#4126=EDGE_CURVE('',#3252,#3213,#1890,.T.);
#4127=EDGE_CURVE('',#3251,#3252,#1891,.T.);
#4128=EDGE_CURVE('',#3253,#3212,#1892,.T.);
#4129=EDGE_CURVE('',#3252,#3253,#1893,.T.);
#4130=EDGE_CURVE('',#3254,#3211,#1894,.T.);
#4131=EDGE_CURVE('',#3253,#3254,#1895,.T.);
#4132=EDGE_CURVE('',#3255,#3210,#1896,.T.);
#4133=EDGE_CURVE('',#3254,#3255,#1897,.T.);
#4134=EDGE_CURVE('',#3256,#3209,#1898,.T.);
#4135=EDGE_CURVE('',#3255,#3256,#1899,.T.);
#4136=EDGE_CURVE('',#3257,#3208,#1900,.T.);
#4137=EDGE_CURVE('',#3256,#3257,#1901,.T.);
#4138=EDGE_CURVE('',#3258,#3207,#1902,.T.);
#4139=EDGE_CURVE('',#3257,#3258,#1903,.T.);
#4140=EDGE_CURVE('',#3258,#3230,#1904,.T.);
#4141=EDGE_CURVE('',#2707,#2720,#2667,.T.);
#4142=EDGE_CURVE('',#2736,#2708,#2668,.T.);
#4143=EDGE_CURVE('',#2735,#3046,#1905,.T.);
#4144=EDGE_CURVE('',#2752,#2737,#2669,.T.);
#4145=EDGE_CURVE('',#2768,#2753,#2670,.T.);
#4146=EDGE_CURVE('',#2784,#2769,#2671,.T.);
#4147=EDGE_CURVE('',#2816,#2785,#2672,.T.);
#4148=EDGE_CURVE('',#2800,#2817,#2673,.T.);
#4149=EDGE_CURVE('',#2719,#2801,#2674,.T.);
#4150=ORIENTED_EDGE('',*,*,#3259,.T.);
#4151=ORIENTED_EDGE('',*,*,#3260,.T.);
#4152=ORIENTED_EDGE('',*,*,#3261,.T.);
#4153=ORIENTED_EDGE('',*,*,#3262,.T.);
#4154=ORIENTED_EDGE('',*,*,#3260,.F.);
#4155=ORIENTED_EDGE('',*,*,#3263,.F.);
#4156=ORIENTED_EDGE('',*,*,#3264,.F.);
#4157=ORIENTED_EDGE('',*,*,#3265,.F.);
#4158=ORIENTED_EDGE('',*,*,#3259,.F.);
#4159=ORIENTED_EDGE('',*,*,#3266,.T.);
#4160=ORIENTED_EDGE('',*,*,#3267,.T.);
#4161=ORIENTED_EDGE('',*,*,#3268,.T.);
#4162=ORIENTED_EDGE('',*,*,#3269,.F.);
#4163=ORIENTED_EDGE('',*,*,#3270,.F.);
#4164=ORIENTED_EDGE('',*,*,#3263,.T.);
#4165=ORIENTED_EDGE('',*,*,#3271,.F.);
#4166=ORIENTED_EDGE('',*,*,#3268,.F.);
#4167=ORIENTED_EDGE('',*,*,#3272,.T.);
#4168=ORIENTED_EDGE('',*,*,#3273,.F.);
#4169=ORIENTED_EDGE('',*,*,#3262,.F.);
#4170=ORIENTED_EDGE('',*,*,#3274,.F.);
#4171=ORIENTED_EDGE('',*,*,#3275,.F.);
#4172=ORIENTED_EDGE('',*,*,#3266,.F.);
#4173=ORIENTED_EDGE('',*,*,#3275,.T.);
#4174=ORIENTED_EDGE('',*,*,#3276,.F.);
#4175=ORIENTED_EDGE('',*,*,#3272,.F.);
#4176=ORIENTED_EDGE('',*,*,#3267,.F.);
#4177=ORIENTED_EDGE('',*,*,#3261,.F.);
#4178=ORIENTED_EDGE('',*,*,#3265,.T.);
#4179=ORIENTED_EDGE('',*,*,#3277,.F.);
#4180=ORIENTED_EDGE('',*,*,#3278,.F.);
#4181=ORIENTED_EDGE('',*,*,#3273,.T.);
#4182=ORIENTED_EDGE('',*,*,#3276,.T.);
#4183=ORIENTED_EDGE('',*,*,#3274,.T.);
#4184=ORIENTED_EDGE('',*,*,#3277,.T.);
#4185=ORIENTED_EDGE('',*,*,#3264,.T.);
#4186=ORIENTED_EDGE('',*,*,#3270,.T.);
#4187=ORIENTED_EDGE('',*,*,#3279,.T.);
#4188=ORIENTED_EDGE('',*,*,#3280,.T.);
#4189=ORIENTED_EDGE('',*,*,#3281,.T.);
#4190=ORIENTED_EDGE('',*,*,#3282,.T.);
#4191=ORIENTED_EDGE('',*,*,#3283,.T.);
#4192=ORIENTED_EDGE('',*,*,#3284,.T.);
#4193=ORIENTED_EDGE('',*,*,#3285,.T.);
#4194=ORIENTED_EDGE('',*,*,#3286,.T.);
#4195=ORIENTED_EDGE('',*,*,#3287,.F.);
#4196=ORIENTED_EDGE('',*,*,#3288,.T.);
#4197=ORIENTED_EDGE('',*,*,#3289,.T.);
#4198=ORIENTED_EDGE('',*,*,#3290,.T.);
#4199=ORIENTED_EDGE('',*,*,#3287,.T.);
#4200=ORIENTED_EDGE('',*,*,#3289,.F.);
#4201=ORIENTED_EDGE('',*,*,#3291,.F.);
#4202=ORIENTED_EDGE('',*,*,#3292,.F.);
#4203=ORIENTED_EDGE('',*,*,#3293,.T.);
#4204=ORIENTED_EDGE('',*,*,#3292,.T.);
#4205=ORIENTED_EDGE('',*,*,#3294,.F.);
#4206=ORIENTED_EDGE('',*,*,#3295,.F.);
#4207=ORIENTED_EDGE('',*,*,#3296,.T.);
#4208=ORIENTED_EDGE('',*,*,#3297,.T.);
#4209=ORIENTED_EDGE('',*,*,#3298,.T.);
#4210=ORIENTED_EDGE('',*,*,#3299,.T.);
#4211=ORIENTED_EDGE('',*,*,#3300,.T.);
#4212=ORIENTED_EDGE('',*,*,#3298,.F.);
#4213=ORIENTED_EDGE('',*,*,#3301,.T.);
#4214=ORIENTED_EDGE('',*,*,#3285,.F.);
#4215=ORIENTED_EDGE('',*,*,#3302,.T.);
#4216=ORIENTED_EDGE('',*,*,#3297,.F.);
#4217=ORIENTED_EDGE('',*,*,#3303,.F.);
#4218=ORIENTED_EDGE('',*,*,#3304,.F.);
#4219=ORIENTED_EDGE('',*,*,#3294,.T.);
#4220=ORIENTED_EDGE('',*,*,#3291,.T.);
#4221=ORIENTED_EDGE('',*,*,#3288,.F.);
#4222=ORIENTED_EDGE('',*,*,#3286,.F.);
#4223=ORIENTED_EDGE('',*,*,#3301,.F.);
#4224=ORIENTED_EDGE('',*,*,#3299,.F.);
#4225=ORIENTED_EDGE('',*,*,#3302,.F.);
#4226=ORIENTED_EDGE('',*,*,#3284,.F.);
#4227=ORIENTED_EDGE('',*,*,#3290,.F.);
#4228=ORIENTED_EDGE('',*,*,#3293,.F.);
#4229=ORIENTED_EDGE('',*,*,#3296,.F.);
#4230=ORIENTED_EDGE('',*,*,#3305,.F.);
#4231=ORIENTED_EDGE('',*,*,#3306,.T.);
#4232=ORIENTED_EDGE('',*,*,#3307,.T.);
#4233=ORIENTED_EDGE('',*,*,#3308,.T.);
#4234=ORIENTED_EDGE('',*,*,#3309,.T.);
#4235=ORIENTED_EDGE('',*,*,#3310,.F.);
#4236=ORIENTED_EDGE('',*,*,#3311,.T.);
#4237=ORIENTED_EDGE('',*,*,#3312,.T.);
#4238=ORIENTED_EDGE('',*,*,#3313,.T.);
#4239=ORIENTED_EDGE('',*,*,#3310,.T.);
#4240=ORIENTED_EDGE('',*,*,#3312,.F.);
#4241=ORIENTED_EDGE('',*,*,#3314,.F.);
#4242=ORIENTED_EDGE('',*,*,#3315,.F.);
#4243=ORIENTED_EDGE('',*,*,#3316,.T.);
#4244=ORIENTED_EDGE('',*,*,#3315,.T.);
#4245=ORIENTED_EDGE('',*,*,#3317,.F.);
#4246=ORIENTED_EDGE('',*,*,#3318,.F.);
#4247=ORIENTED_EDGE('',*,*,#3319,.T.);
#4248=ORIENTED_EDGE('',*,*,#3281,.F.);
#4249=ORIENTED_EDGE('',*,*,#3320,.T.);
#4250=ORIENTED_EDGE('',*,*,#3308,.F.);
#4251=ORIENTED_EDGE('',*,*,#3321,.T.);
#4252=ORIENTED_EDGE('',*,*,#3280,.F.);
#4253=ORIENTED_EDGE('',*,*,#3322,.F.);
#4254=ORIENTED_EDGE('',*,*,#3323,.F.);
#4255=ORIENTED_EDGE('',*,*,#3317,.T.);
#4256=ORIENTED_EDGE('',*,*,#3314,.T.);
#4257=ORIENTED_EDGE('',*,*,#3311,.F.);
#4258=ORIENTED_EDGE('',*,*,#3309,.F.);
#4259=ORIENTED_EDGE('',*,*,#3320,.F.);
#4260=ORIENTED_EDGE('',*,*,#3282,.F.);
#4261=ORIENTED_EDGE('',*,*,#3321,.F.);
#4262=ORIENTED_EDGE('',*,*,#3307,.F.);
#4263=ORIENTED_EDGE('',*,*,#3313,.F.);
#4264=ORIENTED_EDGE('',*,*,#3316,.F.);
#4265=ORIENTED_EDGE('',*,*,#3319,.F.);
#4266=ORIENTED_EDGE('',*,*,#3324,.F.);
#4267=ORIENTED_EDGE('',*,*,#3325,.T.);
#4268=ORIENTED_EDGE('',*,*,#3326,.T.);
#4269=ORIENTED_EDGE('',*,*,#3327,.T.);
#4270=ORIENTED_EDGE('',*,*,#3328,.T.);
#4271=ORIENTED_EDGE('',*,*,#3329,.F.);
#4272=ORIENTED_EDGE('',*,*,#3330,.T.);
#4273=ORIENTED_EDGE('',*,*,#3331,.T.);
#4274=ORIENTED_EDGE('',*,*,#3332,.T.);
#4275=ORIENTED_EDGE('',*,*,#3329,.T.);
#4276=ORIENTED_EDGE('',*,*,#3331,.F.);
#4277=ORIENTED_EDGE('',*,*,#3333,.F.);
#4278=ORIENTED_EDGE('',*,*,#3334,.F.);
#4279=ORIENTED_EDGE('',*,*,#3335,.T.);
#4280=ORIENTED_EDGE('',*,*,#3334,.T.);
#4281=ORIENTED_EDGE('',*,*,#3336,.F.);
#4282=ORIENTED_EDGE('',*,*,#3337,.F.);
#4283=ORIENTED_EDGE('',*,*,#3338,.T.);
#4284=ORIENTED_EDGE('',*,*,#3339,.T.);
#4285=ORIENTED_EDGE('',*,*,#3340,.T.);
#4286=ORIENTED_EDGE('',*,*,#3341,.T.);
#4287=ORIENTED_EDGE('',*,*,#3342,.T.);
#4288=ORIENTED_EDGE('',*,*,#3343,.T.);
#4289=ORIENTED_EDGE('',*,*,#3340,.F.);
#4290=ORIENTED_EDGE('',*,*,#3344,.T.);
#4291=ORIENTED_EDGE('',*,*,#3327,.F.);
#4292=ORIENTED_EDGE('',*,*,#3345,.T.);
#4293=ORIENTED_EDGE('',*,*,#3339,.F.);
#4294=ORIENTED_EDGE('',*,*,#3346,.F.);
#4295=ORIENTED_EDGE('',*,*,#3347,.F.);
#4296=ORIENTED_EDGE('',*,*,#3336,.T.);
#4297=ORIENTED_EDGE('',*,*,#3333,.T.);
#4298=ORIENTED_EDGE('',*,*,#3330,.F.);
#4299=ORIENTED_EDGE('',*,*,#3328,.F.);
#4300=ORIENTED_EDGE('',*,*,#3344,.F.);
#4301=ORIENTED_EDGE('',*,*,#3341,.F.);
#4302=ORIENTED_EDGE('',*,*,#3345,.F.);
#4303=ORIENTED_EDGE('',*,*,#3326,.F.);
#4304=ORIENTED_EDGE('',*,*,#3332,.F.);
#4305=ORIENTED_EDGE('',*,*,#3335,.F.);
#4306=ORIENTED_EDGE('',*,*,#3338,.F.);
#4307=ORIENTED_EDGE('',*,*,#3348,.F.);
#4308=ORIENTED_EDGE('',*,*,#3349,.T.);
#4309=ORIENTED_EDGE('',*,*,#3350,.T.);
#4310=ORIENTED_EDGE('',*,*,#3351,.T.);
#4311=ORIENTED_EDGE('',*,*,#3352,.T.);
#4312=ORIENTED_EDGE('',*,*,#3353,.F.);
#4313=ORIENTED_EDGE('',*,*,#3354,.T.);
#4314=ORIENTED_EDGE('',*,*,#3355,.T.);
#4315=ORIENTED_EDGE('',*,*,#3356,.T.);
#4316=ORIENTED_EDGE('',*,*,#3353,.T.);
#4317=ORIENTED_EDGE('',*,*,#3355,.F.);
#4318=ORIENTED_EDGE('',*,*,#3357,.F.);
#4319=ORIENTED_EDGE('',*,*,#3358,.F.);
#4320=ORIENTED_EDGE('',*,*,#3359,.T.);
#4321=ORIENTED_EDGE('',*,*,#3358,.T.);
#4322=ORIENTED_EDGE('',*,*,#3360,.F.);
#4323=ORIENTED_EDGE('',*,*,#3361,.F.);
#4324=ORIENTED_EDGE('',*,*,#3362,.T.);
#4325=ORIENTED_EDGE('',*,*,#3363,.T.);
#4326=ORIENTED_EDGE('',*,*,#3364,.T.);
#4327=ORIENTED_EDGE('',*,*,#3365,.T.);
#4328=ORIENTED_EDGE('',*,*,#3366,.T.);
#4329=ORIENTED_EDGE('',*,*,#3364,.F.);
#4330=ORIENTED_EDGE('',*,*,#3367,.T.);
#4331=ORIENTED_EDGE('',*,*,#3351,.F.);
#4332=ORIENTED_EDGE('',*,*,#3368,.T.);
#4333=ORIENTED_EDGE('',*,*,#3363,.F.);
#4334=ORIENTED_EDGE('',*,*,#3369,.F.);
#4335=ORIENTED_EDGE('',*,*,#3370,.F.);
#4336=ORIENTED_EDGE('',*,*,#3360,.T.);
#4337=ORIENTED_EDGE('',*,*,#3357,.T.);
#4338=ORIENTED_EDGE('',*,*,#3354,.F.);
#4339=ORIENTED_EDGE('',*,*,#3352,.F.);
#4340=ORIENTED_EDGE('',*,*,#3367,.F.);
#4341=ORIENTED_EDGE('',*,*,#3365,.F.);
#4342=ORIENTED_EDGE('',*,*,#3368,.F.);
#4343=ORIENTED_EDGE('',*,*,#3350,.F.);
#4344=ORIENTED_EDGE('',*,*,#3356,.F.);
#4345=ORIENTED_EDGE('',*,*,#3359,.F.);
#4346=ORIENTED_EDGE('',*,*,#3362,.F.);
#4347=ORIENTED_EDGE('',*,*,#3371,.F.);
#4348=ORIENTED_EDGE('',*,*,#3372,.T.);
#4349=ORIENTED_EDGE('',*,*,#3373,.T.);
#4350=ORIENTED_EDGE('',*,*,#3374,.T.);
#4351=ORIENTED_EDGE('',*,*,#3375,.T.);
#4352=ORIENTED_EDGE('',*,*,#3376,.F.);
#4353=ORIENTED_EDGE('',*,*,#3377,.T.);
#4354=ORIENTED_EDGE('',*,*,#3378,.T.);
#4355=ORIENTED_EDGE('',*,*,#3379,.T.);
#4356=ORIENTED_EDGE('',*,*,#3376,.T.);
#4357=ORIENTED_EDGE('',*,*,#3378,.F.);
#4358=ORIENTED_EDGE('',*,*,#3380,.F.);
#4359=ORIENTED_EDGE('',*,*,#3381,.F.);
#4360=ORIENTED_EDGE('',*,*,#3382,.T.);
#4361=ORIENTED_EDGE('',*,*,#3381,.T.);
#4362=ORIENTED_EDGE('',*,*,#3383,.F.);
#4363=ORIENTED_EDGE('',*,*,#3384,.F.);
#4364=ORIENTED_EDGE('',*,*,#3385,.T.);
#4365=ORIENTED_EDGE('',*,*,#3386,.T.);
#4366=ORIENTED_EDGE('',*,*,#3387,.T.);
#4367=ORIENTED_EDGE('',*,*,#3388,.T.);
#4368=ORIENTED_EDGE('',*,*,#3389,.T.);
#4369=ORIENTED_EDGE('',*,*,#3387,.F.);
#4370=ORIENTED_EDGE('',*,*,#3390,.T.);
#4371=ORIENTED_EDGE('',*,*,#3374,.F.);
#4372=ORIENTED_EDGE('',*,*,#3391,.T.);
#4373=ORIENTED_EDGE('',*,*,#3386,.F.);
#4374=ORIENTED_EDGE('',*,*,#3392,.F.);
#4375=ORIENTED_EDGE('',*,*,#3393,.F.);
#4376=ORIENTED_EDGE('',*,*,#3383,.T.);
#4377=ORIENTED_EDGE('',*,*,#3380,.T.);
#4378=ORIENTED_EDGE('',*,*,#3377,.F.);
#4379=ORIENTED_EDGE('',*,*,#3375,.F.);
#4380=ORIENTED_EDGE('',*,*,#3390,.F.);
#4381=ORIENTED_EDGE('',*,*,#3388,.F.);
#4382=ORIENTED_EDGE('',*,*,#3391,.F.);
#4383=ORIENTED_EDGE('',*,*,#3373,.F.);
#4384=ORIENTED_EDGE('',*,*,#3379,.F.);
#4385=ORIENTED_EDGE('',*,*,#3382,.F.);
#4386=ORIENTED_EDGE('',*,*,#3385,.F.);
#4387=ORIENTED_EDGE('',*,*,#3394,.F.);
#4388=ORIENTED_EDGE('',*,*,#3395,.T.);
#4389=ORIENTED_EDGE('',*,*,#3396,.T.);
#4390=ORIENTED_EDGE('',*,*,#3397,.T.);
#4391=ORIENTED_EDGE('',*,*,#3398,.T.);
#4392=ORIENTED_EDGE('',*,*,#3399,.F.);
#4393=ORIENTED_EDGE('',*,*,#3400,.T.);
#4394=ORIENTED_EDGE('',*,*,#3401,.T.);
#4395=ORIENTED_EDGE('',*,*,#3402,.T.);
#4396=ORIENTED_EDGE('',*,*,#3399,.T.);
#4397=ORIENTED_EDGE('',*,*,#3401,.F.);
#4398=ORIENTED_EDGE('',*,*,#3403,.F.);
#4399=ORIENTED_EDGE('',*,*,#3404,.F.);
#4400=ORIENTED_EDGE('',*,*,#3405,.T.);
#4401=ORIENTED_EDGE('',*,*,#3404,.T.);
#4402=ORIENTED_EDGE('',*,*,#3406,.F.);
#4403=ORIENTED_EDGE('',*,*,#3407,.F.);
#4404=ORIENTED_EDGE('',*,*,#3408,.T.);
#4405=ORIENTED_EDGE('',*,*,#3409,.T.);
#4406=ORIENTED_EDGE('',*,*,#3410,.T.);
#4407=ORIENTED_EDGE('',*,*,#3411,.T.);
#4408=ORIENTED_EDGE('',*,*,#3412,.T.);
#4409=ORIENTED_EDGE('',*,*,#3410,.F.);
#4410=ORIENTED_EDGE('',*,*,#3413,.T.);
#4411=ORIENTED_EDGE('',*,*,#3397,.F.);
#4412=ORIENTED_EDGE('',*,*,#3414,.T.);
#4413=ORIENTED_EDGE('',*,*,#3409,.F.);
#4414=ORIENTED_EDGE('',*,*,#3415,.F.);
#4415=ORIENTED_EDGE('',*,*,#3416,.F.);
#4416=ORIENTED_EDGE('',*,*,#3406,.T.);
#4417=ORIENTED_EDGE('',*,*,#3403,.T.);
#4418=ORIENTED_EDGE('',*,*,#3400,.F.);
#4419=ORIENTED_EDGE('',*,*,#3398,.F.);
#4420=ORIENTED_EDGE('',*,*,#3413,.F.);
#4421=ORIENTED_EDGE('',*,*,#3411,.F.);
#4422=ORIENTED_EDGE('',*,*,#3414,.F.);
#4423=ORIENTED_EDGE('',*,*,#3396,.F.);
#4424=ORIENTED_EDGE('',*,*,#3402,.F.);
#4425=ORIENTED_EDGE('',*,*,#3405,.F.);
#4426=ORIENTED_EDGE('',*,*,#3408,.F.);
#4427=ORIENTED_EDGE('',*,*,#3417,.F.);
#4428=ORIENTED_EDGE('',*,*,#3418,.T.);
#4429=ORIENTED_EDGE('',*,*,#3419,.T.);
#4430=ORIENTED_EDGE('',*,*,#3420,.T.);
#4431=ORIENTED_EDGE('',*,*,#3421,.T.);
#4432=ORIENTED_EDGE('',*,*,#3422,.F.);
#4433=ORIENTED_EDGE('',*,*,#3423,.T.);
#4434=ORIENTED_EDGE('',*,*,#3424,.T.);
#4435=ORIENTED_EDGE('',*,*,#3425,.T.);
#4436=ORIENTED_EDGE('',*,*,#3422,.T.);
#4437=ORIENTED_EDGE('',*,*,#3424,.F.);
#4438=ORIENTED_EDGE('',*,*,#3426,.F.);
#4439=ORIENTED_EDGE('',*,*,#3427,.F.);
#4440=ORIENTED_EDGE('',*,*,#3428,.T.);
#4441=ORIENTED_EDGE('',*,*,#3427,.T.);
#4442=ORIENTED_EDGE('',*,*,#3429,.F.);
#4443=ORIENTED_EDGE('',*,*,#3430,.F.);
#4444=ORIENTED_EDGE('',*,*,#3431,.T.);
#4445=ORIENTED_EDGE('',*,*,#3432,.T.);
#4446=ORIENTED_EDGE('',*,*,#3433,.T.);
#4447=ORIENTED_EDGE('',*,*,#3434,.T.);
#4448=ORIENTED_EDGE('',*,*,#3435,.T.);
#4449=ORIENTED_EDGE('',*,*,#3433,.F.);
#4450=ORIENTED_EDGE('',*,*,#3436,.T.);
#4451=ORIENTED_EDGE('',*,*,#3420,.F.);
#4452=ORIENTED_EDGE('',*,*,#3437,.T.);
#4453=ORIENTED_EDGE('',*,*,#3432,.F.);
#4454=ORIENTED_EDGE('',*,*,#3438,.F.);
#4455=ORIENTED_EDGE('',*,*,#3439,.F.);
#4456=ORIENTED_EDGE('',*,*,#3429,.T.);
#4457=ORIENTED_EDGE('',*,*,#3426,.T.);
#4458=ORIENTED_EDGE('',*,*,#3423,.F.);
#4459=ORIENTED_EDGE('',*,*,#3421,.F.);
#4460=ORIENTED_EDGE('',*,*,#3436,.F.);
#4461=ORIENTED_EDGE('',*,*,#3434,.F.);
#4462=ORIENTED_EDGE('',*,*,#3437,.F.);
#4463=ORIENTED_EDGE('',*,*,#3419,.F.);
#4464=ORIENTED_EDGE('',*,*,#3425,.F.);
#4465=ORIENTED_EDGE('',*,*,#3428,.F.);
#4466=ORIENTED_EDGE('',*,*,#3431,.F.);
#4467=ORIENTED_EDGE('',*,*,#3440,.F.);
#4468=ORIENTED_EDGE('',*,*,#3441,.T.);
#4469=ORIENTED_EDGE('',*,*,#3442,.T.);
#4470=ORIENTED_EDGE('',*,*,#3443,.T.);
#4471=ORIENTED_EDGE('',*,*,#3444,.T.);
#4472=ORIENTED_EDGE('',*,*,#3445,.F.);
#4473=ORIENTED_EDGE('',*,*,#3446,.T.);
#4474=ORIENTED_EDGE('',*,*,#3447,.T.);
#4475=ORIENTED_EDGE('',*,*,#3448,.T.);
#4476=ORIENTED_EDGE('',*,*,#3445,.T.);
#4477=ORIENTED_EDGE('',*,*,#3447,.F.);
#4478=ORIENTED_EDGE('',*,*,#3449,.F.);
#4479=ORIENTED_EDGE('',*,*,#3450,.F.);
#4480=ORIENTED_EDGE('',*,*,#3451,.T.);
#4481=ORIENTED_EDGE('',*,*,#3450,.T.);
#4482=ORIENTED_EDGE('',*,*,#3452,.F.);
#4483=ORIENTED_EDGE('',*,*,#3453,.F.);
#4484=ORIENTED_EDGE('',*,*,#3454,.T.);
#4485=ORIENTED_EDGE('',*,*,#3455,.T.);
#4486=ORIENTED_EDGE('',*,*,#3456,.T.);
#4487=ORIENTED_EDGE('',*,*,#3457,.T.);
#4488=ORIENTED_EDGE('',*,*,#3458,.T.);
#4489=ORIENTED_EDGE('',*,*,#3456,.F.);
#4490=ORIENTED_EDGE('',*,*,#3459,.T.);
#4491=ORIENTED_EDGE('',*,*,#3443,.F.);
#4492=ORIENTED_EDGE('',*,*,#3460,.T.);
#4493=ORIENTED_EDGE('',*,*,#3455,.F.);
#4494=ORIENTED_EDGE('',*,*,#3461,.F.);
#4495=ORIENTED_EDGE('',*,*,#3462,.F.);
#4496=ORIENTED_EDGE('',*,*,#3452,.T.);
#4497=ORIENTED_EDGE('',*,*,#3449,.T.);
#4498=ORIENTED_EDGE('',*,*,#3446,.F.);
#4499=ORIENTED_EDGE('',*,*,#3444,.F.);
#4500=ORIENTED_EDGE('',*,*,#3459,.F.);
#4501=ORIENTED_EDGE('',*,*,#3457,.F.);
#4502=ORIENTED_EDGE('',*,*,#3460,.F.);
#4503=ORIENTED_EDGE('',*,*,#3442,.F.);
#4504=ORIENTED_EDGE('',*,*,#3448,.F.);
#4505=ORIENTED_EDGE('',*,*,#3451,.F.);
#4506=ORIENTED_EDGE('',*,*,#3454,.F.);
#4507=ORIENTED_EDGE('',*,*,#3463,.F.);
#4508=ORIENTED_EDGE('',*,*,#3464,.T.);
#4509=ORIENTED_EDGE('',*,*,#3465,.F.);
#4510=ORIENTED_EDGE('',*,*,#3466,.T.);
#4511=ORIENTED_EDGE('',*,*,#3467,.F.);
#4512=ORIENTED_EDGE('',*,*,#3466,.F.);
#4513=ORIENTED_EDGE('',*,*,#3465,.T.);
#4514=ORIENTED_EDGE('',*,*,#3468,.F.);
#4515=ORIENTED_EDGE('',*,*,#3469,.T.);
#4516=ORIENTED_EDGE('',*,*,#3470,.F.);
#4517=ORIENTED_EDGE('',*,*,#3469,.F.);
#4518=ORIENTED_EDGE('',*,*,#3468,.T.);
#4519=ORIENTED_EDGE('',*,*,#3471,.F.);
#4520=ORIENTED_EDGE('',*,*,#3472,.T.);
#4521=ORIENTED_EDGE('',*,*,#3473,.F.);
#4522=ORIENTED_EDGE('',*,*,#3472,.F.);
#4523=ORIENTED_EDGE('',*,*,#3471,.T.);
#4524=ORIENTED_EDGE('',*,*,#3474,.F.);
#4525=ORIENTED_EDGE('',*,*,#3475,.T.);
#4526=ORIENTED_EDGE('',*,*,#3476,.F.);
#4527=ORIENTED_EDGE('',*,*,#3475,.F.);
#4528=ORIENTED_EDGE('',*,*,#3474,.T.);
#4529=ORIENTED_EDGE('',*,*,#3477,.F.);
#4530=ORIENTED_EDGE('',*,*,#3478,.T.);
#4531=ORIENTED_EDGE('',*,*,#3479,.F.);
#4532=ORIENTED_EDGE('',*,*,#3478,.F.);
#4533=ORIENTED_EDGE('',*,*,#3477,.T.);
#4534=ORIENTED_EDGE('',*,*,#3480,.F.);
#4535=ORIENTED_EDGE('',*,*,#3481,.T.);
#4536=ORIENTED_EDGE('',*,*,#3482,.F.);
#4537=ORIENTED_EDGE('',*,*,#3481,.F.);
#4538=ORIENTED_EDGE('',*,*,#3480,.T.);
#4539=ORIENTED_EDGE('',*,*,#3483,.F.);
#4540=ORIENTED_EDGE('',*,*,#3484,.T.);
#4541=ORIENTED_EDGE('',*,*,#3485,.F.);
#4542=ORIENTED_EDGE('',*,*,#3484,.F.);
#4543=ORIENTED_EDGE('',*,*,#3483,.T.);
#4544=ORIENTED_EDGE('',*,*,#3486,.F.);
#4545=ORIENTED_EDGE('',*,*,#3487,.T.);
#4546=ORIENTED_EDGE('',*,*,#3488,.F.);
#4547=ORIENTED_EDGE('',*,*,#3487,.F.);
#4548=ORIENTED_EDGE('',*,*,#3486,.T.);
#4549=ORIENTED_EDGE('',*,*,#3489,.F.);
#4550=ORIENTED_EDGE('',*,*,#3490,.T.);
#4551=ORIENTED_EDGE('',*,*,#3491,.F.);
#4552=ORIENTED_EDGE('',*,*,#3490,.F.);
#4553=ORIENTED_EDGE('',*,*,#3489,.T.);
#4554=ORIENTED_EDGE('',*,*,#3492,.F.);
#4555=ORIENTED_EDGE('',*,*,#3493,.T.);
#4556=ORIENTED_EDGE('',*,*,#3494,.F.);
#4557=ORIENTED_EDGE('',*,*,#3493,.F.);
#4558=ORIENTED_EDGE('',*,*,#3492,.T.);
#4559=ORIENTED_EDGE('',*,*,#3495,.F.);
#4560=ORIENTED_EDGE('',*,*,#3496,.T.);
#4561=ORIENTED_EDGE('',*,*,#3497,.F.);
#4562=ORIENTED_EDGE('',*,*,#3496,.F.);
#4563=ORIENTED_EDGE('',*,*,#3495,.T.);
#4564=ORIENTED_EDGE('',*,*,#3498,.F.);
#4565=ORIENTED_EDGE('',*,*,#3499,.T.);
#4566=ORIENTED_EDGE('',*,*,#3500,.F.);
#4567=ORIENTED_EDGE('',*,*,#3499,.F.);
#4568=ORIENTED_EDGE('',*,*,#3498,.T.);
#4569=ORIENTED_EDGE('',*,*,#3501,.F.);
#4570=ORIENTED_EDGE('',*,*,#3502,.T.);
#4571=ORIENTED_EDGE('',*,*,#3503,.F.);
#4572=ORIENTED_EDGE('',*,*,#3502,.F.);
#4573=ORIENTED_EDGE('',*,*,#3501,.T.);
#4574=ORIENTED_EDGE('',*,*,#3504,.F.);
#4575=ORIENTED_EDGE('',*,*,#3505,.T.);
#4576=ORIENTED_EDGE('',*,*,#3506,.F.);
#4577=ORIENTED_EDGE('',*,*,#3505,.F.);
#4578=ORIENTED_EDGE('',*,*,#3504,.T.);
#4579=ORIENTED_EDGE('',*,*,#3507,.F.);
#4580=ORIENTED_EDGE('',*,*,#3508,.T.);
#4581=ORIENTED_EDGE('',*,*,#3509,.F.);
#4582=ORIENTED_EDGE('',*,*,#3508,.F.);
#4583=ORIENTED_EDGE('',*,*,#3507,.T.);
#4584=ORIENTED_EDGE('',*,*,#3510,.F.);
#4585=ORIENTED_EDGE('',*,*,#3511,.T.);
#4586=ORIENTED_EDGE('',*,*,#3512,.F.);
#4587=ORIENTED_EDGE('',*,*,#3511,.F.);
#4588=ORIENTED_EDGE('',*,*,#3510,.T.);
#4589=ORIENTED_EDGE('',*,*,#3513,.F.);
#4590=ORIENTED_EDGE('',*,*,#3514,.T.);
#4591=ORIENTED_EDGE('',*,*,#3515,.F.);
#4592=ORIENTED_EDGE('',*,*,#3514,.F.);
#4593=ORIENTED_EDGE('',*,*,#3513,.T.);
#4594=ORIENTED_EDGE('',*,*,#3516,.F.);
#4595=ORIENTED_EDGE('',*,*,#3517,.T.);
#4596=ORIENTED_EDGE('',*,*,#3518,.F.);
#4597=ORIENTED_EDGE('',*,*,#3517,.F.);
#4598=ORIENTED_EDGE('',*,*,#3516,.T.);
#4599=ORIENTED_EDGE('',*,*,#3519,.F.);
#4600=ORIENTED_EDGE('',*,*,#3520,.T.);
#4601=ORIENTED_EDGE('',*,*,#3521,.F.);
#4602=ORIENTED_EDGE('',*,*,#3520,.F.);
#4603=ORIENTED_EDGE('',*,*,#3519,.T.);
#4604=ORIENTED_EDGE('',*,*,#3522,.F.);
#4605=ORIENTED_EDGE('',*,*,#3523,.T.);
#4606=ORIENTED_EDGE('',*,*,#3524,.F.);
#4607=ORIENTED_EDGE('',*,*,#3523,.F.);
#4608=ORIENTED_EDGE('',*,*,#3522,.T.);
#4609=ORIENTED_EDGE('',*,*,#3525,.F.);
#4610=ORIENTED_EDGE('',*,*,#3526,.T.);
#4611=ORIENTED_EDGE('',*,*,#3527,.F.);
#4612=ORIENTED_EDGE('',*,*,#3526,.F.);
#4613=ORIENTED_EDGE('',*,*,#3525,.T.);
#4614=ORIENTED_EDGE('',*,*,#3528,.F.);
#4615=ORIENTED_EDGE('',*,*,#3529,.T.);
#4616=ORIENTED_EDGE('',*,*,#3530,.F.);
#4617=ORIENTED_EDGE('',*,*,#3529,.F.);
#4618=ORIENTED_EDGE('',*,*,#3528,.T.);
#4619=ORIENTED_EDGE('',*,*,#3531,.F.);
#4620=ORIENTED_EDGE('',*,*,#3532,.T.);
#4621=ORIENTED_EDGE('',*,*,#3533,.F.);
#4622=ORIENTED_EDGE('',*,*,#3532,.F.);
#4623=ORIENTED_EDGE('',*,*,#3531,.T.);
#4624=ORIENTED_EDGE('',*,*,#3534,.F.);
#4625=ORIENTED_EDGE('',*,*,#3535,.T.);
#4626=ORIENTED_EDGE('',*,*,#3536,.F.);
#4627=ORIENTED_EDGE('',*,*,#3535,.F.);
#4628=ORIENTED_EDGE('',*,*,#3534,.T.);
#4629=ORIENTED_EDGE('',*,*,#3537,.F.);
#4630=ORIENTED_EDGE('',*,*,#3538,.T.);
#4631=ORIENTED_EDGE('',*,*,#3539,.F.);
#4632=ORIENTED_EDGE('',*,*,#3538,.F.);
#4633=ORIENTED_EDGE('',*,*,#3537,.T.);
#4634=ORIENTED_EDGE('',*,*,#3540,.F.);
#4635=ORIENTED_EDGE('',*,*,#3541,.T.);
#4636=ORIENTED_EDGE('',*,*,#3542,.F.);
#4637=ORIENTED_EDGE('',*,*,#3541,.F.);
#4638=ORIENTED_EDGE('',*,*,#3540,.T.);
#4639=ORIENTED_EDGE('',*,*,#3543,.F.);
#4640=ORIENTED_EDGE('',*,*,#3544,.T.);
#4641=ORIENTED_EDGE('',*,*,#3545,.F.);
#4642=ORIENTED_EDGE('',*,*,#3544,.F.);
#4643=ORIENTED_EDGE('',*,*,#3543,.T.);
#4644=ORIENTED_EDGE('',*,*,#3546,.F.);
#4645=ORIENTED_EDGE('',*,*,#3547,.T.);
#4646=ORIENTED_EDGE('',*,*,#3548,.F.);
#4647=ORIENTED_EDGE('',*,*,#3547,.F.);
#4648=ORIENTED_EDGE('',*,*,#3546,.T.);
#4649=ORIENTED_EDGE('',*,*,#3549,.F.);
#4650=ORIENTED_EDGE('',*,*,#3550,.T.);
#4651=ORIENTED_EDGE('',*,*,#3551,.F.);
#4652=ORIENTED_EDGE('',*,*,#3550,.F.);
#4653=ORIENTED_EDGE('',*,*,#3549,.T.);
#4654=ORIENTED_EDGE('',*,*,#3552,.F.);
#4655=ORIENTED_EDGE('',*,*,#3553,.T.);
#4656=ORIENTED_EDGE('',*,*,#3554,.F.);
#4657=ORIENTED_EDGE('',*,*,#3553,.F.);
#4658=ORIENTED_EDGE('',*,*,#3552,.T.);
#4659=ORIENTED_EDGE('',*,*,#3555,.F.);
#4660=ORIENTED_EDGE('',*,*,#3556,.T.);
#4661=ORIENTED_EDGE('',*,*,#3557,.F.);
#4662=ORIENTED_EDGE('',*,*,#3556,.F.);
#4663=ORIENTED_EDGE('',*,*,#3555,.T.);
#4664=ORIENTED_EDGE('',*,*,#3558,.F.);
#4665=ORIENTED_EDGE('',*,*,#3559,.T.);
#4666=ORIENTED_EDGE('',*,*,#3560,.F.);
#4667=ORIENTED_EDGE('',*,*,#3559,.F.);
#4668=ORIENTED_EDGE('',*,*,#3558,.T.);
#4669=ORIENTED_EDGE('',*,*,#3561,.F.);
#4670=ORIENTED_EDGE('',*,*,#3562,.T.);
#4671=ORIENTED_EDGE('',*,*,#3563,.F.);
#4672=ORIENTED_EDGE('',*,*,#3562,.F.);
#4673=ORIENTED_EDGE('',*,*,#3561,.T.);
#4674=ORIENTED_EDGE('',*,*,#3564,.F.);
#4675=ORIENTED_EDGE('',*,*,#3565,.T.);
#4676=ORIENTED_EDGE('',*,*,#3566,.F.);
#4677=ORIENTED_EDGE('',*,*,#3565,.F.);
#4678=ORIENTED_EDGE('',*,*,#3564,.T.);
#4679=ORIENTED_EDGE('',*,*,#3567,.F.);
#4680=ORIENTED_EDGE('',*,*,#3568,.T.);
#4681=ORIENTED_EDGE('',*,*,#3569,.F.);
#4682=ORIENTED_EDGE('',*,*,#3568,.F.);
#4683=ORIENTED_EDGE('',*,*,#3567,.T.);
#4684=ORIENTED_EDGE('',*,*,#3570,.F.);
#4685=ORIENTED_EDGE('',*,*,#3571,.T.);
#4686=ORIENTED_EDGE('',*,*,#3572,.F.);
#4687=ORIENTED_EDGE('',*,*,#3571,.F.);
#4688=ORIENTED_EDGE('',*,*,#3570,.T.);
#4689=ORIENTED_EDGE('',*,*,#3573,.F.);
#4690=ORIENTED_EDGE('',*,*,#3574,.T.);
#4691=ORIENTED_EDGE('',*,*,#3575,.F.);
#4692=ORIENTED_EDGE('',*,*,#3574,.F.);
#4693=ORIENTED_EDGE('',*,*,#3573,.T.);
#4694=ORIENTED_EDGE('',*,*,#3576,.F.);
#4695=ORIENTED_EDGE('',*,*,#3577,.T.);
#4696=ORIENTED_EDGE('',*,*,#3578,.F.);
#4697=ORIENTED_EDGE('',*,*,#3577,.F.);
#4698=ORIENTED_EDGE('',*,*,#3576,.T.);
#4699=ORIENTED_EDGE('',*,*,#3579,.F.);
#4700=ORIENTED_EDGE('',*,*,#3580,.T.);
#4701=ORIENTED_EDGE('',*,*,#3581,.F.);
#4702=ORIENTED_EDGE('',*,*,#3580,.F.);
#4703=ORIENTED_EDGE('',*,*,#3579,.T.);
#4704=ORIENTED_EDGE('',*,*,#3582,.F.);
#4705=ORIENTED_EDGE('',*,*,#3583,.T.);
#4706=ORIENTED_EDGE('',*,*,#3584,.F.);
#4707=ORIENTED_EDGE('',*,*,#3583,.F.);
#4708=ORIENTED_EDGE('',*,*,#3582,.T.);
#4709=ORIENTED_EDGE('',*,*,#3585,.F.);
#4710=ORIENTED_EDGE('',*,*,#3586,.T.);
#4711=ORIENTED_EDGE('',*,*,#3587,.F.);
#4712=ORIENTED_EDGE('',*,*,#3586,.F.);
#4713=ORIENTED_EDGE('',*,*,#3585,.T.);
#4714=ORIENTED_EDGE('',*,*,#3588,.F.);
#4715=ORIENTED_EDGE('',*,*,#3589,.T.);
#4716=ORIENTED_EDGE('',*,*,#3590,.F.);
#4717=ORIENTED_EDGE('',*,*,#3589,.F.);
#4718=ORIENTED_EDGE('',*,*,#3588,.T.);
#4719=ORIENTED_EDGE('',*,*,#3591,.F.);
#4720=ORIENTED_EDGE('',*,*,#3592,.T.);
#4721=ORIENTED_EDGE('',*,*,#3593,.F.);
#4722=ORIENTED_EDGE('',*,*,#3592,.F.);
#4723=ORIENTED_EDGE('',*,*,#3591,.T.);
#4724=ORIENTED_EDGE('',*,*,#3594,.F.);
#4725=ORIENTED_EDGE('',*,*,#3595,.T.);
#4726=ORIENTED_EDGE('',*,*,#3596,.F.);
#4727=ORIENTED_EDGE('',*,*,#3595,.F.);
#4728=ORIENTED_EDGE('',*,*,#3594,.T.);
#4729=ORIENTED_EDGE('',*,*,#3597,.F.);
#4730=ORIENTED_EDGE('',*,*,#3598,.T.);
#4731=ORIENTED_EDGE('',*,*,#3599,.F.);
#4732=ORIENTED_EDGE('',*,*,#3598,.F.);
#4733=ORIENTED_EDGE('',*,*,#3597,.T.);
#4734=ORIENTED_EDGE('',*,*,#3600,.F.);
#4735=ORIENTED_EDGE('',*,*,#3601,.T.);
#4736=ORIENTED_EDGE('',*,*,#3602,.F.);
#4737=ORIENTED_EDGE('',*,*,#3601,.F.);
#4738=ORIENTED_EDGE('',*,*,#3600,.T.);
#4739=ORIENTED_EDGE('',*,*,#3603,.F.);
#4740=ORIENTED_EDGE('',*,*,#3604,.T.);
#4741=ORIENTED_EDGE('',*,*,#3605,.F.);
#4742=ORIENTED_EDGE('',*,*,#3604,.F.);
#4743=ORIENTED_EDGE('',*,*,#3603,.T.);
#4744=ORIENTED_EDGE('',*,*,#3606,.F.);
#4745=ORIENTED_EDGE('',*,*,#3607,.T.);
#4746=ORIENTED_EDGE('',*,*,#3608,.F.);
#4747=ORIENTED_EDGE('',*,*,#3607,.F.);
#4748=ORIENTED_EDGE('',*,*,#3606,.T.);
#4749=ORIENTED_EDGE('',*,*,#3609,.F.);
#4750=ORIENTED_EDGE('',*,*,#3610,.T.);
#4751=ORIENTED_EDGE('',*,*,#3611,.F.);
#4752=ORIENTED_EDGE('',*,*,#3610,.F.);
#4753=ORIENTED_EDGE('',*,*,#3609,.T.);
#4754=ORIENTED_EDGE('',*,*,#3612,.F.);
#4755=ORIENTED_EDGE('',*,*,#3613,.T.);
#4756=ORIENTED_EDGE('',*,*,#3614,.F.);
#4757=ORIENTED_EDGE('',*,*,#3613,.F.);
#4758=ORIENTED_EDGE('',*,*,#3612,.T.);
#4759=ORIENTED_EDGE('',*,*,#3615,.F.);
#4760=ORIENTED_EDGE('',*,*,#3616,.T.);
#4761=ORIENTED_EDGE('',*,*,#3617,.F.);
#4762=ORIENTED_EDGE('',*,*,#3616,.F.);
#4763=ORIENTED_EDGE('',*,*,#3615,.T.);
#4764=ORIENTED_EDGE('',*,*,#3618,.F.);
#4765=ORIENTED_EDGE('',*,*,#3619,.T.);
#4766=ORIENTED_EDGE('',*,*,#3620,.F.);
#4767=ORIENTED_EDGE('',*,*,#3619,.F.);
#4768=ORIENTED_EDGE('',*,*,#3618,.T.);
#4769=ORIENTED_EDGE('',*,*,#3621,.F.);
#4770=ORIENTED_EDGE('',*,*,#3622,.T.);
#4771=ORIENTED_EDGE('',*,*,#3623,.F.);
#4772=ORIENTED_EDGE('',*,*,#3622,.F.);
#4773=ORIENTED_EDGE('',*,*,#3621,.T.);
#4774=ORIENTED_EDGE('',*,*,#3624,.F.);
#4775=ORIENTED_EDGE('',*,*,#3625,.T.);
#4776=ORIENTED_EDGE('',*,*,#3626,.F.);
#4777=ORIENTED_EDGE('',*,*,#3625,.F.);
#4778=ORIENTED_EDGE('',*,*,#3624,.T.);
#4779=ORIENTED_EDGE('',*,*,#3627,.F.);
#4780=ORIENTED_EDGE('',*,*,#3628,.T.);
#4781=ORIENTED_EDGE('',*,*,#3629,.F.);
#4782=ORIENTED_EDGE('',*,*,#3628,.F.);
#4783=ORIENTED_EDGE('',*,*,#3627,.T.);
#4784=ORIENTED_EDGE('',*,*,#3630,.F.);
#4785=ORIENTED_EDGE('',*,*,#3631,.T.);
#4786=ORIENTED_EDGE('',*,*,#3632,.F.);
#4787=ORIENTED_EDGE('',*,*,#3631,.F.);
#4788=ORIENTED_EDGE('',*,*,#3630,.T.);
#4789=ORIENTED_EDGE('',*,*,#3633,.F.);
#4790=ORIENTED_EDGE('',*,*,#3634,.T.);
#4791=ORIENTED_EDGE('',*,*,#3635,.F.);
#4792=ORIENTED_EDGE('',*,*,#3634,.F.);
#4793=ORIENTED_EDGE('',*,*,#3633,.T.);
#4794=ORIENTED_EDGE('',*,*,#3636,.F.);
#4795=ORIENTED_EDGE('',*,*,#3637,.T.);
#4796=ORIENTED_EDGE('',*,*,#3638,.F.);
#4797=ORIENTED_EDGE('',*,*,#3637,.F.);
#4798=ORIENTED_EDGE('',*,*,#3636,.T.);
#4799=ORIENTED_EDGE('',*,*,#3639,.F.);
#4800=ORIENTED_EDGE('',*,*,#3640,.T.);
#4801=ORIENTED_EDGE('',*,*,#3641,.F.);
#4802=ORIENTED_EDGE('',*,*,#3640,.F.);
#4803=ORIENTED_EDGE('',*,*,#3639,.T.);
#4804=ORIENTED_EDGE('',*,*,#3642,.F.);
#4805=ORIENTED_EDGE('',*,*,#3643,.T.);
#4806=ORIENTED_EDGE('',*,*,#3644,.F.);
#4807=ORIENTED_EDGE('',*,*,#3643,.F.);
#4808=ORIENTED_EDGE('',*,*,#3642,.T.);
#4809=ORIENTED_EDGE('',*,*,#3645,.F.);
#4810=ORIENTED_EDGE('',*,*,#3646,.T.);
#4811=ORIENTED_EDGE('',*,*,#3647,.F.);
#4812=ORIENTED_EDGE('',*,*,#3646,.F.);
#4813=ORIENTED_EDGE('',*,*,#3645,.T.);
#4814=ORIENTED_EDGE('',*,*,#3648,.F.);
#4815=ORIENTED_EDGE('',*,*,#3649,.T.);
#4816=ORIENTED_EDGE('',*,*,#3650,.F.);
#4817=ORIENTED_EDGE('',*,*,#3649,.F.);
#4818=ORIENTED_EDGE('',*,*,#3648,.T.);
#4819=ORIENTED_EDGE('',*,*,#3651,.F.);
#4820=ORIENTED_EDGE('',*,*,#3652,.T.);
#4821=ORIENTED_EDGE('',*,*,#3653,.F.);
#4822=ORIENTED_EDGE('',*,*,#3652,.F.);
#4823=ORIENTED_EDGE('',*,*,#3651,.T.);
#4824=ORIENTED_EDGE('',*,*,#3654,.F.);
#4825=ORIENTED_EDGE('',*,*,#3655,.T.);
#4826=ORIENTED_EDGE('',*,*,#3656,.F.);
#4827=ORIENTED_EDGE('',*,*,#3655,.F.);
#4828=ORIENTED_EDGE('',*,*,#3654,.T.);
#4829=ORIENTED_EDGE('',*,*,#3657,.F.);
#4830=ORIENTED_EDGE('',*,*,#3658,.T.);
#4831=ORIENTED_EDGE('',*,*,#3659,.F.);
#4832=ORIENTED_EDGE('',*,*,#3658,.F.);
#4833=ORIENTED_EDGE('',*,*,#3657,.T.);
#4834=ORIENTED_EDGE('',*,*,#3660,.F.);
#4835=ORIENTED_EDGE('',*,*,#3661,.T.);
#4836=ORIENTED_EDGE('',*,*,#3662,.F.);
#4837=ORIENTED_EDGE('',*,*,#3661,.F.);
#4838=ORIENTED_EDGE('',*,*,#3660,.T.);
#4839=ORIENTED_EDGE('',*,*,#3663,.F.);
#4840=ORIENTED_EDGE('',*,*,#3664,.T.);
#4841=ORIENTED_EDGE('',*,*,#3665,.F.);
#4842=ORIENTED_EDGE('',*,*,#3664,.F.);
#4843=ORIENTED_EDGE('',*,*,#3663,.T.);
#4844=ORIENTED_EDGE('',*,*,#3666,.F.);
#4845=ORIENTED_EDGE('',*,*,#3667,.T.);
#4846=ORIENTED_EDGE('',*,*,#3668,.F.);
#4847=ORIENTED_EDGE('',*,*,#3667,.F.);
#4848=ORIENTED_EDGE('',*,*,#3666,.T.);
#4849=ORIENTED_EDGE('',*,*,#3669,.F.);
#4850=ORIENTED_EDGE('',*,*,#3670,.T.);
#4851=ORIENTED_EDGE('',*,*,#3671,.F.);
#4852=ORIENTED_EDGE('',*,*,#3670,.F.);
#4853=ORIENTED_EDGE('',*,*,#3669,.T.);
#4854=ORIENTED_EDGE('',*,*,#3672,.F.);
#4855=ORIENTED_EDGE('',*,*,#3673,.T.);
#4856=ORIENTED_EDGE('',*,*,#3674,.F.);
#4857=ORIENTED_EDGE('',*,*,#3673,.F.);
#4858=ORIENTED_EDGE('',*,*,#3672,.T.);
#4859=ORIENTED_EDGE('',*,*,#3675,.F.);
#4860=ORIENTED_EDGE('',*,*,#3676,.T.);
#4861=ORIENTED_EDGE('',*,*,#3677,.F.);
#4862=ORIENTED_EDGE('',*,*,#3676,.F.);
#4863=ORIENTED_EDGE('',*,*,#3675,.T.);
#4864=ORIENTED_EDGE('',*,*,#3678,.F.);
#4865=ORIENTED_EDGE('',*,*,#3679,.T.);
#4866=ORIENTED_EDGE('',*,*,#3680,.F.);
#4867=ORIENTED_EDGE('',*,*,#3679,.F.);
#4868=ORIENTED_EDGE('',*,*,#3678,.T.);
#4869=ORIENTED_EDGE('',*,*,#3681,.F.);
#4870=ORIENTED_EDGE('',*,*,#3682,.T.);
#4871=ORIENTED_EDGE('',*,*,#3683,.F.);
#4872=ORIENTED_EDGE('',*,*,#3682,.F.);
#4873=ORIENTED_EDGE('',*,*,#3681,.T.);
#4874=ORIENTED_EDGE('',*,*,#3684,.F.);
#4875=ORIENTED_EDGE('',*,*,#3685,.T.);
#4876=ORIENTED_EDGE('',*,*,#3686,.F.);
#4877=ORIENTED_EDGE('',*,*,#3685,.F.);
#4878=ORIENTED_EDGE('',*,*,#3684,.T.);
#4879=ORIENTED_EDGE('',*,*,#3687,.F.);
#4880=ORIENTED_EDGE('',*,*,#3688,.T.);
#4881=ORIENTED_EDGE('',*,*,#3689,.F.);
#4882=ORIENTED_EDGE('',*,*,#3688,.F.);
#4883=ORIENTED_EDGE('',*,*,#3687,.T.);
#4884=ORIENTED_EDGE('',*,*,#3690,.F.);
#4885=ORIENTED_EDGE('',*,*,#3691,.T.);
#4886=ORIENTED_EDGE('',*,*,#3692,.F.);
#4887=ORIENTED_EDGE('',*,*,#3691,.F.);
#4888=ORIENTED_EDGE('',*,*,#3690,.T.);
#4889=ORIENTED_EDGE('',*,*,#3693,.T.);
#4890=ORIENTED_EDGE('',*,*,#3694,.T.);
#4891=ORIENTED_EDGE('',*,*,#3695,.T.);
#4892=ORIENTED_EDGE('',*,*,#3696,.F.);
#4893=ORIENTED_EDGE('',*,*,#3697,.T.);
#4894=ORIENTED_EDGE('',*,*,#3698,.T.);
#4895=ORIENTED_EDGE('',*,*,#3699,.T.);
#4896=ORIENTED_EDGE('',*,*,#3694,.F.);
#4897=ORIENTED_EDGE('',*,*,#3700,.T.);
#4898=ORIENTED_EDGE('',*,*,#3701,.T.);
#4899=ORIENTED_EDGE('',*,*,#3702,.T.);
#4900=ORIENTED_EDGE('',*,*,#3698,.F.);
#4901=ORIENTED_EDGE('',*,*,#3703,.T.);
#4902=ORIENTED_EDGE('',*,*,#3704,.T.);
#4903=ORIENTED_EDGE('',*,*,#3705,.T.);
#4904=ORIENTED_EDGE('',*,*,#3701,.F.);
#4905=ORIENTED_EDGE('',*,*,#3706,.T.);
#4906=ORIENTED_EDGE('',*,*,#3707,.T.);
#4907=ORIENTED_EDGE('',*,*,#3708,.T.);
#4908=ORIENTED_EDGE('',*,*,#3704,.F.);
#4909=ORIENTED_EDGE('',*,*,#3709,.T.);
#4910=ORIENTED_EDGE('',*,*,#3710,.T.);
#4911=ORIENTED_EDGE('',*,*,#3711,.T.);
#4912=ORIENTED_EDGE('',*,*,#3707,.F.);
#4913=ORIENTED_EDGE('',*,*,#3712,.T.);
#4914=ORIENTED_EDGE('',*,*,#3713,.T.);
#4915=ORIENTED_EDGE('',*,*,#3714,.T.);
#4916=ORIENTED_EDGE('',*,*,#3710,.F.);
#4917=ORIENTED_EDGE('',*,*,#3715,.T.);
#4918=ORIENTED_EDGE('',*,*,#3716,.T.);
#4919=ORIENTED_EDGE('',*,*,#3717,.T.);
#4920=ORIENTED_EDGE('',*,*,#3713,.F.);
#4921=ORIENTED_EDGE('',*,*,#3718,.T.);
#4922=ORIENTED_EDGE('',*,*,#3719,.T.);
#4923=ORIENTED_EDGE('',*,*,#3720,.T.);
#4924=ORIENTED_EDGE('',*,*,#3716,.F.);
#4925=ORIENTED_EDGE('',*,*,#3721,.T.);
#4926=ORIENTED_EDGE('',*,*,#3722,.T.);
#4927=ORIENTED_EDGE('',*,*,#3723,.T.);
#4928=ORIENTED_EDGE('',*,*,#3719,.F.);
#4929=ORIENTED_EDGE('',*,*,#3724,.T.);
#4930=ORIENTED_EDGE('',*,*,#3725,.T.);
#4931=ORIENTED_EDGE('',*,*,#3726,.T.);
#4932=ORIENTED_EDGE('',*,*,#3722,.F.);
#4933=ORIENTED_EDGE('',*,*,#3727,.T.);
#4934=ORIENTED_EDGE('',*,*,#3728,.T.);
#4935=ORIENTED_EDGE('',*,*,#3729,.T.);
#4936=ORIENTED_EDGE('',*,*,#3725,.F.);
#4937=ORIENTED_EDGE('',*,*,#3730,.T.);
#4938=ORIENTED_EDGE('',*,*,#3731,.T.);
#4939=ORIENTED_EDGE('',*,*,#3732,.T.);
#4940=ORIENTED_EDGE('',*,*,#3733,.T.);
#4941=ORIENTED_EDGE('',*,*,#3734,.T.);
#4942=ORIENTED_EDGE('',*,*,#3732,.F.);
#4943=ORIENTED_EDGE('',*,*,#3735,.T.);
#4944=ORIENTED_EDGE('',*,*,#3736,.T.);
#4945=ORIENTED_EDGE('',*,*,#3737,.T.);
#4946=ORIENTED_EDGE('',*,*,#3736,.F.);
#4947=ORIENTED_EDGE('',*,*,#3738,.T.);
#4948=ORIENTED_EDGE('',*,*,#3739,.T.);
#4949=ORIENTED_EDGE('',*,*,#3728,.F.);
#4950=ORIENTED_EDGE('',*,*,#3740,.T.);
#4951=ORIENTED_EDGE('',*,*,#3730,.F.);
#4952=ORIENTED_EDGE('',*,*,#3741,.T.);
#4953=ORIENTED_EDGE('',*,*,#3742,.T.);
#4954=ORIENTED_EDGE('',*,*,#3739,.F.);
#4955=ORIENTED_EDGE('',*,*,#3743,.T.);
#4956=ORIENTED_EDGE('',*,*,#3744,.T.);
#4957=ORIENTED_EDGE('',*,*,#3745,.T.);
#4958=ORIENTED_EDGE('',*,*,#3744,.F.);
#4959=ORIENTED_EDGE('',*,*,#3746,.T.);
#4960=ORIENTED_EDGE('',*,*,#3747,.T.);
#4961=ORIENTED_EDGE('',*,*,#3748,.T.);
#4962=ORIENTED_EDGE('',*,*,#3747,.F.);
#4963=ORIENTED_EDGE('',*,*,#3749,.T.);
#4964=ORIENTED_EDGE('',*,*,#3750,.T.);
#4965=ORIENTED_EDGE('',*,*,#3751,.T.);
#4966=ORIENTED_EDGE('',*,*,#3750,.F.);
#4967=ORIENTED_EDGE('',*,*,#3752,.T.);
#4968=ORIENTED_EDGE('',*,*,#3753,.T.);
#4969=ORIENTED_EDGE('',*,*,#3754,.T.);
#4970=ORIENTED_EDGE('',*,*,#3753,.F.);
#4971=ORIENTED_EDGE('',*,*,#3755,.T.);
#4972=ORIENTED_EDGE('',*,*,#3756,.T.);
#4973=ORIENTED_EDGE('',*,*,#3757,.T.);
#4974=ORIENTED_EDGE('',*,*,#3756,.F.);
#4975=ORIENTED_EDGE('',*,*,#3758,.T.);
#4976=ORIENTED_EDGE('',*,*,#3759,.T.);
#4977=ORIENTED_EDGE('',*,*,#3760,.T.);
#4978=ORIENTED_EDGE('',*,*,#3759,.F.);
#4979=ORIENTED_EDGE('',*,*,#3761,.T.);
#4980=ORIENTED_EDGE('',*,*,#3762,.T.);
#4981=ORIENTED_EDGE('',*,*,#3763,.T.);
#4982=ORIENTED_EDGE('',*,*,#3762,.F.);
#4983=ORIENTED_EDGE('',*,*,#3764,.T.);
#4984=ORIENTED_EDGE('',*,*,#3765,.T.);
#4985=ORIENTED_EDGE('',*,*,#3766,.T.);
#4986=ORIENTED_EDGE('',*,*,#3765,.F.);
#4987=ORIENTED_EDGE('',*,*,#3767,.T.);
#4988=ORIENTED_EDGE('',*,*,#3768,.T.);
#4989=ORIENTED_EDGE('',*,*,#3769,.T.);
#4990=ORIENTED_EDGE('',*,*,#3768,.F.);
#4991=ORIENTED_EDGE('',*,*,#3770,.T.);
#4992=ORIENTED_EDGE('',*,*,#3771,.T.);
#4993=ORIENTED_EDGE('',*,*,#3772,.T.);
#4994=ORIENTED_EDGE('',*,*,#3771,.F.);
#4995=ORIENTED_EDGE('',*,*,#3773,.T.);
#4996=ORIENTED_EDGE('',*,*,#3774,.T.);
#4997=ORIENTED_EDGE('',*,*,#3775,.T.);
#4998=ORIENTED_EDGE('',*,*,#3774,.F.);
#4999=ORIENTED_EDGE('',*,*,#3776,.T.);
#5000=ORIENTED_EDGE('',*,*,#3777,.T.);
#5001=ORIENTED_EDGE('',*,*,#3778,.T.);
#5002=ORIENTED_EDGE('',*,*,#3777,.F.);
#5003=ORIENTED_EDGE('',*,*,#3779,.T.);
#5004=ORIENTED_EDGE('',*,*,#3780,.T.);
#5005=ORIENTED_EDGE('',*,*,#3781,.T.);
#5006=ORIENTED_EDGE('',*,*,#3780,.F.);
#5007=ORIENTED_EDGE('',*,*,#3782,.T.);
#5008=ORIENTED_EDGE('',*,*,#3696,.T.);
#5009=ORIENTED_EDGE('',*,*,#3776,.F.);
#5010=ORIENTED_EDGE('',*,*,#3783,.T.);
#5011=ORIENTED_EDGE('',*,*,#3784,.F.);
#5012=ORIENTED_EDGE('',*,*,#3785,.F.);
#5013=ORIENTED_EDGE('',*,*,#3773,.F.);
#5014=ORIENTED_EDGE('',*,*,#3786,.T.);
#5015=ORIENTED_EDGE('',*,*,#3787,.F.);
#5016=ORIENTED_EDGE('',*,*,#3783,.F.);
#5017=ORIENTED_EDGE('',*,*,#3770,.F.);
#5018=ORIENTED_EDGE('',*,*,#3788,.T.);
#5019=ORIENTED_EDGE('',*,*,#3789,.F.);
#5020=ORIENTED_EDGE('',*,*,#3786,.F.);
#5021=ORIENTED_EDGE('',*,*,#3767,.F.);
#5022=ORIENTED_EDGE('',*,*,#3790,.T.);
#5023=ORIENTED_EDGE('',*,*,#3791,.F.);
#5024=ORIENTED_EDGE('',*,*,#3788,.F.);
#5025=ORIENTED_EDGE('',*,*,#3764,.F.);
#5026=ORIENTED_EDGE('',*,*,#3792,.T.);
#5027=ORIENTED_EDGE('',*,*,#3793,.F.);
#5028=ORIENTED_EDGE('',*,*,#3790,.F.);
#5029=ORIENTED_EDGE('',*,*,#3761,.F.);
#5030=ORIENTED_EDGE('',*,*,#3794,.T.);
#5031=ORIENTED_EDGE('',*,*,#3795,.F.);
#5032=ORIENTED_EDGE('',*,*,#3792,.F.);
#5033=ORIENTED_EDGE('',*,*,#3758,.F.);
#5034=ORIENTED_EDGE('',*,*,#3796,.T.);
#5035=ORIENTED_EDGE('',*,*,#3797,.F.);
#5036=ORIENTED_EDGE('',*,*,#3794,.F.);
#5037=ORIENTED_EDGE('',*,*,#3755,.F.);
#5038=ORIENTED_EDGE('',*,*,#3798,.T.);
#5039=ORIENTED_EDGE('',*,*,#3799,.F.);
#5040=ORIENTED_EDGE('',*,*,#3796,.F.);
#5041=ORIENTED_EDGE('',*,*,#3752,.F.);
#5042=ORIENTED_EDGE('',*,*,#3800,.T.);
#5043=ORIENTED_EDGE('',*,*,#3801,.F.);
#5044=ORIENTED_EDGE('',*,*,#3798,.F.);
#5045=ORIENTED_EDGE('',*,*,#3749,.F.);
#5046=ORIENTED_EDGE('',*,*,#3802,.T.);
#5047=ORIENTED_EDGE('',*,*,#3803,.F.);
#5048=ORIENTED_EDGE('',*,*,#3800,.F.);
#5049=ORIENTED_EDGE('',*,*,#3746,.F.);
#5050=ORIENTED_EDGE('',*,*,#3804,.T.);
#5051=ORIENTED_EDGE('',*,*,#3805,.F.);
#5052=ORIENTED_EDGE('',*,*,#3802,.F.);
#5053=ORIENTED_EDGE('',*,*,#3743,.F.);
#5054=ORIENTED_EDGE('',*,*,#3806,.T.);
#5055=ORIENTED_EDGE('',*,*,#3807,.F.);
#5056=ORIENTED_EDGE('',*,*,#3804,.F.);
#5057=ORIENTED_EDGE('',*,*,#3738,.F.);
#5058=ORIENTED_EDGE('',*,*,#3808,.T.);
#5059=ORIENTED_EDGE('',*,*,#3809,.F.);
#5060=ORIENTED_EDGE('',*,*,#3806,.F.);
#5061=ORIENTED_EDGE('',*,*,#3735,.F.);
#5062=ORIENTED_EDGE('',*,*,#3810,.T.);
#5063=ORIENTED_EDGE('',*,*,#3811,.F.);
#5064=ORIENTED_EDGE('',*,*,#3808,.F.);
#5065=ORIENTED_EDGE('',*,*,#3731,.F.);
#5066=ORIENTED_EDGE('',*,*,#3812,.F.);
#5067=ORIENTED_EDGE('',*,*,#3813,.F.);
#5068=ORIENTED_EDGE('',*,*,#3810,.F.);
#5069=ORIENTED_EDGE('',*,*,#3814,.T.);
#5070=ORIENTED_EDGE('',*,*,#3733,.F.);
#5071=ORIENTED_EDGE('',*,*,#3734,.F.);
#5072=ORIENTED_EDGE('',*,*,#3737,.F.);
#5073=ORIENTED_EDGE('',*,*,#3742,.F.);
#5074=ORIENTED_EDGE('',*,*,#3745,.F.);
#5075=ORIENTED_EDGE('',*,*,#3748,.F.);
#5076=ORIENTED_EDGE('',*,*,#3751,.F.);
#5077=ORIENTED_EDGE('',*,*,#3754,.F.);
#5078=ORIENTED_EDGE('',*,*,#3757,.F.);
#5079=ORIENTED_EDGE('',*,*,#3760,.F.);
#5080=ORIENTED_EDGE('',*,*,#3763,.F.);
#5081=ORIENTED_EDGE('',*,*,#3766,.F.);
#5082=ORIENTED_EDGE('',*,*,#3769,.F.);
#5083=ORIENTED_EDGE('',*,*,#3772,.F.);
#5084=ORIENTED_EDGE('',*,*,#3775,.F.);
#5085=ORIENTED_EDGE('',*,*,#3778,.F.);
#5086=ORIENTED_EDGE('',*,*,#3781,.F.);
#5087=ORIENTED_EDGE('',*,*,#3695,.F.);
#5088=ORIENTED_EDGE('',*,*,#3699,.F.);
#5089=ORIENTED_EDGE('',*,*,#3702,.F.);
#5090=ORIENTED_EDGE('',*,*,#3705,.F.);
#5091=ORIENTED_EDGE('',*,*,#3708,.F.);
#5092=ORIENTED_EDGE('',*,*,#3711,.F.);
#5093=ORIENTED_EDGE('',*,*,#3714,.F.);
#5094=ORIENTED_EDGE('',*,*,#3717,.F.);
#5095=ORIENTED_EDGE('',*,*,#3720,.F.);
#5096=ORIENTED_EDGE('',*,*,#3723,.F.);
#5097=ORIENTED_EDGE('',*,*,#3726,.F.);
#5098=ORIENTED_EDGE('',*,*,#3729,.F.);
#5099=ORIENTED_EDGE('',*,*,#3741,.F.);
#5100=ORIENTED_EDGE('',*,*,#3815,.T.);
#5101=ORIENTED_EDGE('',*,*,#3816,.T.);
#5102=ORIENTED_EDGE('',*,*,#3817,.T.);
#5103=ORIENTED_EDGE('',*,*,#3818,.F.);
#5104=ORIENTED_EDGE('',*,*,#3819,.T.);
#5105=ORIENTED_EDGE('',*,*,#3820,.T.);
#5106=ORIENTED_EDGE('',*,*,#3821,.T.);
#5107=ORIENTED_EDGE('',*,*,#3816,.F.);
#5108=ORIENTED_EDGE('',*,*,#3822,.T.);
#5109=ORIENTED_EDGE('',*,*,#3823,.T.);
#5110=ORIENTED_EDGE('',*,*,#3824,.T.);
#5111=ORIENTED_EDGE('',*,*,#3820,.F.);
#5112=ORIENTED_EDGE('',*,*,#3825,.T.);
#5113=ORIENTED_EDGE('',*,*,#3826,.T.);
#5114=ORIENTED_EDGE('',*,*,#3827,.T.);
#5115=ORIENTED_EDGE('',*,*,#3823,.F.);
#5116=ORIENTED_EDGE('',*,*,#3828,.T.);
#5117=ORIENTED_EDGE('',*,*,#3829,.T.);
#5118=ORIENTED_EDGE('',*,*,#3830,.T.);
#5119=ORIENTED_EDGE('',*,*,#3826,.F.);
#5120=ORIENTED_EDGE('',*,*,#3831,.T.);
#5121=ORIENTED_EDGE('',*,*,#3832,.T.);
#5122=ORIENTED_EDGE('',*,*,#3833,.T.);
#5123=ORIENTED_EDGE('',*,*,#3829,.F.);
#5124=ORIENTED_EDGE('',*,*,#3834,.T.);
#5125=ORIENTED_EDGE('',*,*,#3835,.T.);
#5126=ORIENTED_EDGE('',*,*,#3836,.T.);
#5127=ORIENTED_EDGE('',*,*,#3832,.F.);
#5128=ORIENTED_EDGE('',*,*,#3837,.T.);
#5129=ORIENTED_EDGE('',*,*,#3838,.T.);
#5130=ORIENTED_EDGE('',*,*,#3839,.T.);
#5131=ORIENTED_EDGE('',*,*,#3813,.T.);
#5132=ORIENTED_EDGE('',*,*,#3840,.T.);
#5133=ORIENTED_EDGE('',*,*,#3841,.T.);
#5134=ORIENTED_EDGE('',*,*,#3811,.T.);
#5135=ORIENTED_EDGE('',*,*,#3839,.F.);
#5136=ORIENTED_EDGE('',*,*,#3842,.T.);
#5137=ORIENTED_EDGE('',*,*,#3843,.T.);
#5138=ORIENTED_EDGE('',*,*,#3809,.T.);
#5139=ORIENTED_EDGE('',*,*,#3841,.F.);
#5140=ORIENTED_EDGE('',*,*,#3844,.T.);
#5141=ORIENTED_EDGE('',*,*,#3845,.T.);
#5142=ORIENTED_EDGE('',*,*,#3807,.T.);
#5143=ORIENTED_EDGE('',*,*,#3843,.F.);
#5144=ORIENTED_EDGE('',*,*,#3846,.T.);
#5145=ORIENTED_EDGE('',*,*,#3847,.T.);
#5146=ORIENTED_EDGE('',*,*,#3805,.T.);
#5147=ORIENTED_EDGE('',*,*,#3845,.F.);
#5148=ORIENTED_EDGE('',*,*,#3848,.T.);
#5149=ORIENTED_EDGE('',*,*,#3849,.T.);
#5150=ORIENTED_EDGE('',*,*,#3803,.T.);
#5151=ORIENTED_EDGE('',*,*,#3847,.F.);
#5152=ORIENTED_EDGE('',*,*,#3850,.T.);
#5153=ORIENTED_EDGE('',*,*,#3851,.T.);
#5154=ORIENTED_EDGE('',*,*,#3801,.T.);
#5155=ORIENTED_EDGE('',*,*,#3849,.F.);
#5156=ORIENTED_EDGE('',*,*,#3852,.T.);
#5157=ORIENTED_EDGE('',*,*,#3853,.T.);
#5158=ORIENTED_EDGE('',*,*,#3799,.T.);
#5159=ORIENTED_EDGE('',*,*,#3851,.F.);
#5160=ORIENTED_EDGE('',*,*,#3797,.T.);
#5161=ORIENTED_EDGE('',*,*,#3853,.F.);
#5162=ORIENTED_EDGE('',*,*,#3854,.T.);
#5163=ORIENTED_EDGE('',*,*,#3855,.T.);
#5164=ORIENTED_EDGE('',*,*,#3795,.T.);
#5165=ORIENTED_EDGE('',*,*,#3855,.F.);
#5166=ORIENTED_EDGE('',*,*,#3856,.T.);
#5167=ORIENTED_EDGE('',*,*,#3857,.T.);
#5168=ORIENTED_EDGE('',*,*,#3793,.T.);
#5169=ORIENTED_EDGE('',*,*,#3857,.F.);
#5170=ORIENTED_EDGE('',*,*,#3858,.T.);
#5171=ORIENTED_EDGE('',*,*,#3859,.T.);
#5172=ORIENTED_EDGE('',*,*,#3791,.T.);
#5173=ORIENTED_EDGE('',*,*,#3859,.F.);
#5174=ORIENTED_EDGE('',*,*,#3860,.T.);
#5175=ORIENTED_EDGE('',*,*,#3861,.T.);
#5176=ORIENTED_EDGE('',*,*,#3789,.T.);
#5177=ORIENTED_EDGE('',*,*,#3861,.F.);
#5178=ORIENTED_EDGE('',*,*,#3862,.T.);
#5179=ORIENTED_EDGE('',*,*,#3863,.T.);
#5180=ORIENTED_EDGE('',*,*,#3787,.T.);
#5181=ORIENTED_EDGE('',*,*,#3863,.F.);
#5182=ORIENTED_EDGE('',*,*,#3864,.T.);
#5183=ORIENTED_EDGE('',*,*,#3865,.T.);
#5184=ORIENTED_EDGE('',*,*,#3784,.T.);
#5185=ORIENTED_EDGE('',*,*,#3865,.F.);
#5186=ORIENTED_EDGE('',*,*,#3866,.T.);
#5187=ORIENTED_EDGE('',*,*,#3867,.T.);
#5188=ORIENTED_EDGE('',*,*,#3868,.T.);
#5189=ORIENTED_EDGE('',*,*,#3869,.T.);
#5190=ORIENTED_EDGE('',*,*,#3837,.F.);
#5191=ORIENTED_EDGE('',*,*,#3870,.T.);
#5192=ORIENTED_EDGE('',*,*,#3871,.T.);
#5193=ORIENTED_EDGE('',*,*,#3868,.F.);
#5194=ORIENTED_EDGE('',*,*,#3872,.T.);
#5195=ORIENTED_EDGE('',*,*,#3835,.F.);
#5196=ORIENTED_EDGE('',*,*,#3873,.T.);
#5197=ORIENTED_EDGE('',*,*,#3867,.F.);
#5198=ORIENTED_EDGE('',*,*,#3874,.T.);
#5199=ORIENTED_EDGE('',*,*,#3875,.T.);
#5200=ORIENTED_EDGE('',*,*,#3876,.T.);
#5201=ORIENTED_EDGE('',*,*,#3875,.F.);
#5202=ORIENTED_EDGE('',*,*,#3877,.T.);
#5203=ORIENTED_EDGE('',*,*,#3878,.T.);
#5204=ORIENTED_EDGE('',*,*,#3879,.T.);
#5205=ORIENTED_EDGE('',*,*,#3878,.F.);
#5206=ORIENTED_EDGE('',*,*,#3880,.T.);
#5207=ORIENTED_EDGE('',*,*,#3881,.T.);
#5208=ORIENTED_EDGE('',*,*,#3882,.T.);
#5209=ORIENTED_EDGE('',*,*,#3881,.F.);
#5210=ORIENTED_EDGE('',*,*,#3883,.T.);
#5211=ORIENTED_EDGE('',*,*,#3884,.T.);
#5212=ORIENTED_EDGE('',*,*,#3885,.T.);
#5213=ORIENTED_EDGE('',*,*,#3884,.F.);
#5214=ORIENTED_EDGE('',*,*,#3886,.T.);
#5215=ORIENTED_EDGE('',*,*,#3887,.T.);
#5216=ORIENTED_EDGE('',*,*,#3888,.T.);
#5217=ORIENTED_EDGE('',*,*,#3887,.F.);
#5218=ORIENTED_EDGE('',*,*,#3889,.T.);
#5219=ORIENTED_EDGE('',*,*,#3818,.T.);
#5220=ORIENTED_EDGE('',*,*,#3782,.F.);
#5221=ORIENTED_EDGE('',*,*,#3890,.T.);
#5222=ORIENTED_EDGE('',*,*,#3876,.F.);
#5223=ORIENTED_EDGE('',*,*,#3891,.F.);
#5224=ORIENTED_EDGE('',*,*,#3693,.F.);
#5225=ORIENTED_EDGE('',*,*,#3891,.T.);
#5226=ORIENTED_EDGE('',*,*,#3879,.F.);
#5227=ORIENTED_EDGE('',*,*,#3892,.F.);
#5228=ORIENTED_EDGE('',*,*,#3697,.F.);
#5229=ORIENTED_EDGE('',*,*,#3892,.T.);
#5230=ORIENTED_EDGE('',*,*,#3882,.F.);
#5231=ORIENTED_EDGE('',*,*,#3893,.F.);
#5232=ORIENTED_EDGE('',*,*,#3700,.F.);
#5233=ORIENTED_EDGE('',*,*,#3893,.T.);
#5234=ORIENTED_EDGE('',*,*,#3885,.F.);
#5235=ORIENTED_EDGE('',*,*,#3894,.F.);
#5236=ORIENTED_EDGE('',*,*,#3703,.F.);
#5237=ORIENTED_EDGE('',*,*,#3894,.T.);
#5238=ORIENTED_EDGE('',*,*,#3888,.F.);
#5239=ORIENTED_EDGE('',*,*,#3895,.F.);
#5240=ORIENTED_EDGE('',*,*,#3706,.F.);
#5241=ORIENTED_EDGE('',*,*,#3895,.T.);
#5242=ORIENTED_EDGE('',*,*,#3817,.F.);
#5243=ORIENTED_EDGE('',*,*,#3896,.F.);
#5244=ORIENTED_EDGE('',*,*,#3709,.F.);
#5245=ORIENTED_EDGE('',*,*,#3896,.T.);
#5246=ORIENTED_EDGE('',*,*,#3821,.F.);
#5247=ORIENTED_EDGE('',*,*,#3897,.F.);
#5248=ORIENTED_EDGE('',*,*,#3712,.F.);
#5249=ORIENTED_EDGE('',*,*,#3897,.T.);
#5250=ORIENTED_EDGE('',*,*,#3824,.F.);
#5251=ORIENTED_EDGE('',*,*,#3898,.F.);
#5252=ORIENTED_EDGE('',*,*,#3715,.F.);
#5253=ORIENTED_EDGE('',*,*,#3898,.T.);
#5254=ORIENTED_EDGE('',*,*,#3827,.F.);
#5255=ORIENTED_EDGE('',*,*,#3899,.F.);
#5256=ORIENTED_EDGE('',*,*,#3718,.F.);
#5257=ORIENTED_EDGE('',*,*,#3899,.T.);
#5258=ORIENTED_EDGE('',*,*,#3830,.F.);
#5259=ORIENTED_EDGE('',*,*,#3900,.F.);
#5260=ORIENTED_EDGE('',*,*,#3721,.F.);
#5261=ORIENTED_EDGE('',*,*,#3900,.T.);
#5262=ORIENTED_EDGE('',*,*,#3833,.F.);
#5263=ORIENTED_EDGE('',*,*,#3901,.F.);
#5264=ORIENTED_EDGE('',*,*,#3724,.F.);
#5265=ORIENTED_EDGE('',*,*,#3901,.T.);
#5266=ORIENTED_EDGE('',*,*,#3836,.F.);
#5267=ORIENTED_EDGE('',*,*,#3902,.F.);
#5268=ORIENTED_EDGE('',*,*,#3727,.F.);
#5269=ORIENTED_EDGE('',*,*,#3902,.T.);
#5270=ORIENTED_EDGE('',*,*,#3872,.F.);
#5271=ORIENTED_EDGE('',*,*,#3903,.F.);
#5272=ORIENTED_EDGE('',*,*,#3740,.F.);
#5273=ORIENTED_EDGE('',*,*,#3903,.T.);
#5274=ORIENTED_EDGE('',*,*,#3870,.F.);
#5275=ORIENTED_EDGE('',*,*,#3812,.T.);
#5276=ORIENTED_EDGE('',*,*,#3838,.F.);
#5277=ORIENTED_EDGE('',*,*,#3869,.F.);
#5278=ORIENTED_EDGE('',*,*,#3871,.F.);
#5279=ORIENTED_EDGE('',*,*,#3834,.F.);
#5280=ORIENTED_EDGE('',*,*,#3831,.F.);
#5281=ORIENTED_EDGE('',*,*,#3828,.F.);
#5282=ORIENTED_EDGE('',*,*,#3825,.F.);
#5283=ORIENTED_EDGE('',*,*,#3822,.F.);
#5284=ORIENTED_EDGE('',*,*,#3819,.F.);
#5285=ORIENTED_EDGE('',*,*,#3815,.F.);
#5286=ORIENTED_EDGE('',*,*,#3889,.F.);
#5287=ORIENTED_EDGE('',*,*,#3886,.F.);
#5288=ORIENTED_EDGE('',*,*,#3883,.F.);
#5289=ORIENTED_EDGE('',*,*,#3880,.F.);
#5290=ORIENTED_EDGE('',*,*,#3877,.F.);
#5291=ORIENTED_EDGE('',*,*,#3874,.F.);
#5292=ORIENTED_EDGE('',*,*,#3866,.F.);
#5293=ORIENTED_EDGE('',*,*,#3864,.F.);
#5294=ORIENTED_EDGE('',*,*,#3862,.F.);
#5295=ORIENTED_EDGE('',*,*,#3860,.F.);
#5296=ORIENTED_EDGE('',*,*,#3858,.F.);
#5297=ORIENTED_EDGE('',*,*,#3856,.F.);
#5298=ORIENTED_EDGE('',*,*,#3854,.F.);
#5299=ORIENTED_EDGE('',*,*,#3852,.F.);
#5300=ORIENTED_EDGE('',*,*,#3850,.F.);
#5301=ORIENTED_EDGE('',*,*,#3848,.F.);
#5302=ORIENTED_EDGE('',*,*,#3846,.F.);
#5303=ORIENTED_EDGE('',*,*,#3844,.F.);
#5304=ORIENTED_EDGE('',*,*,#3842,.F.);
#5305=ORIENTED_EDGE('',*,*,#3840,.F.);
#5306=ORIENTED_EDGE('',*,*,#3904,.T.);
#5307=ORIENTED_EDGE('',*,*,#3905,.T.);
#5308=ORIENTED_EDGE('',*,*,#3906,.T.);
#5309=ORIENTED_EDGE('',*,*,#3907,.T.);
#5310=ORIENTED_EDGE('',*,*,#3908,.T.);
#5311=ORIENTED_EDGE('',*,*,#3909,.T.);
#5312=ORIENTED_EDGE('',*,*,#3910,.T.);
#5313=ORIENTED_EDGE('',*,*,#3911,.T.);
#5314=ORIENTED_EDGE('',*,*,#3912,.T.);
#5315=ORIENTED_EDGE('',*,*,#3913,.T.);
#5316=ORIENTED_EDGE('',*,*,#3914,.T.);
#5317=ORIENTED_EDGE('',*,*,#3915,.T.);
#5318=ORIENTED_EDGE('',*,*,#3916,.T.);
#5319=ORIENTED_EDGE('',*,*,#3917,.T.);
#5320=ORIENTED_EDGE('',*,*,#3918,.T.);
#5321=ORIENTED_EDGE('',*,*,#3919,.T.);
#5322=ORIENTED_EDGE('',*,*,#3920,.T.);
#5323=ORIENTED_EDGE('',*,*,#3921,.T.);
#5324=ORIENTED_EDGE('',*,*,#3922,.T.);
#5325=ORIENTED_EDGE('',*,*,#3923,.T.);
#5326=ORIENTED_EDGE('',*,*,#3924,.T.);
#5327=ORIENTED_EDGE('',*,*,#3925,.T.);
#5328=ORIENTED_EDGE('',*,*,#3926,.T.);
#5329=ORIENTED_EDGE('',*,*,#3927,.T.);
#5330=ORIENTED_EDGE('',*,*,#3928,.T.);
#5331=ORIENTED_EDGE('',*,*,#3929,.T.);
#5332=ORIENTED_EDGE('',*,*,#3930,.T.);
#5333=ORIENTED_EDGE('',*,*,#3931,.T.);
#5334=ORIENTED_EDGE('',*,*,#3932,.T.);
#5335=ORIENTED_EDGE('',*,*,#3933,.T.);
#5336=ORIENTED_EDGE('',*,*,#3934,.T.);
#5337=ORIENTED_EDGE('',*,*,#3935,.F.);
#5338=ORIENTED_EDGE('',*,*,#3936,.F.);
#5339=ORIENTED_EDGE('',*,*,#3937,.F.);
#5340=ORIENTED_EDGE('',*,*,#3938,.F.);
#5341=ORIENTED_EDGE('',*,*,#3939,.F.);
#5342=ORIENTED_EDGE('',*,*,#3936,.T.);
#5343=ORIENTED_EDGE('',*,*,#3940,.F.);
#5344=ORIENTED_EDGE('',*,*,#3941,.F.);
#5345=ORIENTED_EDGE('',*,*,#3942,.F.);
#5346=ORIENTED_EDGE('',*,*,#3940,.T.);
#5347=ORIENTED_EDGE('',*,*,#3935,.T.);
#5348=ORIENTED_EDGE('',*,*,#3943,.F.);
#5349=ORIENTED_EDGE('',*,*,#3944,.F.);
#5350=ORIENTED_EDGE('',*,*,#3945,.T.);
#5351=ORIENTED_EDGE('',*,*,#3946,.T.);
#5352=ORIENTED_EDGE('',*,*,#3937,.T.);
#5353=ORIENTED_EDGE('',*,*,#3939,.T.);
#5354=ORIENTED_EDGE('',*,*,#3947,.F.);
#5355=ORIENTED_EDGE('',*,*,#3948,.T.);
#5356=ORIENTED_EDGE('',*,*,#3949,.T.);
#5357=ORIENTED_EDGE('',*,*,#3950,.F.);
#5358=ORIENTED_EDGE('',*,*,#3951,.T.);
#5359=ORIENTED_EDGE('',*,*,#3952,.T.);
#5360=ORIENTED_EDGE('',*,*,#3953,.F.);
#5361=ORIENTED_EDGE('',*,*,#3954,.F.);
#5362=ORIENTED_EDGE('',*,*,#3955,.F.);
#5363=ORIENTED_EDGE('',*,*,#3956,.T.);
#5364=ORIENTED_EDGE('',*,*,#3957,.F.);
#5365=ORIENTED_EDGE('',*,*,#3952,.F.);
#5366=ORIENTED_EDGE('',*,*,#3958,.T.);
#5367=ORIENTED_EDGE('',*,*,#3959,.F.);
#5368=ORIENTED_EDGE('',*,*,#3960,.F.);
#5369=ORIENTED_EDGE('',*,*,#3956,.F.);
#5370=ORIENTED_EDGE('',*,*,#3957,.T.);
#5371=ORIENTED_EDGE('',*,*,#3960,.T.);
#5372=ORIENTED_EDGE('',*,*,#3961,.F.);
#5373=ORIENTED_EDGE('',*,*,#3962,.F.);
#5374=ORIENTED_EDGE('',*,*,#3963,.F.);
#5375=ORIENTED_EDGE('',*,*,#3964,.F.);
#5376=ORIENTED_EDGE('',*,*,#3965,.F.);
#5377=ORIENTED_EDGE('',*,*,#3966,.F.);
#5378=ORIENTED_EDGE('',*,*,#3953,.T.);
#5379=ORIENTED_EDGE('',*,*,#3965,.T.);
#5380=ORIENTED_EDGE('',*,*,#3967,.F.);
#5381=ORIENTED_EDGE('',*,*,#3968,.T.);
#5382=ORIENTED_EDGE('',*,*,#3969,.T.);
#5383=ORIENTED_EDGE('',*,*,#3964,.T.);
#5384=ORIENTED_EDGE('',*,*,#3970,.F.);
#5385=ORIENTED_EDGE('',*,*,#3971,.T.);
#5386=ORIENTED_EDGE('',*,*,#3967,.T.);
#5387=ORIENTED_EDGE('',*,*,#3963,.T.);
#5388=ORIENTED_EDGE('',*,*,#3972,.F.);
#5389=ORIENTED_EDGE('',*,*,#3973,.T.);
#5390=ORIENTED_EDGE('',*,*,#3970,.T.);
#5391=ORIENTED_EDGE('',*,*,#3962,.T.);
#5392=ORIENTED_EDGE('',*,*,#3974,.F.);
#5393=ORIENTED_EDGE('',*,*,#3975,.T.);
#5394=ORIENTED_EDGE('',*,*,#3972,.T.);
#5395=ORIENTED_EDGE('',*,*,#3961,.T.);
#5396=ORIENTED_EDGE('',*,*,#3959,.T.);
#5397=ORIENTED_EDGE('',*,*,#3976,.F.);
#5398=ORIENTED_EDGE('',*,*,#3977,.F.);
#5399=ORIENTED_EDGE('',*,*,#3978,.T.);
#5400=ORIENTED_EDGE('',*,*,#3974,.T.);
#5401=ORIENTED_EDGE('',*,*,#3979,.F.);
#5402=ORIENTED_EDGE('',*,*,#3980,.F.);
#5403=ORIENTED_EDGE('',*,*,#3981,.T.);
#5404=ORIENTED_EDGE('',*,*,#3982,.T.);
#5405=ORIENTED_EDGE('',*,*,#3983,.F.);
#5406=ORIENTED_EDGE('',*,*,#3984,.F.);
#5407=ORIENTED_EDGE('',*,*,#3985,.T.);
#5408=ORIENTED_EDGE('',*,*,#3980,.T.);
#5409=ORIENTED_EDGE('',*,*,#3986,.F.);
#5410=ORIENTED_EDGE('',*,*,#3987,.F.);
#5411=ORIENTED_EDGE('',*,*,#3988,.T.);
#5412=ORIENTED_EDGE('',*,*,#3984,.T.);
#5413=ORIENTED_EDGE('',*,*,#3989,.F.);
#5414=ORIENTED_EDGE('',*,*,#3990,.F.);
#5415=ORIENTED_EDGE('',*,*,#3991,.T.);
#5416=ORIENTED_EDGE('',*,*,#3987,.T.);
#5417=ORIENTED_EDGE('',*,*,#3992,.F.);
#5418=ORIENTED_EDGE('',*,*,#3993,.F.);
#5419=ORIENTED_EDGE('',*,*,#3994,.T.);
#5420=ORIENTED_EDGE('',*,*,#3990,.T.);
#5421=ORIENTED_EDGE('',*,*,#3995,.F.);
#5422=ORIENTED_EDGE('',*,*,#3996,.F.);
#5423=ORIENTED_EDGE('',*,*,#3997,.T.);
#5424=ORIENTED_EDGE('',*,*,#3993,.T.);
#5425=ORIENTED_EDGE('',*,*,#3998,.F.);
#5426=ORIENTED_EDGE('',*,*,#3949,.F.);
#5427=ORIENTED_EDGE('',*,*,#3999,.T.);
#5428=ORIENTED_EDGE('',*,*,#3996,.T.);
#5429=ORIENTED_EDGE('',*,*,#4000,.F.);
#5430=ORIENTED_EDGE('',*,*,#4001,.F.);
#5431=ORIENTED_EDGE('',*,*,#4002,.T.);
#5432=ORIENTED_EDGE('',*,*,#4003,.T.);
#5433=ORIENTED_EDGE('',*,*,#4004,.F.);
#5434=ORIENTED_EDGE('',*,*,#4005,.F.);
#5435=ORIENTED_EDGE('',*,*,#4006,.T.);
#5436=ORIENTED_EDGE('',*,*,#4001,.T.);
#5437=ORIENTED_EDGE('',*,*,#4007,.F.);
#5438=ORIENTED_EDGE('',*,*,#4008,.F.);
#5439=ORIENTED_EDGE('',*,*,#4009,.T.);
#5440=ORIENTED_EDGE('',*,*,#4005,.T.);
#5441=ORIENTED_EDGE('',*,*,#4010,.F.);
#5442=ORIENTED_EDGE('',*,*,#4011,.F.);
#5443=ORIENTED_EDGE('',*,*,#4012,.T.);
#5444=ORIENTED_EDGE('',*,*,#4008,.T.);
#5445=ORIENTED_EDGE('',*,*,#3966,.T.);
#5446=ORIENTED_EDGE('',*,*,#3969,.F.);
#5447=ORIENTED_EDGE('',*,*,#4013,.T.);
#5448=ORIENTED_EDGE('',*,*,#4011,.T.);
#5449=ORIENTED_EDGE('',*,*,#4014,.F.);
#5450=ORIENTED_EDGE('',*,*,#3954,.T.);
#5451=ORIENTED_EDGE('',*,*,#4015,.F.);
#5452=ORIENTED_EDGE('',*,*,#4016,.F.);
#5453=ORIENTED_EDGE('',*,*,#4017,.T.);
#5454=ORIENTED_EDGE('',*,*,#3977,.T.);
#5455=ORIENTED_EDGE('',*,*,#4018,.F.);
#5456=ORIENTED_EDGE('',*,*,#3982,.F.);
#5457=ORIENTED_EDGE('',*,*,#4019,.T.);
#5458=ORIENTED_EDGE('',*,*,#4016,.T.);
#5459=ORIENTED_EDGE('',*,*,#3938,.T.);
#5460=ORIENTED_EDGE('',*,*,#4020,.F.);
#5461=ORIENTED_EDGE('',*,*,#4021,.T.);
#5462=ORIENTED_EDGE('',*,*,#3947,.T.);
#5463=ORIENTED_EDGE('',*,*,#3942,.T.);
#5464=ORIENTED_EDGE('',*,*,#4022,.F.);
#5465=ORIENTED_EDGE('',*,*,#4023,.T.);
#5466=ORIENTED_EDGE('',*,*,#4020,.T.);
#5467=ORIENTED_EDGE('',*,*,#3941,.T.);
#5468=ORIENTED_EDGE('',*,*,#3946,.F.);
#5469=ORIENTED_EDGE('',*,*,#4024,.T.);
#5470=ORIENTED_EDGE('',*,*,#4022,.T.);
#5471=ORIENTED_EDGE('',*,*,#4025,.F.);
#5472=ORIENTED_EDGE('',*,*,#4026,.F.);
#5473=ORIENTED_EDGE('',*,*,#4027,.T.);
#5474=ORIENTED_EDGE('',*,*,#3944,.T.);
#5475=ORIENTED_EDGE('',*,*,#4028,.F.);
#5476=ORIENTED_EDGE('',*,*,#4029,.F.);
#5477=ORIENTED_EDGE('',*,*,#4030,.T.);
#5478=ORIENTED_EDGE('',*,*,#4026,.T.);
#5479=ORIENTED_EDGE('',*,*,#4031,.F.);
#5480=ORIENTED_EDGE('',*,*,#4032,.F.);
#5481=ORIENTED_EDGE('',*,*,#4033,.T.);
#5482=ORIENTED_EDGE('',*,*,#4029,.T.);
#5483=ORIENTED_EDGE('',*,*,#4034,.F.);
#5484=ORIENTED_EDGE('',*,*,#4035,.F.);
#5485=ORIENTED_EDGE('',*,*,#4036,.T.);
#5486=ORIENTED_EDGE('',*,*,#4032,.T.);
#5487=ORIENTED_EDGE('',*,*,#4037,.F.);
#5488=ORIENTED_EDGE('',*,*,#4003,.F.);
#5489=ORIENTED_EDGE('',*,*,#4038,.T.);
#5490=ORIENTED_EDGE('',*,*,#4035,.T.);
#5491=ORIENTED_EDGE('',*,*,#4039,.F.);
#5492=ORIENTED_EDGE('',*,*,#4040,.F.);
#5493=ORIENTED_EDGE('',*,*,#4041,.F.);
#5494=ORIENTED_EDGE('',*,*,#4042,.F.);
#5495=ORIENTED_EDGE('',*,*,#4043,.F.);
#5496=ORIENTED_EDGE('',*,*,#4044,.F.);
#5497=ORIENTED_EDGE('',*,*,#4045,.F.);
#5498=ORIENTED_EDGE('',*,*,#4046,.F.);
#5499=ORIENTED_EDGE('',*,*,#4047,.F.);
#5500=ORIENTED_EDGE('',*,*,#4048,.F.);
#5501=ORIENTED_EDGE('',*,*,#4049,.F.);
#5502=ORIENTED_EDGE('',*,*,#4050,.F.);
#5503=ORIENTED_EDGE('',*,*,#4051,.F.);
#5504=ORIENTED_EDGE('',*,*,#4052,.F.);
#5505=ORIENTED_EDGE('',*,*,#4053,.F.);
#5506=ORIENTED_EDGE('',*,*,#4054,.F.);
#5507=ORIENTED_EDGE('',*,*,#4055,.F.);
#5508=ORIENTED_EDGE('',*,*,#4056,.F.);
#5509=ORIENTED_EDGE('',*,*,#4057,.F.);
#5510=ORIENTED_EDGE('',*,*,#4058,.F.);
#5511=ORIENTED_EDGE('',*,*,#4059,.F.);
#5512=ORIENTED_EDGE('',*,*,#4060,.F.);
#5513=ORIENTED_EDGE('',*,*,#4061,.F.);
#5514=ORIENTED_EDGE('',*,*,#4062,.F.);
#5515=ORIENTED_EDGE('',*,*,#4063,.F.);
#5516=ORIENTED_EDGE('',*,*,#4064,.F.);
#5517=ORIENTED_EDGE('',*,*,#4065,.F.);
#5518=ORIENTED_EDGE('',*,*,#4066,.F.);
#5519=ORIENTED_EDGE('',*,*,#4067,.F.);
#5520=ORIENTED_EDGE('',*,*,#4068,.F.);
#5521=ORIENTED_EDGE('',*,*,#3973,.F.);
#5522=ORIENTED_EDGE('',*,*,#3975,.F.);
#5523=ORIENTED_EDGE('',*,*,#3978,.F.);
#5524=ORIENTED_EDGE('',*,*,#4017,.F.);
#5525=ORIENTED_EDGE('',*,*,#4019,.F.);
#5526=ORIENTED_EDGE('',*,*,#3981,.F.);
#5527=ORIENTED_EDGE('',*,*,#3985,.F.);
#5528=ORIENTED_EDGE('',*,*,#3988,.F.);
#5529=ORIENTED_EDGE('',*,*,#3991,.F.);
#5530=ORIENTED_EDGE('',*,*,#3994,.F.);
#5531=ORIENTED_EDGE('',*,*,#3997,.F.);
#5532=ORIENTED_EDGE('',*,*,#3999,.F.);
#5533=ORIENTED_EDGE('',*,*,#3948,.F.);
#5534=ORIENTED_EDGE('',*,*,#4021,.F.);
#5535=ORIENTED_EDGE('',*,*,#4023,.F.);
#5536=ORIENTED_EDGE('',*,*,#4024,.F.);
#5537=ORIENTED_EDGE('',*,*,#3945,.F.);
#5538=ORIENTED_EDGE('',*,*,#4027,.F.);
#5539=ORIENTED_EDGE('',*,*,#4030,.F.);
#5540=ORIENTED_EDGE('',*,*,#4033,.F.);
#5541=ORIENTED_EDGE('',*,*,#4036,.F.);
#5542=ORIENTED_EDGE('',*,*,#4038,.F.);
#5543=ORIENTED_EDGE('',*,*,#4002,.F.);
#5544=ORIENTED_EDGE('',*,*,#4006,.F.);
#5545=ORIENTED_EDGE('',*,*,#4009,.F.);
#5546=ORIENTED_EDGE('',*,*,#4012,.F.);
#5547=ORIENTED_EDGE('',*,*,#4013,.F.);
#5548=ORIENTED_EDGE('',*,*,#3968,.F.);
#5549=ORIENTED_EDGE('',*,*,#3971,.F.);
#5550=ORIENTED_EDGE('',*,*,#3904,.F.);
#5551=ORIENTED_EDGE('',*,*,#3933,.F.);
#5552=ORIENTED_EDGE('',*,*,#3932,.F.);
#5553=ORIENTED_EDGE('',*,*,#3931,.F.);
#5554=ORIENTED_EDGE('',*,*,#3930,.F.);
#5555=ORIENTED_EDGE('',*,*,#3929,.F.);
#5556=ORIENTED_EDGE('',*,*,#3928,.F.);
#5557=ORIENTED_EDGE('',*,*,#3927,.F.);
#5558=ORIENTED_EDGE('',*,*,#3926,.F.);
#5559=ORIENTED_EDGE('',*,*,#3925,.F.);
#5560=ORIENTED_EDGE('',*,*,#3924,.F.);
#5561=ORIENTED_EDGE('',*,*,#3923,.F.);
#5562=ORIENTED_EDGE('',*,*,#3922,.F.);
#5563=ORIENTED_EDGE('',*,*,#3921,.F.);
#5564=ORIENTED_EDGE('',*,*,#3920,.F.);
#5565=ORIENTED_EDGE('',*,*,#3919,.F.);
#5566=ORIENTED_EDGE('',*,*,#3918,.F.);
#5567=ORIENTED_EDGE('',*,*,#3917,.F.);
#5568=ORIENTED_EDGE('',*,*,#3916,.F.);
#5569=ORIENTED_EDGE('',*,*,#3915,.F.);
#5570=ORIENTED_EDGE('',*,*,#3914,.F.);
#5571=ORIENTED_EDGE('',*,*,#3913,.F.);
#5572=ORIENTED_EDGE('',*,*,#3912,.F.);
#5573=ORIENTED_EDGE('',*,*,#3911,.F.);
#5574=ORIENTED_EDGE('',*,*,#3910,.F.);
#5575=ORIENTED_EDGE('',*,*,#3909,.F.);
#5576=ORIENTED_EDGE('',*,*,#3908,.F.);
#5577=ORIENTED_EDGE('',*,*,#3907,.F.);
#5578=ORIENTED_EDGE('',*,*,#3906,.F.);
#5579=ORIENTED_EDGE('',*,*,#3905,.F.);
#5580=ORIENTED_EDGE('',*,*,#4069,.T.);
#5581=ORIENTED_EDGE('',*,*,#4070,.T.);
#5582=ORIENTED_EDGE('',*,*,#4071,.T.);
#5583=ORIENTED_EDGE('',*,*,#4072,.T.);
#5584=ORIENTED_EDGE('',*,*,#4073,.T.);
#5585=ORIENTED_EDGE('',*,*,#4074,.T.);
#5586=ORIENTED_EDGE('',*,*,#4072,.F.);
#5587=ORIENTED_EDGE('',*,*,#4075,.F.);
#5588=ORIENTED_EDGE('',*,*,#4076,.T.);
#5589=ORIENTED_EDGE('',*,*,#4075,.T.);
#5590=ORIENTED_EDGE('',*,*,#4071,.F.);
#5591=ORIENTED_EDGE('',*,*,#4077,.F.);
#5592=ORIENTED_EDGE('',*,*,#4078,.T.);
#5593=ORIENTED_EDGE('',*,*,#4077,.T.);
#5594=ORIENTED_EDGE('',*,*,#4070,.F.);
#5595=ORIENTED_EDGE('',*,*,#4079,.F.);
#5596=ORIENTED_EDGE('',*,*,#4080,.T.);
#5597=ORIENTED_EDGE('',*,*,#4079,.T.);
#5598=ORIENTED_EDGE('',*,*,#4069,.F.);
#5599=ORIENTED_EDGE('',*,*,#4074,.F.);
#5600=ORIENTED_EDGE('',*,*,#3976,.T.);
#5601=ORIENTED_EDGE('',*,*,#3958,.F.);
#5602=ORIENTED_EDGE('',*,*,#3955,.T.);
#5603=ORIENTED_EDGE('',*,*,#3951,.F.);
#5604=ORIENTED_EDGE('',*,*,#4014,.T.);
#5605=ORIENTED_EDGE('',*,*,#4010,.T.);
#5606=ORIENTED_EDGE('',*,*,#4007,.T.);
#5607=ORIENTED_EDGE('',*,*,#4004,.T.);
#5608=ORIENTED_EDGE('',*,*,#4000,.T.);
#5609=ORIENTED_EDGE('',*,*,#4037,.T.);
#5610=ORIENTED_EDGE('',*,*,#4034,.T.);
#5611=ORIENTED_EDGE('',*,*,#4031,.T.);
#5612=ORIENTED_EDGE('',*,*,#4028,.T.);
#5613=ORIENTED_EDGE('',*,*,#4025,.T.);
#5614=ORIENTED_EDGE('',*,*,#3943,.T.);
#5615=ORIENTED_EDGE('',*,*,#3934,.F.);
#5616=ORIENTED_EDGE('',*,*,#3950,.T.);
#5617=ORIENTED_EDGE('',*,*,#3998,.T.);
#5618=ORIENTED_EDGE('',*,*,#3995,.T.);
#5619=ORIENTED_EDGE('',*,*,#3992,.T.);
#5620=ORIENTED_EDGE('',*,*,#3989,.T.);
#5621=ORIENTED_EDGE('',*,*,#3986,.T.);
#5622=ORIENTED_EDGE('',*,*,#3983,.T.);
#5623=ORIENTED_EDGE('',*,*,#3979,.T.);
#5624=ORIENTED_EDGE('',*,*,#4018,.T.);
#5625=ORIENTED_EDGE('',*,*,#4015,.T.);
#5626=ORIENTED_EDGE('',*,*,#4080,.F.);
#5627=ORIENTED_EDGE('',*,*,#4073,.F.);
#5628=ORIENTED_EDGE('',*,*,#4076,.F.);
#5629=ORIENTED_EDGE('',*,*,#4078,.F.);
#5630=ORIENTED_EDGE('',*,*,#4053,.T.);
#5631=ORIENTED_EDGE('',*,*,#4081,.F.);
#5632=ORIENTED_EDGE('',*,*,#4082,.F.);
#5633=ORIENTED_EDGE('',*,*,#4083,.T.);
#5634=ORIENTED_EDGE('',*,*,#4052,.T.);
#5635=ORIENTED_EDGE('',*,*,#4084,.F.);
#5636=ORIENTED_EDGE('',*,*,#4085,.F.);
#5637=ORIENTED_EDGE('',*,*,#4081,.T.);
#5638=ORIENTED_EDGE('',*,*,#4051,.T.);
#5639=ORIENTED_EDGE('',*,*,#4086,.F.);
#5640=ORIENTED_EDGE('',*,*,#4087,.F.);
#5641=ORIENTED_EDGE('',*,*,#4084,.T.);
#5642=ORIENTED_EDGE('',*,*,#4050,.T.);
#5643=ORIENTED_EDGE('',*,*,#4088,.F.);
#5644=ORIENTED_EDGE('',*,*,#4089,.F.);
#5645=ORIENTED_EDGE('',*,*,#4086,.T.);
#5646=ORIENTED_EDGE('',*,*,#4049,.T.);
#5647=ORIENTED_EDGE('',*,*,#4090,.F.);
#5648=ORIENTED_EDGE('',*,*,#4091,.F.);
#5649=ORIENTED_EDGE('',*,*,#4088,.T.);
#5650=ORIENTED_EDGE('',*,*,#4048,.T.);
#5651=ORIENTED_EDGE('',*,*,#4092,.F.);
#5652=ORIENTED_EDGE('',*,*,#4093,.F.);
#5653=ORIENTED_EDGE('',*,*,#4090,.T.);
#5654=ORIENTED_EDGE('',*,*,#4047,.T.);
#5655=ORIENTED_EDGE('',*,*,#4094,.F.);
#5656=ORIENTED_EDGE('',*,*,#4095,.F.);
#5657=ORIENTED_EDGE('',*,*,#4092,.T.);
#5658=ORIENTED_EDGE('',*,*,#4046,.T.);
#5659=ORIENTED_EDGE('',*,*,#4096,.F.);
#5660=ORIENTED_EDGE('',*,*,#4097,.F.);
#5661=ORIENTED_EDGE('',*,*,#4094,.T.);
#5662=ORIENTED_EDGE('',*,*,#4045,.T.);
#5663=ORIENTED_EDGE('',*,*,#4098,.F.);
#5664=ORIENTED_EDGE('',*,*,#4099,.F.);
#5665=ORIENTED_EDGE('',*,*,#4096,.T.);
#5666=ORIENTED_EDGE('',*,*,#4044,.T.);
#5667=ORIENTED_EDGE('',*,*,#4100,.F.);
#5668=ORIENTED_EDGE('',*,*,#4101,.F.);
#5669=ORIENTED_EDGE('',*,*,#4098,.T.);
#5670=ORIENTED_EDGE('',*,*,#4043,.T.);
#5671=ORIENTED_EDGE('',*,*,#4102,.F.);
#5672=ORIENTED_EDGE('',*,*,#4103,.F.);
#5673=ORIENTED_EDGE('',*,*,#4100,.T.);
#5674=ORIENTED_EDGE('',*,*,#4042,.T.);
#5675=ORIENTED_EDGE('',*,*,#4104,.F.);
#5676=ORIENTED_EDGE('',*,*,#4105,.F.);
#5677=ORIENTED_EDGE('',*,*,#4102,.T.);
#5678=ORIENTED_EDGE('',*,*,#4041,.T.);
#5679=ORIENTED_EDGE('',*,*,#4106,.F.);
#5680=ORIENTED_EDGE('',*,*,#4107,.F.);
#5681=ORIENTED_EDGE('',*,*,#4104,.T.);
#5682=ORIENTED_EDGE('',*,*,#4040,.T.);
#5683=ORIENTED_EDGE('',*,*,#4108,.F.);
#5684=ORIENTED_EDGE('',*,*,#4109,.F.);
#5685=ORIENTED_EDGE('',*,*,#4106,.T.);
#5686=ORIENTED_EDGE('',*,*,#4039,.T.);
#5687=ORIENTED_EDGE('',*,*,#4110,.T.);
#5688=ORIENTED_EDGE('',*,*,#4111,.F.);
#5689=ORIENTED_EDGE('',*,*,#4108,.T.);
#5690=ORIENTED_EDGE('',*,*,#4068,.T.);
#5691=ORIENTED_EDGE('',*,*,#4112,.F.);
#5692=ORIENTED_EDGE('',*,*,#4113,.F.);
#5693=ORIENTED_EDGE('',*,*,#4110,.F.);
#5694=ORIENTED_EDGE('',*,*,#4067,.T.);
#5695=ORIENTED_EDGE('',*,*,#4114,.F.);
#5696=ORIENTED_EDGE('',*,*,#4115,.F.);
#5697=ORIENTED_EDGE('',*,*,#4112,.T.);
#5698=ORIENTED_EDGE('',*,*,#4066,.T.);
#5699=ORIENTED_EDGE('',*,*,#4116,.F.);
#5700=ORIENTED_EDGE('',*,*,#4117,.F.);
#5701=ORIENTED_EDGE('',*,*,#4114,.T.);
#5702=ORIENTED_EDGE('',*,*,#4065,.T.);
#5703=ORIENTED_EDGE('',*,*,#4118,.F.);
#5704=ORIENTED_EDGE('',*,*,#4119,.F.);
#5705=ORIENTED_EDGE('',*,*,#4116,.T.);
#5706=ORIENTED_EDGE('',*,*,#4064,.T.);
#5707=ORIENTED_EDGE('',*,*,#4120,.F.);
#5708=ORIENTED_EDGE('',*,*,#4121,.F.);
#5709=ORIENTED_EDGE('',*,*,#4118,.T.);
#5710=ORIENTED_EDGE('',*,*,#4063,.T.);
#5711=ORIENTED_EDGE('',*,*,#4122,.F.);
#5712=ORIENTED_EDGE('',*,*,#4123,.F.);
#5713=ORIENTED_EDGE('',*,*,#4120,.T.);
#5714=ORIENTED_EDGE('',*,*,#4062,.T.);
#5715=ORIENTED_EDGE('',*,*,#4124,.F.);
#5716=ORIENTED_EDGE('',*,*,#4125,.F.);
#5717=ORIENTED_EDGE('',*,*,#4122,.T.);
#5718=ORIENTED_EDGE('',*,*,#4061,.T.);
#5719=ORIENTED_EDGE('',*,*,#4126,.F.);
#5720=ORIENTED_EDGE('',*,*,#4127,.F.);
#5721=ORIENTED_EDGE('',*,*,#4124,.T.);
#5722=ORIENTED_EDGE('',*,*,#4060,.T.);
#5723=ORIENTED_EDGE('',*,*,#4128,.F.);
#5724=ORIENTED_EDGE('',*,*,#4129,.F.);
#5725=ORIENTED_EDGE('',*,*,#4126,.T.);
#5726=ORIENTED_EDGE('',*,*,#4059,.T.);
#5727=ORIENTED_EDGE('',*,*,#4130,.F.);
#5728=ORIENTED_EDGE('',*,*,#4131,.F.);
#5729=ORIENTED_EDGE('',*,*,#4128,.T.);
#5730=ORIENTED_EDGE('',*,*,#4058,.T.);
#5731=ORIENTED_EDGE('',*,*,#4132,.F.);
#5732=ORIENTED_EDGE('',*,*,#4133,.F.);
#5733=ORIENTED_EDGE('',*,*,#4130,.T.);
#5734=ORIENTED_EDGE('',*,*,#4057,.T.);
#5735=ORIENTED_EDGE('',*,*,#4134,.F.);
#5736=ORIENTED_EDGE('',*,*,#4135,.F.);
#5737=ORIENTED_EDGE('',*,*,#4132,.T.);
#5738=ORIENTED_EDGE('',*,*,#4056,.T.);
#5739=ORIENTED_EDGE('',*,*,#4136,.F.);
#5740=ORIENTED_EDGE('',*,*,#4137,.F.);
#5741=ORIENTED_EDGE('',*,*,#4134,.T.);
#5742=ORIENTED_EDGE('',*,*,#4055,.T.);
#5743=ORIENTED_EDGE('',*,*,#4138,.F.);
#5744=ORIENTED_EDGE('',*,*,#4139,.F.);
#5745=ORIENTED_EDGE('',*,*,#4136,.T.);
#5746=ORIENTED_EDGE('',*,*,#4054,.T.);
#5747=ORIENTED_EDGE('',*,*,#4083,.F.);
#5748=ORIENTED_EDGE('',*,*,#4140,.F.);
#5749=ORIENTED_EDGE('',*,*,#4138,.T.);
#5750=ORIENTED_EDGE('',*,*,#3779,.F.);
#5751=ORIENTED_EDGE('',*,*,#3785,.T.);
#5752=ORIENTED_EDGE('',*,*,#3873,.F.);
#5753=ORIENTED_EDGE('',*,*,#3890,.F.);
#5754=ORIENTED_EDGE('',*,*,#3278,.T.);
#5755=ORIENTED_EDGE('',*,*,#3283,.F.);
#5756=ORIENTED_EDGE('',*,*,#3325,.F.);
#5757=ORIENTED_EDGE('',*,*,#4141,.F.);
#5758=ORIENTED_EDGE('',*,*,#3303,.T.);
#5759=ORIENTED_EDGE('',*,*,#3300,.F.);
#5760=ORIENTED_EDGE('',*,*,#3306,.F.);
#5761=ORIENTED_EDGE('',*,*,#4142,.F.);
#5762=ORIENTED_EDGE('',*,*,#3346,.T.);
#5763=ORIENTED_EDGE('',*,*,#3343,.F.);
#5764=ORIENTED_EDGE('',*,*,#4143,.T.);
#5765=ORIENTED_EDGE('',*,*,#3814,.F.);
#5766=ORIENTED_EDGE('',*,*,#4143,.F.);
#5767=ORIENTED_EDGE('',*,*,#3342,.F.);
#5768=ORIENTED_EDGE('',*,*,#3349,.F.);
#5769=ORIENTED_EDGE('',*,*,#4144,.F.);
#5770=ORIENTED_EDGE('',*,*,#3369,.T.);
#5771=ORIENTED_EDGE('',*,*,#3366,.F.);
#5772=ORIENTED_EDGE('',*,*,#3372,.F.);
#5773=ORIENTED_EDGE('',*,*,#4145,.F.);
#5774=ORIENTED_EDGE('',*,*,#3392,.T.);
#5775=ORIENTED_EDGE('',*,*,#3389,.F.);
#5776=ORIENTED_EDGE('',*,*,#3395,.F.);
#5777=ORIENTED_EDGE('',*,*,#4146,.F.);
#5778=ORIENTED_EDGE('',*,*,#3415,.T.);
#5779=ORIENTED_EDGE('',*,*,#3412,.F.);
#5780=ORIENTED_EDGE('',*,*,#3418,.F.);
#5781=ORIENTED_EDGE('',*,*,#4147,.F.);
#5782=ORIENTED_EDGE('',*,*,#3461,.T.);
#5783=ORIENTED_EDGE('',*,*,#3458,.F.);
#5784=ORIENTED_EDGE('',*,*,#3464,.F.);
#5785=ORIENTED_EDGE('',*,*,#4148,.F.);
#5786=ORIENTED_EDGE('',*,*,#3438,.T.);
#5787=ORIENTED_EDGE('',*,*,#3435,.F.);
#5788=ORIENTED_EDGE('',*,*,#3441,.F.);
#5789=ORIENTED_EDGE('',*,*,#4149,.F.);
#5790=ORIENTED_EDGE('',*,*,#3322,.T.);
#5791=ORIENTED_EDGE('',*,*,#3279,.F.);
#5792=ORIENTED_EDGE('',*,*,#3269,.T.);
#5793=ORIENTED_EDGE('',*,*,#3271,.T.);
#5794=ORIENTED_EDGE('',*,*,#3304,.T.);
#5795=ORIENTED_EDGE('',*,*,#4141,.T.);
#5796=ORIENTED_EDGE('',*,*,#3324,.T.);
#5797=ORIENTED_EDGE('',*,*,#3318,.T.);
#5798=ORIENTED_EDGE('',*,*,#3323,.T.);
#5799=ORIENTED_EDGE('',*,*,#4149,.T.);
#5800=ORIENTED_EDGE('',*,*,#3440,.T.);
#5801=ORIENTED_EDGE('',*,*,#3430,.T.);
#5802=ORIENTED_EDGE('',*,*,#3439,.T.);
#5803=ORIENTED_EDGE('',*,*,#4148,.T.);
#5804=ORIENTED_EDGE('',*,*,#3463,.T.);
#5805=ORIENTED_EDGE('',*,*,#3453,.T.);
#5806=ORIENTED_EDGE('',*,*,#3462,.T.);
#5807=ORIENTED_EDGE('',*,*,#4147,.T.);
#5808=ORIENTED_EDGE('',*,*,#3417,.T.);
#5809=ORIENTED_EDGE('',*,*,#3407,.T.);
#5810=ORIENTED_EDGE('',*,*,#3416,.T.);
#5811=ORIENTED_EDGE('',*,*,#4146,.T.);
#5812=ORIENTED_EDGE('',*,*,#3394,.T.);
#5813=ORIENTED_EDGE('',*,*,#3384,.T.);
#5814=ORIENTED_EDGE('',*,*,#3393,.T.);
#5815=ORIENTED_EDGE('',*,*,#4145,.T.);
#5816=ORIENTED_EDGE('',*,*,#3371,.T.);
#5817=ORIENTED_EDGE('',*,*,#3361,.T.);
#5818=ORIENTED_EDGE('',*,*,#3370,.T.);
#5819=ORIENTED_EDGE('',*,*,#4144,.T.);
#5820=ORIENTED_EDGE('',*,*,#3348,.T.);
#5821=ORIENTED_EDGE('',*,*,#3337,.T.);
#5822=ORIENTED_EDGE('',*,*,#3347,.T.);
#5823=ORIENTED_EDGE('',*,*,#4142,.T.);
#5824=ORIENTED_EDGE('',*,*,#3305,.T.);
#5825=ORIENTED_EDGE('',*,*,#3295,.T.);
#5826=ORIENTED_EDGE('',*,*,#3470,.T.);
#5827=ORIENTED_EDGE('',*,*,#3476,.T.);
#5828=ORIENTED_EDGE('',*,*,#3482,.T.);
#5829=ORIENTED_EDGE('',*,*,#3488,.T.);
#5830=ORIENTED_EDGE('',*,*,#3494,.T.);
#5831=ORIENTED_EDGE('',*,*,#3500,.T.);
#5832=ORIENTED_EDGE('',*,*,#3506,.T.);
#5833=ORIENTED_EDGE('',*,*,#3512,.T.);
#5834=ORIENTED_EDGE('',*,*,#3518,.T.);
#5835=ORIENTED_EDGE('',*,*,#3524,.T.);
#5836=ORIENTED_EDGE('',*,*,#3530,.T.);
#5837=ORIENTED_EDGE('',*,*,#3536,.T.);
#5838=ORIENTED_EDGE('',*,*,#3542,.T.);
#5839=ORIENTED_EDGE('',*,*,#3548,.T.);
#5840=ORIENTED_EDGE('',*,*,#3554,.T.);
#5841=ORIENTED_EDGE('',*,*,#3560,.T.);
#5842=ORIENTED_EDGE('',*,*,#3566,.T.);
#5843=ORIENTED_EDGE('',*,*,#3572,.T.);
#5844=ORIENTED_EDGE('',*,*,#3578,.T.);
#5845=ORIENTED_EDGE('',*,*,#3584,.T.);
#5846=ORIENTED_EDGE('',*,*,#3590,.T.);
#5847=ORIENTED_EDGE('',*,*,#3596,.T.);
#5848=ORIENTED_EDGE('',*,*,#3602,.T.);
#5849=ORIENTED_EDGE('',*,*,#3608,.T.);
#5850=ORIENTED_EDGE('',*,*,#3614,.T.);
#5851=ORIENTED_EDGE('',*,*,#3620,.T.);
#5852=ORIENTED_EDGE('',*,*,#3626,.T.);
#5853=ORIENTED_EDGE('',*,*,#3632,.T.);
#5854=ORIENTED_EDGE('',*,*,#3638,.T.);
#5855=ORIENTED_EDGE('',*,*,#3644,.T.);
#5856=ORIENTED_EDGE('',*,*,#3650,.T.);
#5857=ORIENTED_EDGE('',*,*,#3656,.T.);
#5858=ORIENTED_EDGE('',*,*,#3662,.T.);
#5859=ORIENTED_EDGE('',*,*,#3668,.T.);
#5860=ORIENTED_EDGE('',*,*,#3674,.T.);
#5861=ORIENTED_EDGE('',*,*,#3677,.T.);
#5862=ORIENTED_EDGE('',*,*,#3680,.T.);
#5863=ORIENTED_EDGE('',*,*,#3683,.T.);
#5864=ORIENTED_EDGE('',*,*,#3686,.T.);
#5865=ORIENTED_EDGE('',*,*,#3689,.T.);
#5866=ORIENTED_EDGE('',*,*,#3692,.T.);
#5867=ORIENTED_EDGE('',*,*,#4111,.T.);
#5868=ORIENTED_EDGE('',*,*,#4113,.T.);
#5869=ORIENTED_EDGE('',*,*,#4115,.T.);
#5870=ORIENTED_EDGE('',*,*,#4117,.T.);
#5871=ORIENTED_EDGE('',*,*,#4119,.T.);
#5872=ORIENTED_EDGE('',*,*,#4121,.T.);
#5873=ORIENTED_EDGE('',*,*,#4123,.T.);
#5874=ORIENTED_EDGE('',*,*,#4125,.T.);
#5875=ORIENTED_EDGE('',*,*,#4127,.T.);
#5876=ORIENTED_EDGE('',*,*,#4129,.T.);
#5877=ORIENTED_EDGE('',*,*,#4131,.T.);
#5878=ORIENTED_EDGE('',*,*,#4133,.T.);
#5879=ORIENTED_EDGE('',*,*,#4135,.T.);
#5880=ORIENTED_EDGE('',*,*,#4137,.T.);
#5881=ORIENTED_EDGE('',*,*,#4139,.T.);
#5882=ORIENTED_EDGE('',*,*,#4140,.T.);
#5883=ORIENTED_EDGE('',*,*,#4082,.T.);
#5884=ORIENTED_EDGE('',*,*,#4085,.T.);
#5885=ORIENTED_EDGE('',*,*,#4087,.T.);
#5886=ORIENTED_EDGE('',*,*,#4089,.T.);
#5887=ORIENTED_EDGE('',*,*,#4091,.T.);
#5888=ORIENTED_EDGE('',*,*,#4093,.T.);
#5889=ORIENTED_EDGE('',*,*,#4095,.T.);
#5890=ORIENTED_EDGE('',*,*,#4097,.T.);
#5891=ORIENTED_EDGE('',*,*,#4099,.T.);
#5892=ORIENTED_EDGE('',*,*,#4101,.T.);
#5893=ORIENTED_EDGE('',*,*,#4103,.T.);
#5894=ORIENTED_EDGE('',*,*,#4105,.T.);
#5895=ORIENTED_EDGE('',*,*,#4107,.T.);
#5896=ORIENTED_EDGE('',*,*,#4109,.T.);
#5897=ORIENTED_EDGE('',*,*,#3671,.T.);
#5898=ORIENTED_EDGE('',*,*,#3665,.T.);
#5899=ORIENTED_EDGE('',*,*,#3659,.T.);
#5900=ORIENTED_EDGE('',*,*,#3653,.T.);
#5901=ORIENTED_EDGE('',*,*,#3647,.T.);
#5902=ORIENTED_EDGE('',*,*,#3641,.T.);
#5903=ORIENTED_EDGE('',*,*,#3635,.T.);
#5904=ORIENTED_EDGE('',*,*,#3629,.T.);
#5905=ORIENTED_EDGE('',*,*,#3623,.T.);
#5906=ORIENTED_EDGE('',*,*,#3617,.T.);
#5907=ORIENTED_EDGE('',*,*,#3611,.T.);
#5908=ORIENTED_EDGE('',*,*,#3605,.T.);
#5909=ORIENTED_EDGE('',*,*,#3599,.T.);
#5910=ORIENTED_EDGE('',*,*,#3593,.T.);
#5911=ORIENTED_EDGE('',*,*,#3587,.T.);
#5912=ORIENTED_EDGE('',*,*,#3581,.T.);
#5913=ORIENTED_EDGE('',*,*,#3575,.T.);
#5914=ORIENTED_EDGE('',*,*,#3569,.T.);
#5915=ORIENTED_EDGE('',*,*,#3563,.T.);
#5916=ORIENTED_EDGE('',*,*,#3557,.T.);
#5917=ORIENTED_EDGE('',*,*,#3551,.T.);
#5918=ORIENTED_EDGE('',*,*,#3545,.T.);
#5919=ORIENTED_EDGE('',*,*,#3539,.T.);
#5920=ORIENTED_EDGE('',*,*,#3533,.T.);
#5921=ORIENTED_EDGE('',*,*,#3527,.T.);
#5922=ORIENTED_EDGE('',*,*,#3521,.T.);
#5923=ORIENTED_EDGE('',*,*,#3515,.T.);
#5924=ORIENTED_EDGE('',*,*,#3509,.T.);
#5925=ORIENTED_EDGE('',*,*,#3503,.T.);
#5926=ORIENTED_EDGE('',*,*,#3497,.T.);
#5927=ORIENTED_EDGE('',*,*,#3491,.T.);
#5928=ORIENTED_EDGE('',*,*,#3485,.T.);
#5929=ORIENTED_EDGE('',*,*,#3479,.T.);
#5930=ORIENTED_EDGE('',*,*,#3473,.T.);
#5931=ORIENTED_EDGE('',*,*,#3467,.T.);
#5932=CYLINDRICAL_SURFACE('',#6451,0.2);
#5933=CYLINDRICAL_SURFACE('',#6471,66.7);
#5934=CYLINDRICAL_SURFACE('',#6485,66.7);
#5935=CYLINDRICAL_SURFACE('',#6494,66.7);
#5936=CYLINDRICAL_SURFACE('',#6509,66.7);
#5937=CYLINDRICAL_SURFACE('',#6523,66.7);
#5938=CYLINDRICAL_SURFACE('',#6537,66.7);
#5939=CYLINDRICAL_SURFACE('',#6551,66.7);
#5940=CYLINDRICAL_SURFACE('',#6565,66.7);
#5941=CYLINDRICAL_SURFACE('',#6575,1.00000001490116);
#5942=CYLINDRICAL_SURFACE('',#6579,1.00000001490116);
#5943=CYLINDRICAL_SURFACE('',#6583,1.00000001490116);
#5944=CYLINDRICAL_SURFACE('',#6587,1.00000001490116);
#5945=CYLINDRICAL_SURFACE('',#6591,1.00000001490116);
#5946=CYLINDRICAL_SURFACE('',#6595,1.00000001490116);
#5947=CYLINDRICAL_SURFACE('',#6599,1.00000001490116);
#5948=CYLINDRICAL_SURFACE('',#6603,1.00000001490116);
#5949=CYLINDRICAL_SURFACE('',#6607,1.00000001490116);
#5950=CYLINDRICAL_SURFACE('',#6611,1.00000001490116);
#5951=CYLINDRICAL_SURFACE('',#6615,1.00000001490116);
#5952=CYLINDRICAL_SURFACE('',#6619,1.00000001490116);
#5953=CYLINDRICAL_SURFACE('',#6623,1.00000001490116);
#5954=CYLINDRICAL_SURFACE('',#6627,1.00000001490116);
#5955=CYLINDRICAL_SURFACE('',#6631,1.00000001490116);
#5956=CYLINDRICAL_SURFACE('',#6635,1.00000001490116);
#5957=CYLINDRICAL_SURFACE('',#6639,1.00000001490116);
#5958=CYLINDRICAL_SURFACE('',#6643,1.00000001490116);
#5959=CYLINDRICAL_SURFACE('',#6647,1.00000001490116);
#5960=CYLINDRICAL_SURFACE('',#6651,1.00000001490116);
#5961=CYLINDRICAL_SURFACE('',#6655,1.00000001490116);
#5962=CYLINDRICAL_SURFACE('',#6659,1.00000001490116);
#5963=CYLINDRICAL_SURFACE('',#6663,1.00000001490116);
#5964=CYLINDRICAL_SURFACE('',#6667,1.00000001490116);
#5965=CYLINDRICAL_SURFACE('',#6671,1.00000001490116);
#5966=CYLINDRICAL_SURFACE('',#6675,1.00000001490116);
#5967=CYLINDRICAL_SURFACE('',#6679,1.00000001490116);
#5968=CYLINDRICAL_SURFACE('',#6683,1.00000001490116);
#5969=CYLINDRICAL_SURFACE('',#6687,1.00000001490116);
#5970=CYLINDRICAL_SURFACE('',#6691,1.00000001490116);
#5971=CYLINDRICAL_SURFACE('',#6695,1.00000001490116);
#5972=CYLINDRICAL_SURFACE('',#6699,1.00000001490116);
#5973=CYLINDRICAL_SURFACE('',#6703,1.00000001490116);
#5974=CYLINDRICAL_SURFACE('',#6707,1.00000001490116);
#5975=CYLINDRICAL_SURFACE('',#6711,1.00000001490116);
#5976=CYLINDRICAL_SURFACE('',#6715,1.00000001490116);
#5977=CYLINDRICAL_SURFACE('',#6719,1.00000001490116);
#5978=CYLINDRICAL_SURFACE('',#6723,1.00000001490116);
#5979=CYLINDRICAL_SURFACE('',#6727,1.00000001490116);
#5980=CYLINDRICAL_SURFACE('',#6731,1.00000001490116);
#5981=CYLINDRICAL_SURFACE('',#6735,1.00000001490116);
#5982=CYLINDRICAL_SURFACE('',#6739,1.00000001490116);
#5983=CYLINDRICAL_SURFACE('',#6743,1.00000001490116);
#5984=CYLINDRICAL_SURFACE('',#6747,1.00000001490116);
#5985=CYLINDRICAL_SURFACE('',#6751,1.00000001490116);
#5986=CYLINDRICAL_SURFACE('',#6755,1.00000001490116);
#5987=CYLINDRICAL_SURFACE('',#6759,1.00000001490116);
#5988=CYLINDRICAL_SURFACE('',#6763,1.00000001490116);
#5989=CYLINDRICAL_SURFACE('',#6767,1.00000001490116);
#5990=CYLINDRICAL_SURFACE('',#6771,1.00000001490116);
#5991=CYLINDRICAL_SURFACE('',#6775,1.00000001490116);
#5992=CYLINDRICAL_SURFACE('',#6779,1.00000001490116);
#5993=CYLINDRICAL_SURFACE('',#6783,1.00000001490116);
#5994=CYLINDRICAL_SURFACE('',#6787,1.00000001490116);
#5995=CYLINDRICAL_SURFACE('',#6791,1.00000001490116);
#5996=CYLINDRICAL_SURFACE('',#6795,1.00000001490116);
#5997=CYLINDRICAL_SURFACE('',#6799,1.00000001490116);
#5998=CYLINDRICAL_SURFACE('',#6803,1.00000001490116);
#5999=CYLINDRICAL_SURFACE('',#6807,1.00000001490116);
#6000=CYLINDRICAL_SURFACE('',#6811,1.00000001490116);
#6001=CYLINDRICAL_SURFACE('',#6815,1.00000001490116);
#6002=CYLINDRICAL_SURFACE('',#6819,1.00000001490116);
#6003=CYLINDRICAL_SURFACE('',#6823,1.00000001490116);
#6004=CYLINDRICAL_SURFACE('',#6827,1.00000001490116);
#6005=CYLINDRICAL_SURFACE('',#6831,1.00000001490116);
#6006=CYLINDRICAL_SURFACE('',#6835,1.00000001490116);
#6007=CYLINDRICAL_SURFACE('',#6839,1.00000001490116);
#6008=CYLINDRICAL_SURFACE('',#6843,1.00000001490116);
#6009=CYLINDRICAL_SURFACE('',#6847,1.00000001490116);
#6010=CYLINDRICAL_SURFACE('',#6851,1.00000001490116);
#6011=CYLINDRICAL_SURFACE('',#6855,1.00000001490116);
#6012=CYLINDRICAL_SURFACE('',#6859,1.00000001490116);
#6013=CYLINDRICAL_SURFACE('',#6863,1.00000001490116);
#6014=CYLINDRICAL_SURFACE('',#6867,1.00000001490116);
#6015=CYLINDRICAL_SURFACE('',#6871,1.00000001490116);
#6016=CYLINDRICAL_SURFACE('',#6875,1.00000001490116);
#6017=CYLINDRICAL_SURFACE('',#6896,1.);
#6018=CYLINDRICAL_SURFACE('',#6899,1.);
#6019=CYLINDRICAL_SURFACE('',#6901,1.);
#6020=CYLINDRICAL_SURFACE('',#6903,1.);
#6021=CYLINDRICAL_SURFACE('',#6905,1.);
#6022=CYLINDRICAL_SURFACE('',#6907,1.);
#6023=CYLINDRICAL_SURFACE('',#6909,1.);
#6024=CYLINDRICAL_SURFACE('',#6911,1.);
#6025=CYLINDRICAL_SURFACE('',#6913,1.);
#6026=CYLINDRICAL_SURFACE('',#6915,1.);
#6027=CYLINDRICAL_SURFACE('',#6917,1.);
#6028=CYLINDRICAL_SURFACE('',#6919,1.);
#6029=CYLINDRICAL_SURFACE('',#6921,1.);
#6030=CYLINDRICAL_SURFACE('',#6923,1.);
#6031=CYLINDRICAL_SURFACE('',#6925,1.);
#6032=CYLINDRICAL_SURFACE('',#6927,1.);
#6033=CYLINDRICAL_SURFACE('',#6929,1.);
#6034=CYLINDRICAL_SURFACE('',#6931,1.);
#6035=CYLINDRICAL_SURFACE('',#6933,1.);
#6036=CYLINDRICAL_SURFACE('',#6935,1.);
#6037=CYLINDRICAL_SURFACE('',#6937,1.);
#6038=CYLINDRICAL_SURFACE('',#6939,1.);
#6039=CYLINDRICAL_SURFACE('',#6941,1.);
#6040=CYLINDRICAL_SURFACE('',#6943,1.);
#6041=CYLINDRICAL_SURFACE('',#6944,1.);
#6042=CYLINDRICAL_SURFACE('',#6946,1.);
#6043=CYLINDRICAL_SURFACE('',#6948,1.);
#6044=CYLINDRICAL_SURFACE('',#6950,1.);
#6045=CYLINDRICAL_SURFACE('',#6952,1.);
#6046=CYLINDRICAL_SURFACE('',#6954,1.);
#6047=CYLINDRICAL_SURFACE('',#7043,68.);
#6048=ADVANCED_FACE('',(#492),#5932,.T.);
#6049=ADVANCED_FACE('',(#493),#257,.T.);
#6050=ADVANCED_FACE('',(#494),#258,.T.);
#6051=ADVANCED_FACE('',(#495),#259,.T.);
#6052=ADVANCED_FACE('',(#496),#260,.T.);
#6053=ADVANCED_FACE('',(#497),#261,.T.);
#6054=ADVANCED_FACE('',(#498),#262,.T.);
#6055=ADVANCED_FACE('',(#499),#155,.T.);
#6056=ADVANCED_FACE('',(#500),#263,.T.);
#6057=ADVANCED_FACE('',(#501),#264,.T.);
#6058=ADVANCED_FACE('',(#502),#265,.F.);
#6059=ADVANCED_FACE('',(#503),#5933,.F.);
#6060=ADVANCED_FACE('',(#504),#156,.T.);
#6061=ADVANCED_FACE('',(#505),#266,.T.);
#6062=ADVANCED_FACE('',(#506),#267,.T.);
#6063=ADVANCED_FACE('',(#507),#268,.T.);
#6064=ADVANCED_FACE('',(#508),#269,.T.);
#6065=ADVANCED_FACE('',(#509),#270,.T.);
#6066=ADVANCED_FACE('',(#510),#271,.F.);
#6067=ADVANCED_FACE('',(#511),#5934,.F.);
#6068=ADVANCED_FACE('',(#512),#272,.T.);
#6069=ADVANCED_FACE('',(#513),#273,.T.);
#6070=ADVANCED_FACE('',(#514),#274,.T.);
#6071=ADVANCED_FACE('',(#515),#275,.T.);
#6072=ADVANCED_FACE('',(#516),#276,.T.);
#6073=ADVANCED_FACE('',(#517),#277,.F.);
#6074=ADVANCED_FACE('',(#518),#5935,.F.);
#6075=ADVANCED_FACE('',(#519),#157,.T.);
#6076=ADVANCED_FACE('',(#520),#278,.T.);
#6077=ADVANCED_FACE('',(#521),#279,.T.);
#6078=ADVANCED_FACE('',(#522),#280,.T.);
#6079=ADVANCED_FACE('',(#523),#281,.T.);
#6080=ADVANCED_FACE('',(#524),#282,.T.);
#6081=ADVANCED_FACE('',(#525),#283,.F.);
#6082=ADVANCED_FACE('',(#526),#5936,.F.);
#6083=ADVANCED_FACE('',(#527),#158,.T.);
#6084=ADVANCED_FACE('',(#528),#284,.T.);
#6085=ADVANCED_FACE('',(#529),#285,.T.);
#6086=ADVANCED_FACE('',(#530),#286,.T.);
#6087=ADVANCED_FACE('',(#531),#287,.T.);
#6088=ADVANCED_FACE('',(#532),#288,.T.);
#6089=ADVANCED_FACE('',(#533),#289,.F.);
#6090=ADVANCED_FACE('',(#534),#5937,.F.);
#6091=ADVANCED_FACE('',(#535),#159,.T.);
#6092=ADVANCED_FACE('',(#536),#290,.T.);
#6093=ADVANCED_FACE('',(#537),#291,.T.);
#6094=ADVANCED_FACE('',(#538),#292,.T.);
#6095=ADVANCED_FACE('',(#539),#293,.T.);
#6096=ADVANCED_FACE('',(#540),#294,.T.);
#6097=ADVANCED_FACE('',(#541),#295,.F.);
#6098=ADVANCED_FACE('',(#542),#5938,.F.);
#6099=ADVANCED_FACE('',(#543),#160,.T.);
#6100=ADVANCED_FACE('',(#544),#296,.T.);
#6101=ADVANCED_FACE('',(#545),#297,.T.);
#6102=ADVANCED_FACE('',(#546),#298,.T.);
#6103=ADVANCED_FACE('',(#547),#299,.T.);
#6104=ADVANCED_FACE('',(#548),#300,.T.);
#6105=ADVANCED_FACE('',(#549),#301,.F.);
#6106=ADVANCED_FACE('',(#550),#5939,.F.);
#6107=ADVANCED_FACE('',(#551),#161,.T.);
#6108=ADVANCED_FACE('',(#552),#302,.T.);
#6109=ADVANCED_FACE('',(#553),#303,.T.);
#6110=ADVANCED_FACE('',(#554),#304,.T.);
#6111=ADVANCED_FACE('',(#555),#305,.T.);
#6112=ADVANCED_FACE('',(#556),#306,.T.);
#6113=ADVANCED_FACE('',(#557),#307,.F.);
#6114=ADVANCED_FACE('',(#558),#5940,.F.);
#6115=ADVANCED_FACE('',(#559),#162,.T.);
#6116=ADVANCED_FACE('',(#560),#308,.T.);
#6117=ADVANCED_FACE('',(#561),#309,.T.);
#6118=ADVANCED_FACE('',(#562),#310,.T.);
#6119=ADVANCED_FACE('',(#563),#5941,.T.);
#6120=ADVANCED_FACE('',(#564),#311,.T.);
#6121=ADVANCED_FACE('',(#565),#5942,.T.);
#6122=ADVANCED_FACE('',(#566),#312,.T.);
#6123=ADVANCED_FACE('',(#567),#5943,.T.);
#6124=ADVANCED_FACE('',(#568),#313,.T.);
#6125=ADVANCED_FACE('',(#569),#5944,.T.);
#6126=ADVANCED_FACE('',(#570),#314,.T.);
#6127=ADVANCED_FACE('',(#571),#5945,.T.);
#6128=ADVANCED_FACE('',(#572),#315,.T.);
#6129=ADVANCED_FACE('',(#573),#5946,.T.);
#6130=ADVANCED_FACE('',(#574),#316,.T.);
#6131=ADVANCED_FACE('',(#575),#5947,.T.);
#6132=ADVANCED_FACE('',(#576),#317,.T.);
#6133=ADVANCED_FACE('',(#577),#5948,.T.);
#6134=ADVANCED_FACE('',(#578),#318,.T.);
#6135=ADVANCED_FACE('',(#579),#5949,.T.);
#6136=ADVANCED_FACE('',(#580),#319,.T.);
#6137=ADVANCED_FACE('',(#581),#5950,.T.);
#6138=ADVANCED_FACE('',(#582),#320,.T.);
#6139=ADVANCED_FACE('',(#583),#5951,.T.);
#6140=ADVANCED_FACE('',(#584),#321,.T.);
#6141=ADVANCED_FACE('',(#585),#5952,.T.);
#6142=ADVANCED_FACE('',(#586),#322,.T.);
#6143=ADVANCED_FACE('',(#587),#5953,.T.);
#6144=ADVANCED_FACE('',(#588),#323,.T.);
#6145=ADVANCED_FACE('',(#589),#5954,.T.);
#6146=ADVANCED_FACE('',(#590),#324,.T.);
#6147=ADVANCED_FACE('',(#591),#5955,.T.);
#6148=ADVANCED_FACE('',(#592),#325,.T.);
#6149=ADVANCED_FACE('',(#593),#5956,.T.);
#6150=ADVANCED_FACE('',(#594),#326,.T.);
#6151=ADVANCED_FACE('',(#595),#5957,.T.);
#6152=ADVANCED_FACE('',(#596),#327,.T.);
#6153=ADVANCED_FACE('',(#597),#5958,.T.);
#6154=ADVANCED_FACE('',(#598),#328,.T.);
#6155=ADVANCED_FACE('',(#599),#5959,.T.);
#6156=ADVANCED_FACE('',(#600),#329,.T.);
#6157=ADVANCED_FACE('',(#601),#5960,.T.);
#6158=ADVANCED_FACE('',(#602),#330,.T.);
#6159=ADVANCED_FACE('',(#603),#5961,.T.);
#6160=ADVANCED_FACE('',(#604),#331,.T.);
#6161=ADVANCED_FACE('',(#605),#5962,.T.);
#6162=ADVANCED_FACE('',(#606),#332,.T.);
#6163=ADVANCED_FACE('',(#607),#5963,.T.);
#6164=ADVANCED_FACE('',(#608),#333,.T.);
#6165=ADVANCED_FACE('',(#609),#5964,.T.);
#6166=ADVANCED_FACE('',(#610),#334,.T.);
#6167=ADVANCED_FACE('',(#611),#5965,.T.);
#6168=ADVANCED_FACE('',(#612),#335,.T.);
#6169=ADVANCED_FACE('',(#613),#5966,.T.);
#6170=ADVANCED_FACE('',(#614),#336,.T.);
#6171=ADVANCED_FACE('',(#615),#5967,.T.);
#6172=ADVANCED_FACE('',(#616),#337,.T.);
#6173=ADVANCED_FACE('',(#617),#5968,.T.);
#6174=ADVANCED_FACE('',(#618),#338,.T.);
#6175=ADVANCED_FACE('',(#619),#5969,.T.);
#6176=ADVANCED_FACE('',(#620),#339,.T.);
#6177=ADVANCED_FACE('',(#621),#5970,.T.);
#6178=ADVANCED_FACE('',(#622),#340,.T.);
#6179=ADVANCED_FACE('',(#623),#5971,.T.);
#6180=ADVANCED_FACE('',(#624),#341,.T.);
#6181=ADVANCED_FACE('',(#625),#5972,.T.);
#6182=ADVANCED_FACE('',(#626),#342,.T.);
#6183=ADVANCED_FACE('',(#627),#5973,.T.);
#6184=ADVANCED_FACE('',(#628),#343,.T.);
#6185=ADVANCED_FACE('',(#629),#5974,.T.);
#6186=ADVANCED_FACE('',(#630),#344,.T.);
#6187=ADVANCED_FACE('',(#631),#5975,.T.);
#6188=ADVANCED_FACE('',(#632),#345,.T.);
#6189=ADVANCED_FACE('',(#633),#5976,.T.);
#6190=ADVANCED_FACE('',(#634),#346,.T.);
#6191=ADVANCED_FACE('',(#635),#5977,.T.);
#6192=ADVANCED_FACE('',(#636),#347,.T.);
#6193=ADVANCED_FACE('',(#637),#5978,.T.);
#6194=ADVANCED_FACE('',(#638),#348,.T.);
#6195=ADVANCED_FACE('',(#639),#5979,.T.);
#6196=ADVANCED_FACE('',(#640),#349,.T.);
#6197=ADVANCED_FACE('',(#641),#5980,.T.);
#6198=ADVANCED_FACE('',(#642),#350,.T.);
#6199=ADVANCED_FACE('',(#643),#5981,.T.);
#6200=ADVANCED_FACE('',(#644),#351,.T.);
#6201=ADVANCED_FACE('',(#645),#5982,.T.);
#6202=ADVANCED_FACE('',(#646),#352,.T.);
#6203=ADVANCED_FACE('',(#647),#5983,.T.);
#6204=ADVANCED_FACE('',(#648),#353,.T.);
#6205=ADVANCED_FACE('',(#649),#5984,.T.);
#6206=ADVANCED_FACE('',(#650),#354,.T.);
#6207=ADVANCED_FACE('',(#651),#5985,.T.);
#6208=ADVANCED_FACE('',(#652),#355,.T.);
#6209=ADVANCED_FACE('',(#653),#5986,.T.);
#6210=ADVANCED_FACE('',(#654),#356,.T.);
#6211=ADVANCED_FACE('',(#655),#5987,.T.);
#6212=ADVANCED_FACE('',(#656),#357,.T.);
#6213=ADVANCED_FACE('',(#657),#5988,.T.);
#6214=ADVANCED_FACE('',(#658),#358,.T.);
#6215=ADVANCED_FACE('',(#659),#5989,.T.);
#6216=ADVANCED_FACE('',(#660),#359,.T.);
#6217=ADVANCED_FACE('',(#661),#5990,.T.);
#6218=ADVANCED_FACE('',(#662),#360,.T.);
#6219=ADVANCED_FACE('',(#663),#5991,.T.);
#6220=ADVANCED_FACE('',(#664),#361,.T.);
#6221=ADVANCED_FACE('',(#665),#5992,.T.);
#6222=ADVANCED_FACE('',(#666),#362,.T.);
#6223=ADVANCED_FACE('',(#667),#5993,.T.);
#6224=ADVANCED_FACE('',(#668),#363,.T.);
#6225=ADVANCED_FACE('',(#669),#5994,.T.);
#6226=ADVANCED_FACE('',(#670),#364,.T.);
#6227=ADVANCED_FACE('',(#671),#5995,.T.);
#6228=ADVANCED_FACE('',(#672),#365,.T.);
#6229=ADVANCED_FACE('',(#673),#5996,.T.);
#6230=ADVANCED_FACE('',(#674),#366,.T.);
#6231=ADVANCED_FACE('',(#675),#5997,.T.);
#6232=ADVANCED_FACE('',(#676),#367,.T.);
#6233=ADVANCED_FACE('',(#677),#5998,.T.);
#6234=ADVANCED_FACE('',(#678),#368,.T.);
#6235=ADVANCED_FACE('',(#679),#5999,.T.);
#6236=ADVANCED_FACE('',(#680),#369,.T.);
#6237=ADVANCED_FACE('',(#681),#6000,.T.);
#6238=ADVANCED_FACE('',(#682),#370,.T.);
#6239=ADVANCED_FACE('',(#683),#6001,.T.);
#6240=ADVANCED_FACE('',(#684),#371,.T.);
#6241=ADVANCED_FACE('',(#685),#6002,.T.);
#6242=ADVANCED_FACE('',(#686),#372,.T.);
#6243=ADVANCED_FACE('',(#687),#6003,.T.);
#6244=ADVANCED_FACE('',(#688),#373,.T.);
#6245=ADVANCED_FACE('',(#689),#6004,.T.);
#6246=ADVANCED_FACE('',(#690),#374,.T.);
#6247=ADVANCED_FACE('',(#691),#6005,.T.);
#6248=ADVANCED_FACE('',(#692),#375,.T.);
#6249=ADVANCED_FACE('',(#693),#6006,.T.);
#6250=ADVANCED_FACE('',(#694),#376,.T.);
#6251=ADVANCED_FACE('',(#695),#6007,.T.);
#6252=ADVANCED_FACE('',(#696),#377,.T.);
#6253=ADVANCED_FACE('',(#697),#6008,.T.);
#6254=ADVANCED_FACE('',(#698),#378,.T.);
#6255=ADVANCED_FACE('',(#699),#6009,.T.);
#6256=ADVANCED_FACE('',(#700),#379,.T.);
#6257=ADVANCED_FACE('',(#701),#6010,.T.);
#6258=ADVANCED_FACE('',(#702),#380,.T.);
#6259=ADVANCED_FACE('',(#703),#6011,.T.);
#6260=ADVANCED_FACE('',(#704),#381,.T.);
#6261=ADVANCED_FACE('',(#705),#6012,.T.);
#6262=ADVANCED_FACE('',(#706),#382,.T.);
#6263=ADVANCED_FACE('',(#707),#6013,.T.);
#6264=ADVANCED_FACE('',(#708),#383,.T.);
#6265=ADVANCED_FACE('',(#709),#6014,.T.);
#6266=ADVANCED_FACE('',(#710),#384,.T.);
#6267=ADVANCED_FACE('',(#711),#6015,.T.);
#6268=ADVANCED_FACE('',(#712),#385,.T.);
#6269=ADVANCED_FACE('',(#713),#6016,.T.);
#6270=ADVANCED_FACE('',(#714),#386,.T.);
#6271=ADVANCED_FACE('',(#715),#125,.T.);
#6272=ADVANCED_FACE('',(#716),#126,.T.);
#6273=ADVANCED_FACE('',(#717),#127,.T.);
#6274=ADVANCED_FACE('',(#718),#128,.T.);
#6275=ADVANCED_FACE('',(#719),#129,.T.);
#6276=ADVANCED_FACE('',(#720),#130,.T.);
#6277=ADVANCED_FACE('',(#721),#131,.T.);
#6278=ADVANCED_FACE('',(#722),#132,.T.);
#6279=ADVANCED_FACE('',(#723),#133,.T.);
#6280=ADVANCED_FACE('',(#724),#134,.T.);
#6281=ADVANCED_FACE('',(#725),#135,.T.);
#6282=ADVANCED_FACE('',(#726),#136,.T.);
#6283=ADVANCED_FACE('',(#727),#137,.T.);
#6284=ADVANCED_FACE('',(#728),#138,.T.);
#6285=ADVANCED_FACE('',(#729),#139,.T.);
#6286=ADVANCED_FACE('',(#730),#140,.T.);
#6287=ADVANCED_FACE('',(#731),#141,.T.);
#6288=ADVANCED_FACE('',(#732),#142,.T.);
#6289=ADVANCED_FACE('',(#733),#143,.T.);
#6290=ADVANCED_FACE('',(#734),#144,.T.);
#6291=ADVANCED_FACE('',(#735),#145,.T.);
#6292=ADVANCED_FACE('',(#736),#146,.T.);
#6293=ADVANCED_FACE('',(#737),#147,.T.);
#6294=ADVANCED_FACE('',(#738),#148,.T.);
#6295=ADVANCED_FACE('',(#739),#149,.T.);
#6296=ADVANCED_FACE('',(#740),#150,.T.);
#6297=ADVANCED_FACE('',(#741),#151,.T.);
#6298=ADVANCED_FACE('',(#742),#152,.T.);
#6299=ADVANCED_FACE('',(#743),#153,.T.);
#6300=ADVANCED_FACE('',(#744),#154,.T.);
#6301=ADVANCED_FACE('',(#745),#387,.T.);
#6302=ADVANCED_FACE('',(#746),#388,.T.);
#6303=ADVANCED_FACE('',(#747),#389,.T.);
#6304=ADVANCED_FACE('',(#748),#390,.T.);
#6305=ADVANCED_FACE('',(#749),#391,.T.);
#6306=ADVANCED_FACE('',(#750),#392,.T.);
#6307=ADVANCED_FACE('',(#751),#393,.T.);
#6308=ADVANCED_FACE('',(#752),#394,.T.);
#6309=ADVANCED_FACE('',(#753),#395,.T.);
#6310=ADVANCED_FACE('',(#754),#396,.T.);
#6311=ADVANCED_FACE('',(#755),#397,.T.);
#6312=ADVANCED_FACE('',(#756),#398,.T.);
#6313=ADVANCED_FACE('',(#757),#399,.T.);
#6314=ADVANCED_FACE('',(#758),#400,.T.);
#6315=ADVANCED_FACE('',(#759),#401,.T.);
#6316=ADVANCED_FACE('',(#760,#43),#402,.T.);
#6317=ADVANCED_FACE('',(#761),#6017,.T.);
#6318=ADVANCED_FACE('',(#762),#6018,.T.);
#6319=ADVANCED_FACE('',(#763),#6019,.T.);
#6320=ADVANCED_FACE('',(#764),#6020,.T.);
#6321=ADVANCED_FACE('',(#765),#6021,.T.);
#6322=ADVANCED_FACE('',(#766),#6022,.T.);
#6323=ADVANCED_FACE('',(#767),#6023,.T.);
#6324=ADVANCED_FACE('',(#768),#6024,.T.);
#6325=ADVANCED_FACE('',(#769),#6025,.T.);
#6326=ADVANCED_FACE('',(#770),#6026,.T.);
#6327=ADVANCED_FACE('',(#771),#6027,.T.);
#6328=ADVANCED_FACE('',(#772),#6028,.T.);
#6329=ADVANCED_FACE('',(#773),#6029,.T.);
#6330=ADVANCED_FACE('',(#774),#6030,.T.);
#6331=ADVANCED_FACE('',(#775),#6031,.T.);
#6332=ADVANCED_FACE('',(#776),#6032,.T.);
#6333=ADVANCED_FACE('',(#777),#6033,.T.);
#6334=ADVANCED_FACE('',(#778),#6034,.T.);
#6335=ADVANCED_FACE('',(#779),#6035,.T.);
#6336=ADVANCED_FACE('',(#780),#6036,.T.);
#6337=ADVANCED_FACE('',(#781),#6037,.T.);
#6338=ADVANCED_FACE('',(#782),#6038,.T.);
#6339=ADVANCED_FACE('',(#783),#6039,.T.);
#6340=ADVANCED_FACE('',(#784),#6040,.T.);
#6341=ADVANCED_FACE('',(#785),#6041,.T.);
#6342=ADVANCED_FACE('',(#786),#6042,.T.);
#6343=ADVANCED_FACE('',(#787),#6043,.T.);
#6344=ADVANCED_FACE('',(#788),#6044,.T.);
#6345=ADVANCED_FACE('',(#789),#6045,.T.);
#6346=ADVANCED_FACE('',(#790),#6046,.T.);
#6347=ADVANCED_FACE('',(#791),#403,.T.);
#6348=ADVANCED_FACE('',(#792),#404,.T.);
#6349=ADVANCED_FACE('',(#793),#405,.T.);
#6350=ADVANCED_FACE('',(#794),#406,.T.);
#6351=ADVANCED_FACE('',(#795),#407,.T.);
#6352=ADVANCED_FACE('',(#796),#408,.T.);
#6353=ADVANCED_FACE('',(#797),#409,.T.);
#6354=ADVANCED_FACE('',(#798),#410,.T.);
#6355=ADVANCED_FACE('',(#799),#411,.T.);
#6356=ADVANCED_FACE('',(#800),#412,.T.);
#6357=ADVANCED_FACE('',(#801),#413,.T.);
#6358=ADVANCED_FACE('',(#802),#414,.T.);
#6359=ADVANCED_FACE('',(#803),#415,.T.);
#6360=ADVANCED_FACE('',(#804),#416,.T.);
#6361=ADVANCED_FACE('',(#805,#44),#417,.T.);
#6362=ADVANCED_FACE('',(#806),#418,.T.);
#6363=ADVANCED_FACE('',(#807),#419,.T.);
#6364=ADVANCED_FACE('',(#808),#420,.T.);
#6365=ADVANCED_FACE('',(#809),#421,.T.);
#6366=ADVANCED_FACE('',(#810),#422,.T.);
#6367=ADVANCED_FACE('',(#811),#423,.T.);
#6368=ADVANCED_FACE('',(#812),#424,.T.);
#6369=ADVANCED_FACE('',(#813),#425,.T.);
#6370=ADVANCED_FACE('',(#814),#426,.T.);
#6371=ADVANCED_FACE('',(#815),#427,.T.);
#6372=ADVANCED_FACE('',(#816),#428,.T.);
#6373=ADVANCED_FACE('',(#817),#429,.T.);
#6374=ADVANCED_FACE('',(#818),#430,.T.);
#6375=ADVANCED_FACE('',(#819),#431,.T.);
#6376=ADVANCED_FACE('',(#820),#432,.T.);
#6377=ADVANCED_FACE('',(#821),#433,.T.);
#6378=ADVANCED_FACE('',(#822),#434,.T.);
#6379=ADVANCED_FACE('',(#823),#435,.T.);
#6380=ADVANCED_FACE('',(#824),#436,.T.);
#6381=ADVANCED_FACE('',(#825),#437,.T.);
#6382=ADVANCED_FACE('',(#826),#438,.T.);
#6383=ADVANCED_FACE('',(#827),#439,.T.);
#6384=ADVANCED_FACE('',(#828),#440,.T.);
#6385=ADVANCED_FACE('',(#829),#441,.T.);
#6386=ADVANCED_FACE('',(#830),#442,.T.);
#6387=ADVANCED_FACE('',(#831),#443,.T.);
#6388=ADVANCED_FACE('',(#832),#444,.T.);
#6389=ADVANCED_FACE('',(#833),#445,.T.);
#6390=ADVANCED_FACE('',(#834),#446,.T.);
#6391=ADVANCED_FACE('',(#835),#447,.T.);
#6392=ADVANCED_FACE('',(#836),#448,.T.);
#6393=ADVANCED_FACE('',(#837),#449,.T.);
#6394=ADVANCED_FACE('',(#838),#450,.T.);
#6395=ADVANCED_FACE('',(#839),#451,.T.);
#6396=ADVANCED_FACE('',(#840),#452,.T.);
#6397=ADVANCED_FACE('',(#841,#45),#453,.F.);
#6398=ADVANCED_FACE('',(#842,#46),#454,.T.);
#6399=ADVANCED_FACE('',(#843),#455,.T.);
#6400=ADVANCED_FACE('',(#844),#456,.T.);
#6401=ADVANCED_FACE('',(#845),#457,.T.);
#6402=ADVANCED_FACE('',(#846),#458,.T.);
#6403=ADVANCED_FACE('',(#847,#47),#459,.F.);
#6404=ADVANCED_FACE('',(#848),#460,.T.);
#6405=ADVANCED_FACE('',(#849),#461,.T.);
#6406=ADVANCED_FACE('',(#850),#462,.T.);
#6407=ADVANCED_FACE('',(#851),#463,.T.);
#6408=ADVANCED_FACE('',(#852),#464,.T.);
#6409=ADVANCED_FACE('',(#853),#465,.T.);
#6410=ADVANCED_FACE('',(#854),#466,.T.);
#6411=ADVANCED_FACE('',(#855),#467,.T.);
#6412=ADVANCED_FACE('',(#856),#468,.T.);
#6413=ADVANCED_FACE('',(#857),#469,.T.);
#6414=ADVANCED_FACE('',(#858),#470,.T.);
#6415=ADVANCED_FACE('',(#859),#471,.T.);
#6416=ADVANCED_FACE('',(#860),#472,.T.);
#6417=ADVANCED_FACE('',(#861),#473,.T.);
#6418=ADVANCED_FACE('',(#862),#474,.T.);
#6419=ADVANCED_FACE('',(#863),#475,.T.);
#6420=ADVANCED_FACE('',(#864),#476,.T.);
#6421=ADVANCED_FACE('',(#865),#477,.T.);
#6422=ADVANCED_FACE('',(#866),#478,.T.);
#6423=ADVANCED_FACE('',(#867),#479,.T.);
#6424=ADVANCED_FACE('',(#868),#480,.T.);
#6425=ADVANCED_FACE('',(#869),#481,.T.);
#6426=ADVANCED_FACE('',(#870),#482,.T.);
#6427=ADVANCED_FACE('',(#871),#483,.T.);
#6428=ADVANCED_FACE('',(#872),#484,.T.);
#6429=ADVANCED_FACE('',(#873),#485,.T.);
#6430=ADVANCED_FACE('',(#874),#486,.T.);
#6431=ADVANCED_FACE('',(#875),#487,.T.);
#6432=ADVANCED_FACE('',(#876),#488,.T.);
#6433=ADVANCED_FACE('',(#877),#489,.T.);
#6434=ADVANCED_FACE('',(#878),#490,.T.);
#6435=ADVANCED_FACE('',(#879),#6047,.T.);
#6436=ADVANCED_FACE('',(#880,#48,#49,#50,#51,#52,#53,#54,#55,#56,#57,#58,
#59,#60,#61,#62,#63,#64,#65,#66,#67,#68,#69,#70,#71,#72,#73,#74,#75,#76,
#77,#78,#79,#80,#81,#82,#83,#84,#85,#86,#87,#88,#89,#90,#91,#92,#93,#94,
#95,#96,#97,#98,#99,#100,#101,#102,#103,#104,#105,#106,#107,#108,#109,#110,
#111,#112,#113,#114,#115,#116,#117,#118,#119,#120,#121,#122,#123,#124),
#491,.F.);
#6437=CLOSED_SHELL('',(#6048,#6049,#6050,#6051,#6052,#6053,#6054,#6055,
#6056,#6057,#6058,#6059,#6060,#6061,#6062,#6063,#6064,#6065,#6066,#6067,
#6068,#6069,#6070,#6071,#6072,#6073,#6074,#6075,#6076,#6077,#6078,#6079,
#6080,#6081,#6082,#6083,#6084,#6085,#6086,#6087,#6088,#6089,#6090,#6091,
#6092,#6093,#6094,#6095,#6096,#6097,#6098,#6099,#6100,#6101,#6102,#6103,
#6104,#6105,#6106,#6107,#6108,#6109,#6110,#6111,#6112,#6113,#6114,#6115,
#6116,#6117,#6118,#6119,#6120,#6121,#6122,#6123,#6124,#6125,#6126,#6127,
#6128,#6129,#6130,#6131,#6132,#6133,#6134,#6135,#6136,#6137,#6138,#6139,
#6140,#6141,#6142,#6143,#6144,#6145,#6146,#6147,#6148,#6149,#6150,#6151,
#6152,#6153,#6154,#6155,#6156,#6157,#6158,#6159,#6160,#6161,#6162,#6163,
#6164,#6165,#6166,#6167,#6168,#6169,#6170,#6171,#6172,#6173,#6174,#6175,
#6176,#6177,#6178,#6179,#6180,#6181,#6182,#6183,#6184,#6185,#6186,#6187,
#6188,#6189,#6190,#6191,#6192,#6193,#6194,#6195,#6196,#6197,#6198,#6199,
#6200,#6201,#6202,#6203,#6204,#6205,#6206,#6207,#6208,#6209,#6210,#6211,
#6212,#6213,#6214,#6215,#6216,#6217,#6218,#6219,#6220,#6221,#6222,#6223,
#6224,#6225,#6226,#6227,#6228,#6229,#6230,#6231,#6232,#6233,#6234,#6235,
#6236,#6237,#6238,#6239,#6240,#6241,#6242,#6243,#6244,#6245,#6246,#6247,
#6248,#6249,#6250,#6251,#6252,#6253,#6254,#6255,#6256,#6257,#6258,#6259,
#6260,#6261,#6262,#6263,#6264,#6265,#6266,#6267,#6268,#6269,#6270,#6271,
#6272,#6273,#6274,#6275,#6276,#6277,#6278,#6279,#6280,#6281,#6282,#6283,
#6284,#6285,#6286,#6287,#6288,#6289,#6290,#6291,#6292,#6293,#6294,#6295,
#6296,#6297,#6298,#6299,#6300,#6301,#6302,#6303,#6304,#6305,#6306,#6307,
#6308,#6309,#6310,#6311,#6312,#6313,#6314,#6315,#6316,#6317,#6318,#6319,
#6320,#6321,#6322,#6323,#6324,#6325,#6326,#6327,#6328,#6329,#6330,#6331,
#6332,#6333,#6334,#6335,#6336,#6337,#6338,#6339,#6340,#6341,#6342,#6343,
#6344,#6345,#6346,#6347,#6348,#6349,#6350,#6351,#6352,#6353,#6354,#6355,
#6356,#6357,#6358,#6359,#6360,#6361,#6362,#6363,#6364,#6365,#6366,#6367,
#6368,#6369,#6370,#6371,#6372,#6373,#6374,#6375,#6376,#6377,#6378,#6379,
#6380,#6381,#6382,#6383,#6384,#6385,#6386,#6387,#6388,#6389,#6390,#6391,
#6392,#6393,#6394,#6395,#6396,#6397,#6398,#6399,#6400,#6401,#6402,#6403,
#6404,#6405,#6406,#6407,#6408,#6409,#6410,#6411,#6412,#6413,#6414,#6415,
#6416,#6417,#6418,#6419,#6420,#6421,#6422,#6423,#6424,#6425,#6426,#6427,
#6428,#6429,#6430,#6431,#6432,#6433,#6434,#6435,#6436));
#6438=DERIVED_UNIT_ELEMENT(#6440,1.);
#6439=DERIVED_UNIT_ELEMENT(#12238,-3.);
#6440=(
MASS_UNIT()
NAMED_UNIT(*)
SI_UNIT(.KILO.,.GRAM.)
);
#6441=DERIVED_UNIT((#6438,#6439));
#6442=MEASURE_REPRESENTATION_ITEM('density measure',
POSITIVE_RATIO_MEASURE(7850.),#6441);
#6443=PROPERTY_DEFINITION_REPRESENTATION(#6448,#6445);
#6444=PROPERTY_DEFINITION_REPRESENTATION(#6449,#6446);
#6445=REPRESENTATION('material name',(#6447),#12235);
#6446=REPRESENTATION('density',(#6442),#12235);
#6447=DESCRIPTIVE_REPRESENTATION_ITEM('Steel','Steel');
#6448=PROPERTY_DEFINITION('material property','material name',#12245);
#6449=PROPERTY_DEFINITION('material property','density of part',#12245);
#6450=AXIS2_PLACEMENT_3D('',#8813,#7053,#7054);
#6451=AXIS2_PLACEMENT_3D('',#8814,#7055,#7056);
#6452=AXIS2_PLACEMENT_3D('',#8817,#7057,#7058);
#6453=AXIS2_PLACEMENT_3D('',#8821,#7060,#7061);
#6454=AXIS2_PLACEMENT_3D('',#8823,#7063,#7064);
#6455=AXIS2_PLACEMENT_3D('',#8834,#7067,#7068);
#6456=AXIS2_PLACEMENT_3D('',#8853,#7073,#7074);
#6457=AXIS2_PLACEMENT_3D('',#8855,#7075,#7076);
#6458=AXIS2_PLACEMENT_3D('',#8859,#7079,#7080);
#6459=AXIS2_PLACEMENT_3D('',#8863,#7083,#7084);
#6460=AXIS2_PLACEMENT_3D('',#8865,#7086,#7087);
#6461=AXIS2_PLACEMENT_3D('',#8878,#7089,#7090);
#6462=AXIS2_PLACEMENT_3D('',#8880,#7091,#7092);
#6463=AXIS2_PLACEMENT_3D('',#8882,#7093,#7094);
#6464=AXIS2_PLACEMENT_3D('',#8884,#7095,#7096);
#6465=AXIS2_PLACEMENT_3D('',#8886,#7097,#7098);
#6466=AXIS2_PLACEMENT_3D('',#8887,#7099,#7100);
#6467=AXIS2_PLACEMENT_3D('',#8888,#7101,#7102);
#6468=AXIS2_PLACEMENT_3D('',#8897,#7107,#7108);
#6469=AXIS2_PLACEMENT_3D('',#8903,#7112,#7113);
#6470=AXIS2_PLACEMENT_3D('',#8907,#7115,#7116);
#6471=AXIS2_PLACEMENT_3D('',#8909,#7118,#7119);
#6472=AXIS2_PLACEMENT_3D('',#8913,#7121,#7122);
#6473=AXIS2_PLACEMENT_3D('',#8915,#7124,#7125);
#6474=AXIS2_PLACEMENT_3D('',#8918,#7126,#7127);
#6475=AXIS2_PLACEMENT_3D('',#8920,#7128,#7129);
#6476=AXIS2_PLACEMENT_3D('',#8922,#7130,#7131);
#6477=AXIS2_PLACEMENT_3D('',#8923,#7132,#7133);
#6478=AXIS2_PLACEMENT_3D('',#8924,#7134,#7135);
#6479=AXIS2_PLACEMENT_3D('',#8927,#7138,#7139);
#6480=AXIS2_PLACEMENT_3D('',#8931,#7142,#7143);
#6481=AXIS2_PLACEMENT_3D('',#8935,#7146,#7147);
#6482=AXIS2_PLACEMENT_3D('',#8944,#7152,#7153);
#6483=AXIS2_PLACEMENT_3D('',#8950,#7157,#7158);
#6484=AXIS2_PLACEMENT_3D('',#8954,#7160,#7161);
#6485=AXIS2_PLACEMENT_3D('',#8956,#7163,#7164);
#6486=AXIS2_PLACEMENT_3D('',#8960,#7166,#7167);
#6487=AXIS2_PLACEMENT_3D('',#8962,#7169,#7170);
#6488=AXIS2_PLACEMENT_3D('',#8965,#7173,#7174);
#6489=AXIS2_PLACEMENT_3D('',#8969,#7177,#7178);
#6490=AXIS2_PLACEMENT_3D('',#8973,#7181,#7182);
#6491=AXIS2_PLACEMENT_3D('',#8982,#7187,#7188);
#6492=AXIS2_PLACEMENT_3D('',#8988,#7192,#7193);
#6493=AXIS2_PLACEMENT_3D('',#8992,#7195,#7196);
#6494=AXIS2_PLACEMENT_3D('',#8994,#7198,#7199);
#6495=AXIS2_PLACEMENT_3D('',#8998,#7201,#7202);
#6496=AXIS2_PLACEMENT_3D('',#9000,#7204,#7205);
#6497=AXIS2_PLACEMENT_3D('',#9003,#7206,#7207);
#6498=AXIS2_PLACEMENT_3D('',#9005,#7208,#7209);
#6499=AXIS2_PLACEMENT_3D('',#9007,#7210,#7211);
#6500=AXIS2_PLACEMENT_3D('',#9009,#7212,#7213);
#6501=AXIS2_PLACEMENT_3D('',#9010,#7214,#7215);
#6502=AXIS2_PLACEMENT_3D('',#9011,#7216,#7217);
#6503=AXIS2_PLACEMENT_3D('',#9014,#7220,#7221);
#6504=AXIS2_PLACEMENT_3D('',#9018,#7224,#7225);
#6505=AXIS2_PLACEMENT_3D('',#9022,#7228,#7229);
#6506=AXIS2_PLACEMENT_3D('',#9031,#7234,#7235);
#6507=AXIS2_PLACEMENT_3D('',#9037,#7239,#7240);
#6508=AXIS2_PLACEMENT_3D('',#9041,#7242,#7243);
#6509=AXIS2_PLACEMENT_3D('',#9043,#7245,#7246);
#6510=AXIS2_PLACEMENT_3D('',#9047,#7248,#7249);
#6511=AXIS2_PLACEMENT_3D('',#9049,#7251,#7252);
#6512=AXIS2_PLACEMENT_3D('',#9052,#7253,#7254);
#6513=AXIS2_PLACEMENT_3D('',#9054,#7255,#7256);
#6514=AXIS2_PLACEMENT_3D('',#9056,#7257,#7258);
#6515=AXIS2_PLACEMENT_3D('',#9057,#7259,#7260);
#6516=AXIS2_PLACEMENT_3D('',#9058,#7261,#7262);
#6517=AXIS2_PLACEMENT_3D('',#9061,#7265,#7266);
#6518=AXIS2_PLACEMENT_3D('',#9065,#7269,#7270);
#6519=AXIS2_PLACEMENT_3D('',#9069,#7273,#7274);
#6520=AXIS2_PLACEMENT_3D('',#9078,#7279,#7280);
#6521=AXIS2_PLACEMENT_3D('',#9084,#7284,#7285);
#6522=AXIS2_PLACEMENT_3D('',#9088,#7287,#7288);
#6523=AXIS2_PLACEMENT_3D('',#9090,#7290,#7291);
#6524=AXIS2_PLACEMENT_3D('',#9094,#7293,#7294);
#6525=AXIS2_PLACEMENT_3D('',#9096,#7296,#7297);
#6526=AXIS2_PLACEMENT_3D('',#9099,#7298,#7299);
#6527=AXIS2_PLACEMENT_3D('',#9101,#7300,#7301);
#6528=AXIS2_PLACEMENT_3D('',#9103,#7302,#7303);
#6529=AXIS2_PLACEMENT_3D('',#9104,#7304,#7305);
#6530=AXIS2_PLACEMENT_3D('',#9105,#7306,#7307);
#6531=AXIS2_PLACEMENT_3D('',#9108,#7310,#7311);
#6532=AXIS2_PLACEMENT_3D('',#9112,#7314,#7315);
#6533=AXIS2_PLACEMENT_3D('',#9116,#7318,#7319);
#6534=AXIS2_PLACEMENT_3D('',#9125,#7324,#7325);
#6535=AXIS2_PLACEMENT_3D('',#9131,#7329,#7330);
#6536=AXIS2_PLACEMENT_3D('',#9135,#7332,#7333);
#6537=AXIS2_PLACEMENT_3D('',#9137,#7335,#7336);
#6538=AXIS2_PLACEMENT_3D('',#9141,#7338,#7339);
#6539=AXIS2_PLACEMENT_3D('',#9143,#7341,#7342);
#6540=AXIS2_PLACEMENT_3D('',#9146,#7343,#7344);
#6541=AXIS2_PLACEMENT_3D('',#9148,#7345,#7346);
#6542=AXIS2_PLACEMENT_3D('',#9150,#7347,#7348);
#6543=AXIS2_PLACEMENT_3D('',#9151,#7349,#7350);
#6544=AXIS2_PLACEMENT_3D('',#9152,#7351,#7352);
#6545=AXIS2_PLACEMENT_3D('',#9155,#7355,#7356);
#6546=AXIS2_PLACEMENT_3D('',#9159,#7359,#7360);
#6547=AXIS2_PLACEMENT_3D('',#9163,#7363,#7364);
#6548=AXIS2_PLACEMENT_3D('',#9172,#7369,#7370);
#6549=AXIS2_PLACEMENT_3D('',#9178,#7374,#7375);
#6550=AXIS2_PLACEMENT_3D('',#9182,#7377,#7378);
#6551=AXIS2_PLACEMENT_3D('',#9184,#7380,#7381);
#6552=AXIS2_PLACEMENT_3D('',#9188,#7383,#7384);
#6553=AXIS2_PLACEMENT_3D('',#9190,#7386,#7387);
#6554=AXIS2_PLACEMENT_3D('',#9193,#7388,#7389);
#6555=AXIS2_PLACEMENT_3D('',#9195,#7390,#7391);
#6556=AXIS2_PLACEMENT_3D('',#9197,#7392,#7393);
#6557=AXIS2_PLACEMENT_3D('',#9198,#7394,#7395);
#6558=AXIS2_PLACEMENT_3D('',#9199,#7396,#7397);
#6559=AXIS2_PLACEMENT_3D('',#9202,#7400,#7401);
#6560=AXIS2_PLACEMENT_3D('',#9206,#7404,#7405);
#6561=AXIS2_PLACEMENT_3D('',#9210,#7408,#7409);
#6562=AXIS2_PLACEMENT_3D('',#9219,#7414,#7415);
#6563=AXIS2_PLACEMENT_3D('',#9225,#7419,#7420);
#6564=AXIS2_PLACEMENT_3D('',#9229,#7422,#7423);
#6565=AXIS2_PLACEMENT_3D('',#9231,#7425,#7426);
#6566=AXIS2_PLACEMENT_3D('',#9235,#7428,#7429);
#6567=AXIS2_PLACEMENT_3D('',#9237,#7431,#7432);
#6568=AXIS2_PLACEMENT_3D('',#9240,#7433,#7434);
#6569=AXIS2_PLACEMENT_3D('',#9242,#7435,#7436);
#6570=AXIS2_PLACEMENT_3D('',#9244,#7437,#7438);
#6571=AXIS2_PLACEMENT_3D('',#9245,#7439,#7440);
#6572=AXIS2_PLACEMENT_3D('',#9246,#7441,#7442);
#6573=AXIS2_PLACEMENT_3D('',#9249,#7445,#7446);
#6574=AXIS2_PLACEMENT_3D('',#9253,#7449,#7450);
#6575=AXIS2_PLACEMENT_3D('',#9257,#7453,#7454);
#6576=AXIS2_PLACEMENT_3D('',#9259,#7455,#7456);
#6577=AXIS2_PLACEMENT_3D('',#9262,#7458,#7459);
#6578=AXIS2_PLACEMENT_3D('',#9263,#7460,#7461);
#6579=AXIS2_PLACEMENT_3D('',#9264,#7462,#7463);
#6580=AXIS2_PLACEMENT_3D('',#9266,#7464,#7465);
#6581=AXIS2_PLACEMENT_3D('',#9269,#7467,#7468);
#6582=AXIS2_PLACEMENT_3D('',#9270,#7469,#7470);
#6583=AXIS2_PLACEMENT_3D('',#9271,#7471,#7472);
#6584=AXIS2_PLACEMENT_3D('',#9273,#7473,#7474);
#6585=AXIS2_PLACEMENT_3D('',#9276,#7476,#7477);
#6586=AXIS2_PLACEMENT_3D('',#9277,#7478,#7479);
#6587=AXIS2_PLACEMENT_3D('',#9278,#7480,#7481);
#6588=AXIS2_PLACEMENT_3D('',#9280,#7482,#7483);
#6589=AXIS2_PLACEMENT_3D('',#9283,#7485,#7486);
#6590=AXIS2_PLACEMENT_3D('',#9284,#7487,#7488);
#6591=AXIS2_PLACEMENT_3D('',#9285,#7489,#7490);
#6592=AXIS2_PLACEMENT_3D('',#9287,#7491,#7492);
#6593=AXIS2_PLACEMENT_3D('',#9290,#7494,#7495);
#6594=AXIS2_PLACEMENT_3D('',#9291,#7496,#7497);
#6595=AXIS2_PLACEMENT_3D('',#9292,#7498,#7499);
#6596=AXIS2_PLACEMENT_3D('',#9294,#7500,#7501);
#6597=AXIS2_PLACEMENT_3D('',#9297,#7503,#7504);
#6598=AXIS2_PLACEMENT_3D('',#9298,#7505,#7506);
#6599=AXIS2_PLACEMENT_3D('',#9299,#7507,#7508);
#6600=AXIS2_PLACEMENT_3D('',#9301,#7509,#7510);
#6601=AXIS2_PLACEMENT_3D('',#9304,#7512,#7513);
#6602=AXIS2_PLACEMENT_3D('',#9305,#7514,#7515);
#6603=AXIS2_PLACEMENT_3D('',#9306,#7516,#7517);
#6604=AXIS2_PLACEMENT_3D('',#9308,#7518,#7519);
#6605=AXIS2_PLACEMENT_3D('',#9311,#7521,#7522);
#6606=AXIS2_PLACEMENT_3D('',#9312,#7523,#7524);
#6607=AXIS2_PLACEMENT_3D('',#9313,#7525,#7526);
#6608=AXIS2_PLACEMENT_3D('',#9315,#7527,#7528);
#6609=AXIS2_PLACEMENT_3D('',#9318,#7530,#7531);
#6610=AXIS2_PLACEMENT_3D('',#9319,#7532,#7533);
#6611=AXIS2_PLACEMENT_3D('',#9320,#7534,#7535);
#6612=AXIS2_PLACEMENT_3D('',#9322,#7536,#7537);
#6613=AXIS2_PLACEMENT_3D('',#9325,#7539,#7540);
#6614=AXIS2_PLACEMENT_3D('',#9326,#7541,#7542);
#6615=AXIS2_PLACEMENT_3D('',#9327,#7543,#7544);
#6616=AXIS2_PLACEMENT_3D('',#9329,#7545,#7546);
#6617=AXIS2_PLACEMENT_3D('',#9332,#7548,#7549);
#6618=AXIS2_PLACEMENT_3D('',#9333,#7550,#7551);
#6619=AXIS2_PLACEMENT_3D('',#9334,#7552,#7553);
#6620=AXIS2_PLACEMENT_3D('',#9336,#7554,#7555);
#6621=AXIS2_PLACEMENT_3D('',#9339,#7557,#7558);
#6622=AXIS2_PLACEMENT_3D('',#9340,#7559,#7560);
#6623=AXIS2_PLACEMENT_3D('',#9341,#7561,#7562);
#6624=AXIS2_PLACEMENT_3D('',#9343,#7563,#7564);
#6625=AXIS2_PLACEMENT_3D('',#9346,#7566,#7567);
#6626=AXIS2_PLACEMENT_3D('',#9347,#7568,#7569);
#6627=AXIS2_PLACEMENT_3D('',#9348,#7570,#7571);
#6628=AXIS2_PLACEMENT_3D('',#9350,#7572,#7573);
#6629=AXIS2_PLACEMENT_3D('',#9353,#7575,#7576);
#6630=AXIS2_PLACEMENT_3D('',#9354,#7577,#7578);
#6631=AXIS2_PLACEMENT_3D('',#9355,#7579,#7580);
#6632=AXIS2_PLACEMENT_3D('',#9357,#7581,#7582);
#6633=AXIS2_PLACEMENT_3D('',#9360,#7584,#7585);
#6634=AXIS2_PLACEMENT_3D('',#9361,#7586,#7587);
#6635=AXIS2_PLACEMENT_3D('',#9362,#7588,#7589);
#6636=AXIS2_PLACEMENT_3D('',#9364,#7590,#7591);
#6637=AXIS2_PLACEMENT_3D('',#9367,#7593,#7594);
#6638=AXIS2_PLACEMENT_3D('',#9368,#7595,#7596);
#6639=AXIS2_PLACEMENT_3D('',#9369,#7597,#7598);
#6640=AXIS2_PLACEMENT_3D('',#9371,#7599,#7600);
#6641=AXIS2_PLACEMENT_3D('',#9374,#7602,#7603);
#6642=AXIS2_PLACEMENT_3D('',#9375,#7604,#7605);
#6643=AXIS2_PLACEMENT_3D('',#9376,#7606,#7607);
#6644=AXIS2_PLACEMENT_3D('',#9378,#7608,#7609);
#6645=AXIS2_PLACEMENT_3D('',#9381,#7611,#7612);
#6646=AXIS2_PLACEMENT_3D('',#9382,#7613,#7614);
#6647=AXIS2_PLACEMENT_3D('',#9383,#7615,#7616);
#6648=AXIS2_PLACEMENT_3D('',#9385,#7617,#7618);
#6649=AXIS2_PLACEMENT_3D('',#9388,#7620,#7621);
#6650=AXIS2_PLACEMENT_3D('',#9389,#7622,#7623);
#6651=AXIS2_PLACEMENT_3D('',#9390,#7624,#7625);
#6652=AXIS2_PLACEMENT_3D('',#9392,#7626,#7627);
#6653=AXIS2_PLACEMENT_3D('',#9395,#7629,#7630);
#6654=AXIS2_PLACEMENT_3D('',#9396,#7631,#7632);
#6655=AXIS2_PLACEMENT_3D('',#9397,#7633,#7634);
#6656=AXIS2_PLACEMENT_3D('',#9399,#7635,#7636);
#6657=AXIS2_PLACEMENT_3D('',#9402,#7638,#7639);
#6658=AXIS2_PLACEMENT_3D('',#9403,#7640,#7641);
#6659=AXIS2_PLACEMENT_3D('',#9404,#7642,#7643);
#6660=AXIS2_PLACEMENT_3D('',#9406,#7644,#7645);
#6661=AXIS2_PLACEMENT_3D('',#9409,#7647,#7648);
#6662=AXIS2_PLACEMENT_3D('',#9410,#7649,#7650);
#6663=AXIS2_PLACEMENT_3D('',#9411,#7651,#7652);
#6664=AXIS2_PLACEMENT_3D('',#9413,#7653,#7654);
#6665=AXIS2_PLACEMENT_3D('',#9416,#7656,#7657);
#6666=AXIS2_PLACEMENT_3D('',#9417,#7658,#7659);
#6667=AXIS2_PLACEMENT_3D('',#9418,#7660,#7661);
#6668=AXIS2_PLACEMENT_3D('',#9420,#7662,#7663);
#6669=AXIS2_PLACEMENT_3D('',#9423,#7665,#7666);
#6670=AXIS2_PLACEMENT_3D('',#9424,#7667,#7668);
#6671=AXIS2_PLACEMENT_3D('',#9425,#7669,#7670);
#6672=AXIS2_PLACEMENT_3D('',#9427,#7671,#7672);
#6673=AXIS2_PLACEMENT_3D('',#9430,#7674,#7675);
#6674=AXIS2_PLACEMENT_3D('',#9431,#7676,#7677);
#6675=AXIS2_PLACEMENT_3D('',#9432,#7678,#7679);
#6676=AXIS2_PLACEMENT_3D('',#9434,#7680,#7681);
#6677=AXIS2_PLACEMENT_3D('',#9437,#7683,#7684);
#6678=AXIS2_PLACEMENT_3D('',#9438,#7685,#7686);
#6679=AXIS2_PLACEMENT_3D('',#9439,#7687,#7688);
#6680=AXIS2_PLACEMENT_3D('',#9441,#7689,#7690);
#6681=AXIS2_PLACEMENT_3D('',#9444,#7692,#7693);
#6682=AXIS2_PLACEMENT_3D('',#9445,#7694,#7695);
#6683=AXIS2_PLACEMENT_3D('',#9446,#7696,#7697);
#6684=AXIS2_PLACEMENT_3D('',#9448,#7698,#7699);
#6685=AXIS2_PLACEMENT_3D('',#9451,#7701,#7702);
#6686=AXIS2_PLACEMENT_3D('',#9452,#7703,#7704);
#6687=AXIS2_PLACEMENT_3D('',#9453,#7705,#7706);
#6688=AXIS2_PLACEMENT_3D('',#9455,#7707,#7708);
#6689=AXIS2_PLACEMENT_3D('',#9458,#7710,#7711);
#6690=AXIS2_PLACEMENT_3D('',#9459,#7712,#7713);
#6691=AXIS2_PLACEMENT_3D('',#9460,#7714,#7715);
#6692=AXIS2_PLACEMENT_3D('',#9462,#7716,#7717);
#6693=AXIS2_PLACEMENT_3D('',#9465,#7719,#7720);
#6694=AXIS2_PLACEMENT_3D('',#9466,#7721,#7722);
#6695=AXIS2_PLACEMENT_3D('',#9467,#7723,#7724);
#6696=AXIS2_PLACEMENT_3D('',#9469,#7725,#7726);
#6697=AXIS2_PLACEMENT_3D('',#9472,#7728,#7729);
#6698=AXIS2_PLACEMENT_3D('',#9473,#7730,#7731);
#6699=AXIS2_PLACEMENT_3D('',#9474,#7732,#7733);
#6700=AXIS2_PLACEMENT_3D('',#9476,#7734,#7735);
#6701=AXIS2_PLACEMENT_3D('',#9479,#7737,#7738);
#6702=AXIS2_PLACEMENT_3D('',#9480,#7739,#7740);
#6703=AXIS2_PLACEMENT_3D('',#9481,#7741,#7742);
#6704=AXIS2_PLACEMENT_3D('',#9483,#7743,#7744);
#6705=AXIS2_PLACEMENT_3D('',#9486,#7746,#7747);
#6706=AXIS2_PLACEMENT_3D('',#9487,#7748,#7749);
#6707=AXIS2_PLACEMENT_3D('',#9488,#7750,#7751);
#6708=AXIS2_PLACEMENT_3D('',#9490,#7752,#7753);
#6709=AXIS2_PLACEMENT_3D('',#9493,#7755,#7756);
#6710=AXIS2_PLACEMENT_3D('',#9494,#7757,#7758);
#6711=AXIS2_PLACEMENT_3D('',#9495,#7759,#7760);
#6712=AXIS2_PLACEMENT_3D('',#9497,#7761,#7762);
#6713=AXIS2_PLACEMENT_3D('',#9500,#7764,#7765);
#6714=AXIS2_PLACEMENT_3D('',#9501,#7766,#7767);
#6715=AXIS2_PLACEMENT_3D('',#9502,#7768,#7769);
#6716=AXIS2_PLACEMENT_3D('',#9504,#7770,#7771);
#6717=AXIS2_PLACEMENT_3D('',#9507,#7773,#7774);
#6718=AXIS2_PLACEMENT_3D('',#9508,#7775,#7776);
#6719=AXIS2_PLACEMENT_3D('',#9509,#7777,#7778);
#6720=AXIS2_PLACEMENT_3D('',#9511,#7779,#7780);
#6721=AXIS2_PLACEMENT_3D('',#9514,#7782,#7783);
#6722=AXIS2_PLACEMENT_3D('',#9515,#7784,#7785);
#6723=AXIS2_PLACEMENT_3D('',#9516,#7786,#7787);
#6724=AXIS2_PLACEMENT_3D('',#9518,#7788,#7789);
#6725=AXIS2_PLACEMENT_3D('',#9521,#7791,#7792);
#6726=AXIS2_PLACEMENT_3D('',#9522,#7793,#7794);
#6727=AXIS2_PLACEMENT_3D('',#9523,#7795,#7796);
#6728=AXIS2_PLACEMENT_3D('',#9525,#7797,#7798);
#6729=AXIS2_PLACEMENT_3D('',#9528,#7800,#7801);
#6730=AXIS2_PLACEMENT_3D('',#9529,#7802,#7803);
#6731=AXIS2_PLACEMENT_3D('',#9530,#7804,#7805);
#6732=AXIS2_PLACEMENT_3D('',#9532,#7806,#7807);
#6733=AXIS2_PLACEMENT_3D('',#9535,#7809,#7810);
#6734=AXIS2_PLACEMENT_3D('',#9536,#7811,#7812);
#6735=AXIS2_PLACEMENT_3D('',#9537,#7813,#7814);
#6736=AXIS2_PLACEMENT_3D('',#9539,#7815,#7816);
#6737=AXIS2_PLACEMENT_3D('',#9542,#7818,#7819);
#6738=AXIS2_PLACEMENT_3D('',#9543,#7820,#7821);
#6739=AXIS2_PLACEMENT_3D('',#9544,#7822,#7823);
#6740=AXIS2_PLACEMENT_3D('',#9546,#7824,#7825);
#6741=AXIS2_PLACEMENT_3D('',#9549,#7827,#7828);
#6742=AXIS2_PLACEMENT_3D('',#9550,#7829,#7830);
#6743=AXIS2_PLACEMENT_3D('',#9551,#7831,#7832);
#6744=AXIS2_PLACEMENT_3D('',#9553,#7833,#7834);
#6745=AXIS2_PLACEMENT_3D('',#9556,#7836,#7837);
#6746=AXIS2_PLACEMENT_3D('',#9557,#7838,#7839);
#6747=AXIS2_PLACEMENT_3D('',#9558,#7840,#7841);
#6748=AXIS2_PLACEMENT_3D('',#9560,#7842,#7843);
#6749=AXIS2_PLACEMENT_3D('',#9563,#7845,#7846);
#6750=AXIS2_PLACEMENT_3D('',#9564,#7847,#7848);
#6751=AXIS2_PLACEMENT_3D('',#9565,#7849,#7850);
#6752=AXIS2_PLACEMENT_3D('',#9567,#7851,#7852);
#6753=AXIS2_PLACEMENT_3D('',#9570,#7854,#7855);
#6754=AXIS2_PLACEMENT_3D('',#9571,#7856,#7857);
#6755=AXIS2_PLACEMENT_3D('',#9572,#7858,#7859);
#6756=AXIS2_PLACEMENT_3D('',#9574,#7860,#7861);
#6757=AXIS2_PLACEMENT_3D('',#9577,#7863,#7864);
#6758=AXIS2_PLACEMENT_3D('',#9578,#7865,#7866);
#6759=AXIS2_PLACEMENT_3D('',#9579,#7867,#7868);
#6760=AXIS2_PLACEMENT_3D('',#9581,#7869,#7870);
#6761=AXIS2_PLACEMENT_3D('',#9584,#7872,#7873);
#6762=AXIS2_PLACEMENT_3D('',#9585,#7874,#7875);
#6763=AXIS2_PLACEMENT_3D('',#9586,#7876,#7877);
#6764=AXIS2_PLACEMENT_3D('',#9588,#7878,#7879);
#6765=AXIS2_PLACEMENT_3D('',#9591,#7881,#7882);
#6766=AXIS2_PLACEMENT_3D('',#9592,#7883,#7884);
#6767=AXIS2_PLACEMENT_3D('',#9593,#7885,#7886);
#6768=AXIS2_PLACEMENT_3D('',#9595,#7887,#7888);
#6769=AXIS2_PLACEMENT_3D('',#9598,#7890,#7891);
#6770=AXIS2_PLACEMENT_3D('',#9599,#7892,#7893);
#6771=AXIS2_PLACEMENT_3D('',#9600,#7894,#7895);
#6772=AXIS2_PLACEMENT_3D('',#9602,#7896,#7897);
#6773=AXIS2_PLACEMENT_3D('',#9605,#7899,#7900);
#6774=AXIS2_PLACEMENT_3D('',#9606,#7901,#7902);
#6775=AXIS2_PLACEMENT_3D('',#9607,#7903,#7904);
#6776=AXIS2_PLACEMENT_3D('',#9609,#7905,#7906);
#6777=AXIS2_PLACEMENT_3D('',#9612,#7908,#7909);
#6778=AXIS2_PLACEMENT_3D('',#9613,#7910,#7911);
#6779=AXIS2_PLACEMENT_3D('',#9614,#7912,#7913);
#6780=AXIS2_PLACEMENT_3D('',#9616,#7914,#7915);
#6781=AXIS2_PLACEMENT_3D('',#9619,#7917,#7918);
#6782=AXIS2_PLACEMENT_3D('',#9620,#7919,#7920);
#6783=AXIS2_PLACEMENT_3D('',#9621,#7921,#7922);
#6784=AXIS2_PLACEMENT_3D('',#9623,#7923,#7924);
#6785=AXIS2_PLACEMENT_3D('',#9626,#7926,#7927);
#6786=AXIS2_PLACEMENT_3D('',#9627,#7928,#7929);
#6787=AXIS2_PLACEMENT_3D('',#9628,#7930,#7931);
#6788=AXIS2_PLACEMENT_3D('',#9630,#7932,#7933);
#6789=AXIS2_PLACEMENT_3D('',#9633,#7935,#7936);
#6790=AXIS2_PLACEMENT_3D('',#9634,#7937,#7938);
#6791=AXIS2_PLACEMENT_3D('',#9635,#7939,#7940);
#6792=AXIS2_PLACEMENT_3D('',#9637,#7941,#7942);
#6793=AXIS2_PLACEMENT_3D('',#9640,#7944,#7945);
#6794=AXIS2_PLACEMENT_3D('',#9641,#7946,#7947);
#6795=AXIS2_PLACEMENT_3D('',#9642,#7948,#7949);
#6796=AXIS2_PLACEMENT_3D('',#9644,#7950,#7951);
#6797=AXIS2_PLACEMENT_3D('',#9647,#7953,#7954);
#6798=AXIS2_PLACEMENT_3D('',#9648,#7955,#7956);
#6799=AXIS2_PLACEMENT_3D('',#9649,#7957,#7958);
#6800=AXIS2_PLACEMENT_3D('',#9651,#7959,#7960);
#6801=AXIS2_PLACEMENT_3D('',#9654,#7962,#7963);
#6802=AXIS2_PLACEMENT_3D('',#9655,#7964,#7965);
#6803=AXIS2_PLACEMENT_3D('',#9656,#7966,#7967);
#6804=AXIS2_PLACEMENT_3D('',#9658,#7968,#7969);
#6805=AXIS2_PLACEMENT_3D('',#9661,#7971,#7972);
#6806=AXIS2_PLACEMENT_3D('',#9662,#7973,#7974);
#6807=AXIS2_PLACEMENT_3D('',#9663,#7975,#7976);
#6808=AXIS2_PLACEMENT_3D('',#9665,#7977,#7978);
#6809=AXIS2_PLACEMENT_3D('',#9668,#7980,#7981);
#6810=AXIS2_PLACEMENT_3D('',#9669,#7982,#7983);
#6811=AXIS2_PLACEMENT_3D('',#9670,#7984,#7985);
#6812=AXIS2_PLACEMENT_3D('',#9672,#7986,#7987);
#6813=AXIS2_PLACEMENT_3D('',#9675,#7989,#7990);
#6814=AXIS2_PLACEMENT_3D('',#9676,#7991,#7992);
#6815=AXIS2_PLACEMENT_3D('',#9677,#7993,#7994);
#6816=AXIS2_PLACEMENT_3D('',#9679,#7995,#7996);
#6817=AXIS2_PLACEMENT_3D('',#9682,#7998,#7999);
#6818=AXIS2_PLACEMENT_3D('',#9683,#8000,#8001);
#6819=AXIS2_PLACEMENT_3D('',#9684,#8002,#8003);
#6820=AXIS2_PLACEMENT_3D('',#9686,#8004,#8005);
#6821=AXIS2_PLACEMENT_3D('',#9689,#8007,#8008);
#6822=AXIS2_PLACEMENT_3D('',#9690,#8009,#8010);
#6823=AXIS2_PLACEMENT_3D('',#9691,#8011,#8012);
#6824=AXIS2_PLACEMENT_3D('',#9693,#8013,#8014);
#6825=AXIS2_PLACEMENT_3D('',#9696,#8016,#8017);
#6826=AXIS2_PLACEMENT_3D('',#9697,#8018,#8019);
#6827=AXIS2_PLACEMENT_3D('',#9698,#8020,#8021);
#6828=AXIS2_PLACEMENT_3D('',#9700,#8022,#8023);
#6829=AXIS2_PLACEMENT_3D('',#9703,#8025,#8026);
#6830=AXIS2_PLACEMENT_3D('',#9704,#8027,#8028);
#6831=AXIS2_PLACEMENT_3D('',#9705,#8029,#8030);
#6832=AXIS2_PLACEMENT_3D('',#9707,#8031,#8032);
#6833=AXIS2_PLACEMENT_3D('',#9710,#8034,#8035);
#6834=AXIS2_PLACEMENT_3D('',#9711,#8036,#8037);
#6835=AXIS2_PLACEMENT_3D('',#9712,#8038,#8039);
#6836=AXIS2_PLACEMENT_3D('',#9714,#8040,#8041);
#6837=AXIS2_PLACEMENT_3D('',#9717,#8043,#8044);
#6838=AXIS2_PLACEMENT_3D('',#9718,#8045,#8046);
#6839=AXIS2_PLACEMENT_3D('',#9719,#8047,#8048);
#6840=AXIS2_PLACEMENT_3D('',#9721,#8049,#8050);
#6841=AXIS2_PLACEMENT_3D('',#9724,#8052,#8053);
#6842=AXIS2_PLACEMENT_3D('',#9725,#8054,#8055);
#6843=AXIS2_PLACEMENT_3D('',#9726,#8056,#8057);
#6844=AXIS2_PLACEMENT_3D('',#9728,#8058,#8059);
#6845=AXIS2_PLACEMENT_3D('',#9731,#8061,#8062);
#6846=AXIS2_PLACEMENT_3D('',#9732,#8063,#8064);
#6847=AXIS2_PLACEMENT_3D('',#9733,#8065,#8066);
#6848=AXIS2_PLACEMENT_3D('',#9735,#8067,#8068);
#6849=AXIS2_PLACEMENT_3D('',#9738,#8070,#8071);
#6850=AXIS2_PLACEMENT_3D('',#9739,#8072,#8073);
#6851=AXIS2_PLACEMENT_3D('',#9740,#8074,#8075);
#6852=AXIS2_PLACEMENT_3D('',#9742,#8076,#8077);
#6853=AXIS2_PLACEMENT_3D('',#9745,#8079,#8080);
#6854=AXIS2_PLACEMENT_3D('',#9746,#8081,#8082);
#6855=AXIS2_PLACEMENT_3D('',#9747,#8083,#8084);
#6856=AXIS2_PLACEMENT_3D('',#9749,#8085,#8086);
#6857=AXIS2_PLACEMENT_3D('',#9752,#8088,#8089);
#6858=AXIS2_PLACEMENT_3D('',#9753,#8090,#8091);
#6859=AXIS2_PLACEMENT_3D('',#9754,#8092,#8093);
#6860=AXIS2_PLACEMENT_3D('',#9756,#8094,#8095);
#6861=AXIS2_PLACEMENT_3D('',#9759,#8097,#8098);
#6862=AXIS2_PLACEMENT_3D('',#9760,#8099,#8100);
#6863=AXIS2_PLACEMENT_3D('',#9761,#8101,#8102);
#6864=AXIS2_PLACEMENT_3D('',#9763,#8103,#8104);
#6865=AXIS2_PLACEMENT_3D('',#9766,#8106,#8107);
#6866=AXIS2_PLACEMENT_3D('',#9767,#8108,#8109);
#6867=AXIS2_PLACEMENT_3D('',#9768,#8110,#8111);
#6868=AXIS2_PLACEMENT_3D('',#9770,#8112,#8113);
#6869=AXIS2_PLACEMENT_3D('',#9773,#8115,#8116);
#6870=AXIS2_PLACEMENT_3D('',#9774,#8117,#8118);
#6871=AXIS2_PLACEMENT_3D('',#9775,#8119,#8120);
#6872=AXIS2_PLACEMENT_3D('',#9777,#8121,#8122);
#6873=AXIS2_PLACEMENT_3D('',#9780,#8124,#8125);
#6874=AXIS2_PLACEMENT_3D('',#9781,#8126,#8127);
#6875=AXIS2_PLACEMENT_3D('',#9782,#8128,#8129);
#6876=AXIS2_PLACEMENT_3D('',#9784,#8130,#8131);
#6877=AXIS2_PLACEMENT_3D('',#9787,#8133,#8134);
#6878=AXIS2_PLACEMENT_3D('',#9788,#8135,#8136);
#6879=AXIS2_PLACEMENT_3D('',#11465,#8137,#8138);
#6880=AXIS2_PLACEMENT_3D('',#11471,#8142,#8143);
#6881=AXIS2_PLACEMENT_3D('',#11475,#8146,#8147);
#6882=AXIS2_PLACEMENT_3D('',#11479,#8150,#8151);
#6883=AXIS2_PLACEMENT_3D('',#11483,#8154,#8155);
#6884=AXIS2_PLACEMENT_3D('',#11487,#8158,#8159);
#6885=AXIS2_PLACEMENT_3D('',#11491,#8162,#8163);
#6886=AXIS2_PLACEMENT_3D('',#11495,#8166,#8167);
#6887=AXIS2_PLACEMENT_3D('',#11499,#8170,#8171);
#6888=AXIS2_PLACEMENT_3D('',#11503,#8174,#8175);
#6889=AXIS2_PLACEMENT_3D('',#11507,#8178,#8179);
#6890=AXIS2_PLACEMENT_3D('',#11511,#8182,#8183);
#6891=AXIS2_PLACEMENT_3D('',#11515,#8186,#8187);
#6892=AXIS2_PLACEMENT_3D('',#11519,#8190,#8191);
#6893=AXIS2_PLACEMENT_3D('',#11523,#8194,#8195);
#6894=AXIS2_PLACEMENT_3D('',#11527,#8198,#8199);
#6895=AXIS2_PLACEMENT_3D('',#11529,#8200,#8201);
#6896=AXIS2_PLACEMENT_3D('',#11530,#8202,#8203);
#6897=AXIS2_PLACEMENT_3D('',#11535,#8205,#8206);
#6898=AXIS2_PLACEMENT_3D('',#11538,#8208,#8209);
#6899=AXIS2_PLACEMENT_3D('',#11539,#8210,#8211);
#6900=AXIS2_PLACEMENT_3D('',#11543,#8213,#8214);
#6901=AXIS2_PLACEMENT_3D('',#11545,#8216,#8217);
#6902=AXIS2_PLACEMENT_3D('',#11549,#8219,#8220);
#6903=AXIS2_PLACEMENT_3D('',#11551,#8222,#8223);
#6904=AXIS2_PLACEMENT_3D('',#11555,#8225,#8226);
#6905=AXIS2_PLACEMENT_3D('',#11557,#8228,#8229);
#6906=AXIS2_PLACEMENT_3D('',#11561,#8231,#8232);
#6907=AXIS2_PLACEMENT_3D('',#11563,#8234,#8235);
#6908=AXIS2_PLACEMENT_3D('',#11567,#8237,#8238);
#6909=AXIS2_PLACEMENT_3D('',#11569,#8240,#8241);
#6910=AXIS2_PLACEMENT_3D('',#11573,#8243,#8244);
#6911=AXIS2_PLACEMENT_3D('',#11575,#8246,#8247);
#6912=AXIS2_PLACEMENT_3D('',#11616,#8249,#8250);
#6913=AXIS2_PLACEMENT_3D('',#11617,#8251,#8252);
#6914=AXIS2_PLACEMENT_3D('',#11620,#8254,#8255);
#6915=AXIS2_PLACEMENT_3D('',#11621,#8256,#8257);
#6916=AXIS2_PLACEMENT_3D('',#11624,#8259,#8260);
#6917=AXIS2_PLACEMENT_3D('',#11625,#8261,#8262);
#6918=AXIS2_PLACEMENT_3D('',#11628,#8264,#8265);
#6919=AXIS2_PLACEMENT_3D('',#11629,#8266,#8267);
#6920=AXIS2_PLACEMENT_3D('',#11632,#8269,#8270);
#6921=AXIS2_PLACEMENT_3D('',#11633,#8271,#8272);
#6922=AXIS2_PLACEMENT_3D('',#11636,#8274,#8275);
#6923=AXIS2_PLACEMENT_3D('',#11637,#8276,#8277);
#6924=AXIS2_PLACEMENT_3D('',#11640,#8279,#8280);
#6925=AXIS2_PLACEMENT_3D('',#11641,#8281,#8282);
#6926=AXIS2_PLACEMENT_3D('',#11644,#8284,#8285);
#6927=AXIS2_PLACEMENT_3D('',#11645,#8286,#8287);
#6928=AXIS2_PLACEMENT_3D('',#11648,#8289,#8290);
#6929=AXIS2_PLACEMENT_3D('',#11649,#8291,#8292);
#6930=AXIS2_PLACEMENT_3D('',#11652,#8294,#8295);
#6931=AXIS2_PLACEMENT_3D('',#11653,#8296,#8297);
#6932=AXIS2_PLACEMENT_3D('',#11656,#8299,#8300);
#6933=AXIS2_PLACEMENT_3D('',#11657,#8301,#8302);
#6934=AXIS2_PLACEMENT_3D('',#11660,#8304,#8305);
#6935=AXIS2_PLACEMENT_3D('',#11661,#8306,#8307);
#6936=AXIS2_PLACEMENT_3D('',#11664,#8309,#8310);
#6937=AXIS2_PLACEMENT_3D('',#11665,#8311,#8312);
#6938=AXIS2_PLACEMENT_3D('',#11668,#8314,#8315);
#6939=AXIS2_PLACEMENT_3D('',#11669,#8316,#8317);
#6940=AXIS2_PLACEMENT_3D('',#11672,#8319,#8320);
#6941=AXIS2_PLACEMENT_3D('',#11673,#8321,#8322);
#6942=AXIS2_PLACEMENT_3D('',#11676,#8323,#8324);
#6943=AXIS2_PLACEMENT_3D('',#11679,#8327,#8328);
#6944=AXIS2_PLACEMENT_3D('',#11682,#8331,#8332);
#6945=AXIS2_PLACEMENT_3D('',#11687,#8335,#8336);
#6946=AXIS2_PLACEMENT_3D('',#11688,#8337,#8338);
#6947=AXIS2_PLACEMENT_3D('',#11693,#8341,#8342);
#6948=AXIS2_PLACEMENT_3D('',#11694,#8343,#8344);
#6949=AXIS2_PLACEMENT_3D('',#11699,#8347,#8348);
#6950=AXIS2_PLACEMENT_3D('',#11700,#8349,#8350);
#6951=AXIS2_PLACEMENT_3D('',#11705,#8353,#8354);
#6952=AXIS2_PLACEMENT_3D('',#11706,#8355,#8356);
#6953=AXIS2_PLACEMENT_3D('',#11711,#8359,#8360);
#6954=AXIS2_PLACEMENT_3D('',#11712,#8361,#8362);
#6955=AXIS2_PLACEMENT_3D('',#11715,#8365,#8366);
#6956=AXIS2_PLACEMENT_3D('',#11718,#8369,#8370);
#6957=AXIS2_PLACEMENT_3D('',#11720,#8372,#8373);
#6958=AXIS2_PLACEMENT_3D('',#11722,#8375,#8376);
#6959=AXIS2_PLACEMENT_3D('',#11724,#8378,#8379);
#6960=AXIS2_PLACEMENT_3D('',#11726,#8381,#8382);
#6961=AXIS2_PLACEMENT_3D('',#11728,#8384,#8385);
#6962=AXIS2_PLACEMENT_3D('',#11730,#8387,#8388);
#6963=AXIS2_PLACEMENT_3D('',#11732,#8390,#8391);
#6964=AXIS2_PLACEMENT_3D('',#11734,#8393,#8394);
#6965=AXIS2_PLACEMENT_3D('',#11736,#8396,#8397);
#6966=AXIS2_PLACEMENT_3D('',#11738,#8399,#8400);
#6967=AXIS2_PLACEMENT_3D('',#11740,#8402,#8403);
#6968=AXIS2_PLACEMENT_3D('',#11742,#8405,#8406);
#6969=AXIS2_PLACEMENT_3D('',#11743,#8407,#8408);
#6970=AXIS2_PLACEMENT_3D('',#11804,#8439,#8440);
#6971=AXIS2_PLACEMENT_3D('',#11813,#8445,#8446);
#6972=AXIS2_PLACEMENT_3D('',#11823,#8452,#8453);
#6973=AXIS2_PLACEMENT_3D('',#11831,#8458,#8459);
#6974=AXIS2_PLACEMENT_3D('',#11839,#8464,#8465);
#6975=AXIS2_PLACEMENT_3D('',#11848,#8470,#8471);
#6976=AXIS2_PLACEMENT_3D('',#11854,#8475,#8476);
#6977=AXIS2_PLACEMENT_3D('',#11860,#8480,#8481);
#6978=AXIS2_PLACEMENT_3D('',#11872,#8488,#8489);
#6979=AXIS2_PLACEMENT_3D('',#11878,#8493,#8494);
#6980=AXIS2_PLACEMENT_3D('',#11882,#8497,#8498);
#6981=AXIS2_PLACEMENT_3D('',#11886,#8501,#8502);
#6982=AXIS2_PLACEMENT_3D('',#11890,#8505,#8506);
#6983=AXIS2_PLACEMENT_3D('',#11896,#8510,#8511);
#6984=AXIS2_PLACEMENT_3D('',#11905,#8516,#8517);
#6985=AXIS2_PLACEMENT_3D('',#11911,#8521,#8522);
#6986=AXIS2_PLACEMENT_3D('',#11917,#8526,#8527);
#6987=AXIS2_PLACEMENT_3D('',#11923,#8531,#8532);
#6988=AXIS2_PLACEMENT_3D('',#11929,#8536,#8537);
#6989=AXIS2_PLACEMENT_3D('',#11935,#8541,#8542);
#6990=AXIS2_PLACEMENT_3D('',#11938,#8545,#8546);
#6991=AXIS2_PLACEMENT_3D('',#11947,#8551,#8552);
#6992=AXIS2_PLACEMENT_3D('',#11953,#8556,#8557);
#6993=AXIS2_PLACEMENT_3D('',#11959,#8561,#8562);
#6994=AXIS2_PLACEMENT_3D('',#11965,#8566,#8567);
#6995=AXIS2_PLACEMENT_3D('',#11968,#8570,#8571);
#6996=AXIS2_PLACEMENT_3D('',#11974,#8575,#8576);
#6997=AXIS2_PLACEMENT_3D('',#11977,#8579,#8580);
#6998=AXIS2_PLACEMENT_3D('',#11981,#8583,#8584);
#6999=AXIS2_PLACEMENT_3D('',#11985,#8587,#8588);
#7000=AXIS2_PLACEMENT_3D('',#11987,#8590,#8591);
#7001=AXIS2_PLACEMENT_3D('',#11993,#8595,#8596);
#7002=AXIS2_PLACEMENT_3D('',#11999,#8600,#8601);
#7003=AXIS2_PLACEMENT_3D('',#12005,#8605,#8606);
#7004=AXIS2_PLACEMENT_3D('',#12011,#8610,#8611);
#7005=AXIS2_PLACEMENT_3D('',#12014,#8614,#8615);
#7006=AXIS2_PLACEMENT_3D('',#12075,#8646,#8647);
#7007=AXIS2_PLACEMENT_3D('',#12084,#8652,#8653);
#7008=AXIS2_PLACEMENT_3D('',#12090,#8657,#8658);
#7009=AXIS2_PLACEMENT_3D('',#12094,#8661,#8662);
#7010=AXIS2_PLACEMENT_3D('',#12098,#8665,#8666);
#7011=AXIS2_PLACEMENT_3D('',#12100,#8668,#8669);
#7012=AXIS2_PLACEMENT_3D('',#12101,#8670,#8671);
#7013=AXIS2_PLACEMENT_3D('',#12107,#8675,#8676);
#7014=AXIS2_PLACEMENT_3D('',#12111,#8679,#8680);
#7015=AXIS2_PLACEMENT_3D('',#12115,#8683,#8684);
#7016=AXIS2_PLACEMENT_3D('',#12119,#8687,#8688);
#7017=AXIS2_PLACEMENT_3D('',#12123,#8691,#8692);
#7018=AXIS2_PLACEMENT_3D('',#12127,#8695,#8696);
#7019=AXIS2_PLACEMENT_3D('',#12131,#8699,#8700);
#7020=AXIS2_PLACEMENT_3D('',#12135,#8703,#8704);
#7021=AXIS2_PLACEMENT_3D('',#12139,#8707,#8708);
#7022=AXIS2_PLACEMENT_3D('',#12143,#8711,#8712);
#7023=AXIS2_PLACEMENT_3D('',#12147,#8715,#8716);
#7024=AXIS2_PLACEMENT_3D('',#12151,#8719,#8720);
#7025=AXIS2_PLACEMENT_3D('',#12155,#8723,#8724);
#7026=AXIS2_PLACEMENT_3D('',#12159,#8727,#8728);
#7027=AXIS2_PLACEMENT_3D('',#12163,#8731,#8732);
#7028=AXIS2_PLACEMENT_3D('',#12167,#8735,#8736);
#7029=AXIS2_PLACEMENT_3D('',#12171,#8739,#8740);
#7030=AXIS2_PLACEMENT_3D('',#12175,#8743,#8744);
#7031=AXIS2_PLACEMENT_3D('',#12179,#8747,#8748);
#7032=AXIS2_PLACEMENT_3D('',#12183,#8751,#8752);
#7033=AXIS2_PLACEMENT_3D('',#12187,#8755,#8756);
#7034=AXIS2_PLACEMENT_3D('',#12191,#8759,#8760);
#7035=AXIS2_PLACEMENT_3D('',#12195,#8763,#8764);
#7036=AXIS2_PLACEMENT_3D('',#12199,#8767,#8768);
#7037=AXIS2_PLACEMENT_3D('',#12203,#8771,#8772);
#7038=AXIS2_PLACEMENT_3D('',#12207,#8775,#8776);
#7039=AXIS2_PLACEMENT_3D('',#12211,#8779,#8780);
#7040=AXIS2_PLACEMENT_3D('',#12215,#8783,#8784);
#7041=AXIS2_PLACEMENT_3D('',#12219,#8787,#8788);
#7042=AXIS2_PLACEMENT_3D('',#12221,#8790,#8791);
#7043=AXIS2_PLACEMENT_3D('',#12222,#8792,#8793);
#7044=AXIS2_PLACEMENT_3D('',#12223,#8794,#8795);
#7045=AXIS2_PLACEMENT_3D('',#12224,#8796,#8797);
#7046=AXIS2_PLACEMENT_3D('',#12226,#8799,#8800);
#7047=AXIS2_PLACEMENT_3D('',#12227,#8801,#8802);
#7048=AXIS2_PLACEMENT_3D('',#12228,#8803,#8804);
#7049=AXIS2_PLACEMENT_3D('',#12229,#8805,#8806);
#7050=AXIS2_PLACEMENT_3D('',#12230,#8807,#8808);
#7051=AXIS2_PLACEMENT_3D('',#12231,#8809,#8810);
#7052=AXIS2_PLACEMENT_3D('',#12232,#8811,#8812);
#7053=DIRECTION('axis',(0.,0.,1.));
#7054=DIRECTION('refdir',(1.,0.,0.));
#7055=DIRECTION('center_axis',(-1.,0.,0.));
#7056=DIRECTION('ref_axis',(0.,0.70710678118654,-0.707106781186555));
#7057=DIRECTION('center_axis',(1.,0.,0.));
#7058=DIRECTION('ref_axis',(0.,0.70710678118654,-0.707106781186555));
#7059=DIRECTION('',(1.,0.,0.));
#7060=DIRECTION('center_axis',(-1.,0.,0.));
#7061=DIRECTION('ref_axis',(0.,0.70710678118654,-0.707106781186555));
#7062=DIRECTION('',(-1.,0.,0.));
#7063=DIRECTION('center_axis',(0.,1.,0.));
#7064=DIRECTION('ref_axis',(0.,0.,1.));
#7065=DIRECTION('',(0.,0.,-1.));
#7066=DIRECTION('',(0.,0.,1.));
#7067=DIRECTION('center_axis',(-1.,0.,0.));
#7068=DIRECTION('ref_axis',(0.,0.,1.));
#7069=DIRECTION('',(0.,-1.,0.));
#7070=DIRECTION('',(0.,-0.342020143325669,0.939692620785908));
#7071=DIRECTION('',(0.,1.,0.));
#7072=DIRECTION('',(0.,0.,1.));
#7073=DIRECTION('center_axis',(0.,0.,1.));
#7074=DIRECTION('ref_axis',(0.,-1.,0.));
#7075=DIRECTION('center_axis',(0.,0.,1.));
#7076=DIRECTION('ref_axis',(-1.,0.,0.));
#7077=DIRECTION('',(1.,0.,0.));
#7078=DIRECTION('',(0.,-1.,0.));
#7079=DIRECTION('center_axis',(0.,0.,-1.));
#7080=DIRECTION('ref_axis',(0.,1.,0.));
#7081=DIRECTION('',(0.,1.,0.));
#7082=DIRECTION('',(1.,0.,0.));
#7083=DIRECTION('center_axis',(0.,-0.939692620785908,-0.342020143325669));
#7084=DIRECTION('ref_axis',(0.,0.342020143325669,-0.939692620785908));
#7085=DIRECTION('',(0.,0.342020143325669,-0.939692620785908));
#7086=DIRECTION('center_axis',(1.,0.,0.));
#7087=DIRECTION('ref_axis',(0.,0.,-1.));
#7088=DIRECTION('',(0.,0.,-1.));
#7089=DIRECTION('center_axis',(0.,0.,-1.));
#7090=DIRECTION('ref_axis',(1.,-1.22464679914735E-16,0.));
#7091=DIRECTION('center_axis',(0.,0.,-1.));
#7092=DIRECTION('ref_axis',(6.87867518401284E-15,-1.,0.));
#7093=DIRECTION('center_axis',(0.999390827019096,-0.0348994967025082,0.));
#7094=DIRECTION('ref_axis',(-0.0348994967025082,-0.999390827019096,0.));
#7095=DIRECTION('center_axis',(0.,0.,1.));
#7096=DIRECTION('ref_axis',(6.87867518401284E-15,-1.,0.));
#7097=DIRECTION('center_axis',(-0.999390827019095,-0.0348994967025218,0.));
#7098=DIRECTION('ref_axis',(0.0348994967025218,-0.999390827019095,0.));
#7099=DIRECTION('center_axis',(0.,0.,-1.));
#7100=DIRECTION('ref_axis',(6.87867518401284E-15,-1.,0.));
#7101=DIRECTION('center_axis',(-0.500000000000001,0.499999999999997,-0.707106781186549));
#7102=DIRECTION('ref_axis',(0.707106781186548,0.707106781186547,-3.86772118524701E-15));
#7103=DIRECTION('',(0.517302701271937,-0.482392573035826,-0.706891307583162));
#7104=DIRECTION('',(-0.707106781186545,-0.70710678118655,0.));
#7105=DIRECTION('',(-0.482392573035832,0.517302701271931,0.706891307583162));
#7106=DIRECTION('',(-0.707106781186545,-0.70710678118655,0.));
#7107=DIRECTION('center_axis',(-0.500000000000007,0.500000000000004,0.70710678118654));
#7108=DIRECTION('ref_axis',(-0.707106781186548,-0.707106781186547,-3.8677211852471E-15));
#7109=DIRECTION('',(0.482392573035826,-0.517302701271924,0.706891307583171));
#7110=DIRECTION('',(0.707106781186545,0.70710678118655,0.));
#7111=DIRECTION('',(-0.51730270127193,0.48239257303582,-0.706891307583171));
#7112=DIRECTION('center_axis',(0.,0.,-1.));
#7113=DIRECTION('ref_axis',(-0.707106781186548,-0.707106781186547,0.));
#7114=DIRECTION('',(-0.681998360062493,0.731353701619175,0.));
#7115=DIRECTION('center_axis',(0.,0.,-1.));
#7116=DIRECTION('ref_axis',(-0.707106781186548,-0.707106781186547,0.));
#7117=DIRECTION('',(-0.731353701619184,0.681998360062484,0.));
#7118=DIRECTION('center_axis',(0.,0.,-1.));
#7119=DIRECTION('ref_axis',(-0.707106781186548,-0.707106781186547,0.));
#7120=DIRECTION('',(0.,0.,-1.));
#7121=DIRECTION('center_axis',(0.,0.,-1.));
#7122=DIRECTION('ref_axis',(-0.707106781186548,-0.707106781186547,0.));
#7123=DIRECTION('',(0.,0.,-1.));
#7124=DIRECTION('center_axis',(0.,0.,-1.));
#7125=DIRECTION('ref_axis',(0.707106781186548,0.707106781186547,0.));
#7126=DIRECTION('center_axis',(0.731353701619176,0.681998360062493,0.));
#7127=DIRECTION('ref_axis',(0.681998360062493,-0.731353701619175,0.));
#7128=DIRECTION('center_axis',(0.,0.,1.));
#7129=DIRECTION('ref_axis',(0.707106781186552,-0.707106781186543,0.));
#7130=DIRECTION('center_axis',(-0.681998360062483,-0.731353701619185,0.));
#7131=DIRECTION('ref_axis',(0.731353701619185,-0.681998360062483,0.));
#7132=DIRECTION('center_axis',(0.,0.,-1.));
#7133=DIRECTION('ref_axis',(0.707106781186552,-0.707106781186543,0.));
#7134=DIRECTION('center_axis',(0.,0.,-1.));
#7135=DIRECTION('ref_axis',(-0.707106781186548,-0.707106781186547,0.));
#7136=DIRECTION('',(-0.681998360062493,0.731353701619175,0.));
#7137=DIRECTION('',(0.731353701619184,-0.681998360062484,0.));
#7138=DIRECTION('center_axis',(-0.731353701619176,-0.681998360062493,0.));
#7139=DIRECTION('ref_axis',(-0.681998360062493,0.731353701619175,0.));
#7140=DIRECTION('',(0.,0.,-1.));
#7141=DIRECTION('',(0.681998360062493,-0.731353701619175,0.));
#7142=DIRECTION('center_axis',(0.681998360062483,0.731353701619185,0.));
#7143=DIRECTION('ref_axis',(0.731353701619185,-0.681998360062483,0.));
#7144=DIRECTION('',(-0.731353701619185,0.681998360062483,0.));
#7145=DIRECTION('',(0.,0.,-1.));
#7146=DIRECTION('center_axis',(-2.64829627220349E-15,0.707106781186546,
-0.707106781186549));
#7147=DIRECTION('ref_axis',(1.,-1.22464679914735E-16,-3.86772118524701E-15));
#7148=DIRECTION('',(0.0246851884078456,-0.706891307583165,-0.706891307583162));
#7149=DIRECTION('',(-1.,-3.74525650533229E-15,0.));
#7150=DIRECTION('',(0.024685188407837,0.706891307583165,0.706891307583162));
#7151=DIRECTION('',(-1.,-3.74525650533229E-15,0.));
#7152=DIRECTION('center_axis',(-2.64829627220352E-15,0.707106781186555,
0.70710678118654));
#7153=DIRECTION('ref_axis',(-1.,1.22464679914735E-16,-3.86772118524711E-15));
#7154=DIRECTION('',(-0.0246851884078366,-0.706891307583156,0.706891307583171));
#7155=DIRECTION('',(1.,3.74525650533229E-15,0.));
#7156=DIRECTION('',(-0.0246851884078453,0.706891307583156,-0.706891307583171));
#7157=DIRECTION('center_axis',(0.,0.,-1.));
#7158=DIRECTION('ref_axis',(-1.,1.22464679914735E-16,0.));
#7159=DIRECTION('',(0.0348994967025082,0.999390827019096,0.));
#7160=DIRECTION('center_axis',(0.,0.,-1.));
#7161=DIRECTION('ref_axis',(-1.,1.22464679914735E-16,0.));
#7162=DIRECTION('',(-0.0348994967025204,0.999390827019095,0.));
#7163=DIRECTION('center_axis',(0.,0.,-1.));
#7164=DIRECTION('ref_axis',(-1.,1.22464679914735E-16,0.));
#7165=DIRECTION('',(0.,0.,-1.));
#7166=DIRECTION('center_axis',(0.,0.,-1.));
#7167=DIRECTION('ref_axis',(-1.,1.22464679914735E-16,0.));
#7168=DIRECTION('',(0.,0.,-1.));
#7169=DIRECTION('center_axis',(0.,0.,-1.));
#7170=DIRECTION('ref_axis',(-1.,1.22464679914735E-16,0.));
#7171=DIRECTION('',(0.0348994967025082,0.999390827019096,0.));
#7172=DIRECTION('',(0.0348994967025204,-0.999390827019095,0.));
#7173=DIRECTION('center_axis',(-0.999390827019096,0.0348994967025082,0.));
#7174=DIRECTION('ref_axis',(0.0348994967025082,0.999390827019096,0.));
#7175=DIRECTION('',(0.,0.,-1.));
#7176=DIRECTION('',(-0.0348994967025082,-0.999390827019096,0.));
#7177=DIRECTION('center_axis',(0.999390827019095,0.0348994967025218,0.));
#7178=DIRECTION('ref_axis',(0.0348994967025218,-0.999390827019095,0.));
#7179=DIRECTION('',(-0.0348994967025218,0.999390827019095,0.));
#7180=DIRECTION('',(0.,0.,-1.));
#7181=DIRECTION('center_axis',(-0.707106781186546,-2.60499846939171E-15,
-0.707106781186549));
#7182=DIRECTION('ref_axis',(1.83697019872103E-16,1.,-3.86772118524701E-15));
#7183=DIRECTION('',(0.706891307583165,0.0246851884078456,-0.706891307583162));
#7184=DIRECTION('',(3.68402416537492E-15,-1.,0.));
#7185=DIRECTION('',(-0.706891307583165,0.024685188407837,0.706891307583162));
#7186=DIRECTION('',(3.68402416537492E-15,-1.,0.));
#7187=DIRECTION('center_axis',(-0.707106781186555,-2.60499846939175E-15,
0.70710678118654));
#7188=DIRECTION('ref_axis',(-1.83697019872103E-16,-1.,-3.86772118524711E-15));
#7189=DIRECTION('',(0.706891307583156,-0.0246851884078367,0.706891307583171));
#7190=DIRECTION('',(-3.68402416537492E-15,1.,0.));
#7191=DIRECTION('',(-0.706891307583156,-0.0246851884078453,-0.706891307583171));
#7192=DIRECTION('center_axis',(0.,0.,-1.));
#7193=DIRECTION('ref_axis',(-1.83697019872103E-16,-1.,0.));
#7194=DIRECTION('',(-0.999390827019096,0.0348994967025082,0.));
#7195=DIRECTION('center_axis',(0.,0.,-1.));
#7196=DIRECTION('ref_axis',(-1.83697019872103E-16,-1.,0.));
#7197=DIRECTION('',(-0.999390827019095,-0.0348994967025204,0.));
#7198=DIRECTION('center_axis',(0.,0.,-1.));
#7199=DIRECTION('ref_axis',(-1.83697019872103E-16,-1.,0.));
#7200=DIRECTION('',(0.,0.,-1.));
#7201=DIRECTION('center_axis',(0.,0.,-1.));
#7202=DIRECTION('ref_axis',(-1.83697019872103E-16,-1.,0.));
#7203=DIRECTION('',(0.,0.,-1.));
#7204=DIRECTION('center_axis',(0.,0.,-1.));
#7205=DIRECTION('ref_axis',(1.83697019872103E-16,1.,0.));
#7206=DIRECTION('center_axis',(0.0348994967025082,0.999390827019096,0.));
#7207=DIRECTION('ref_axis',(0.999390827019095,-0.0348994967025082,0.));
#7208=DIRECTION('center_axis',(0.,0.,1.));
#7209=DIRECTION('ref_axis',(1.,6.81744284405547E-15,0.));
#7210=DIRECTION('center_axis',(0.0348994967025218,-0.999390827019095,0.));
#7211=DIRECTION('ref_axis',(0.999390827019095,0.0348994967025218,0.));
#7212=DIRECTION('center_axis',(0.,0.,-1.));
#7213=DIRECTION('ref_axis',(1.,6.81744284405547E-15,0.));
#7214=DIRECTION('center_axis',(0.,0.,-1.));
#7215=DIRECTION('ref_axis',(1.,6.81744284405547E-15,0.));
#7216=DIRECTION('center_axis',(0.,0.,-1.));
#7217=DIRECTION('ref_axis',(-1.83697019872103E-16,-1.,0.));
#7218=DIRECTION('',(-0.999390827019096,0.0348994967025082,0.));
#7219=DIRECTION('',(0.999390827019095,0.0348994967025204,0.));
#7220=DIRECTION('center_axis',(-0.0348994967025082,-0.999390827019096,0.));
#7221=DIRECTION('ref_axis',(-0.999390827019096,0.0348994967025082,0.));
#7222=DIRECTION('',(0.,0.,-1.));
#7223=DIRECTION('',(0.999390827019096,-0.0348994967025082,0.));
#7224=DIRECTION('center_axis',(-0.0348994967025218,0.999390827019095,0.));
#7225=DIRECTION('ref_axis',(0.999390827019095,0.0348994967025218,0.));
#7226=DIRECTION('',(-0.999390827019095,-0.0348994967025218,0.));
#7227=DIRECTION('',(0.,0.,-1.));
#7228=DIRECTION('center_axis',(-0.499999999999997,-0.500000000000001,-0.707106781186549));
#7229=DIRECTION('ref_axis',(-0.707106781186547,0.707106781186548,-3.86772118524701E-15));
#7230=DIRECTION('',(0.482392573035826,0.517302701271937,-0.706891307583162));
#7231=DIRECTION('',(0.70710678118655,-0.707106781186545,0.));
#7232=DIRECTION('',(-0.517302701271931,-0.482392573035832,0.706891307583162));
#7233=DIRECTION('',(0.70710678118655,-0.707106781186545,0.));
#7234=DIRECTION('center_axis',(-0.500000000000004,-0.500000000000007,0.70710678118654));
#7235=DIRECTION('ref_axis',(0.707106781186547,-0.707106781186548,-3.86772118524711E-15));
#7236=DIRECTION('',(0.517302701271924,0.482392573035826,0.706891307583171));
#7237=DIRECTION('',(-0.70710678118655,0.707106781186545,0.));
#7238=DIRECTION('',(-0.48239257303582,-0.51730270127193,-0.706891307583171));
#7239=DIRECTION('center_axis',(0.,0.,-1.));
#7240=DIRECTION('ref_axis',(0.707106781186547,-0.707106781186548,0.));
#7241=DIRECTION('',(-0.731353701619176,-0.681998360062493,0.));
#7242=DIRECTION('center_axis',(0.,0.,-1.));
#7243=DIRECTION('ref_axis',(0.707106781186547,-0.707106781186548,0.));
#7244=DIRECTION('',(-0.681998360062484,-0.731353701619184,0.));
#7245=DIRECTION('center_axis',(0.,0.,-1.));
#7246=DIRECTION('ref_axis',(0.707106781186547,-0.707106781186548,0.));
#7247=DIRECTION('',(0.,0.,-1.));
#7248=DIRECTION('center_axis',(0.,0.,-1.));
#7249=DIRECTION('ref_axis',(0.707106781186547,-0.707106781186548,0.));
#7250=DIRECTION('',(0.,0.,-1.));
#7251=DIRECTION('center_axis',(0.,0.,-1.));
#7252=DIRECTION('ref_axis',(-0.707106781186547,0.707106781186548,0.));
#7253=DIRECTION('center_axis',(-0.681998360062493,0.731353701619176,0.));
#7254=DIRECTION('ref_axis',(0.731353701619175,0.681998360062493,0.));
#7255=DIRECTION('center_axis',(0.,0.,1.));
#7256=DIRECTION('ref_axis',(0.707106781186543,0.707106781186552,0.));
#7257=DIRECTION('center_axis',(0.731353701619185,-0.681998360062483,0.));
#7258=DIRECTION('ref_axis',(0.681998360062483,0.731353701619185,0.));
#7259=DIRECTION('center_axis',(0.,0.,-1.));
#7260=DIRECTION('ref_axis',(0.707106781186543,0.707106781186552,0.));
#7261=DIRECTION('center_axis',(0.,0.,-1.));
#7262=DIRECTION('ref_axis',(0.707106781186547,-0.707106781186548,0.));
#7263=DIRECTION('',(-0.731353701619176,-0.681998360062493,0.));
#7264=DIRECTION('',(0.681998360062484,0.731353701619184,0.));
#7265=DIRECTION('center_axis',(0.681998360062493,-0.731353701619176,0.));
#7266=DIRECTION('ref_axis',(-0.731353701619176,-0.681998360062493,0.));
#7267=DIRECTION('',(0.,0.,-1.));
#7268=DIRECTION('',(0.731353701619176,0.681998360062493,0.));
#7269=DIRECTION('center_axis',(-0.731353701619185,0.681998360062483,0.));
#7270=DIRECTION('ref_axis',(0.681998360062483,0.731353701619185,0.));
#7271=DIRECTION('',(-0.681998360062483,-0.731353701619185,0.));
#7272=DIRECTION('',(0.,0.,-1.));
#7273=DIRECTION('center_axis',(2.73489187782704E-15,-0.707106781186546,
-0.707106781186549));
#7274=DIRECTION('ref_axis',(-1.,0.,-3.86772118524701E-15));
#7275=DIRECTION('',(-0.0246851884078457,0.706891307583165,-0.706891307583162));
#7276=DIRECTION('',(1.,3.86772118524702E-15,0.));
#7277=DIRECTION('',(-0.0246851884078369,-0.706891307583165,0.706891307583162));
#7278=DIRECTION('',(1.,3.86772118524702E-15,0.));
#7279=DIRECTION('center_axis',(2.73489187782707E-15,-0.707106781186555,
0.70710678118654));
#7280=DIRECTION('ref_axis',(1.,0.,-3.86772118524711E-15));
#7281=DIRECTION('',(0.0246851884078366,0.706891307583156,0.706891307583171));
#7282=DIRECTION('',(-1.,-3.86772118524702E-15,0.));
#7283=DIRECTION('',(0.0246851884078454,-0.706891307583156,-0.706891307583171));
#7284=DIRECTION('center_axis',(0.,0.,-1.));
#7285=DIRECTION('ref_axis',(1.,0.,0.));
#7286=DIRECTION('',(-0.0348994967025081,-0.999390827019096,0.));
#7287=DIRECTION('center_axis',(0.,0.,-1.));
#7288=DIRECTION('ref_axis',(1.,0.,0.));
#7289=DIRECTION('',(0.0348994967025206,-0.999390827019095,0.));
#7290=DIRECTION('center_axis',(0.,0.,-1.));
#7291=DIRECTION('ref_axis',(1.,0.,0.));
#7292=DIRECTION('',(0.,0.,-1.));
#7293=DIRECTION('center_axis',(0.,0.,-1.));
#7294=DIRECTION('ref_axis',(1.,0.,0.));
#7295=DIRECTION('',(0.,0.,-1.));
#7296=DIRECTION('center_axis',(0.,0.,-1.));
#7297=DIRECTION('ref_axis',(-1.,0.,0.));
#7298=DIRECTION('center_axis',(-0.999390827019096,0.0348994967025081,0.));
#7299=DIRECTION('ref_axis',(0.0348994967025081,0.999390827019096,0.));
#7300=DIRECTION('center_axis',(0.,0.,1.));
#7301=DIRECTION('ref_axis',(-7.00113986392757E-15,1.,0.));
#7302=DIRECTION('center_axis',(0.999390827019095,0.034899496702522,0.));
#7303=DIRECTION('ref_axis',(-0.034899496702522,0.999390827019095,0.));
#7304=DIRECTION('center_axis',(0.,0.,-1.));
#7305=DIRECTION('ref_axis',(-7.00113986392757E-15,1.,0.));
#7306=DIRECTION('center_axis',(0.,0.,-1.));
#7307=DIRECTION('ref_axis',(1.,0.,0.));
#7308=DIRECTION('',(-0.0348994967025081,-0.999390827019096,0.));
#7309=DIRECTION('',(-0.0348994967025206,0.999390827019095,0.));
#7310=DIRECTION('center_axis',(0.999390827019096,-0.0348994967025081,0.));
#7311=DIRECTION('ref_axis',(-0.0348994967025081,-0.999390827019096,0.));
#7312=DIRECTION('',(0.,0.,-1.));
#7313=DIRECTION('',(0.0348994967025081,0.999390827019096,0.));
#7314=DIRECTION('center_axis',(-0.999390827019095,-0.034899496702522,0.));
#7315=DIRECTION('ref_axis',(-0.034899496702522,0.999390827019095,0.));
#7316=DIRECTION('',(0.034899496702522,-0.999390827019095,0.));
#7317=DIRECTION('',(0.,0.,-1.));
#7318=DIRECTION('center_axis',(0.500000000000001,-0.499999999999997,-0.707106781186549));
#7319=DIRECTION('ref_axis',(-0.707106781186548,-0.707106781186547,-3.86772118524701E-15));
#7320=DIRECTION('',(-0.517302701271937,0.482392573035826,-0.706891307583162));
#7321=DIRECTION('',(0.707106781186545,0.70710678118655,0.));
#7322=DIRECTION('',(0.482392573035832,-0.517302701271931,0.706891307583162));
#7323=DIRECTION('',(0.707106781186545,0.70710678118655,0.));
#7324=DIRECTION('center_axis',(0.500000000000007,-0.500000000000004,0.70710678118654));
#7325=DIRECTION('ref_axis',(0.707106781186548,0.707106781186547,-3.86772118524711E-15));
#7326=DIRECTION('',(-0.482392573035826,0.517302701271924,0.706891307583171));
#7327=DIRECTION('',(-0.707106781186545,-0.70710678118655,0.));
#7328=DIRECTION('',(0.51730270127193,-0.48239257303582,-0.706891307583171));
#7329=DIRECTION('center_axis',(0.,0.,-1.));
#7330=DIRECTION('ref_axis',(0.707106781186548,0.707106781186547,0.));
#7331=DIRECTION('',(0.681998360062493,-0.731353701619175,0.));
#7332=DIRECTION('center_axis',(0.,0.,-1.));
#7333=DIRECTION('ref_axis',(0.707106781186548,0.707106781186547,0.));
#7334=DIRECTION('',(0.731353701619184,-0.681998360062484,0.));
#7335=DIRECTION('center_axis',(0.,0.,-1.));
#7336=DIRECTION('ref_axis',(0.707106781186548,0.707106781186547,0.));
#7337=DIRECTION('',(0.,0.,-1.));
#7338=DIRECTION('center_axis',(0.,0.,-1.));
#7339=DIRECTION('ref_axis',(0.707106781186548,0.707106781186547,0.));
#7340=DIRECTION('',(0.,0.,-1.));
#7341=DIRECTION('center_axis',(0.,0.,-1.));
#7342=DIRECTION('ref_axis',(-0.707106781186548,-0.707106781186547,0.));
#7343=DIRECTION('center_axis',(-0.731353701619175,-0.681998360062493,0.));
#7344=DIRECTION('ref_axis',(-0.681998360062493,0.731353701619175,0.));
#7345=DIRECTION('center_axis',(0.,0.,1.));
#7346=DIRECTION('ref_axis',(-0.707106781186552,0.707106781186543,0.));
#7347=DIRECTION('center_axis',(0.681998360062483,0.731353701619185,0.));
#7348=DIRECTION('ref_axis',(-0.731353701619185,0.681998360062483,0.));
#7349=DIRECTION('center_axis',(0.,0.,-1.));
#7350=DIRECTION('ref_axis',(-0.707106781186552,0.707106781186543,0.));
#7351=DIRECTION('center_axis',(0.,0.,-1.));
#7352=DIRECTION('ref_axis',(0.707106781186548,0.707106781186547,0.));
#7353=DIRECTION('',(0.681998360062493,-0.731353701619175,0.));
#7354=DIRECTION('',(-0.731353701619184,0.681998360062484,0.));
#7355=DIRECTION('center_axis',(0.731353701619175,0.681998360062493,0.));
#7356=DIRECTION('ref_axis',(0.681998360062493,-0.731353701619175,0.));
#7357=DIRECTION('',(0.,0.,-1.));
#7358=DIRECTION('',(-0.681998360062493,0.731353701619175,0.));
#7359=DIRECTION('center_axis',(-0.681998360062483,-0.731353701619185,0.));
#7360=DIRECTION('ref_axis',(-0.731353701619185,0.681998360062483,0.));
#7361=DIRECTION('',(0.731353701619185,-0.681998360062483,0.));
#7362=DIRECTION('',(0.,0.,-1.));
#7363=DIRECTION('center_axis',(0.499999999999997,0.500000000000001,-0.707106781186549));
#7364=DIRECTION('ref_axis',(0.707106781186547,-0.707106781186548,-3.86772118524701E-15));
#7365=DIRECTION('',(-0.482392573035826,-0.517302701271937,-0.706891307583162));
#7366=DIRECTION('',(-0.70710678118655,0.707106781186545,0.));
#7367=DIRECTION('',(0.517302701271931,0.482392573035832,0.706891307583162));
#7368=DIRECTION('',(-0.70710678118655,0.707106781186545,0.));
#7369=DIRECTION('center_axis',(0.500000000000004,0.500000000000007,0.70710678118654));
#7370=DIRECTION('ref_axis',(-0.707106781186547,0.707106781186548,-3.86772118524711E-15));
#7371=DIRECTION('',(-0.517302701271924,-0.482392573035826,0.706891307583171));
#7372=DIRECTION('',(0.70710678118655,-0.707106781186545,0.));
#7373=DIRECTION('',(0.48239257303582,0.51730270127193,-0.706891307583171));
#7374=DIRECTION('center_axis',(0.,0.,-1.));
#7375=DIRECTION('ref_axis',(-0.707106781186547,0.707106781186548,0.));
#7376=DIRECTION('',(0.731353701619175,0.681998360062493,0.));
#7377=DIRECTION('center_axis',(0.,0.,-1.));
#7378=DIRECTION('ref_axis',(-0.707106781186547,0.707106781186548,0.));
#7379=DIRECTION('',(0.681998360062484,0.731353701619184,0.));
#7380=DIRECTION('center_axis',(0.,0.,-1.));
#7381=DIRECTION('ref_axis',(-0.707106781186547,0.707106781186548,0.));
#7382=DIRECTION('',(0.,0.,-1.));
#7383=DIRECTION('center_axis',(0.,0.,-1.));
#7384=DIRECTION('ref_axis',(-0.707106781186547,0.707106781186548,0.));
#7385=DIRECTION('',(0.,0.,-1.));
#7386=DIRECTION('center_axis',(0.,0.,-1.));
#7387=DIRECTION('ref_axis',(0.707106781186547,-0.707106781186548,0.));
#7388=DIRECTION('center_axis',(0.681998360062493,-0.731353701619175,0.));
#7389=DIRECTION('ref_axis',(-0.731353701619175,-0.681998360062493,0.));
#7390=DIRECTION('center_axis',(0.,0.,1.));
#7391=DIRECTION('ref_axis',(-0.707106781186543,-0.707106781186552,0.));
#7392=DIRECTION('center_axis',(-0.731353701619185,0.681998360062483,0.));
#7393=DIRECTION('ref_axis',(-0.681998360062483,-0.731353701619185,0.));
#7394=DIRECTION('center_axis',(0.,0.,-1.));
#7395=DIRECTION('ref_axis',(-0.707106781186543,-0.707106781186552,0.));
#7396=DIRECTION('center_axis',(0.,0.,-1.));
#7397=DIRECTION('ref_axis',(-0.707106781186547,0.707106781186548,0.));
#7398=DIRECTION('',(0.731353701619175,0.681998360062493,0.));
#7399=DIRECTION('',(-0.681998360062484,-0.731353701619184,0.));
#7400=DIRECTION('center_axis',(-0.681998360062493,0.731353701619175,0.));
#7401=DIRECTION('ref_axis',(0.731353701619175,0.681998360062493,0.));
#7402=DIRECTION('',(0.,0.,-1.));
#7403=DIRECTION('',(-0.731353701619175,-0.681998360062493,0.));
#7404=DIRECTION('center_axis',(0.731353701619185,-0.681998360062483,0.));
#7405=DIRECTION('ref_axis',(-0.681998360062483,-0.731353701619185,0.));
#7406=DIRECTION('',(0.681998360062483,0.731353701619185,0.));
#7407=DIRECTION('',(0.,0.,-1.));
#7408=DIRECTION('center_axis',(0.707106781186546,2.69159407501526E-15,-0.707106781186549));
#7409=DIRECTION('ref_axis',(-6.12323399573677E-17,-1.,-3.86772118524701E-15));
#7410=DIRECTION('',(-0.706891307583165,-0.0246851884078457,-0.706891307583162));
#7411=DIRECTION('',(-3.80648884528965E-15,1.,0.));
#7412=DIRECTION('',(0.706891307583165,-0.0246851884078369,0.706891307583162));
#7413=DIRECTION('',(-3.80648884528965E-15,1.,0.));
#7414=DIRECTION('center_axis',(0.707106781186555,2.69159407501529E-15,0.70710678118654));
#7415=DIRECTION('ref_axis',(6.12323399573677E-17,1.,-3.86772118524711E-15));
#7416=DIRECTION('',(-0.706891307583156,0.0246851884078366,0.706891307583171));
#7417=DIRECTION('',(3.80648884528965E-15,-1.,0.));
#7418=DIRECTION('',(0.706891307583156,0.0246851884078454,-0.706891307583171));
#7419=DIRECTION('center_axis',(0.,0.,-1.));
#7420=DIRECTION('ref_axis',(6.12323399573677E-17,1.,0.));
#7421=DIRECTION('',(0.999390827019096,-0.0348994967025081,0.));
#7422=DIRECTION('center_axis',(0.,0.,-1.));
#7423=DIRECTION('ref_axis',(6.12323399573677E-17,1.,0.));
#7424=DIRECTION('',(0.999390827019095,0.0348994967025205,0.));
#7425=DIRECTION('center_axis',(0.,0.,-1.));
#7426=DIRECTION('ref_axis',(6.12323399573677E-17,1.,0.));
#7427=DIRECTION('',(0.,0.,-1.));
#7428=DIRECTION('center_axis',(0.,0.,-1.));
#7429=DIRECTION('ref_axis',(6.12323399573677E-17,1.,0.));
#7430=DIRECTION('',(0.,0.,-1.));
#7431=DIRECTION('center_axis',(0.,0.,-1.));
#7432=DIRECTION('ref_axis',(-6.12323399573677E-17,-1.,0.));
#7433=DIRECTION('center_axis',(-0.0348994967025081,-0.999390827019096,0.));
#7434=DIRECTION('ref_axis',(-0.999390827019096,0.0348994967025081,0.));
#7435=DIRECTION('center_axis',(0.,0.,1.));
#7436=DIRECTION('ref_axis',(-1.,-6.9399075239702E-15,0.));
#7437=DIRECTION('center_axis',(-0.0348994967025219,0.999390827019095,0.));
#7438=DIRECTION('ref_axis',(-0.999390827019095,-0.0348994967025219,0.));
#7439=DIRECTION('center_axis',(0.,0.,-1.));
#7440=DIRECTION('ref_axis',(-1.,-6.9399075239702E-15,0.));
#7441=DIRECTION('center_axis',(0.,0.,-1.));
#7442=DIRECTION('ref_axis',(6.12323399573677E-17,1.,0.));
#7443=DIRECTION('',(0.999390827019096,-0.0348994967025081,0.));
#7444=DIRECTION('',(-0.999390827019095,-0.0348994967025205,0.));
#7445=DIRECTION('center_axis',(0.0348994967025081,0.999390827019096,0.));
#7446=DIRECTION('ref_axis',(0.999390827019096,-0.0348994967025081,0.));
#7447=DIRECTION('',(0.,0.,-1.));
#7448=DIRECTION('',(-0.999390827019096,0.0348994967025081,0.));
#7449=DIRECTION('center_axis',(0.0348994967025219,-0.999390827019095,0.));
#7450=DIRECTION('ref_axis',(-0.999390827019095,-0.0348994967025219,0.));
#7451=DIRECTION('',(0.999390827019095,0.0348994967025219,0.));
#7452=DIRECTION('',(0.,0.,-1.));
#7453=DIRECTION('center_axis',(0.,0.,-1.));
#7454=DIRECTION('ref_axis',(1.,0.,0.));
#7455=DIRECTION('center_axis',(0.,0.,-1.));
#7456=DIRECTION('ref_axis',(1.,0.,0.));
#7457=DIRECTION('',(0.,0.,1.));
#7458=DIRECTION('center_axis',(0.,0.,1.));
#7459=DIRECTION('ref_axis',(1.,0.,0.));
#7460=DIRECTION('center_axis',(0.,0.,-1.));
#7461=DIRECTION('ref_axis',(1.,0.,0.));
#7462=DIRECTION('center_axis',(0.,0.,-1.));
#7463=DIRECTION('ref_axis',(0.866025403784439,0.5,0.));
#7464=DIRECTION('center_axis',(0.,0.,-1.));
#7465=DIRECTION('ref_axis',(0.866025403784439,0.5,0.));
#7466=DIRECTION('',(0.,0.,1.));
#7467=DIRECTION('center_axis',(0.,0.,1.));
#7468=DIRECTION('ref_axis',(0.866025403784439,0.5,0.));
#7469=DIRECTION('center_axis',(0.,0.,-1.));
#7470=DIRECTION('ref_axis',(0.866025403784439,0.5,0.));
#7471=DIRECTION('center_axis',(0.,0.,-1.));
#7472=DIRECTION('ref_axis',(0.707106781186548,0.707106781186547,0.));
#7473=DIRECTION('center_axis',(0.,0.,-1.));
#7474=DIRECTION('ref_axis',(0.707106781186548,0.707106781186547,0.));
#7475=DIRECTION('',(0.,0.,1.));
#7476=DIRECTION('center_axis',(0.,0.,1.));
#7477=DIRECTION('ref_axis',(0.707106781186548,0.707106781186547,0.));
#7478=DIRECTION('center_axis',(0.,0.,-1.));
#7479=DIRECTION('ref_axis',(0.707106781186548,0.707106781186547,0.));
#7480=DIRECTION('center_axis',(0.,0.,-1.));
#7481=DIRECTION('ref_axis',(-0.707106781186547,0.707106781186548,0.));
#7482=DIRECTION('center_axis',(0.,0.,-1.));
#7483=DIRECTION('ref_axis',(-0.707106781186547,0.707106781186548,0.));
#7484=DIRECTION('',(0.,0.,1.));
#7485=DIRECTION('center_axis',(0.,0.,1.));
#7486=DIRECTION('ref_axis',(-0.707106781186547,0.707106781186548,0.));
#7487=DIRECTION('center_axis',(0.,0.,-1.));
#7488=DIRECTION('ref_axis',(-0.707106781186547,0.707106781186548,0.));
#7489=DIRECTION('center_axis',(0.,0.,-1.));
#7490=DIRECTION('ref_axis',(0.5,0.866025403784439,0.));
#7491=DIRECTION('center_axis',(0.,0.,-1.));
#7492=DIRECTION('ref_axis',(0.5,0.866025403784439,0.));
#7493=DIRECTION('',(0.,0.,1.));
#7494=DIRECTION('center_axis',(0.,0.,1.));
#7495=DIRECTION('ref_axis',(0.5,0.866025403784439,0.));
#7496=DIRECTION('center_axis',(0.,0.,-1.));
#7497=DIRECTION('ref_axis',(0.5,0.866025403784439,0.));
#7498=DIRECTION('center_axis',(0.,0.,-1.));
#7499=DIRECTION('ref_axis',(6.12323399573677E-17,1.,0.));
#7500=DIRECTION('center_axis',(0.,0.,-1.));
#7501=DIRECTION('ref_axis',(6.12323399573677E-17,1.,0.));
#7502=DIRECTION('',(0.,0.,1.));
#7503=DIRECTION('center_axis',(0.,0.,1.));
#7504=DIRECTION('ref_axis',(6.12323399573677E-17,1.,0.));
#7505=DIRECTION('center_axis',(0.,0.,-1.));
#7506=DIRECTION('ref_axis',(6.12323399573677E-17,1.,0.));
#7507=DIRECTION('center_axis',(0.,0.,-1.));
#7508=DIRECTION('ref_axis',(0.965925826289068,0.258819045102521,0.));
#7509=DIRECTION('center_axis',(0.,0.,-1.));
#7510=DIRECTION('ref_axis',(0.965925826289068,0.258819045102521,0.));
#7511=DIRECTION('',(0.,0.,1.));
#7512=DIRECTION('center_axis',(0.,0.,1.));
#7513=DIRECTION('ref_axis',(0.965925826289068,0.258819045102521,0.));
#7514=DIRECTION('center_axis',(0.,0.,-1.));
#7515=DIRECTION('ref_axis',(0.965925826289068,0.258819045102521,0.));
#7516=DIRECTION('center_axis',(0.,0.,-1.));
#7517=DIRECTION('ref_axis',(-0.258819045102521,0.965925826289068,0.));
#7518=DIRECTION('center_axis',(0.,0.,-1.));
#7519=DIRECTION('ref_axis',(-0.258819045102521,0.965925826289068,0.));
#7520=DIRECTION('',(0.,0.,1.));
#7521=DIRECTION('center_axis',(0.,0.,1.));
#7522=DIRECTION('ref_axis',(-0.258819045102521,0.965925826289068,0.));
#7523=DIRECTION('center_axis',(0.,0.,-1.));
#7524=DIRECTION('ref_axis',(-0.258819045102521,0.965925826289068,0.));
#7525=DIRECTION('center_axis',(0.,0.,-1.));
#7526=DIRECTION('ref_axis',(0.258819045102521,0.965925826289068,0.));
#7527=DIRECTION('center_axis',(0.,0.,-1.));
#7528=DIRECTION('ref_axis',(0.258819045102521,0.965925826289068,0.));
#7529=DIRECTION('',(0.,0.,1.));
#7530=DIRECTION('center_axis',(0.,0.,1.));
#7531=DIRECTION('ref_axis',(0.258819045102521,0.965925826289068,0.));
#7532=DIRECTION('center_axis',(0.,0.,-1.));
#7533=DIRECTION('ref_axis',(0.258819045102521,0.965925826289068,0.));
#7534=DIRECTION('center_axis',(0.,0.,-1.));
#7535=DIRECTION('ref_axis',(-0.866025403784438,0.5,0.));
#7536=DIRECTION('center_axis',(0.,0.,-1.));
#7537=DIRECTION('ref_axis',(-0.866025403784438,0.5,0.));
#7538=DIRECTION('',(0.,0.,1.));
#7539=DIRECTION('center_axis',(0.,0.,1.));
#7540=DIRECTION('ref_axis',(-0.866025403784438,0.5,0.));
#7541=DIRECTION('center_axis',(0.,0.,-1.));
#7542=DIRECTION('ref_axis',(-0.866025403784439,0.5,0.));
#7543=DIRECTION('center_axis',(0.,0.,-1.));
#7544=DIRECTION('ref_axis',(-0.5,0.866025403784439,0.));
#7545=DIRECTION('center_axis',(0.,0.,-1.));
#7546=DIRECTION('ref_axis',(-0.5,0.866025403784439,0.));
#7547=DIRECTION('',(0.,0.,1.));
#7548=DIRECTION('center_axis',(0.,0.,1.));
#7549=DIRECTION('ref_axis',(-0.5,0.866025403784439,0.));
#7550=DIRECTION('center_axis',(0.,0.,-1.));
#7551=DIRECTION('ref_axis',(-0.5,0.866025403784439,0.));
#7552=DIRECTION('center_axis',(0.,0.,-1.));
#7553=DIRECTION('ref_axis',(-0.965925826289068,-0.25881904510252,0.));
#7554=DIRECTION('center_axis',(0.,0.,-1.));
#7555=DIRECTION('ref_axis',(-0.965925826289068,-0.25881904510252,0.));
#7556=DIRECTION('',(0.,0.,1.));
#7557=DIRECTION('center_axis',(0.,0.,1.));
#7558=DIRECTION('ref_axis',(-0.965925826289068,-0.25881904510252,0.));
#7559=DIRECTION('center_axis',(0.,0.,-1.));
#7560=DIRECTION('ref_axis',(-0.965925826289068,-0.25881904510252,0.));
#7561=DIRECTION('center_axis',(0.,0.,-1.));
#7562=DIRECTION('ref_axis',(-0.258819045102522,-0.965925826289068,0.));
#7563=DIRECTION('center_axis',(0.,0.,-1.));
#7564=DIRECTION('ref_axis',(-0.258819045102522,-0.965925826289068,0.));
#7565=DIRECTION('',(0.,0.,1.));
#7566=DIRECTION('center_axis',(0.,0.,1.));
#7567=DIRECTION('ref_axis',(-0.258819045102522,-0.965925826289068,0.));
#7568=DIRECTION('center_axis',(0.,0.,-1.));
#7569=DIRECTION('ref_axis',(-0.258819045102522,-0.965925826289068,0.));
#7570=DIRECTION('center_axis',(0.,0.,-1.));
#7571=DIRECTION('ref_axis',(-0.707106781186548,-0.707106781186547,0.));
#7572=DIRECTION('center_axis',(0.,0.,-1.));
#7573=DIRECTION('ref_axis',(-0.707106781186548,-0.707106781186547,0.));
#7574=DIRECTION('',(0.,0.,1.));
#7575=DIRECTION('center_axis',(0.,0.,1.));
#7576=DIRECTION('ref_axis',(-0.707106781186548,-0.707106781186547,0.));
#7577=DIRECTION('center_axis',(0.,0.,-1.));
#7578=DIRECTION('ref_axis',(-0.707106781186548,-0.707106781186547,0.));
#7579=DIRECTION('center_axis',(0.,0.,-1.));
#7580=DIRECTION('ref_axis',(0.707106781186547,-0.707106781186548,0.));
#7581=DIRECTION('center_axis',(0.,0.,-1.));
#7582=DIRECTION('ref_axis',(0.707106781186547,-0.707106781186548,0.));
#7583=DIRECTION('',(0.,0.,1.));
#7584=DIRECTION('center_axis',(0.,0.,1.));
#7585=DIRECTION('ref_axis',(0.707106781186547,-0.707106781186548,0.));
#7586=DIRECTION('center_axis',(0.,0.,-1.));
#7587=DIRECTION('ref_axis',(0.707106781186547,-0.707106781186548,0.));
#7588=DIRECTION('center_axis',(0.,0.,-1.));
#7589=DIRECTION('ref_axis',(-1.,1.22464679914735E-16,0.));
#7590=DIRECTION('center_axis',(0.,0.,-1.));
#7591=DIRECTION('ref_axis',(-1.,1.22464679914735E-16,0.));
#7592=DIRECTION('',(0.,0.,1.));
#7593=DIRECTION('center_axis',(0.,0.,1.));
#7594=DIRECTION('ref_axis',(-1.,1.22464679914735E-16,0.));
#7595=DIRECTION('center_axis',(0.,0.,-1.));
#7596=DIRECTION('ref_axis',(-1.,1.22464679914735E-16,0.));
#7597=DIRECTION('center_axis',(0.,0.,-1.));
#7598=DIRECTION('ref_axis',(0.965925826289068,-0.258819045102522,0.));
#7599=DIRECTION('center_axis',(0.,0.,-1.));
#7600=DIRECTION('ref_axis',(0.965925826289068,-0.258819045102522,0.));
#7601=DIRECTION('',(0.,0.,1.));
#7602=DIRECTION('center_axis',(0.,0.,1.));
#7603=DIRECTION('ref_axis',(0.965925826289068,-0.258819045102522,0.));
#7604=DIRECTION('center_axis',(0.,0.,-1.));
#7605=DIRECTION('ref_axis',(0.965925826289068,-0.258819045102522,0.));
#7606=DIRECTION('center_axis',(0.,0.,-1.));
#7607=DIRECTION('ref_axis',(-0.965925826289068,0.258819045102521,0.));
#7608=DIRECTION('center_axis',(0.,0.,-1.));
#7609=DIRECTION('ref_axis',(-0.965925826289068,0.258819045102521,0.));
#7610=DIRECTION('',(0.,0.,1.));
#7611=DIRECTION('center_axis',(0.,0.,1.));
#7612=DIRECTION('ref_axis',(-0.965925826289068,0.258819045102521,0.));
#7613=DIRECTION('center_axis',(0.,0.,-1.));
#7614=DIRECTION('ref_axis',(-0.965925826289068,0.258819045102521,0.));
#7615=DIRECTION('center_axis',(0.,0.,-1.));
#7616=DIRECTION('ref_axis',(0.25881904510252,-0.965925826289068,0.));
#7617=DIRECTION('center_axis',(0.,0.,-1.));
#7618=DIRECTION('ref_axis',(0.25881904510252,-0.965925826289068,0.));
#7619=DIRECTION('',(0.,0.,1.));
#7620=DIRECTION('center_axis',(0.,0.,1.));
#7621=DIRECTION('ref_axis',(0.25881904510252,-0.965925826289068,0.));
#7622=DIRECTION('center_axis',(0.,0.,-1.));
#7623=DIRECTION('ref_axis',(0.25881904510252,-0.965925826289068,0.));
#7624=DIRECTION('center_axis',(0.,0.,-1.));
#7625=DIRECTION('ref_axis',(-1.83697019872103E-16,-1.,0.));
#7626=DIRECTION('center_axis',(0.,0.,-1.));
#7627=DIRECTION('ref_axis',(-1.83697019872103E-16,-1.,0.));
#7628=DIRECTION('',(0.,0.,1.));
#7629=DIRECTION('center_axis',(0.,0.,1.));
#7630=DIRECTION('ref_axis',(-1.83697019872103E-16,-1.,0.));
#7631=DIRECTION('center_axis',(0.,0.,-1.));
#7632=DIRECTION('ref_axis',(-1.83697019872103E-16,-1.,0.));
#7633=DIRECTION('center_axis',(0.,0.,-1.));
#7634=DIRECTION('ref_axis',(-0.866025403784439,-0.5,0.));
#7635=DIRECTION('center_axis',(0.,0.,-1.));
#7636=DIRECTION('ref_axis',(-0.866025403784439,-0.5,0.));
#7637=DIRECTION('',(0.,0.,1.));
#7638=DIRECTION('center_axis',(0.,0.,1.));
#7639=DIRECTION('ref_axis',(-0.866025403784439,-0.5,0.));
#7640=DIRECTION('center_axis',(0.,0.,-1.));
#7641=DIRECTION('ref_axis',(-0.866025403784439,-0.5,0.));
#7642=DIRECTION('center_axis',(0.,0.,-1.));
#7643=DIRECTION('ref_axis',(0.866025403784438,-0.5,0.));
#7644=DIRECTION('center_axis',(0.,0.,-1.));
#7645=DIRECTION('ref_axis',(0.866025403784438,-0.5,0.));
#7646=DIRECTION('',(0.,0.,1.));
#7647=DIRECTION('center_axis',(0.,0.,1.));
#7648=DIRECTION('ref_axis',(0.866025403784438,-0.5,0.));
#7649=DIRECTION('center_axis',(0.,0.,-1.));
#7650=DIRECTION('ref_axis',(0.866025403784438,-0.5,0.));
#7651=DIRECTION('center_axis',(0.,0.,-1.));
#7652=DIRECTION('ref_axis',(-0.5,-0.866025403784438,0.));
#7653=DIRECTION('center_axis',(0.,0.,-1.));
#7654=DIRECTION('ref_axis',(-0.5,-0.866025403784438,0.));
#7655=DIRECTION('',(0.,0.,1.));
#7656=DIRECTION('center_axis',(0.,0.,1.));
#7657=DIRECTION('ref_axis',(-0.5,-0.866025403784438,0.));
#7658=DIRECTION('center_axis',(0.,0.,-1.));
#7659=DIRECTION('ref_axis',(-0.5,-0.866025403784438,0.));
#7660=DIRECTION('center_axis',(0.,0.,-1.));
#7661=DIRECTION('ref_axis',(0.499999999999999,-0.866025403784439,0.));
#7662=DIRECTION('center_axis',(0.,0.,-1.));
#7663=DIRECTION('ref_axis',(0.499999999999999,-0.866025403784439,0.));
#7664=DIRECTION('',(0.,0.,1.));
#7665=DIRECTION('center_axis',(0.,0.,1.));
#7666=DIRECTION('ref_axis',(0.499999999999999,-0.866025403784439,0.));
#7667=DIRECTION('center_axis',(0.,0.,-1.));
#7668=DIRECTION('ref_axis',(0.499999999999999,-0.866025403784439,0.));
#7669=DIRECTION('center_axis',(0.,0.,-1.));
#7670=DIRECTION('ref_axis',(1.,0.,0.));
#7671=DIRECTION('center_axis',(0.,0.,-1.));
#7672=DIRECTION('ref_axis',(1.,0.,0.));
#7673=DIRECTION('',(0.,0.,1.));
#7674=DIRECTION('center_axis',(0.,0.,1.));
#7675=DIRECTION('ref_axis',(1.,0.,0.));
#7676=DIRECTION('center_axis',(0.,0.,-1.));
#7677=DIRECTION('ref_axis',(1.,0.,0.));
#7678=DIRECTION('center_axis',(0.,0.,-1.));
#7679=DIRECTION('ref_axis',(1.,0.,0.));
#7680=DIRECTION('center_axis',(0.,0.,-1.));
#7681=DIRECTION('ref_axis',(1.,0.,0.));
#7682=DIRECTION('',(0.,0.,1.));
#7683=DIRECTION('center_axis',(0.,0.,1.));
#7684=DIRECTION('ref_axis',(1.,0.,0.));
#7685=DIRECTION('center_axis',(0.,0.,-1.));
#7686=DIRECTION('ref_axis',(1.,0.,0.));
#7687=DIRECTION('center_axis',(0.,0.,-1.));
#7688=DIRECTION('ref_axis',(1.,0.,0.));
#7689=DIRECTION('center_axis',(0.,0.,-1.));
#7690=DIRECTION('ref_axis',(1.,0.,0.));
#7691=DIRECTION('',(0.,0.,1.));
#7692=DIRECTION('center_axis',(0.,0.,1.));
#7693=DIRECTION('ref_axis',(1.,0.,0.));
#7694=DIRECTION('center_axis',(0.,0.,-1.));
#7695=DIRECTION('ref_axis',(1.,0.,0.));
#7696=DIRECTION('center_axis',(0.,0.,-1.));
#7697=DIRECTION('ref_axis',(1.,0.,0.));
#7698=DIRECTION('center_axis',(0.,0.,-1.));
#7699=DIRECTION('ref_axis',(1.,0.,0.));
#7700=DIRECTION('',(0.,0.,1.));
#7701=DIRECTION('center_axis',(0.,0.,1.));
#7702=DIRECTION('ref_axis',(1.,0.,0.));
#7703=DIRECTION('center_axis',(0.,0.,-1.));
#7704=DIRECTION('ref_axis',(1.,0.,0.));
#7705=DIRECTION('center_axis',(0.,0.,-1.));
#7706=DIRECTION('ref_axis',(0.793353340291235,0.608761429008721,0.));
#7707=DIRECTION('center_axis',(0.,0.,-1.));
#7708=DIRECTION('ref_axis',(0.793353340291235,0.608761429008721,0.));
#7709=DIRECTION('',(0.,0.,1.));
#7710=DIRECTION('center_axis',(0.,0.,1.));
#7711=DIRECTION('ref_axis',(0.793353340291235,0.608761429008721,0.));
#7712=DIRECTION('center_axis',(0.,0.,-1.));
#7713=DIRECTION('ref_axis',(0.793353340291235,0.608761429008721,0.));
#7714=DIRECTION('center_axis',(0.,0.,-1.));
#7715=DIRECTION('ref_axis',(0.5,0.866025403784439,0.));
#7716=DIRECTION('center_axis',(0.,0.,-1.));
#7717=DIRECTION('ref_axis',(0.5,0.866025403784439,0.));
#7718=DIRECTION('',(0.,0.,1.));
#7719=DIRECTION('center_axis',(0.,0.,1.));
#7720=DIRECTION('ref_axis',(0.5,0.866025403784439,0.));
#7721=DIRECTION('center_axis',(0.,0.,-1.));
#7722=DIRECTION('ref_axis',(0.5,0.866025403784439,0.));
#7723=DIRECTION('center_axis',(0.,0.,-1.));
#7724=DIRECTION('ref_axis',(0.258819045102521,0.965925826289068,0.));
#7725=DIRECTION('center_axis',(0.,0.,-1.));
#7726=DIRECTION('ref_axis',(0.258819045102521,0.965925826289068,0.));
#7727=DIRECTION('',(0.,0.,1.));
#7728=DIRECTION('center_axis',(0.,0.,1.));
#7729=DIRECTION('ref_axis',(0.258819045102521,0.965925826289068,0.));
#7730=DIRECTION('center_axis',(0.,0.,-1.));
#7731=DIRECTION('ref_axis',(0.258819045102521,0.965925826289068,0.));
#7732=DIRECTION('center_axis',(0.,0.,-1.));
#7733=DIRECTION('ref_axis',(-0.258819045102521,0.965925826289068,0.));
#7734=DIRECTION('center_axis',(0.,0.,-1.));
#7735=DIRECTION('ref_axis',(-0.258819045102521,0.965925826289068,0.));
#7736=DIRECTION('',(0.,0.,1.));
#7737=DIRECTION('center_axis',(0.,0.,1.));
#7738=DIRECTION('ref_axis',(-0.258819045102521,0.965925826289068,0.));
#7739=DIRECTION('center_axis',(0.,0.,-1.));
#7740=DIRECTION('ref_axis',(-0.258819045102521,0.965925826289068,0.));
#7741=DIRECTION('center_axis',(0.,0.,-1.));
#7742=DIRECTION('ref_axis',(-0.130526192220051,0.99144486137381,0.));
#7743=DIRECTION('center_axis',(0.,0.,-1.));
#7744=DIRECTION('ref_axis',(-0.130526192220051,0.99144486137381,0.));
#7745=DIRECTION('',(0.,0.,1.));
#7746=DIRECTION('center_axis',(0.,0.,1.));
#7747=DIRECTION('ref_axis',(-0.130526192220051,0.99144486137381,0.));
#7748=DIRECTION('center_axis',(0.,0.,-1.));
#7749=DIRECTION('ref_axis',(-0.130526192220051,0.991444861373811,0.));
#7750=DIRECTION('center_axis',(0.,0.,-1.));
#7751=DIRECTION('ref_axis',(0.707106781186548,0.707106781186547,0.));
#7752=DIRECTION('center_axis',(0.,0.,-1.));
#7753=DIRECTION('ref_axis',(0.707106781186548,0.707106781186547,0.));
#7754=DIRECTION('',(0.,0.,1.));
#7755=DIRECTION('center_axis',(0.,0.,1.));
#7756=DIRECTION('ref_axis',(0.707106781186548,0.707106781186547,0.));
#7757=DIRECTION('center_axis',(0.,0.,-1.));
#7758=DIRECTION('ref_axis',(0.707106781186548,0.707106781186547,0.));
#7759=DIRECTION('center_axis',(0.,0.,-1.));
#7760=DIRECTION('ref_axis',(0.866025403784439,0.5,0.));
#7761=DIRECTION('center_axis',(0.,0.,-1.));
#7762=DIRECTION('ref_axis',(0.866025403784439,0.5,0.));
#7763=DIRECTION('',(0.,0.,1.));
#7764=DIRECTION('center_axis',(0.,0.,1.));
#7765=DIRECTION('ref_axis',(0.866025403784439,0.5,0.));
#7766=DIRECTION('center_axis',(0.,0.,-1.));
#7767=DIRECTION('ref_axis',(0.866025403784439,0.5,0.));
#7768=DIRECTION('center_axis',(0.,0.,-1.));
#7769=DIRECTION('ref_axis',(0.608761429008721,0.793353340291235,0.));
#7770=DIRECTION('center_axis',(0.,0.,-1.));
#7771=DIRECTION('ref_axis',(0.608761429008721,0.793353340291235,0.));
#7772=DIRECTION('',(0.,0.,1.));
#7773=DIRECTION('center_axis',(0.,0.,1.));
#7774=DIRECTION('ref_axis',(0.608761429008721,0.793353340291235,0.));
#7775=DIRECTION('center_axis',(0.,0.,-1.));
#7776=DIRECTION('ref_axis',(0.608761429008721,0.793353340291235,0.));
#7777=DIRECTION('center_axis',(0.,0.,-1.));
#7778=DIRECTION('ref_axis',(0.38268343236509,0.923879532511287,0.));
#7779=DIRECTION('center_axis',(0.,0.,-1.));
#7780=DIRECTION('ref_axis',(0.38268343236509,0.923879532511287,0.));
#7781=DIRECTION('',(0.,0.,1.));
#7782=DIRECTION('center_axis',(0.,0.,1.));
#7783=DIRECTION('ref_axis',(0.38268343236509,0.923879532511287,0.));
#7784=DIRECTION('center_axis',(0.,0.,-1.));
#7785=DIRECTION('ref_axis',(0.38268343236509,0.923879532511287,0.));
#7786=DIRECTION('center_axis',(0.,0.,-1.));
#7787=DIRECTION('ref_axis',(-0.965925826289068,0.258819045102521,0.));
#7788=DIRECTION('center_axis',(0.,0.,-1.));
#7789=DIRECTION('ref_axis',(-0.965925826289068,0.258819045102521,0.));
#7790=DIRECTION('',(0.,0.,1.));
#7791=DIRECTION('center_axis',(0.,0.,1.));
#7792=DIRECTION('ref_axis',(-0.965925826289068,0.258819045102521,0.));
#7793=DIRECTION('center_axis',(0.,0.,-1.));
#7794=DIRECTION('ref_axis',(-0.965925826289068,0.258819045102521,0.));
#7795=DIRECTION('center_axis',(0.,0.,-1.));
#7796=DIRECTION('ref_axis',(-0.923879532511287,0.38268343236509,0.));
#7797=DIRECTION('center_axis',(0.,0.,-1.));
#7798=DIRECTION('ref_axis',(-0.923879532511287,0.38268343236509,0.));
#7799=DIRECTION('',(0.,0.,1.));
#7800=DIRECTION('center_axis',(0.,0.,1.));
#7801=DIRECTION('ref_axis',(-0.923879532511287,0.38268343236509,0.));
#7802=DIRECTION('center_axis',(0.,0.,-1.));
#7803=DIRECTION('ref_axis',(-0.923879532511287,0.38268343236509,0.));
#7804=DIRECTION('center_axis',(0.,0.,-1.));
#7805=DIRECTION('ref_axis',(-0.965925826289068,-0.25881904510252,0.));
#7806=DIRECTION('center_axis',(0.,0.,-1.));
#7807=DIRECTION('ref_axis',(-0.965925826289068,-0.25881904510252,0.));
#7808=DIRECTION('',(0.,0.,1.));
#7809=DIRECTION('center_axis',(0.,0.,1.));
#7810=DIRECTION('ref_axis',(-0.965925826289068,-0.25881904510252,0.));
#7811=DIRECTION('center_axis',(0.,0.,-1.));
#7812=DIRECTION('ref_axis',(-0.965925826289068,-0.25881904510252,0.));
#7813=DIRECTION('center_axis',(0.,0.,-1.));
#7814=DIRECTION('ref_axis',(1.,0.,0.));
#7815=DIRECTION('center_axis',(0.,0.,-1.));
#7816=DIRECTION('ref_axis',(1.,0.,0.));
#7817=DIRECTION('',(0.,0.,1.));
#7818=DIRECTION('center_axis',(0.,0.,1.));
#7819=DIRECTION('ref_axis',(1.,0.,0.));
#7820=DIRECTION('center_axis',(0.,0.,-1.));
#7821=DIRECTION('ref_axis',(1.,0.,0.));
#7822=DIRECTION('center_axis',(0.,0.,-1.));
#7823=DIRECTION('ref_axis',(-0.793353340291235,0.608761429008721,0.));
#7824=DIRECTION('center_axis',(0.,0.,-1.));
#7825=DIRECTION('ref_axis',(-0.793353340291235,0.608761429008721,0.));
#7826=DIRECTION('',(0.,0.,1.));
#7827=DIRECTION('center_axis',(0.,0.,1.));
#7828=DIRECTION('ref_axis',(-0.793353340291235,0.608761429008721,0.));
#7829=DIRECTION('center_axis',(0.,0.,-1.));
#7830=DIRECTION('ref_axis',(-0.793353340291235,0.608761429008721,0.));
#7831=DIRECTION('center_axis',(0.,0.,-1.));
#7832=DIRECTION('ref_axis',(-0.923879532511287,-0.382683432365089,0.));
#7833=DIRECTION('center_axis',(0.,0.,-1.));
#7834=DIRECTION('ref_axis',(-0.923879532511287,-0.382683432365089,0.));
#7835=DIRECTION('',(0.,0.,1.));
#7836=DIRECTION('center_axis',(0.,0.,1.));
#7837=DIRECTION('ref_axis',(-0.923879532511287,-0.382683432365089,0.));
#7838=DIRECTION('center_axis',(0.,0.,-1.));
#7839=DIRECTION('ref_axis',(-0.923879532511287,-0.382683432365089,0.));
#7840=DIRECTION('center_axis',(0.,0.,-1.));
#7841=DIRECTION('ref_axis',(-0.707106781186547,0.707106781186548,0.));
#7842=DIRECTION('center_axis',(0.,0.,-1.));
#7843=DIRECTION('ref_axis',(-0.707106781186547,0.707106781186548,0.));
#7844=DIRECTION('',(0.,0.,1.));
#7845=DIRECTION('center_axis',(0.,0.,1.));
#7846=DIRECTION('ref_axis',(-0.707106781186547,0.707106781186548,0.));
#7847=DIRECTION('center_axis',(0.,0.,-1.));
#7848=DIRECTION('ref_axis',(-0.707106781186547,0.707106781186548,0.));
#7849=DIRECTION('center_axis',(0.,0.,-1.));
#7850=DIRECTION('ref_axis',(-0.707106781186548,-0.707106781186547,0.));
#7851=DIRECTION('center_axis',(0.,0.,-1.));
#7852=DIRECTION('ref_axis',(-0.707106781186548,-0.707106781186547,0.));
#7853=DIRECTION('',(0.,0.,1.));
#7854=DIRECTION('center_axis',(0.,0.,1.));
#7855=DIRECTION('ref_axis',(-0.707106781186548,-0.707106781186547,0.));
#7856=DIRECTION('center_axis',(0.,0.,-1.));
#7857=DIRECTION('ref_axis',(-0.707106781186548,-0.707106781186547,0.));
#7858=DIRECTION('center_axis',(0.,0.,-1.));
#7859=DIRECTION('ref_axis',(0.99144486137381,0.130526192220052,0.));
#7860=DIRECTION('center_axis',(0.,0.,-1.));
#7861=DIRECTION('ref_axis',(0.99144486137381,0.130526192220052,0.));
#7862=DIRECTION('',(0.,0.,1.));
#7863=DIRECTION('center_axis',(0.,0.,1.));
#7864=DIRECTION('ref_axis',(0.99144486137381,0.130526192220052,0.));
#7865=DIRECTION('center_axis',(0.,0.,-1.));
#7866=DIRECTION('ref_axis',(0.99144486137381,0.130526192220052,0.));
#7867=DIRECTION('center_axis',(0.,0.,-1.));
#7868=DIRECTION('ref_axis',(-1.,1.22464679914735E-16,0.));
#7869=DIRECTION('center_axis',(0.,0.,-1.));
#7870=DIRECTION('ref_axis',(-1.,1.22464679914735E-16,0.));
#7871=DIRECTION('',(0.,0.,1.));
#7872=DIRECTION('center_axis',(0.,0.,1.));
#7873=DIRECTION('ref_axis',(-1.,1.22464679914735E-16,0.));
#7874=DIRECTION('center_axis',(0.,0.,-1.));
#7875=DIRECTION('ref_axis',(-1.,1.22464679914735E-16,0.));
#7876=DIRECTION('center_axis',(0.,0.,-1.));
#7877=DIRECTION('ref_axis',(-0.608761429008721,-0.793353340291235,0.));
#7878=DIRECTION('center_axis',(0.,0.,-1.));
#7879=DIRECTION('ref_axis',(-0.608761429008721,-0.793353340291235,0.));
#7880=DIRECTION('',(0.,0.,1.));
#7881=DIRECTION('center_axis',(0.,0.,1.));
#7882=DIRECTION('ref_axis',(-0.608761429008721,-0.793353340291235,0.));
#7883=DIRECTION('center_axis',(0.,0.,-1.));
#7884=DIRECTION('ref_axis',(-0.608761429008721,-0.793353340291235,0.));
#7885=DIRECTION('center_axis',(0.,0.,-1.));
#7886=DIRECTION('ref_axis',(0.965925826289068,-0.258819045102522,0.));
#7887=DIRECTION('center_axis',(0.,0.,-1.));
#7888=DIRECTION('ref_axis',(0.965925826289068,-0.258819045102522,0.));
#7889=DIRECTION('',(0.,0.,1.));
#7890=DIRECTION('center_axis',(0.,0.,1.));
#7891=DIRECTION('ref_axis',(0.965925826289068,-0.258819045102522,0.));
#7892=DIRECTION('center_axis',(0.,0.,-1.));
#7893=DIRECTION('ref_axis',(0.965925826289068,-0.258819045102522,0.));
#7894=DIRECTION('center_axis',(0.,0.,-1.));
#7895=DIRECTION('ref_axis',(0.99144486137381,-0.130526192220053,0.));
#7896=DIRECTION('center_axis',(0.,0.,-1.));
#7897=DIRECTION('ref_axis',(0.99144486137381,-0.130526192220053,0.));
#7898=DIRECTION('',(0.,0.,1.));
#7899=DIRECTION('center_axis',(0.,0.,1.));
#7900=DIRECTION('ref_axis',(0.99144486137381,-0.130526192220053,0.));
#7901=DIRECTION('center_axis',(0.,0.,-1.));
#7902=DIRECTION('ref_axis',(0.99144486137381,-0.130526192220053,0.));
#7903=DIRECTION('center_axis',(0.,0.,-1.));
#7904=DIRECTION('ref_axis',(0.130526192220051,-0.99144486137381,0.));
#7905=DIRECTION('center_axis',(0.,0.,-1.));
#7906=DIRECTION('ref_axis',(0.130526192220051,-0.99144486137381,0.));
#7907=DIRECTION('',(0.,0.,1.));
#7908=DIRECTION('center_axis',(0.,0.,1.));
#7909=DIRECTION('ref_axis',(0.130526192220051,-0.99144486137381,0.));
#7910=DIRECTION('center_axis',(0.,0.,-1.));
#7911=DIRECTION('ref_axis',(0.130526192220051,-0.991444861373811,0.));
#7912=DIRECTION('center_axis',(0.,0.,-1.));
#7913=DIRECTION('ref_axis',(-1.83697019872103E-16,-1.,0.));
#7914=DIRECTION('center_axis',(0.,0.,-1.));
#7915=DIRECTION('ref_axis',(-1.83697019872103E-16,-1.,0.));
#7916=DIRECTION('',(0.,0.,1.));
#7917=DIRECTION('center_axis',(0.,0.,1.));
#7918=DIRECTION('ref_axis',(-1.83697019872103E-16,-1.,0.));
#7919=DIRECTION('center_axis',(0.,0.,-1.));
#7920=DIRECTION('ref_axis',(-1.83697019872103E-16,-1.,0.));
#7921=DIRECTION('center_axis',(0.,0.,-1.));
#7922=DIRECTION('ref_axis',(0.866025403784438,-0.5,0.));
#7923=DIRECTION('center_axis',(0.,0.,-1.));
#7924=DIRECTION('ref_axis',(0.866025403784438,-0.5,0.));
#7925=DIRECTION('',(0.,0.,1.));
#7926=DIRECTION('center_axis',(0.,0.,1.));
#7927=DIRECTION('ref_axis',(0.866025403784438,-0.5,0.));
#7928=DIRECTION('center_axis',(0.,0.,-1.));
#7929=DIRECTION('ref_axis',(0.866025403784438,-0.5,0.));
#7930=DIRECTION('center_axis',(0.,0.,-1.));
#7931=DIRECTION('ref_axis',(6.12323399573677E-17,1.,0.));
#7932=DIRECTION('center_axis',(0.,0.,-1.));
#7933=DIRECTION('ref_axis',(6.12323399573677E-17,1.,0.));
#7934=DIRECTION('',(0.,0.,1.));
#7935=DIRECTION('center_axis',(0.,0.,1.));
#7936=DIRECTION('ref_axis',(6.12323399573677E-17,1.,0.));
#7937=DIRECTION('center_axis',(0.,0.,-1.));
#7938=DIRECTION('ref_axis',(6.12323399573677E-17,1.,0.));
#7939=DIRECTION('center_axis',(0.,0.,-1.));
#7940=DIRECTION('ref_axis',(0.707106781186547,-0.707106781186548,0.));
#7941=DIRECTION('center_axis',(0.,0.,-1.));
#7942=DIRECTION('ref_axis',(0.707106781186547,-0.707106781186548,0.));
#7943=DIRECTION('',(0.,0.,1.));
#7944=DIRECTION('center_axis',(0.,0.,1.));
#7945=DIRECTION('ref_axis',(0.707106781186547,-0.707106781186548,0.));
#7946=DIRECTION('center_axis',(0.,0.,-1.));
#7947=DIRECTION('ref_axis',(0.707106781186547,-0.707106781186548,0.));
#7948=DIRECTION('center_axis',(0.,0.,-1.));
#7949=DIRECTION('ref_axis',(-0.130526192220052,-0.99144486137381,0.));
#7950=DIRECTION('center_axis',(0.,0.,-1.));
#7951=DIRECTION('ref_axis',(-0.130526192220052,-0.99144486137381,0.));
#7952=DIRECTION('',(0.,0.,1.));
#7953=DIRECTION('center_axis',(0.,0.,1.));
#7954=DIRECTION('ref_axis',(-0.130526192220052,-0.99144486137381,0.));
#7955=DIRECTION('center_axis',(0.,0.,-1.));
#7956=DIRECTION('ref_axis',(-0.130526192220052,-0.99144486137381,0.));
#7957=DIRECTION('center_axis',(0.,0.,-1.));
#7958=DIRECTION('ref_axis',(0.499999999999999,-0.866025403784439,0.));
#7959=DIRECTION('center_axis',(0.,0.,-1.));
#7960=DIRECTION('ref_axis',(0.499999999999999,-0.866025403784439,0.));
#7961=DIRECTION('',(0.,0.,1.));
#7962=DIRECTION('center_axis',(0.,0.,1.));
#7963=DIRECTION('ref_axis',(0.499999999999999,-0.866025403784439,0.));
#7964=DIRECTION('center_axis',(0.,0.,-1.));
#7965=DIRECTION('ref_axis',(0.499999999999999,-0.866025403784439,0.));
#7966=DIRECTION('center_axis',(0.,0.,-1.));
#7967=DIRECTION('ref_axis',(0.923879532511287,-0.38268343236509,0.));
#7968=DIRECTION('center_axis',(0.,0.,-1.));
#7969=DIRECTION('ref_axis',(0.923879532511287,-0.38268343236509,0.));
#7970=DIRECTION('',(0.,0.,1.));
#7971=DIRECTION('center_axis',(0.,0.,1.));
#7972=DIRECTION('ref_axis',(0.923879532511287,-0.38268343236509,0.));
#7973=DIRECTION('center_axis',(0.,0.,-1.));
#7974=DIRECTION('ref_axis',(0.923879532511286,-0.38268343236509,0.));
#7975=DIRECTION('center_axis',(0.,0.,-1.));
#7976=DIRECTION('ref_axis',(-0.5,-0.866025403784438,0.));
#7977=DIRECTION('center_axis',(0.,0.,-1.));
#7978=DIRECTION('ref_axis',(-0.5,-0.866025403784438,0.));
#7979=DIRECTION('',(0.,0.,1.));
#7980=DIRECTION('center_axis',(0.,0.,1.));
#7981=DIRECTION('ref_axis',(-0.5,-0.866025403784438,0.));
#7982=DIRECTION('center_axis',(0.,0.,-1.));
#7983=DIRECTION('ref_axis',(-0.5,-0.866025403784438,0.));
#7984=DIRECTION('center_axis',(0.,0.,-1.));
#7985=DIRECTION('ref_axis',(-0.38268343236509,-0.923879532511287,0.));
#7986=DIRECTION('center_axis',(0.,0.,-1.));
#7987=DIRECTION('ref_axis',(-0.38268343236509,-0.923879532511287,0.));
#7988=DIRECTION('',(0.,0.,1.));
#7989=DIRECTION('center_axis',(0.,0.,1.));
#7990=DIRECTION('ref_axis',(-0.38268343236509,-0.923879532511287,0.));
#7991=DIRECTION('center_axis',(0.,0.,-1.));
#7992=DIRECTION('ref_axis',(-0.38268343236509,-0.923879532511286,0.));
#7993=DIRECTION('center_axis',(0.,0.,-1.));
#7994=DIRECTION('ref_axis',(-0.258819045102522,-0.965925826289068,0.));
#7995=DIRECTION('center_axis',(0.,0.,-1.));
#7996=DIRECTION('ref_axis',(-0.258819045102522,-0.965925826289068,0.));
#7997=DIRECTION('',(0.,0.,1.));
#7998=DIRECTION('center_axis',(0.,0.,1.));
#7999=DIRECTION('ref_axis',(-0.258819045102522,-0.965925826289068,0.));
#8000=DIRECTION('center_axis',(0.,0.,-1.));
#8001=DIRECTION('ref_axis',(-0.258819045102522,-0.965925826289068,0.));
#8002=DIRECTION('center_axis',(0.,0.,-1.));
#8003=DIRECTION('ref_axis',(-0.866025403784439,-0.5,0.));
#8004=DIRECTION('center_axis',(0.,0.,-1.));
#8005=DIRECTION('ref_axis',(-0.866025403784439,-0.5,0.));
#8006=DIRECTION('',(0.,0.,1.));
#8007=DIRECTION('center_axis',(0.,0.,1.));
#8008=DIRECTION('ref_axis',(-0.866025403784439,-0.5,0.));
#8009=DIRECTION('center_axis',(0.,0.,-1.));
#8010=DIRECTION('ref_axis',(-0.866025403784439,-0.5,0.));
#8011=DIRECTION('center_axis',(0.,0.,-1.));
#8012=DIRECTION('ref_axis',(0.60876142900872,-0.793353340291236,0.));
#8013=DIRECTION('center_axis',(0.,0.,-1.));
#8014=DIRECTION('ref_axis',(0.60876142900872,-0.793353340291236,0.));
#8015=DIRECTION('',(0.,0.,1.));
#8016=DIRECTION('center_axis',(0.,0.,1.));
#8017=DIRECTION('ref_axis',(0.60876142900872,-0.793353340291236,0.));
#8018=DIRECTION('center_axis',(0.,0.,-1.));
#8019=DIRECTION('ref_axis',(0.60876142900872,-0.793353340291236,0.));
#8020=DIRECTION('center_axis',(0.,0.,-1.));
#8021=DIRECTION('ref_axis',(-0.5,0.866025403784439,0.));
#8022=DIRECTION('center_axis',(0.,0.,-1.));
#8023=DIRECTION('ref_axis',(-0.5,0.866025403784439,0.));
#8024=DIRECTION('',(0.,0.,1.));
#8025=DIRECTION('center_axis',(0.,0.,1.));
#8026=DIRECTION('ref_axis',(-0.5,0.866025403784439,0.));
#8027=DIRECTION('center_axis',(0.,0.,-1.));
#8028=DIRECTION('ref_axis',(-0.5,0.866025403784439,0.));
#8029=DIRECTION('center_axis',(0.,0.,-1.));
#8030=DIRECTION('ref_axis',(0.25881904510252,-0.965925826289068,0.));
#8031=DIRECTION('center_axis',(0.,0.,-1.));
#8032=DIRECTION('ref_axis',(0.25881904510252,-0.965925826289068,0.));
#8033=DIRECTION('',(0.,0.,1.));
#8034=DIRECTION('center_axis',(0.,0.,1.));
#8035=DIRECTION('ref_axis',(0.25881904510252,-0.965925826289068,0.));
#8036=DIRECTION('center_axis',(0.,0.,-1.));
#8037=DIRECTION('ref_axis',(0.25881904510252,-0.965925826289068,0.));
#8038=DIRECTION('center_axis',(0.,0.,-1.));
#8039=DIRECTION('ref_axis',(0.130526192220052,0.99144486137381,0.));
#8040=DIRECTION('center_axis',(0.,0.,-1.));
#8041=DIRECTION('ref_axis',(0.130526192220052,0.99144486137381,0.));
#8042=DIRECTION('',(0.,0.,1.));
#8043=DIRECTION('center_axis',(0.,0.,1.));
#8044=DIRECTION('ref_axis',(0.130526192220052,0.99144486137381,0.));
#8045=DIRECTION('center_axis',(0.,0.,-1.));
#8046=DIRECTION('ref_axis',(0.130526192220052,0.99144486137381,0.));
#8047=DIRECTION('center_axis',(0.,0.,-1.));
#8048=DIRECTION('ref_axis',(0.965925826289068,0.258819045102521,0.));
#8049=DIRECTION('center_axis',(0.,0.,-1.));
#8050=DIRECTION('ref_axis',(0.965925826289068,0.258819045102521,0.));
#8051=DIRECTION('',(0.,0.,1.));
#8052=DIRECTION('center_axis',(0.,0.,1.));
#8053=DIRECTION('ref_axis',(0.965925826289068,0.258819045102521,0.));
#8054=DIRECTION('center_axis',(0.,0.,-1.));
#8055=DIRECTION('ref_axis',(0.965925826289068,0.258819045102521,0.));
#8056=DIRECTION('center_axis',(0.,0.,-1.));
#8057=DIRECTION('ref_axis',(0.382683432365089,-0.923879532511287,0.));
#8058=DIRECTION('center_axis',(0.,0.,-1.));
#8059=DIRECTION('ref_axis',(0.382683432365089,-0.923879532511287,0.));
#8060=DIRECTION('',(0.,0.,1.));
#8061=DIRECTION('center_axis',(0.,0.,1.));
#8062=DIRECTION('ref_axis',(0.382683432365089,-0.923879532511287,0.));
#8063=DIRECTION('center_axis',(0.,0.,-1.));
#8064=DIRECTION('ref_axis',(0.382683432365089,-0.923879532511287,0.));
#8065=DIRECTION('center_axis',(0.,0.,-1.));
#8066=DIRECTION('ref_axis',(-0.866025403784438,0.5,0.));
#8067=DIRECTION('center_axis',(0.,0.,-1.));
#8068=DIRECTION('ref_axis',(-0.866025403784438,0.5,0.));
#8069=DIRECTION('',(0.,0.,1.));
#8070=DIRECTION('center_axis',(0.,0.,1.));
#8071=DIRECTION('ref_axis',(-0.866025403784438,0.5,0.));
#8072=DIRECTION('center_axis',(0.,0.,-1.));
#8073=DIRECTION('ref_axis',(-0.866025403784439,0.5,0.));
#8074=DIRECTION('center_axis',(0.,0.,-1.));
#8075=DIRECTION('ref_axis',(-0.60876142900872,0.793353340291235,0.));
#8076=DIRECTION('center_axis',(0.,0.,-1.));
#8077=DIRECTION('ref_axis',(-0.60876142900872,0.793353340291235,0.));
#8078=DIRECTION('',(0.,0.,1.));
#8079=DIRECTION('center_axis',(0.,0.,1.));
#8080=DIRECTION('ref_axis',(-0.60876142900872,0.793353340291235,0.));
#8081=DIRECTION('center_axis',(0.,0.,-1.));
#8082=DIRECTION('ref_axis',(-0.60876142900872,0.793353340291235,0.));
#8083=DIRECTION('center_axis',(0.,0.,-1.));
#8084=DIRECTION('ref_axis',(-0.99144486137381,0.130526192220052,0.));
#8085=DIRECTION('center_axis',(0.,0.,-1.));
#8086=DIRECTION('ref_axis',(-0.99144486137381,0.130526192220052,0.));
#8087=DIRECTION('',(0.,0.,1.));
#8088=DIRECTION('center_axis',(0.,0.,1.));
#8089=DIRECTION('ref_axis',(-0.99144486137381,0.130526192220052,0.));
#8090=DIRECTION('center_axis',(0.,0.,-1.));
#8091=DIRECTION('ref_axis',(-0.99144486137381,0.130526192220052,0.));
#8092=DIRECTION('center_axis',(0.,0.,-1.));
#8093=DIRECTION('ref_axis',(0.793353340291235,-0.608761429008721,0.));
#8094=DIRECTION('center_axis',(0.,0.,-1.));
#8095=DIRECTION('ref_axis',(0.793353340291235,-0.608761429008721,0.));
#8096=DIRECTION('',(0.,0.,1.));
#8097=DIRECTION('center_axis',(0.,0.,1.));
#8098=DIRECTION('ref_axis',(0.793353340291235,-0.608761429008721,0.));
#8099=DIRECTION('center_axis',(0.,0.,-1.));
#8100=DIRECTION('ref_axis',(0.793353340291235,-0.608761429008721,0.));
#8101=DIRECTION('center_axis',(0.,0.,-1.));
#8102=DIRECTION('ref_axis',(-0.38268343236509,0.923879532511287,0.));
#8103=DIRECTION('center_axis',(0.,0.,-1.));
#8104=DIRECTION('ref_axis',(-0.38268343236509,0.923879532511287,0.));
#8105=DIRECTION('',(0.,0.,1.));
#8106=DIRECTION('center_axis',(0.,0.,1.));
#8107=DIRECTION('ref_axis',(-0.38268343236509,0.923879532511287,0.));
#8108=DIRECTION('center_axis',(0.,0.,-1.));
#8109=DIRECTION('ref_axis',(-0.38268343236509,0.923879532511287,0.));
#8110=DIRECTION('center_axis',(0.,0.,-1.));
#8111=DIRECTION('ref_axis',(-0.99144486137381,-0.130526192220051,0.));
#8112=DIRECTION('center_axis',(0.,0.,-1.));
#8113=DIRECTION('ref_axis',(-0.99144486137381,-0.130526192220051,0.));
#8114=DIRECTION('',(0.,0.,1.));
#8115=DIRECTION('center_axis',(0.,0.,1.));
#8116=DIRECTION('ref_axis',(-0.99144486137381,-0.130526192220051,0.));
#8117=DIRECTION('center_axis',(0.,0.,-1.));
#8118=DIRECTION('ref_axis',(-0.99144486137381,-0.130526192220051,0.));
#8119=DIRECTION('center_axis',(0.,0.,-1.));
#8120=DIRECTION('ref_axis',(-0.793353340291235,-0.60876142900872,0.));
#8121=DIRECTION('center_axis',(0.,0.,-1.));
#8122=DIRECTION('ref_axis',(-0.793353340291235,-0.60876142900872,0.));
#8123=DIRECTION('',(0.,0.,1.));
#8124=DIRECTION('center_axis',(0.,0.,1.));
#8125=DIRECTION('ref_axis',(-0.793353340291235,-0.60876142900872,0.));
#8126=DIRECTION('center_axis',(0.,0.,-1.));
#8127=DIRECTION('ref_axis',(-0.793353340291235,-0.60876142900872,0.));
#8128=DIRECTION('center_axis',(0.,0.,-1.));
#8129=DIRECTION('ref_axis',(0.923879532511287,0.38268343236509,0.));
#8130=DIRECTION('center_axis',(0.,0.,-1.));
#8131=DIRECTION('ref_axis',(0.923879532511287,0.38268343236509,0.));
#8132=DIRECTION('',(0.,0.,1.));
#8133=DIRECTION('center_axis',(0.,0.,1.));
#8134=DIRECTION('ref_axis',(0.923879532511287,0.38268343236509,0.));
#8135=DIRECTION('center_axis',(0.,0.,-1.));
#8136=DIRECTION('ref_axis',(0.923879532511287,0.38268343236509,0.));
#8137=DIRECTION('center_axis',(0.000182836839493404,-0.999999983285345,
0.));
#8138=DIRECTION('ref_axis',(0.999999983285345,0.000182836839493404,0.));
#8139=DIRECTION('',(0.,0.,1.));
#8140=DIRECTION('',(0.999999983285345,0.000182836839493404,0.));
#8141=DIRECTION('',(0.,0.,1.));
#8142=DIRECTION('center_axis',(0.0981146565082176,-0.995175117342809,0.));
#8143=DIRECTION('ref_axis',(0.995175117342809,0.0981146565082176,0.));
#8144=DIRECTION('',(0.,0.,1.));
#8145=DIRECTION('',(0.995175117342809,0.0981146565082176,0.));
#8146=DIRECTION('center_axis',(0.382686221230214,-0.923878377320597,0.));
#8147=DIRECTION('ref_axis',(0.923878377320597,0.382686221230214,0.));
#8148=DIRECTION('',(0.,0.,1.));
#8149=DIRECTION('',(0.923878377320597,0.382686221230214,0.));
#8150=DIRECTION('center_axis',(0.608758920960405,-0.793355264778097,0.));
#8151=DIRECTION('ref_axis',(0.793355264778097,0.608758920960405,0.));
#8152=DIRECTION('',(0.,0.,1.));
#8153=DIRECTION('',(0.793355264778097,0.608758920960405,0.));
#8154=DIRECTION('center_axis',(0.79335240484032,-0.608762648110149,0.));
#8155=DIRECTION('ref_axis',(0.608762648110149,0.79335240484032,0.));
#8156=DIRECTION('',(0.,0.,1.));
#8157=DIRECTION('',(0.608762648110149,0.79335240484032,0.));
#8158=DIRECTION('center_axis',(0.923879507499658,-0.382683492748497,0.));
#8159=DIRECTION('ref_axis',(0.382683492748497,0.923879507499658,0.));
#8160=DIRECTION('',(0.,0.,1.));
#8161=DIRECTION('',(0.382683492748497,0.923879507499658,0.));
#8162=DIRECTION('center_axis',(0.991445388690609,-0.130522186788788,0.));
#8163=DIRECTION('ref_axis',(0.130522186788788,0.991445388690609,0.));
#8164=DIRECTION('',(0.,0.,1.));
#8165=DIRECTION('',(0.130522186788788,0.991445388690609,0.));
#8166=DIRECTION('center_axis',(0.999999957378892,0.000291962692940528,0.));
#8167=DIRECTION('ref_axis',(-0.000291962692940528,0.999999957378892,0.));
#8168=DIRECTION('',(0.,0.,1.));
#8169=DIRECTION('',(-0.000291962692940528,0.999999957378892,0.));
#8170=DIRECTION('center_axis',(0.995175117342812,0.098114656508191,0.));
#8171=DIRECTION('ref_axis',(-0.098114656508191,0.995175117342812,0.));
#8172=DIRECTION('',(0.,0.,1.));
#8173=DIRECTION('',(-0.098114656508191,0.995175117342812,0.));
#8174=DIRECTION('center_axis',(0.923878377320601,0.382686221230205,0.));
#8175=DIRECTION('ref_axis',(-0.382686221230205,0.923878377320601,0.));
#8176=DIRECTION('',(0.,0.,1.));
#8177=DIRECTION('',(-0.382686221230205,0.923878377320601,0.));
#8178=DIRECTION('center_axis',(0.793355264778113,0.608758920960383,0.));
#8179=DIRECTION('ref_axis',(-0.608758920960383,0.793355264778113,0.));
#8180=DIRECTION('',(0.,0.,1.));
#8181=DIRECTION('',(-0.608758920960383,0.793355264778113,0.));
#8182=DIRECTION('center_axis',(0.608758920960389,0.793355264778109,0.));
#8183=DIRECTION('ref_axis',(-0.793355264778109,0.608758920960388,0.));
#8184=DIRECTION('',(0.,0.,1.));
#8185=DIRECTION('',(-0.793355264778109,0.608758920960388,0.));
#8186=DIRECTION('center_axis',(0.382686221230374,0.923878377320531,0.));
#8187=DIRECTION('ref_axis',(-0.923878377320531,0.382686221230374,0.));
#8188=DIRECTION('',(0.,0.,1.));
#8189=DIRECTION('',(-0.923878377320531,0.382686221230374,0.));
#8190=DIRECTION('center_axis',(0.130522186788881,0.991445388690597,0.));
#8191=DIRECTION('ref_axis',(-0.991445388690597,0.130522186788881,0.));
#8192=DIRECTION('',(0.,0.,1.));
#8193=DIRECTION('',(-0.991445388690597,0.130522186788881,0.));
#8194=DIRECTION('center_axis',(-0.00049826229656918,0.999999875867334,0.));
#8195=DIRECTION('ref_axis',(-0.999999875867334,-0.00049826229656918,0.));
#8196=DIRECTION('',(0.,0.,-1.));
#8197=DIRECTION('',(-0.999999875867334,-0.00049826229656918,0.));
#8198=DIRECTION('center_axis',(0.,0.,1.));
#8199=DIRECTION('ref_axis',(-1.,0.,0.));
#8200=DIRECTION('center_axis',(0.,0.,1.));
#8201=DIRECTION('ref_axis',(-1.,0.,0.));
#8202=DIRECTION('center_axis',(0.000291413483811755,-0.99999995753909,0.));
#8203=DIRECTION('ref_axis',(-0.707106751162154,-0.000206060450532431,0.707106781186544));
#8204=DIRECTION('',(-0.000291413483811755,0.99999995753909,0.));
#8205=DIRECTION('center_axis',(-0.0652557180710327,-0.997868574141422,0.));
#8206=DIRECTION('ref_axis',(-0.997868574141422,0.0652557180710327,0.));
#8207=DIRECTION('',(0.000291413483811755,-0.99999995753909,0.));
#8208=DIRECTION('center_axis',(0.0492390410397627,-0.998787022761852,0.));
#8209=DIRECTION('ref_axis',(-0.998787022761852,-0.0492390410397627,0.));
#8210=DIRECTION('center_axis',(-0.130522186789047,-0.991445388690575,0.));
#8211=DIRECTION('ref_axis',(-0.701057757519239,0.0922931233738316,0.707106781186546));
#8212=DIRECTION('',(0.130522186789047,0.991445388690575,0.));
#8213=DIRECTION('center_axis',(-0.258817125501206,-0.965926340642646,-2.14478732694678E-15));
#8214=DIRECTION('ref_axis',(-0.965926340642646,0.258817125501206,-1.62910187536584E-14));
#8215=DIRECTION('',(-0.130522186789047,-0.991445388690575,0.));
#8216=DIRECTION('center_axis',(-0.382683492748616,-0.923879507499609,0.));
#8217=DIRECTION('ref_axis',(-0.653281464752262,0.270598092770701,0.707106781186546));
#8218=DIRECTION('',(0.382683492748616,0.923879507499609,0.));
#8219=DIRECTION('center_axis',(-0.500000693687599,-0.866025003283346,0.));
#8220=DIRECTION('ref_axis',(-0.866025003283346,0.500000693687599,0.));
#8221=DIRECTION('',(-0.382683492748616,-0.923879507499609,0.));
#8222=DIRECTION('center_axis',(-0.608762648110132,-0.793352404840333,0.));
#8223=DIRECTION('ref_axis',(-0.560984865333253,0.430460196611757,0.707106781186547));
#8224=DIRECTION('',(0.608762648110132,0.793352404840333,0.));
#8225=DIRECTION('center_axis',(-0.707108442166569,-0.707105120202625,-1.57008877055859E-15));
#8226=DIRECTION('ref_axis',(-0.707105120202625,0.707108442166569,-1.19259333739917E-14));
#8227=DIRECTION('',(-0.608762648110132,-0.793352404840333,0.));
#8228=DIRECTION('center_axis',(-0.793355264778108,-0.608758920960389,0.));
#8229=DIRECTION('ref_axis',(-0.430457561118898,0.560986887614648,0.707106781186547));
#8230=DIRECTION('',(0.793355264778108,0.608758920960389,0.));
#8231=DIRECTION('center_axis',(-0.866025439452976,-0.499999938220276,3.84592553116725E-15));
#8232=DIRECTION('ref_axis',(-0.499999938220276,0.866025439452976,2.92134022153456E-14));
#8233=DIRECTION('',(-0.793355264778108,-0.608758920960389,0.));
#8234=DIRECTION('center_axis',(-0.923878377320602,-0.382686221230203,0.));
#8235=DIRECTION('ref_axis',(-0.270600022098532,0.65328066559502,0.707106781186549));
#8236=DIRECTION('',(0.923878377320602,0.382686221230203,0.));
#8237=DIRECTION('center_axis',(-0.970019178516491,-0.24302837963948,0.));
#8238=DIRECTION('ref_axis',(-0.24302837963948,0.970019178516491,0.));
#8239=DIRECTION('',(-0.923878377320602,-0.382686221230203,0.));
#8240=DIRECTION('center_axis',(-0.995175277152849,-0.0981130355444689,0.));
#8241=DIRECTION('ref_axis',(-0.069376392756291,0.703695186943982,0.707106781186547));
#8242=DIRECTION('',(0.995175277152849,0.0981130355444689,0.));
#8243=DIRECTION('center_axis',(-0.998793090973516,-0.0491157960697947,0.));
#8244=DIRECTION('ref_axis',(-0.0491157960697947,0.998793090973516,0.));
#8245=DIRECTION('',(-0.995175277152849,-0.0981130355444689,0.));
#8246=DIRECTION('center_axis',(-0.999999875867334,-0.00049826229656918,
0.));
#8247=DIRECTION('ref_axis',(-0.000352324648713379,0.707106693411499,0.707106781186546));
#8248=DIRECTION('',(0.999999875867334,0.00049826229656918,0.));
#8249=DIRECTION('center_axis',(-0.997875317838954,0.0651525137489417,0.));
#8250=DIRECTION('ref_axis',(0.0651525137489417,0.997875317838954,0.));
#8251=DIRECTION('center_axis',(-0.991445388690597,0.130522186788881,0.));
#8252=DIRECTION('ref_axis',(0.0922931233737172,0.701057757519253,0.707106781186548));
#8253=DIRECTION('',(0.991445388690597,-0.130522186788881,0.));
#8254=DIRECTION('center_axis',(-0.965925958460696,0.258818551830786,0.));
#8255=DIRECTION('ref_axis',(0.258818551830786,0.965925958460696,0.));
#8256=DIRECTION('center_axis',(-0.923878377320531,0.382686221230374,0.));
#8257=DIRECTION('ref_axis',(0.270600022098657,0.653280665594969,0.707106781186548));
#8258=DIRECTION('',(0.923878377320531,-0.382686221230374,0.));
#8259=DIRECTION('center_axis',(-0.866025439452927,0.49999993822036,4.95614841861384E-15));
#8260=DIRECTION('ref_axis',(0.49999993822036,0.866025439452927,3.76465836425233E-14));
#8261=DIRECTION('center_axis',(-0.793355264778109,0.608758920960389,0.));
#8262=DIRECTION('ref_axis',(0.430457561118897,0.560986887614651,0.707106781186546));
#8263=DIRECTION('',(0.793355264778109,-0.608758920960388,0.));
#8264=DIRECTION('center_axis',(-0.707106781186549,0.707106781186546,4.71027737605133E-15));
#8265=DIRECTION('ref_axis',(0.707106781186546,0.707106781186549,3.57772347552355E-14));
#8266=DIRECTION('center_axis',(-0.608758920960383,0.793355264778113,0.));
#8267=DIRECTION('ref_axis',(0.560986887614652,0.430457561118892,0.707106781186548));
#8268=DIRECTION('',(0.608758920960383,-0.793355264778113,0.));
#8269=DIRECTION('center_axis',(-0.499999938220263,0.866025439452983,0.));
#8270=DIRECTION('ref_axis',(0.866025439452983,0.499999938220263,0.));
#8271=DIRECTION('center_axis',(-0.382686221230205,0.923878377320601,0.));
#8272=DIRECTION('ref_axis',(0.653280665595022,0.270600022098531,0.707106781186547));
#8273=DIRECTION('',(0.382686221230205,-0.923878377320601,0.));
#8274=DIRECTION('center_axis',(-0.243029169633917,0.970018980591127,0.));
#8275=DIRECTION('ref_axis',(0.970018980591127,0.243029169633917,0.));
#8276=DIRECTION('center_axis',(-0.098114656508191,0.995175117342812,0.));
#8277=DIRECTION('ref_axis',(0.703695073941221,0.0693775389507318,0.707106781186547));
#8278=DIRECTION('',(0.098114656508191,-0.995175117342812,0.));
#8279=DIRECTION('center_axis',(-0.0492624141307605,0.998785870221445,2.21775013958024E-15));
#8280=DIRECTION('ref_axis',(0.998785870221445,0.0492624141307605,4.52328557707272E-14));
#8281=DIRECTION('center_axis',(-0.000291962692940528,0.999999957378892,
0.));
#8282=DIRECTION('ref_axis',(0.707106751048873,0.000206448800032825,0.707106781186548));
#8283=DIRECTION('',(0.000291962692940528,-0.999999957378892,0.));
#8284=DIRECTION('center_axis',(0.0652554440515831,0.997868592060914,0.));
#8285=DIRECTION('ref_axis',(0.997868592060914,-0.0652554440515831,0.));
#8286=DIRECTION('center_axis',(0.130522186788788,0.991445388690609,0.));
#8287=DIRECTION('ref_axis',(0.701057757519261,-0.0922931233736483,0.707106781186549));
#8288=DIRECTION('',(-0.130522186788788,-0.991445388690609,0.));
#8289=DIRECTION('center_axis',(0.258817125501026,0.965926340642694,0.));
#8290=DIRECTION('ref_axis',(0.965926340642694,-0.258817125501026,0.));
#8291=DIRECTION('center_axis',(0.382683492748497,0.923879507499658,0.));
#8292=DIRECTION('ref_axis',(0.653281464752294,-0.27059809277062,0.707106781186548));
#8293=DIRECTION('',(-0.382683492748497,-0.923879507499658,0.));
#8294=DIRECTION('center_axis',(0.500000693687553,0.866025003283373,0.));
#8295=DIRECTION('ref_axis',(0.866025003283373,-0.500000693687553,0.));
#8296=DIRECTION('center_axis',(0.608762648110149,0.79335240484032,0.));
#8297=DIRECTION('ref_axis',(0.560984865333248,-0.430460196611763,0.707106781186548));
#8298=DIRECTION('',(-0.608762648110149,-0.79335240484032,0.));
#8299=DIRECTION('center_axis',(0.707108442166581,0.707105120202613,0.));
#8300=DIRECTION('ref_axis',(0.707105120202613,-0.707108442166581,0.));
#8301=DIRECTION('center_axis',(0.793355264778097,0.608758920960405,0.));
#8302=DIRECTION('ref_axis',(0.430457561118911,-0.560986887614639,0.707106781186547));
#8303=DIRECTION('',(-0.793355264778097,-0.608758920960405,0.));
#8304=DIRECTION('center_axis',(0.866025439452975,0.499999938220278,-3.84592553116725E-15));
#8305=DIRECTION('ref_axis',(0.499999938220278,-0.866025439452975,-2.92134022153417E-14));
#8306=DIRECTION('center_axis',(0.923878377320597,0.382686221230214,0.));
#8307=DIRECTION('ref_axis',(0.270600022098544,-0.653280665595016,0.707106781186548));
#8308=DIRECTION('',(-0.923878377320597,-0.382686221230214,0.));
#8309=DIRECTION('center_axis',(0.97001898059112,0.243029169633946,-4.30774962630274E-15));
#8310=DIRECTION('ref_axis',(0.243029169633946,-0.97001898059112,-2.90499930397748E-14));
#8311=DIRECTION('center_axis',(0.995175117342809,0.0981146565082176,0.));
#8312=DIRECTION('ref_axis',(0.0693775389507508,-0.703695073941217,0.707106781186549));
#8313=DIRECTION('',(-0.995175117342809,-0.0981146565082176,0.));
#8314=DIRECTION('center_axis',(0.998788556636263,0.049207917375666,0.));
#8315=DIRECTION('ref_axis',(0.049207917375666,-0.998788556636263,0.));
#8316=DIRECTION('center_axis',(0.999999983285345,0.000182836839493404,0.));
#8317=DIRECTION('ref_axis',(0.000129285169057744,-0.7071067693675,0.707106781186549));
#8318=DIRECTION('',(-0.999999983285345,-0.000182836839493404,0.));
#8319=DIRECTION('center_axis',(0.997865030047416,-0.0653098905868817,-4.43141092730766E-15));
#8320=DIRECTION('ref_axis',(-0.0653098905868817,-0.997865030047415,-6.75177781047569E-14));
#8321=DIRECTION('center_axis',(-1.,2.37218777121216E-8,0.));
#8322=DIRECTION('ref_axis',(1.67739006516229E-8,0.707106781186548,0.707106781186547));
#8323=DIRECTION('center_axis',(1.,-2.372188001587E-8,0.));
#8324=DIRECTION('ref_axis',(2.372188001587E-8,1.,0.));
#8325=DIRECTION('',(1.,-2.37218777121216E-8,0.));
#8326=DIRECTION('',(-1.,2.37218777121216E-8,0.));
#8327=DIRECTION('center_axis',(-1.,1.01866792074983E-16,0.));
#8328=DIRECTION('ref_axis',(0.,0.70710678118655,0.707106781186545));
#8329=DIRECTION('',(1.,-1.01866792074983E-16,0.));
#8330=DIRECTION('',(-1.,1.01866792074983E-16,0.));
#8331=DIRECTION('center_axis',(0.991445388690624,-0.130522186788673,0.));
#8332=DIRECTION('ref_axis',(-0.0922931233735692,-0.701057757519275,0.707106781186545));
#8333=DIRECTION('',(0.991445388690624,-0.130522186788673,0.));
#8334=DIRECTION('',(-0.991445388690624,0.130522186788673,0.));
#8335=DIRECTION('center_axis',(0.965925958460757,-0.25881855183056,0.));
#8336=DIRECTION('ref_axis',(-0.25881855183056,-0.965925958460757,0.));
#8337=DIRECTION('center_axis',(0.923878377320595,-0.38268622123022,0.));
#8338=DIRECTION('ref_axis',(-0.270600022098545,-0.653280665595013,0.707106781186551));
#8339=DIRECTION('',(0.923878377320595,-0.38268622123022,0.));
#8340=DIRECTION('',(-0.923878377320595,0.38268622123022,0.));
#8341=DIRECTION('center_axis',(0.866025439452968,-0.499999938220291,0.));
#8342=DIRECTION('ref_axis',(-0.49999993822029,-0.866025439452968,0.));
#8343=DIRECTION('center_axis',(0.793355264778113,-0.608758920960383,0.));
#8344=DIRECTION('ref_axis',(-0.430457561118892,-0.560986887614652,0.707106781186548));
#8345=DIRECTION('',(0.793355264778113,-0.608758920960383,0.));
#8346=DIRECTION('',(-0.793355264778113,0.608758920960383,0.));
#8347=DIRECTION('center_axis',(0.707108442166599,-0.707105120202595,0.));
#8348=DIRECTION('ref_axis',(-0.707105120202595,-0.707108442166599,0.));
#8349=DIRECTION('center_axis',(0.608762648110159,-0.793352404840312,0.));
#8350=DIRECTION('ref_axis',(-0.56098486533324,-0.430460196611775,0.707106781186546));
#8351=DIRECTION('',(0.608762648110159,-0.793352404840312,0.));
#8352=DIRECTION('',(-0.608762648110159,0.793352404840312,0.));
#8353=DIRECTION('center_axis',(0.500000693687598,-0.866025003283347,0.));
#8354=DIRECTION('ref_axis',(-0.866025003283347,-0.500000693687598,0.));
#8355=DIRECTION('center_axis',(0.382683492748588,-0.92387950749962,0.));
#8356=DIRECTION('ref_axis',(-0.65328146475227,-0.270598092770677,0.707106781186548));
#8357=DIRECTION('',(0.382683492748588,-0.92387950749962,0.));
#8358=DIRECTION('',(-0.382683492748588,0.92387950749962,0.));
#8359=DIRECTION('center_axis',(0.243005303669361,-0.970024959672978,0.));
#8360=DIRECTION('ref_axis',(-0.970024959672978,-0.243005303669361,0.));
#8361=DIRECTION('center_axis',(0.0980686258015427,-0.995179654451093,0.));
#8362=DIRECTION('ref_axis',(-0.703698282161254,-0.0693449903259163,0.707106781186547));
#8363=DIRECTION('',(0.0980686258015427,-0.995179654451093,0.));
#8364=DIRECTION('',(-0.0980686258015427,0.995179654451093,0.));
#8365=DIRECTION('center_axis',(-0.38268622123022,-0.923878377320595,0.));
#8366=DIRECTION('ref_axis',(0.923878377320595,-0.38268622123022,0.));
#8367=DIRECTION('',(0.,0.,1.));
#8368=DIRECTION('',(0.,0.,1.));
#8369=DIRECTION('center_axis',(-0.608758920960383,-0.793355264778113,0.));
#8370=DIRECTION('ref_axis',(0.793355264778113,-0.608758920960383,0.));
#8371=DIRECTION('',(0.,0.,1.));
#8372=DIRECTION('center_axis',(-0.793352404840312,-0.608762648110159,0.));
#8373=DIRECTION('ref_axis',(0.608762648110159,-0.793352404840312,0.));
#8374=DIRECTION('',(0.,0.,1.));
#8375=DIRECTION('center_axis',(-0.92387950749962,-0.382683492748588,0.));
#8376=DIRECTION('ref_axis',(0.382683492748588,-0.92387950749962,0.));
#8377=DIRECTION('',(0.,0.,1.));
#8378=DIRECTION('center_axis',(-0.995179654451093,-0.0980686258015427,0.));
#8379=DIRECTION('ref_axis',(0.0980686258015427,-0.995179654451093,0.));
#8380=DIRECTION('',(0.,0.,1.));
#8381=DIRECTION('center_axis',(-0.99999995753909,-0.000291413483811755,
0.));
#8382=DIRECTION('ref_axis',(0.000291413483811755,-0.99999995753909,0.));
#8383=DIRECTION('',(0.,0.,1.));
#8384=DIRECTION('center_axis',(-0.991445388690575,0.130522186789047,0.));
#8385=DIRECTION('ref_axis',(-0.130522186789047,-0.991445388690575,0.));
#8386=DIRECTION('',(0.,0.,1.));
#8387=DIRECTION('center_axis',(-0.923879507499609,0.382683492748616,0.));
#8388=DIRECTION('ref_axis',(-0.382683492748616,-0.923879507499609,0.));
#8389=DIRECTION('',(0.,0.,1.));
#8390=DIRECTION('center_axis',(-0.793352404840333,0.608762648110132,0.));
#8391=DIRECTION('ref_axis',(-0.608762648110132,-0.793352404840333,0.));
#8392=DIRECTION('',(0.,0.,1.));
#8393=DIRECTION('center_axis',(-0.608758920960389,0.793355264778108,0.));
#8394=DIRECTION('ref_axis',(-0.793355264778108,-0.608758920960389,0.));
#8395=DIRECTION('',(0.,0.,1.));
#8396=DIRECTION('center_axis',(-0.382686221230203,0.923878377320602,0.));
#8397=DIRECTION('ref_axis',(-0.923878377320602,-0.382686221230203,0.));
#8398=DIRECTION('',(0.,0.,1.));
#8399=DIRECTION('center_axis',(-0.0981130355444689,0.995175277152849,0.));
#8400=DIRECTION('ref_axis',(-0.995175277152849,-0.0981130355444689,0.));
#8401=DIRECTION('',(0.,0.,1.));
#8402=DIRECTION('center_axis',(1.01866792074983E-16,1.,0.));
#8403=DIRECTION('ref_axis',(-1.,1.01866792074983E-16,0.));
#8404=DIRECTION('',(0.,0.,1.));
#8405=DIRECTION('center_axis',(2.37218777121216E-8,1.,0.));
#8406=DIRECTION('ref_axis',(-1.,2.37218777121216E-8,0.));
#8407=DIRECTION('center_axis',(0.,0.,1.));
#8408=DIRECTION('ref_axis',(1.,0.,0.));
#8409=DIRECTION('',(0.995175277152855,0.0981130355444031,0.));
#8410=DIRECTION('',(1.,-1.02154868117894E-16,0.));
#8411=DIRECTION('',(1.,-1.38372131224568E-8,0.));
#8412=DIRECTION('',(0.999999875867334,0.000498262296569099,0.));
#8413=DIRECTION('',(0.991445388690599,-0.130522186788862,0.));
#8414=DIRECTION('',(0.923878377320538,-0.382686221230356,0.));
#8415=DIRECTION('',(0.793355264778105,-0.608758920960394,0.));
#8416=DIRECTION('',(0.60875892096039,-0.793355264778108,0.));
#8417=DIRECTION('',(0.382686221230207,-0.9238783773206,0.));
#8418=DIRECTION('',(0.0981146565081902,-0.995175117342812,0.));
#8419=DIRECTION('',(0.000291962692941673,-0.999999957378892,0.));
#8420=DIRECTION('',(-0.130522186788766,-0.991445388690612,0.));
#8421=DIRECTION('',(-0.382683492748489,-0.923879507499662,0.));
#8422=DIRECTION('',(-0.608762648110147,-0.793352404840321,0.));
#8423=DIRECTION('',(-0.793355264778103,-0.608758920960396,0.));
#8424=DIRECTION('',(-0.923878377320602,-0.382686221230201,0.));
#8425=DIRECTION('',(-0.995175117342812,-0.0981146565081924,0.));
#8426=DIRECTION('',(-0.999999983285345,-0.000182836839493178,0.));
#8427=DIRECTION('',(-0.991445388690626,0.130522186788659,0.));
#8428=DIRECTION('',(-0.923878377320598,0.382686221230212,0.));
#8429=DIRECTION('',(-0.793355264778114,0.608758920960381,0.));
#8430=DIRECTION('',(-0.608762648110155,0.793352404840315,0.));
#8431=DIRECTION('',(-0.38268349274857,0.923879507499628,0.));
#8432=DIRECTION('',(-0.0980686258015275,0.995179654451094,0.));
#8433=DIRECTION('',(-0.000291413483812615,0.99999995753909,0.));
#8434=DIRECTION('',(0.130522186789042,0.991445388690576,0.));
#8435=DIRECTION('',(0.382683492748614,0.92387950749961,0.));
#8436=DIRECTION('',(0.608762648110136,0.79335240484033,0.));
#8437=DIRECTION('',(0.793355264778104,0.608758920960395,0.));
#8438=DIRECTION('',(0.923878377320603,0.3826862212302,0.));
#8439=DIRECTION('center_axis',(0.,1.,0.));
#8440=DIRECTION('ref_axis',(1.,0.,0.));
#8441=DIRECTION('',(1.,0.,0.));
#8442=DIRECTION('',(0.,0.,1.));
#8443=DIRECTION('',(1.,0.,0.));
#8444=DIRECTION('',(0.,0.,-1.));
#8445=DIRECTION('center_axis',(0.,0.,-1.));
#8446=DIRECTION('ref_axis',(-1.,0.,0.));
#8447=DIRECTION('',(0.991445388690626,-0.13052218678866,0.));
#8448=DIRECTION('',(0.923878377320598,-0.382686221230212,0.));
#8449=DIRECTION('',(0.923878377320602,0.382686221230202,0.));
#8450=DIRECTION('',(0.995175117342812,0.0981146565081921,0.));
#8451=DIRECTION('',(0.999999983285345,0.000182836839493221,0.));
#8452=DIRECTION('center_axis',(-0.382686221230202,0.923878377320602,0.));
#8453=DIRECTION('ref_axis',(-0.923878377320602,-0.382686221230202,0.));
#8454=DIRECTION('',(-0.923878377320602,-0.382686221230202,0.));
#8455=DIRECTION('',(0.,0.,1.));
#8456=DIRECTION('',(-0.923878377320602,-0.382686221230202,0.));
#8457=DIRECTION('',(0.,0.,1.));
#8458=DIRECTION('center_axis',(0.382686221230212,0.923878377320598,0.));
#8459=DIRECTION('ref_axis',(-0.923878377320598,0.382686221230212,0.));
#8460=DIRECTION('',(0.,0.,1.));
#8461=DIRECTION('',(-0.923878377320598,0.382686221230212,0.));
#8462=DIRECTION('',(0.,0.,1.));
#8463=DIRECTION('',(-0.923878377320598,0.382686221230212,0.));
#8464=DIRECTION('center_axis',(0.,-1.,0.));
#8465=DIRECTION('ref_axis',(-1.,0.,0.));
#8466=DIRECTION('',(-1.,0.,0.));
#8467=DIRECTION('',(0.,0.,-1.));
#8468=DIRECTION('',(-1.,0.,0.));
#8469=DIRECTION('',(0.,0.,-1.));
#8470=DIRECTION('center_axis',(5.53905924794874E-7,-0.999999999999847,0.));
#8471=DIRECTION('ref_axis',(-0.999999999999847,-5.53905924794874E-7,0.));
#8472=DIRECTION('',(0.999999999999847,5.53905924794874E-7,0.));
#8473=DIRECTION('',(0.,0.,-1.));
#8474=DIRECTION('',(-0.999999999999847,-5.53905924794874E-7,0.));
#8475=DIRECTION('center_axis',(0.,-1.,0.));
#8476=DIRECTION('ref_axis',(-1.,0.,0.));
#8477=DIRECTION('',(-1.,0.,0.));
#8478=DIRECTION('',(0.,0.,1.));
#8479=DIRECTION('',(-1.,0.,0.));
#8480=DIRECTION('center_axis',(0.,0.,-1.));
#8481=DIRECTION('ref_axis',(-1.,0.,0.));
#8482=DIRECTION('',(-0.923878377320602,-0.382686221230202,0.));
#8483=DIRECTION('',(-0.995175277152856,-0.098113035544402,0.));
#8484=DIRECTION('',(-1.,1.41429692953225E-16,0.));
#8485=DIRECTION('',(-0.999999875867334,-0.000498262296569129,0.));
#8486=DIRECTION('',(-0.991445388690599,0.130522186788862,0.));
#8487=DIRECTION('',(-0.923878377320538,0.382686221230357,0.));
#8488=DIRECTION('center_axis',(-0.130522186788862,-0.991445388690599,0.));
#8489=DIRECTION('ref_axis',(0.991445388690599,-0.130522186788862,0.));
#8490=DIRECTION('',(0.,0.,1.));
#8491=DIRECTION('',(0.991445388690599,-0.130522186788862,0.));
#8492=DIRECTION('',(0.,0.,1.));
#8493=DIRECTION('center_axis',(0.000498262296569129,-0.999999875867334,
0.));
#8494=DIRECTION('ref_axis',(0.999999875867334,0.000498262296569129,0.));
#8495=DIRECTION('',(0.,0.,1.));
#8496=DIRECTION('',(0.999999875867334,0.000498262296569129,0.));
#8497=DIRECTION('center_axis',(-1.41429692953225E-16,-1.,0.));
#8498=DIRECTION('ref_axis',(1.,-1.41429692953225E-16,0.));
#8499=DIRECTION('',(0.,0.,1.));
#8500=DIRECTION('',(1.,-1.41429692953225E-16,0.));
#8501=DIRECTION('center_axis',(0.098113035544402,-0.995175277152856,0.));
#8502=DIRECTION('ref_axis',(0.995175277152856,0.098113035544402,0.));
#8503=DIRECTION('',(0.,0.,1.));
#8504=DIRECTION('',(0.995175277152856,0.098113035544402,0.));
#8505=DIRECTION('center_axis',(0.382686221230202,-0.923878377320602,0.));
#8506=DIRECTION('ref_axis',(0.923878377320602,0.382686221230202,0.));
#8507=DIRECTION('',(0.923878377320602,0.382686221230202,0.));
#8508=DIRECTION('',(0.,0.,1.));
#8509=DIRECTION('',(0.923878377320602,0.382686221230202,0.));
#8510=DIRECTION('center_axis',(0.923879507499609,-0.382683492748615,0.));
#8511=DIRECTION('ref_axis',(0.382683492748615,0.923879507499609,0.));
#8512=DIRECTION('',(0.382683492748615,0.923879507499609,0.));
#8513=DIRECTION('',(0.,0.,1.));
#8514=DIRECTION('',(0.382683492748615,0.923879507499609,0.));
#8515=DIRECTION('',(0.,0.,1.));
#8516=DIRECTION('center_axis',(0.991445388690576,-0.130522186789042,0.));
#8517=DIRECTION('ref_axis',(0.130522186789042,0.991445388690575,0.));
#8518=DIRECTION('',(0.130522186789042,0.991445388690575,0.));
#8519=DIRECTION('',(0.,0.,1.));
#8520=DIRECTION('',(0.130522186789042,0.991445388690575,0.));
#8521=DIRECTION('center_axis',(0.99999995753909,0.000291413483812673,0.));
#8522=DIRECTION('ref_axis',(-0.000291413483812673,0.99999995753909,0.));
#8523=DIRECTION('',(-0.000291413483812673,0.99999995753909,0.));
#8524=DIRECTION('',(0.,0.,1.));
#8525=DIRECTION('',(-0.000291413483812673,0.99999995753909,0.));
#8526=DIRECTION('center_axis',(0.995179654451095,0.0980686258015249,0.));
#8527=DIRECTION('ref_axis',(-0.0980686258015249,0.995179654451095,0.));
#8528=DIRECTION('',(-0.0980686258015249,0.995179654451095,0.));
#8529=DIRECTION('',(0.,0.,1.));
#8530=DIRECTION('',(-0.0980686258015249,0.995179654451095,0.));
#8531=DIRECTION('center_axis',(0.923879507499628,0.382683492748569,0.));
#8532=DIRECTION('ref_axis',(-0.382683492748569,0.923879507499628,0.));
#8533=DIRECTION('',(-0.382683492748569,0.923879507499628,0.));
#8534=DIRECTION('',(0.,0.,1.));
#8535=DIRECTION('',(-0.382683492748569,0.923879507499628,0.));
#8536=DIRECTION('center_axis',(0.793352404840314,0.608762648110157,0.));
#8537=DIRECTION('ref_axis',(-0.608762648110157,0.793352404840314,0.));
#8538=DIRECTION('',(-0.608762648110157,0.793352404840314,0.));
#8539=DIRECTION('',(0.,0.,1.));
#8540=DIRECTION('',(-0.608762648110157,0.793352404840314,0.));
#8541=DIRECTION('center_axis',(0.608758920960381,0.793355264778115,0.));
#8542=DIRECTION('ref_axis',(-0.793355264778115,0.608758920960381,0.));
#8543=DIRECTION('',(-0.793355264778115,0.608758920960381,0.));
#8544=DIRECTION('',(-0.793355264778115,0.608758920960381,0.));
#8545=DIRECTION('center_axis',(-0.995175117342812,-0.0981146565081947,0.));
#8546=DIRECTION('ref_axis',(0.0981146565081947,-0.995175117342812,0.));
#8547=DIRECTION('',(0.0981146565081947,-0.995175117342812,0.));
#8548=DIRECTION('',(0.,0.,1.));
#8549=DIRECTION('',(0.0981146565081947,-0.995175117342812,0.));
#8550=DIRECTION('',(0.,0.,1.));
#8551=DIRECTION('center_axis',(-0.923878377320601,-0.382686221230204,0.));
#8552=DIRECTION('ref_axis',(0.382686221230204,-0.923878377320601,0.));
#8553=DIRECTION('',(0.382686221230204,-0.923878377320601,0.));
#8554=DIRECTION('',(0.,0.,1.));
#8555=DIRECTION('',(0.382686221230204,-0.923878377320601,0.));
#8556=DIRECTION('center_axis',(-0.793355264778107,-0.608758920960391,0.));
#8557=DIRECTION('ref_axis',(0.608758920960391,-0.793355264778107,0.));
#8558=DIRECTION('',(0.608758920960391,-0.793355264778107,0.));
#8559=DIRECTION('',(0.,0.,1.));
#8560=DIRECTION('',(0.608758920960391,-0.793355264778107,0.));
#8561=DIRECTION('center_axis',(-0.608758920960394,-0.793355264778105,0.));
#8562=DIRECTION('ref_axis',(0.793355264778105,-0.608758920960394,0.));
#8563=DIRECTION('',(0.793355264778105,-0.608758920960394,0.));
#8564=DIRECTION('',(0.,0.,1.));
#8565=DIRECTION('',(0.793355264778105,-0.608758920960394,0.));
#8566=DIRECTION('center_axis',(-0.382686221230357,-0.923878377320538,0.));
#8567=DIRECTION('ref_axis',(0.923878377320538,-0.382686221230357,0.));
#8568=DIRECTION('',(0.923878377320538,-0.382686221230357,0.));
#8569=DIRECTION('',(0.923878377320538,-0.382686221230357,0.));
#8570=DIRECTION('center_axis',(0.608758920960394,-0.793355264778105,0.));
#8571=DIRECTION('ref_axis',(0.793355264778105,0.608758920960394,0.));
#8572=DIRECTION('',(0.793355264778105,0.608758920960394,0.));
#8573=DIRECTION('',(0.,0.,1.));
#8574=DIRECTION('',(0.793355264778105,0.608758920960394,0.));
#8575=DIRECTION('center_axis',(0.793352404840329,-0.608762648110137,0.));
#8576=DIRECTION('ref_axis',(0.608762648110137,0.793352404840329,0.));
#8577=DIRECTION('',(0.608762648110137,0.793352404840329,0.));
#8578=DIRECTION('',(0.608762648110137,0.793352404840329,0.));
#8579=DIRECTION('center_axis',(0.13052218678866,0.991445388690626,0.));
#8580=DIRECTION('ref_axis',(-0.991445388690626,0.13052218678866,0.));
#8581=DIRECTION('',(0.,0.,1.));
#8582=DIRECTION('',(-0.991445388690626,0.13052218678866,0.));
#8583=DIRECTION('center_axis',(-0.000182836839493222,0.999999983285345,
0.));
#8584=DIRECTION('ref_axis',(-0.999999983285345,-0.000182836839493221,0.));
#8585=DIRECTION('',(0.,0.,1.));
#8586=DIRECTION('',(-0.999999983285345,-0.000182836839493221,0.));
#8587=DIRECTION('center_axis',(-0.0981146565081921,0.995175117342812,0.));
#8588=DIRECTION('ref_axis',(-0.995175117342812,-0.0981146565081921,0.));
#8589=DIRECTION('',(-0.995175117342812,-0.0981146565081921,0.));
#8590=DIRECTION('center_axis',(-0.608758920960394,0.793355264778105,0.));
#8591=DIRECTION('ref_axis',(-0.793355264778105,-0.608758920960394,0.));
#8592=DIRECTION('',(-0.793355264778105,-0.608758920960394,0.));
#8593=DIRECTION('',(0.,0.,1.));
#8594=DIRECTION('',(-0.793355264778105,-0.608758920960394,0.));
#8595=DIRECTION('center_axis',(-0.79335240484032,0.608762648110149,0.));
#8596=DIRECTION('ref_axis',(-0.608762648110149,-0.79335240484032,0.));
#8597=DIRECTION('',(-0.608762648110149,-0.79335240484032,0.));
#8598=DIRECTION('',(0.,0.,1.));
#8599=DIRECTION('',(-0.608762648110149,-0.79335240484032,0.));
#8600=DIRECTION('center_axis',(-0.923879507499662,0.382683492748489,0.));
#8601=DIRECTION('ref_axis',(-0.382683492748489,-0.923879507499662,0.));
#8602=DIRECTION('',(-0.382683492748489,-0.923879507499662,0.));
#8603=DIRECTION('',(0.,0.,1.));
#8604=DIRECTION('',(-0.382683492748489,-0.923879507499662,0.));
#8605=DIRECTION('center_axis',(-0.991445388690612,0.130522186788766,0.));
#8606=DIRECTION('ref_axis',(-0.130522186788766,-0.991445388690612,0.));
#8607=DIRECTION('',(-0.130522186788766,-0.991445388690612,0.));
#8608=DIRECTION('',(0.,0.,1.));
#8609=DIRECTION('',(-0.130522186788766,-0.991445388690612,0.));
#8610=DIRECTION('center_axis',(-0.999999957378892,-0.000291962692941679,
0.));
#8611=DIRECTION('ref_axis',(0.000291962692941679,-0.999999957378892,0.));
#8612=DIRECTION('',(0.000291962692941679,-0.999999957378892,0.));
#8613=DIRECTION('',(0.000291962692941679,-0.999999957378892,0.));
#8614=DIRECTION('center_axis',(0.,0.,1.));
#8615=DIRECTION('ref_axis',(-1.,0.,0.));
#8616=DIRECTION('',(-0.995175277152855,-0.0981130355444031,0.));
#8617=DIRECTION('',(-1.,1.02154868117894E-16,0.));
#8618=DIRECTION('',(-1.,1.38372131224568E-8,0.));
#8619=DIRECTION('',(-0.999999875867334,-0.000498262296569099,0.));
#8620=DIRECTION('',(-0.991445388690599,0.130522186788862,0.));
#8621=DIRECTION('',(-0.923878377320538,0.382686221230356,0.));
#8622=DIRECTION('',(-0.793355264778105,0.608758920960394,0.));
#8623=DIRECTION('',(-0.60875892096039,0.793355264778108,0.));
#8624=DIRECTION('',(-0.382686221230207,0.9238783773206,0.));
#8625=DIRECTION('',(-0.0981146565081902,0.995175117342812,0.));
#8626=DIRECTION('',(-0.000291962692941673,0.999999957378892,0.));
#8627=DIRECTION('',(0.130522186788766,0.991445388690612,0.));
#8628=DIRECTION('',(0.382683492748489,0.923879507499662,0.));
#8629=DIRECTION('',(0.608762648110147,0.793352404840321,0.));
#8630=DIRECTION('',(0.793355264778103,0.608758920960396,0.));
#8631=DIRECTION('',(0.923878377320602,0.382686221230201,0.));
#8632=DIRECTION('',(0.995175117342812,0.0981146565081924,0.));
#8633=DIRECTION('',(0.999999983285345,0.000182836839493178,0.));
#8634=DIRECTION('',(0.991445388690626,-0.130522186788659,0.));
#8635=DIRECTION('',(0.923878377320598,-0.382686221230212,0.));
#8636=DIRECTION('',(0.793355264778115,-0.608758920960381,0.));
#8637=DIRECTION('',(0.608762648110155,-0.793352404840315,0.));
#8638=DIRECTION('',(0.38268349274857,-0.923879507499628,0.));
#8639=DIRECTION('',(0.0980686258015275,-0.995179654451095,0.));
#8640=DIRECTION('',(0.000291413483812615,-0.99999995753909,0.));
#8641=DIRECTION('',(-0.130522186789042,-0.991445388690576,0.));
#8642=DIRECTION('',(-0.382683492748614,-0.92387950749961,0.));
#8643=DIRECTION('',(-0.608762648110136,-0.79335240484033,0.));
#8644=DIRECTION('',(-0.793355264778104,-0.608758920960395,0.));
#8645=DIRECTION('',(-0.923878377320603,-0.3826862212302,0.));
#8646=DIRECTION('center_axis',(0.,0.,1.));
#8647=DIRECTION('ref_axis',(1.,0.,0.));
#8648=DIRECTION('',(-1.56307699009954E-7,0.999999999999988,0.));
#8649=DIRECTION('',(0.999999999999988,1.56307699418238E-7,0.));
#8650=DIRECTION('',(1.56307699494591E-7,-0.999999999999988,0.));
#8651=DIRECTION('',(-0.999999999999988,-1.56307699337509E-7,0.));
#8652=DIRECTION('center_axis',(-1.56307699337509E-7,0.999999999999988,0.));
#8653=DIRECTION('ref_axis',(-0.999999999999988,-1.56307699337509E-7,0.));
#8654=DIRECTION('',(-0.999999999999988,-1.56307699337509E-7,0.));
#8655=DIRECTION('',(0.,0.,1.));
#8656=DIRECTION('',(0.,0.,1.));
#8657=DIRECTION('center_axis',(-0.999999999999988,-1.56307699494591E-7,
0.));
#8658=DIRECTION('ref_axis',(1.56307699494591E-7,-0.999999999999988,0.));
#8659=DIRECTION('',(1.56307699494591E-7,-0.999999999999988,0.));
#8660=DIRECTION('',(0.,0.,1.));
#8661=DIRECTION('center_axis',(1.56307699418238E-7,-0.999999999999988,0.));
#8662=DIRECTION('ref_axis',(0.999999999999988,1.56307699418238E-7,0.));
#8663=DIRECTION('',(0.999999999999988,1.56307699418238E-7,0.));
#8664=DIRECTION('',(0.,0.,1.));
#8665=DIRECTION('center_axis',(0.999999999999988,1.56307699009954E-7,0.));
#8666=DIRECTION('ref_axis',(-1.56307699009954E-7,0.999999999999988,0.));
#8667=DIRECTION('',(-1.56307699009954E-7,0.999999999999988,0.));
#8668=DIRECTION('center_axis',(0.,0.,1.));
#8669=DIRECTION('ref_axis',(-1.,0.,0.));
#8670=DIRECTION('center_axis',(-0.608758920960396,0.793355264778103,0.));
#8671=DIRECTION('ref_axis',(-0.793355264778103,-0.608758920960396,0.));
#8672=DIRECTION('',(0.,0.,1.));
#8673=DIRECTION('',(0.793355264778103,0.608758920960396,0.));
#8674=DIRECTION('',(0.,0.,1.));
#8675=DIRECTION('center_axis',(-0.793352404840321,0.608762648110147,0.));
#8676=DIRECTION('ref_axis',(-0.608762648110147,-0.793352404840321,0.));
#8677=DIRECTION('',(0.,0.,1.));
#8678=DIRECTION('',(0.608762648110147,0.793352404840321,0.));
#8679=DIRECTION('center_axis',(-0.923879507499662,0.382683492748489,0.));
#8680=DIRECTION('ref_axis',(-0.382683492748489,-0.923879507499662,0.));
#8681=DIRECTION('',(0.,0.,1.));
#8682=DIRECTION('',(0.382683492748489,0.923879507499662,0.));
#8683=DIRECTION('center_axis',(-0.991445388690612,0.130522186788766,0.));
#8684=DIRECTION('ref_axis',(-0.130522186788766,-0.991445388690612,0.));
#8685=DIRECTION('',(0.,0.,1.));
#8686=DIRECTION('',(0.130522186788766,0.991445388690612,0.));
#8687=DIRECTION('center_axis',(-0.999999957378892,-0.000291962692941673,
0.));
#8688=DIRECTION('ref_axis',(0.000291962692941673,-0.999999957378892,0.));
#8689=DIRECTION('',(0.,0.,1.));
#8690=DIRECTION('',(-0.000291962692941673,0.999999957378892,0.));
#8691=DIRECTION('center_axis',(-0.995175117342812,-0.0981146565081902,0.));
#8692=DIRECTION('ref_axis',(0.0981146565081902,-0.995175117342812,0.));
#8693=DIRECTION('',(0.,0.,1.));
#8694=DIRECTION('',(-0.0981146565081902,0.995175117342812,0.));
#8695=DIRECTION('center_axis',(-0.9238783773206,-0.382686221230207,0.));
#8696=DIRECTION('ref_axis',(0.382686221230207,-0.9238783773206,0.));
#8697=DIRECTION('',(0.,0.,1.));
#8698=DIRECTION('',(-0.382686221230207,0.9238783773206,0.));
#8699=DIRECTION('center_axis',(-0.793355264778108,-0.60875892096039,0.));
#8700=DIRECTION('ref_axis',(0.60875892096039,-0.793355264778108,0.));
#8701=DIRECTION('',(0.,0.,1.));
#8702=DIRECTION('',(-0.60875892096039,0.793355264778108,0.));
#8703=DIRECTION('center_axis',(-0.608758920960394,-0.793355264778105,0.));
#8704=DIRECTION('ref_axis',(0.793355264778105,-0.608758920960394,0.));
#8705=DIRECTION('',(0.,0.,1.));
#8706=DIRECTION('',(-0.793355264778105,0.608758920960394,0.));
#8707=DIRECTION('center_axis',(-0.382686221230356,-0.923878377320538,0.));
#8708=DIRECTION('ref_axis',(0.923878377320538,-0.382686221230356,0.));
#8709=DIRECTION('',(0.,0.,1.));
#8710=DIRECTION('',(-0.923878377320538,0.382686221230356,0.));
#8711=DIRECTION('center_axis',(-0.130522186788862,-0.991445388690599,0.));
#8712=DIRECTION('ref_axis',(0.991445388690599,-0.130522186788862,0.));
#8713=DIRECTION('',(0.,0.,1.));
#8714=DIRECTION('',(-0.991445388690599,0.130522186788862,0.));
#8715=DIRECTION('center_axis',(0.000498262296569099,-0.999999875867334,
0.));
#8716=DIRECTION('ref_axis',(0.999999875867334,0.000498262296569099,0.));
#8717=DIRECTION('',(0.,0.,1.));
#8718=DIRECTION('',(-0.999999875867334,-0.000498262296569099,0.));
#8719=DIRECTION('center_axis',(-1.38372131224568E-8,-1.,0.));
#8720=DIRECTION('ref_axis',(1.,-1.38372131224568E-8,0.));
#8721=DIRECTION('',(0.,0.,1.));
#8722=DIRECTION('',(-1.,1.38372131224568E-8,0.));
#8723=DIRECTION('center_axis',(-1.02154868117894E-16,-1.,0.));
#8724=DIRECTION('ref_axis',(1.,-1.02154868117894E-16,0.));
#8725=DIRECTION('',(0.,0.,1.));
#8726=DIRECTION('',(-1.,1.02154868117894E-16,0.));
#8727=DIRECTION('center_axis',(0.0981130355444031,-0.995175277152855,0.));
#8728=DIRECTION('ref_axis',(0.995175277152855,0.0981130355444031,0.));
#8729=DIRECTION('',(0.,0.,-1.));
#8730=DIRECTION('',(-0.995175277152855,-0.0981130355444031,0.));
#8731=DIRECTION('center_axis',(0.3826862212302,-0.923878377320603,0.));
#8732=DIRECTION('ref_axis',(0.923878377320603,0.3826862212302,0.));
#8733=DIRECTION('',(0.,0.,1.));
#8734=DIRECTION('',(-0.923878377320603,-0.3826862212302,0.));
#8735=DIRECTION('center_axis',(0.608758920960395,-0.793355264778104,0.));
#8736=DIRECTION('ref_axis',(0.793355264778104,0.608758920960395,0.));
#8737=DIRECTION('',(0.,0.,1.));
#8738=DIRECTION('',(-0.793355264778104,-0.608758920960395,0.));
#8739=DIRECTION('center_axis',(0.79335240484033,-0.608762648110136,0.));
#8740=DIRECTION('ref_axis',(0.608762648110136,0.79335240484033,0.));
#8741=DIRECTION('',(0.,0.,1.));
#8742=DIRECTION('',(-0.608762648110136,-0.79335240484033,0.));
#8743=DIRECTION('center_axis',(0.92387950749961,-0.382683492748614,0.));
#8744=DIRECTION('ref_axis',(0.382683492748614,0.92387950749961,0.));
#8745=DIRECTION('',(0.,0.,1.));
#8746=DIRECTION('',(-0.382683492748614,-0.92387950749961,0.));
#8747=DIRECTION('center_axis',(0.991445388690576,-0.130522186789042,0.));
#8748=DIRECTION('ref_axis',(0.130522186789042,0.991445388690576,0.));
#8749=DIRECTION('',(0.,0.,1.));
#8750=DIRECTION('',(-0.130522186789042,-0.991445388690576,0.));
#8751=DIRECTION('center_axis',(0.99999995753909,0.000291413483812615,0.));
#8752=DIRECTION('ref_axis',(-0.000291413483812615,0.99999995753909,0.));
#8753=DIRECTION('',(0.,0.,1.));
#8754=DIRECTION('',(0.000291413483812615,-0.99999995753909,0.));
#8755=DIRECTION('center_axis',(0.995179654451095,0.0980686258015275,0.));
#8756=DIRECTION('ref_axis',(-0.0980686258015275,0.995179654451095,0.));
#8757=DIRECTION('',(0.,0.,1.));
#8758=DIRECTION('',(0.0980686258015275,-0.995179654451094,0.));
#8759=DIRECTION('center_axis',(0.923879507499628,0.38268349274857,0.));
#8760=DIRECTION('ref_axis',(-0.38268349274857,0.923879507499628,0.));
#8761=DIRECTION('',(0.,0.,1.));
#8762=DIRECTION('',(0.38268349274857,-0.923879507499628,0.));
#8763=DIRECTION('center_axis',(0.793352404840315,0.608762648110155,0.));
#8764=DIRECTION('ref_axis',(-0.608762648110155,0.793352404840315,0.));
#8765=DIRECTION('',(0.,0.,1.));
#8766=DIRECTION('',(0.608762648110155,-0.793352404840315,0.));
#8767=DIRECTION('center_axis',(0.608758920960381,0.793355264778115,0.));
#8768=DIRECTION('ref_axis',(-0.793355264778114,0.608758920960381,0.));
#8769=DIRECTION('',(0.,0.,1.));
#8770=DIRECTION('',(0.793355264778114,-0.608758920960381,0.));
#8771=DIRECTION('center_axis',(0.382686221230212,0.923878377320598,0.));
#8772=DIRECTION('ref_axis',(-0.923878377320598,0.382686221230212,0.));
#8773=DIRECTION('',(0.,0.,1.));
#8774=DIRECTION('',(0.923878377320598,-0.382686221230212,0.));
#8775=DIRECTION('center_axis',(0.130522186788659,0.991445388690626,0.));
#8776=DIRECTION('ref_axis',(-0.991445388690626,0.130522186788659,0.));
#8777=DIRECTION('',(0.,0.,1.));
#8778=DIRECTION('',(0.991445388690626,-0.130522186788659,0.));
#8779=DIRECTION('center_axis',(-0.000182836839493178,0.999999983285345,
0.));
#8780=DIRECTION('ref_axis',(-0.999999983285345,-0.000182836839493178,0.));
#8781=DIRECTION('',(0.,0.,1.));
#8782=DIRECTION('',(0.999999983285345,0.000182836839493178,0.));
#8783=DIRECTION('center_axis',(-0.0981146565081924,0.995175117342812,0.));
#8784=DIRECTION('ref_axis',(-0.995175117342812,-0.0981146565081924,0.));
#8785=DIRECTION('',(0.,0.,1.));
#8786=DIRECTION('',(0.995175117342812,0.0981146565081924,0.));
#8787=DIRECTION('center_axis',(-0.382686221230201,0.923878377320602,0.));
#8788=DIRECTION('ref_axis',(-0.923878377320602,-0.382686221230201,0.));
#8789=DIRECTION('',(0.923878377320602,0.382686221230201,0.));
#8790=DIRECTION('center_axis',(-0.130522186788673,-0.991445388690624,0.));
#8791=DIRECTION('ref_axis',(0.991445388690624,-0.130522186788673,0.));
#8792=DIRECTION('center_axis',(0.,0.,-1.));
#8793=DIRECTION('ref_axis',(-1.,0.,0.));
#8794=DIRECTION('center_axis',(0.,0.,-1.));
#8795=DIRECTION('ref_axis',(-1.,0.,0.));
#8796=DIRECTION('center_axis',(0.,0.,-1.));
#8797=DIRECTION('ref_axis',(-1.,0.,0.));
#8798=DIRECTION('',(0.,0.,1.));
#8799=DIRECTION('center_axis',(0.,0.,-1.));
#8800=DIRECTION('ref_axis',(-1.,0.,0.));
#8801=DIRECTION('center_axis',(0.,0.,-1.));
#8802=DIRECTION('ref_axis',(-1.,0.,0.));
#8803=DIRECTION('center_axis',(0.,0.,-1.));
#8804=DIRECTION('ref_axis',(-1.,0.,0.));
#8805=DIRECTION('center_axis',(0.,0.,-1.));
#8806=DIRECTION('ref_axis',(-1.,0.,0.));
#8807=DIRECTION('center_axis',(0.,0.,-1.));
#8808=DIRECTION('ref_axis',(-1.,0.,0.));
#8809=DIRECTION('center_axis',(0.,0.,-1.));
#8810=DIRECTION('ref_axis',(-1.,0.,0.));
#8811=DIRECTION('center_axis',(0.,0.,1.));
#8812=DIRECTION('ref_axis',(-1.,0.,0.));
#8813=CARTESIAN_POINT('',(0.,0.,0.));
#8814=CARTESIAN_POINT('Origin',(0.,-67.5999984934926,-1.29999996647239));
#8815=CARTESIAN_POINT('',(-2.,-67.5999984934926,-1.49999996647239));
#8816=CARTESIAN_POINT('',(-2.,-67.3999984934926,-1.29999996647239));
#8817=CARTESIAN_POINT('Origin',(-2.,-67.5999984934926,-1.29999996647239));
#8818=CARTESIAN_POINT('',(2.,-67.3999984934926,-1.29999996647239));
#8819=CARTESIAN_POINT('',(0.,-67.3999984934926,-1.29999996647239));
#8820=CARTESIAN_POINT('',(2.,-67.5999984934926,-1.49999996647239));
#8821=CARTESIAN_POINT('Origin',(2.,-67.5999984934926,-1.29999996647239));
#8822=CARTESIAN_POINT('',(0.,-67.5999984934926,-1.49999996647239));
#8823=CARTESIAN_POINT('Origin',(0.,-67.3999984934926,-1.49999996647239));
#8824=CARTESIAN_POINT('',(-2.,-67.3999984934926,-1.20632482188022));
#8825=CARTESIAN_POINT('',(-2.,-67.3999984934926,-1.49999996647239));
#8826=CARTESIAN_POINT('',(2.,-67.3999984934926,-1.20632482188022));
#8827=CARTESIAN_POINT('Ctrl Pts',(2.,-67.3999984934926,-1.20632482188022));
#8828=CARTESIAN_POINT('Ctrl Pts',(1.31454719422292,-67.3999984934926,-1.21241793893627));
#8829=CARTESIAN_POINT('Ctrl Pts',(0.642865151605775,-67.3999984934926,-1.21459705821846));
#8830=CARTESIAN_POINT('Ctrl Pts',(-0.642865151605775,-67.3999984934926,
-1.21459705821846));
#8831=CARTESIAN_POINT('Ctrl Pts',(-1.31454719422292,-67.3999984934926,-1.21241793893627));
#8832=CARTESIAN_POINT('Ctrl Pts',(-2.,-67.3999984934926,-1.20632482188022));
#8833=CARTESIAN_POINT('',(2.,-67.3999984934926,-1.49999996647239));
#8834=CARTESIAN_POINT('Origin',(-2.,-67.8527006365463,-0.749999983236194));
#8835=CARTESIAN_POINT('',(-2.,-67.7594474404038,-1.49999996647239));
#8836=CARTESIAN_POINT('',(-2.,-67.3999984934926,-1.49999996647239));
#8837=CARTESIAN_POINT('',(-2.,-68.3054027796001,0.));
#8838=CARTESIAN_POINT('',(-2.,-68.307370737973,0.00540692119206709));
#8839=CARTESIAN_POINT('',(-2.,-67.9705818718657,0.));
#8840=CARTESIAN_POINT('',(-2.,-66.0000009834766,0.));
#8841=CARTESIAN_POINT('',(-2.,-67.9705818718657,-0.439999999999999));
#8842=CARTESIAN_POINT('',(-2.,-67.9705818718657,3.66));
#8843=CARTESIAN_POINT('Ctrl Pts',(-2.,-67.3999984934926,-1.20632482188022));
#8844=CARTESIAN_POINT('Ctrl Pts',(-2.,-67.4267241780742,-1.19831872773528));
#8845=CARTESIAN_POINT('Ctrl Pts',(-2.,-67.4524699121944,-1.1890601874994));
#8846=CARTESIAN_POINT('Ctrl Pts',(-2.,-67.5678123435228,-1.14129598182676));
#8847=CARTESIAN_POINT('Ctrl Pts',(-2.,-67.6663671128882,-1.07546544152719));
#8848=CARTESIAN_POINT('Ctrl Pts',(-2.,-67.8060423551212,-0.935827035390356));
#8849=CARTESIAN_POINT('Ctrl Pts',(-2.,-67.8718848745304,-0.837318852279805));
#8850=CARTESIAN_POINT('Ctrl Pts',(-2.,-67.9474642828294,-0.654900015535792));
#8851=CARTESIAN_POINT('Ctrl Pts',(-2.,-67.9705818718657,-0.538717096103086));
#8852=CARTESIAN_POINT('Ctrl Pts',(-2.,-67.9705818718657,-0.439999999999999));
#8853=CARTESIAN_POINT('Origin',(0.,-67.8807062026525,0.));
#8854=CARTESIAN_POINT('',(2.,-67.9705818718657,0.));
#8855=CARTESIAN_POINT('Origin',(0.,0.,0.));
#8856=CARTESIAN_POINT('',(2.,-68.3054027796001,0.));
#8857=CARTESIAN_POINT('',(0.,-68.3054027796001,0.));
#8858=CARTESIAN_POINT('',(2.,-66.0000009834766,0.));
#8859=CARTESIAN_POINT('Origin',(0.,-67.7594474404038,-1.49999996647239));
#8860=CARTESIAN_POINT('',(2.,-67.7594474404038,-1.49999996647239));
#8861=CARTESIAN_POINT('',(2.,-67.3999984934926,-1.49999996647239));
#8862=CARTESIAN_POINT('',(0.,-67.7594474404038,-1.49999996647239));
#8863=CARTESIAN_POINT('Origin',(0.,-68.3054027796001,-4.83554168928535E-16));
#8864=CARTESIAN_POINT('',(2.,-68.307370737973,0.00540692119206709));
#8865=CARTESIAN_POINT('Origin',(2.,-67.8527006365463,-0.749999983236194));
#8866=CARTESIAN_POINT('',(2.,-67.9705818718657,-0.439999999999999));
#8867=CARTESIAN_POINT('Ctrl Pts',(2.,-67.9705818718657,-0.439999999999999));
#8868=CARTESIAN_POINT('Ctrl Pts',(2.,-67.9705818718657,-0.538717096103086));
#8869=CARTESIAN_POINT('Ctrl Pts',(2.,-67.9474642828294,-0.654900015535792));
#8870=CARTESIAN_POINT('Ctrl Pts',(2.,-67.8718848745304,-0.837318852279805));
#8871=CARTESIAN_POINT('Ctrl Pts',(2.,-67.8060423551212,-0.935827035390356));
#8872=CARTESIAN_POINT('Ctrl Pts',(2.,-67.6663671128882,-1.07546544152719));
#8873=CARTESIAN_POINT('Ctrl Pts',(2.,-67.5678123435228,-1.14129598182676));
#8874=CARTESIAN_POINT('Ctrl Pts',(2.,-67.4524699121944,-1.1890601874994));
#8875=CARTESIAN_POINT('Ctrl Pts',(2.,-67.4267241780742,-1.19831872773528));
#8876=CARTESIAN_POINT('Ctrl Pts',(2.,-67.3999984934926,-1.20632482188022));
#8877=CARTESIAN_POINT('',(2.,-67.9705818718657,3.66));
#8878=CARTESIAN_POINT('Origin',(0.,0.,-0.439999999999999));
#8879=CARTESIAN_POINT('',(-2.3731657757706,-67.9585762372985,-0.439999999999999));
#8880=CARTESIAN_POINT('Origin',(0.,0.,-0.439999999999999));
#8881=CARTESIAN_POINT('',(-2.3452461784086,-67.1590635756832,-1.24));
#8882=CARTESIAN_POINT('Origin',(-2.34524617840855,-67.1590635756832,-0.439999999999999));
#8883=CARTESIAN_POINT('',(2.34524617840952,-67.1590635756832,-1.24));
#8884=CARTESIAN_POINT('Origin',(0.,0.,-1.24));
#8885=CARTESIAN_POINT('',(2.37316577577154,-67.9585762372985,-0.439999999999999));
#8886=CARTESIAN_POINT('Origin',(2.34524617840947,-67.1590635756832,-0.439999999999999));
#8887=CARTESIAN_POINT('Origin',(0.,0.,-0.439999999999999));
#8888=CARTESIAN_POINT('Origin',(45.9348748341349,-47.5586655713495,-0.89));
#8889=CARTESIAN_POINT('',(48.1230735665424,-44.8754920921114,-0.54));
#8890=CARTESIAN_POINT('',(48.6353332124113,-45.3531819399036,-1.24));
#8891=CARTESIAN_POINT('',(48.1376480909266,-44.8890830559729,-0.559916007733924));
#8892=CARTESIAN_POINT('',(45.3531819399043,-48.6353332124107,-1.24));
#8893=CARTESIAN_POINT('',(46.1823622075502,-47.8061529447648,-1.24));
#8894=CARTESIAN_POINT('',(44.875492092112,-48.1230735665418,-0.54));
#8895=CARTESIAN_POINT('',(45.0562988247025,-48.3169650491336,-0.804951648853823));
#8896=CARTESIAN_POINT('',(45.6873874607196,-47.3111781979342,-0.54));
#8897=CARTESIAN_POINT('Origin',(45.8641641560163,-47.4879548932308,-0.29));
#8898=CARTESIAN_POINT('',(45.2166991262494,-48.488973313591,-0.04));
#8899=CARTESIAN_POINT('',(45.1926984713911,-48.4632357623009,-0.0751702228515207));
#8900=CARTESIAN_POINT('',(48.4889733135916,-45.2166991262487,-0.04));
#8901=CARTESIAN_POINT('',(46.0409408513129,-47.6647315885274,-0.04));
#8902=CARTESIAN_POINT('',(48.2839188040939,-45.0254827026616,-0.32020586397142));
#8903=CARTESIAN_POINT('Origin',(46.8316525672351,-46.8316525672345,-0.04));
#8904=CARTESIAN_POINT('',(45.4892906161683,-48.781291897999,-0.04));
#8905=CARTESIAN_POINT('',(46.3758884842495,-49.732051710104,-0.04));
#8906=CARTESIAN_POINT('',(48.7812918979997,-45.4892906161676,-0.04));
#8907=CARTESIAN_POINT('Origin',(0.,0.,-0.04));
#8908=CARTESIAN_POINT('',(48.6350211576758,-45.3528909441551,-0.04));
#8909=CARTESIAN_POINT('Origin',(0.,0.,3.06));
#8910=CARTESIAN_POINT('',(45.4892906161683,-48.781291897999,3.06));
#8911=CARTESIAN_POINT('',(45.4892906161683,-48.781291897999,3.06));
#8912=CARTESIAN_POINT('',(48.7812918979997,-45.4892906161676,3.06));
#8913=CARTESIAN_POINT('Origin',(0.,0.,3.06));
#8914=CARTESIAN_POINT('',(48.7812918979997,-45.4892906161676,3.06));
#8915=CARTESIAN_POINT('Origin',(0.,0.,-0.439999999999999));
#8916=CARTESIAN_POINT('',(46.3758884842495,-49.732051710104,-0.439999999999999));
#8917=CARTESIAN_POINT('',(45.8302897961995,-49.1469687488086,-1.24));
#8918=CARTESIAN_POINT('Origin',(45.8302897961996,-49.1469687488086,-0.439999999999999));
#8919=CARTESIAN_POINT('',(49.1469687488093,-45.8302897961988,-1.24));
#8920=CARTESIAN_POINT('Origin',(0.,0.,-1.24));
#8921=CARTESIAN_POINT('',(49.7320517101046,-46.3758884842488,-0.439999999999999));
#8922=CARTESIAN_POINT('Origin',(49.1469687488092,-45.8302897961989,-0.439999999999999));
#8923=CARTESIAN_POINT('Origin',(0.,0.,-0.439999999999999));
#8924=CARTESIAN_POINT('Origin',(47.6092761888847,-47.6092761888842,-1.24));
#8925=CARTESIAN_POINT('',(46.3758884842495,-49.732051710104,-1.24));
#8926=CARTESIAN_POINT('',(48.6350211576758,-45.3528909441551,-1.24));
#8927=CARTESIAN_POINT('Origin',(46.3758884842495,-49.732051710104,3.06));
#8928=CARTESIAN_POINT('',(46.3758884842495,-49.732051710104,3.06));
#8929=CARTESIAN_POINT('',(46.3758884842495,-49.732051710104,3.06));
#8930=CARTESIAN_POINT('',(23.1879444882025,-24.8660261189381,3.06));
#8931=CARTESIAN_POINT('Origin',(48.7812918979997,-45.4892906161676,3.06));
#8932=CARTESIAN_POINT('',(49.7320517101046,-46.3758884842488,3.06));
#8933=CARTESIAN_POINT('',(24.3906462319831,-22.7446455719699,3.06));
#8934=CARTESIAN_POINT('',(49.7320517101046,-46.3758884842488,3.06));
#8935=CARTESIAN_POINT('Origin',(-1.14819344151231,-66.1099164178565,-0.89));
#8936=CARTESIAN_POINT('',(2.29638688302599,-65.7599164178565,-0.54));
#8937=CARTESIAN_POINT('',(2.32083142167023,-66.4599164178565,-1.24));
#8938=CARTESIAN_POINT('',(2.29708236534126,-65.7798324255904,-0.559916007733924));
#8939=CARTESIAN_POINT('',(-2.32083142166931,-66.4599164178565,-1.24));
#8940=CARTESIAN_POINT('',(-1.14819344151231,-66.4599164178565,-1.24));
#8941=CARTESIAN_POINT('',(-2.29638688302509,-65.7599164178565,-0.54));
#8942=CARTESIAN_POINT('',(-2.30563919848117,-66.0248680667103,-0.804951648853823));
#8943=CARTESIAN_POINT('',(-1.14819344151231,-65.7599164178565,-0.54));
#8944=CARTESIAN_POINT('Origin',(-1.14819344151231,-66.0099164178565,-0.29));
#8945=CARTESIAN_POINT('',(-2.31384726777096,-66.2599164178565,-0.04));
#8946=CARTESIAN_POINT('',(-2.31261909652579,-66.224746195005,-0.0751702228515207));
#8947=CARTESIAN_POINT('',(2.31384726777187,-66.2599164178565,-0.04));
#8948=CARTESIAN_POINT('',(-1.14819344151231,-66.2599164178565,-0.04));
#8949=CARTESIAN_POINT('',(2.30406226338589,-65.9797105538851,-0.32020586397142));
#8950=CARTESIAN_POINT('Origin',(4.62346176052087E-13,-66.2299582089282,
-0.04));
#8951=CARTESIAN_POINT('',(-2.32779643005735,-66.6593681621737,-0.04));
#8952=CARTESIAN_POINT('',(-2.3731657757706,-67.9585762372985,-0.04));
#8953=CARTESIAN_POINT('',(2.32779643005827,-66.6593681621736,-0.04));
#8954=CARTESIAN_POINT('Origin',(0.,0.,-0.04));
#8955=CARTESIAN_POINT('',(2.32081653071776,-66.4594899967698,-0.04));
#8956=CARTESIAN_POINT('Origin',(0.,0.,3.06));
#8957=CARTESIAN_POINT('',(-2.32779643005735,-66.6593681621737,3.06));
#8958=CARTESIAN_POINT('',(-2.32779643005735,-66.6593681621737,3.06));
#8959=CARTESIAN_POINT('',(2.32779643005827,-66.6593681621736,3.06));
#8960=CARTESIAN_POINT('Origin',(0.,0.,3.06));
#8961=CARTESIAN_POINT('',(2.32779643005827,-66.6593681621736,3.06));
#8962=CARTESIAN_POINT('Origin',(4.10031016317777E-13,-67.3296840810868,
-1.24));
#8963=CARTESIAN_POINT('',(-2.3731657757706,-67.9585762372985,-1.24));
#8964=CARTESIAN_POINT('',(2.32081653071776,-66.4594899967698,-1.24));
#8965=CARTESIAN_POINT('Origin',(-2.3731657757706,-67.9585762372985,3.06));
#8966=CARTESIAN_POINT('',(-2.3731657757706,-67.9585762372985,3.06));
#8967=CARTESIAN_POINT('',(-2.3731657757706,-67.9585762372985,3.06));
#8968=CARTESIAN_POINT('',(-1.18658288724093,-33.9792881001962,3.06));
#8969=CARTESIAN_POINT('Origin',(2.32779643005826,-66.6593681621736,3.06));
#8970=CARTESIAN_POINT('',(2.37316577577154,-67.9585762372985,3.06));
#8971=CARTESIAN_POINT('',(1.16389821567353,-33.3296840995393,3.06));
#8972=CARTESIAN_POINT('',(2.37316577577154,-67.9585762372985,3.06));
#8973=CARTESIAN_POINT('Origin',(66.1099164178565,-1.14819344151232,-0.89));
#8974=CARTESIAN_POINT('',(65.7599164178565,2.29638688302599,-0.54));
#8975=CARTESIAN_POINT('',(66.4599164178565,2.32083142167022,-1.24));
#8976=CARTESIAN_POINT('',(65.7798324255904,2.29708236534126,-0.559916007733924));
#8977=CARTESIAN_POINT('',(66.4599164178565,-2.32083142166932,-1.24));
#8978=CARTESIAN_POINT('',(66.4599164178565,-1.14819344151231,-1.24));
#8979=CARTESIAN_POINT('',(65.7599164178565,-2.29638688302509,-0.54));
#8980=CARTESIAN_POINT('',(66.0248680667103,-2.30563919848117,-0.804951648853823));
#8981=CARTESIAN_POINT('',(65.7599164178565,-1.14819344151232,-0.54));
#8982=CARTESIAN_POINT('Origin',(66.0099164178565,-1.14819344151232,-0.29));
#8983=CARTESIAN_POINT('',(66.2599164178565,-2.31384726777097,-0.04));
#8984=CARTESIAN_POINT('',(66.224746195005,-2.3126190965258,-0.0751702228515207));
#8985=CARTESIAN_POINT('',(66.2599164178565,2.31384726777187,-0.04));
#8986=CARTESIAN_POINT('',(66.2599164178565,-1.14819344151232,-0.04));
#8987=CARTESIAN_POINT('',(65.9797105538851,2.30406226338588,-0.32020586397142));
#8988=CARTESIAN_POINT('Origin',(66.2299582089282,4.58290760735676E-13,-0.04));
#8989=CARTESIAN_POINT('',(66.6593681621737,-2.32779643005735,-0.04));
#8990=CARTESIAN_POINT('',(67.9585762372985,-2.37316577577061,-0.04));
#8991=CARTESIAN_POINT('',(66.6593681621736,2.32779643005827,-0.04));
#8992=CARTESIAN_POINT('Origin',(0.,0.,-0.04));
#8993=CARTESIAN_POINT('',(66.4594899967698,2.32081653071775,-0.04));
#8994=CARTESIAN_POINT('Origin',(0.,0.,3.06));
#8995=CARTESIAN_POINT('',(66.6593681621737,-2.32779643005735,3.06));
#8996=CARTESIAN_POINT('',(66.6593681621737,-2.32779643005735,3.06));
#8997=CARTESIAN_POINT('',(66.6593681621736,2.32779643005827,3.06));
#8998=CARTESIAN_POINT('Origin',(0.,0.,3.06));
#8999=CARTESIAN_POINT('',(66.6593681621736,2.32779643005827,3.06));
#9000=CARTESIAN_POINT('Origin',(0.,0.,-0.439999999999999));
#9001=CARTESIAN_POINT('',(67.9585762372985,-2.37316577577061,-0.439999999999999));
#9002=CARTESIAN_POINT('',(67.1590635756832,-2.3452461784086,-1.24));
#9003=CARTESIAN_POINT('Origin',(67.1590635756832,-2.34524617840855,-0.439999999999999));
#9004=CARTESIAN_POINT('',(67.1590635756832,2.34524617840952,-1.24));
#9005=CARTESIAN_POINT('Origin',(0.,0.,-1.24));
#9006=CARTESIAN_POINT('',(67.9585762372985,2.37316577577153,-0.439999999999999));
#9007=CARTESIAN_POINT('Origin',(67.1590635756832,2.34524617840946,-0.439999999999999));
#9008=CARTESIAN_POINT('',(68.,-8.327598234202E-15,-0.439999999999999));
#9009=CARTESIAN_POINT('Origin',(0.,0.,-0.439999999999999));
#9010=CARTESIAN_POINT('Origin',(0.,0.,-0.439999999999999));
#9011=CARTESIAN_POINT('Origin',(67.3296840810868,4.05908262212902E-13,-1.24));
#9012=CARTESIAN_POINT('',(67.9585762372985,-2.37316577577061,-1.24));
#9013=CARTESIAN_POINT('',(66.4594899967698,2.32081653071775,-1.24));
#9014=CARTESIAN_POINT('Origin',(67.9585762372985,-2.37316577577061,3.06));
#9015=CARTESIAN_POINT('',(67.9585762372985,-2.37316577577061,3.06));
#9016=CARTESIAN_POINT('',(67.9585762372985,-2.37316577577061,3.06));
#9017=CARTESIAN_POINT('',(33.9792886470661,-1.18658290633805,3.06));
#9018=CARTESIAN_POINT('Origin',(66.6593681621736,2.32779643005825,3.06));
#9019=CARTESIAN_POINT('',(67.9585762372985,2.37316577577153,3.06));
#9020=CARTESIAN_POINT('',(33.3296846095037,1.16389823348188,3.06));
#9021=CARTESIAN_POINT('',(67.9585762372985,2.37316577577153,3.06));
#9022=CARTESIAN_POINT('Origin',(47.5586655713495,45.9348748341349,-0.89));
#9023=CARTESIAN_POINT('',(44.8754920921114,48.1230735665424,-0.54));
#9024=CARTESIAN_POINT('',(45.3531819399036,48.6353332124113,-1.24));
#9025=CARTESIAN_POINT('',(44.8890830559729,48.1376480909265,-0.559916007733924));
#9026=CARTESIAN_POINT('',(48.6353332124107,45.3531819399043,-1.24));
#9027=CARTESIAN_POINT('',(47.8061529447648,46.1823622075502,-1.24));
#9028=CARTESIAN_POINT('',(48.1230735665418,44.875492092112,-0.54));
#9029=CARTESIAN_POINT('',(48.3169650491336,45.0562988247024,-0.804951648853823));
#9030=CARTESIAN_POINT('',(47.3111781979342,45.6873874607196,-0.54));
#9031=CARTESIAN_POINT('Origin',(47.4879548932308,45.8641641560163,-0.29));
#9032=CARTESIAN_POINT('',(48.488973313591,45.2166991262494,-0.04));
#9033=CARTESIAN_POINT('',(48.4632357623009,45.1926984713911,-0.0751702228515207));
#9034=CARTESIAN_POINT('',(45.2166991262487,48.4889733135916,-0.04));
#9035=CARTESIAN_POINT('',(47.6647315885274,46.0409408513129,-0.04));
#9036=CARTESIAN_POINT('',(45.0254827026616,48.2839188040939,-0.32020586397142));
#9037=CARTESIAN_POINT('Origin',(46.8316525672345,46.8316525672351,-0.04));
#9038=CARTESIAN_POINT('',(48.781291897999,45.4892906161682,-0.04));
#9039=CARTESIAN_POINT('',(49.732051710104,46.3758884842495,-0.04));
#9040=CARTESIAN_POINT('',(45.4892906161676,48.7812918979997,-0.04));
#9041=CARTESIAN_POINT('Origin',(0.,0.,-0.04));
#9042=CARTESIAN_POINT('',(45.3528909441551,48.6350211576758,-0.04));
#9043=CARTESIAN_POINT('Origin',(0.,0.,3.06));
#9044=CARTESIAN_POINT('',(48.781291897999,45.4892906161682,3.06));
#9045=CARTESIAN_POINT('',(48.781291897999,45.4892906161682,3.06));
#9046=CARTESIAN_POINT('',(45.4892906161676,48.7812918979997,3.06));
#9047=CARTESIAN_POINT('Origin',(0.,0.,3.06));
#9048=CARTESIAN_POINT('',(45.4892906161676,48.7812918979997,3.06));
#9049=CARTESIAN_POINT('Origin',(0.,0.,-0.439999999999999));
#9050=CARTESIAN_POINT('',(49.732051710104,46.3758884842495,-0.439999999999999));
#9051=CARTESIAN_POINT('',(49.1469687488086,45.8302897961995,-1.24));
#9052=CARTESIAN_POINT('Origin',(49.1469687488086,45.8302897961996,-0.439999999999999));
#9053=CARTESIAN_POINT('',(45.8302897961988,49.1469687488093,-1.24));
#9054=CARTESIAN_POINT('Origin',(0.,0.,-1.24));
#9055=CARTESIAN_POINT('',(46.3758884842488,49.7320517101046,-0.439999999999999));
#9056=CARTESIAN_POINT('Origin',(45.8302897961989,49.1469687488092,-0.439999999999999));
#9057=CARTESIAN_POINT('Origin',(0.,0.,-0.439999999999999));
#9058=CARTESIAN_POINT('Origin',(47.6092761888842,47.6092761888847,-1.24));
#9059=CARTESIAN_POINT('',(49.732051710104,46.3758884842495,-1.24));
#9060=CARTESIAN_POINT('',(45.3528909441551,48.6350211576758,-1.24));
#9061=CARTESIAN_POINT('Origin',(49.732051710104,46.3758884842495,3.06));
#9062=CARTESIAN_POINT('',(49.732051710104,46.3758884842495,3.06));
#9063=CARTESIAN_POINT('',(49.732051710104,46.3758884842495,3.06));
#9064=CARTESIAN_POINT('',(24.8660261380355,23.1879445060111,3.06));
#9065=CARTESIAN_POINT('Origin',(45.4892906161676,48.7812918979997,3.06));
#9066=CARTESIAN_POINT('',(46.3758884842488,49.7320517101046,3.06));
#9067=CARTESIAN_POINT('',(22.7446455541618,24.3906462128863,3.06));
#9068=CARTESIAN_POINT('',(46.3758884842488,49.7320517101046,3.06));
#9069=CARTESIAN_POINT('Origin',(1.1481934415123,66.1099164178565,-0.89));
#9070=CARTESIAN_POINT('',(-2.296386883026,65.7599164178565,-0.54));
#9071=CARTESIAN_POINT('',(-2.32083142167024,66.4599164178565,-1.24));
#9072=CARTESIAN_POINT('',(-2.29708236534127,65.7798324255904,-0.559916007733924));
#9073=CARTESIAN_POINT('',(2.32083142166931,66.4599164178565,-1.24));
#9074=CARTESIAN_POINT('',(1.1481934415123,66.4599164178565,-1.24));
#9075=CARTESIAN_POINT('',(2.29638688302508,65.7599164178565,-0.54));
#9076=CARTESIAN_POINT('',(2.30563919848116,66.0248680667103,-0.804951648853823));
#9077=CARTESIAN_POINT('',(1.1481934415123,65.7599164178565,-0.54));
#9078=CARTESIAN_POINT('Origin',(1.1481934415123,66.0099164178565,-0.29));
#9079=CARTESIAN_POINT('',(2.31384726777095,66.2599164178565,-0.04));
#9080=CARTESIAN_POINT('',(2.31261909652578,66.224746195005,-0.0751702228515207));
#9081=CARTESIAN_POINT('',(-2.31384726777188,66.2599164178565,-0.04));
#9082=CARTESIAN_POINT('',(1.1481934415123,66.2599164178565,-0.04));
#9083=CARTESIAN_POINT('',(-2.3040622633859,65.9797105538851,-0.32020586397142));
#9084=CARTESIAN_POINT('Origin',(-4.7045700668491E-13,66.2299582089282,-0.04));
#9085=CARTESIAN_POINT('',(2.32779643005734,66.6593681621737,-0.04));
#9086=CARTESIAN_POINT('',(2.3731657757706,67.9585762372985,-0.04));
#9087=CARTESIAN_POINT('',(-2.32779643005828,66.6593681621736,-0.04));
#9088=CARTESIAN_POINT('Origin',(0.,0.,-0.04));
#9089=CARTESIAN_POINT('',(-2.32081653071776,66.4594899967698,-0.04));
#9090=CARTESIAN_POINT('Origin',(0.,0.,3.06));
#9091=CARTESIAN_POINT('',(2.32779643005734,66.6593681621737,3.06));
#9092=CARTESIAN_POINT('',(2.32779643005734,66.6593681621737,3.06));
#9093=CARTESIAN_POINT('',(-2.32779643005828,66.6593681621736,3.06));
#9094=CARTESIAN_POINT('Origin',(0.,0.,3.06));
#9095=CARTESIAN_POINT('',(-2.32779643005828,66.6593681621736,3.06));
#9096=CARTESIAN_POINT('Origin',(0.,0.,-0.439999999999999));
#9097=CARTESIAN_POINT('',(2.3731657757706,67.9585762372985,-0.439999999999999));
#9098=CARTESIAN_POINT('',(2.34524617840859,67.1590635756832,-1.24));
#9099=CARTESIAN_POINT('Origin',(2.34524617840854,67.1590635756832,-0.439999999999999));
#9100=CARTESIAN_POINT('',(-2.34524617840953,67.1590635756832,-1.24));
#9101=CARTESIAN_POINT('Origin',(0.,0.,-1.24));
#9102=CARTESIAN_POINT('',(-2.37316577577155,67.9585762372985,-0.439999999999999));
#9103=CARTESIAN_POINT('Origin',(-2.34524617840948,67.1590635756832,-0.439999999999999));
#9104=CARTESIAN_POINT('Origin',(0.,0.,-0.439999999999999));
#9105=CARTESIAN_POINT('Origin',(-4.18276524527528E-13,67.3296840810868,
-1.24));
#9106=CARTESIAN_POINT('',(2.3731657757706,67.9585762372985,-1.24));
#9107=CARTESIAN_POINT('',(-2.32081653071776,66.4594899967698,-1.24));
#9108=CARTESIAN_POINT('Origin',(2.3731657757706,67.9585762372985,3.06));
#9109=CARTESIAN_POINT('',(2.3731657757706,67.9585762372985,3.06));
#9110=CARTESIAN_POINT('',(2.3731657757706,67.9585762372985,3.06));
#9111=CARTESIAN_POINT('',(1.18658288852971,33.9792881371023,3.06));
#9112=CARTESIAN_POINT('Origin',(-2.32779643005827,66.6593681621736,3.06));
#9113=CARTESIAN_POINT('',(-2.37316577577155,67.9585762372985,3.06));
#9114=CARTESIAN_POINT('',(-1.16389821438479,33.3296840626344,3.06));
#9115=CARTESIAN_POINT('',(-2.37316577577155,67.9585762372985,3.06));
#9116=CARTESIAN_POINT('Origin',(-45.9348748341349,47.5586655713495,-0.89));
#9117=CARTESIAN_POINT('',(-48.1230735665424,44.8754920921114,-0.54));
#9118=CARTESIAN_POINT('',(-48.6353332124113,45.3531819399036,-1.24));
#9119=CARTESIAN_POINT('',(-48.1376480909266,44.8890830559729,-0.559916007733924));
#9120=CARTESIAN_POINT('',(-45.3531819399043,48.6353332124107,-1.24));
#9121=CARTESIAN_POINT('',(-46.1823622075502,47.8061529447648,-1.24));
#9122=CARTESIAN_POINT('',(-44.875492092112,48.1230735665418,-0.54));
#9123=CARTESIAN_POINT('',(-45.0562988247025,48.3169650491336,-0.804951648853823));
#9124=CARTESIAN_POINT('',(-45.6873874607196,47.3111781979342,-0.54));
#9125=CARTESIAN_POINT('Origin',(-45.8641641560163,47.4879548932308,-0.29));
#9126=CARTESIAN_POINT('',(-45.2166991262494,48.488973313591,-0.04));
#9127=CARTESIAN_POINT('',(-45.1926984713911,48.4632357623009,-0.0751702228515207));
#9128=CARTESIAN_POINT('',(-48.4889733135916,45.2166991262487,-0.04));
#9129=CARTESIAN_POINT('',(-46.0409408513129,47.6647315885274,-0.04));
#9130=CARTESIAN_POINT('',(-48.2839188040939,45.0254827026615,-0.32020586397142));
#9131=CARTESIAN_POINT('Origin',(-46.8316525672351,46.8316525672345,-0.04));
#9132=CARTESIAN_POINT('',(-45.4892906161683,48.781291897999,-0.04));
#9133=CARTESIAN_POINT('',(-46.3758884842495,49.732051710104,-0.04));
#9134=CARTESIAN_POINT('',(-48.7812918979997,45.4892906161676,-0.04));
#9135=CARTESIAN_POINT('Origin',(0.,0.,-0.04));
#9136=CARTESIAN_POINT('',(-48.6350211576758,45.3528909441551,-0.04));
#9137=CARTESIAN_POINT('Origin',(0.,0.,3.06));
#9138=CARTESIAN_POINT('',(-45.4892906161683,48.781291897999,3.06));
#9139=CARTESIAN_POINT('',(-45.4892906161683,48.781291897999,3.06));
#9140=CARTESIAN_POINT('',(-48.7812918979997,45.4892906161676,3.06));
#9141=CARTESIAN_POINT('Origin',(0.,0.,3.06));
#9142=CARTESIAN_POINT('',(-48.7812918979997,45.4892906161676,3.06));
#9143=CARTESIAN_POINT('Origin',(0.,0.,-0.439999999999999));
#9144=CARTESIAN_POINT('',(-46.3758884842495,49.732051710104,-0.439999999999999));
#9145=CARTESIAN_POINT('',(-45.8302897961995,49.1469687488086,-1.24));
#9146=CARTESIAN_POINT('Origin',(-45.8302897961996,49.1469687488086,-0.439999999999999));
#9147=CARTESIAN_POINT('',(-49.1469687488093,45.8302897961988,-1.24));
#9148=CARTESIAN_POINT('Origin',(0.,0.,-1.24));
#9149=CARTESIAN_POINT('',(-49.7320517101046,46.3758884842488,-0.439999999999999));
#9150=CARTESIAN_POINT('Origin',(-49.1469687488092,45.8302897961989,-0.439999999999999));
#9151=CARTESIAN_POINT('Origin',(0.,0.,-0.439999999999999));
#9152=CARTESIAN_POINT('Origin',(-47.6092761888847,47.6092761888841,-1.24));
#9153=CARTESIAN_POINT('',(-46.3758884842495,49.732051710104,-1.24));
#9154=CARTESIAN_POINT('',(-48.6350211576758,45.3528909441551,-1.24));
#9155=CARTESIAN_POINT('Origin',(-46.3758884842495,49.732051710104,3.06));
#9156=CARTESIAN_POINT('',(-46.3758884842495,49.732051710104,3.06));
#9157=CARTESIAN_POINT('',(-46.3758884842495,49.732051710104,3.06));
#9158=CARTESIAN_POINT('',(-23.187943996047,24.8660255911659,3.06));
#9159=CARTESIAN_POINT('Origin',(-48.7812918979997,45.4892906161676,3.06));
#9160=CARTESIAN_POINT('',(-49.7320517101046,46.3758884842488,3.06));
#9161=CARTESIAN_POINT('',(-24.3906456660166,22.7446450441976,3.06));
#9162=CARTESIAN_POINT('',(-49.7320517101046,46.3758884842488,3.06));
#9163=CARTESIAN_POINT('Origin',(-47.5586655713495,-45.9348748341349,-0.89));
#9164=CARTESIAN_POINT('',(-44.8754920921114,-48.1230735665424,-0.54));
#9165=CARTESIAN_POINT('',(-45.3531819399036,-48.6353332124113,-1.24));
#9166=CARTESIAN_POINT('',(-44.8890830559729,-48.1376480909266,-0.559916007733924));
#9167=CARTESIAN_POINT('',(-48.6353332124107,-45.3531819399043,-1.24));
#9168=CARTESIAN_POINT('',(-47.8061529447648,-46.1823622075502,-1.24));
#9169=CARTESIAN_POINT('',(-48.1230735665418,-44.875492092112,-0.54));
#9170=CARTESIAN_POINT('',(-48.3169650491336,-45.0562988247025,-0.804951648853823));
#9171=CARTESIAN_POINT('',(-47.3111781979342,-45.6873874607196,-0.54));
#9172=CARTESIAN_POINT('Origin',(-47.4879548932308,-45.8641641560163,-0.29));
#9173=CARTESIAN_POINT('',(-48.488973313591,-45.2166991262494,-0.04));
#9174=CARTESIAN_POINT('',(-48.4632357623009,-45.1926984713911,-0.0751702228515207));
#9175=CARTESIAN_POINT('',(-45.2166991262487,-48.4889733135916,-0.04));
#9176=CARTESIAN_POINT('',(-47.6647315885274,-46.0409408513129,-0.04));
#9177=CARTESIAN_POINT('',(-45.0254827026615,-48.2839188040939,-0.32020586397142));
#9178=CARTESIAN_POINT('Origin',(-46.8316525672345,-46.8316525672351,-0.04));
#9179=CARTESIAN_POINT('',(-48.781291897999,-45.4892906161683,-0.04));
#9180=CARTESIAN_POINT('',(-49.732051710104,-46.3758884842495,-0.04));
#9181=CARTESIAN_POINT('',(-45.4892906161676,-48.7812918979997,-0.04));
#9182=CARTESIAN_POINT('Origin',(0.,0.,-0.04));
#9183=CARTESIAN_POINT('',(-45.3528909441551,-48.6350211576758,-0.04));
#9184=CARTESIAN_POINT('Origin',(0.,0.,3.06));
#9185=CARTESIAN_POINT('',(-48.781291897999,-45.4892906161683,3.06));
#9186=CARTESIAN_POINT('',(-48.781291897999,-45.4892906161683,3.06));
#9187=CARTESIAN_POINT('',(-45.4892906161676,-48.7812918979997,3.06));
#9188=CARTESIAN_POINT('Origin',(0.,0.,3.06));
#9189=CARTESIAN_POINT('',(-45.4892906161676,-48.7812918979997,3.06));
#9190=CARTESIAN_POINT('Origin',(0.,0.,-0.439999999999999));
#9191=CARTESIAN_POINT('',(-49.732051710104,-46.3758884842495,-0.439999999999999));
#9192=CARTESIAN_POINT('',(-49.1469687488086,-45.8302897961995,-1.24));
#9193=CARTESIAN_POINT('Origin',(-49.1469687488086,-45.8302897961996,-0.439999999999999));
#9194=CARTESIAN_POINT('',(-45.8302897961988,-49.1469687488093,-1.24));
#9195=CARTESIAN_POINT('Origin',(0.,0.,-1.24));
#9196=CARTESIAN_POINT('',(-46.3758884842488,-49.7320517101046,-0.439999999999999));
#9197=CARTESIAN_POINT('Origin',(-45.8302897961989,-49.1469687488092,-0.439999999999999));
#9198=CARTESIAN_POINT('Origin',(0.,0.,-0.439999999999999));
#9199=CARTESIAN_POINT('Origin',(-47.6092761888841,-47.6092761888847,-1.24));
#9200=CARTESIAN_POINT('',(-49.732051710104,-46.3758884842495,-1.24));
#9201=CARTESIAN_POINT('',(-45.3528909441551,-48.6350211576758,-1.24));
#9202=CARTESIAN_POINT('Origin',(-49.732051710104,-46.3758884842495,3.06));
#9203=CARTESIAN_POINT('',(-49.732051710104,-46.3758884842495,3.06));
#9204=CARTESIAN_POINT('',(-49.732051710104,-46.3758884842495,3.06));
#9205=CARTESIAN_POINT('',(-24.8660255720685,-23.1879439782384,3.06));
#9206=CARTESIAN_POINT('Origin',(-45.4892906161676,-48.7812918979997,3.06));
#9207=CARTESIAN_POINT('',(-46.3758884842488,-49.7320517101046,3.06));
#9208=CARTESIAN_POINT('',(-22.7446450620057,-24.3906456851134,3.06));
#9209=CARTESIAN_POINT('',(-46.3758884842488,-49.7320517101046,3.06));
#9210=CARTESIAN_POINT('Origin',(-66.1099164178565,1.14819344151231,-0.89));
#9211=CARTESIAN_POINT('',(-65.7599164178565,-2.296386883026,-0.54));
#9212=CARTESIAN_POINT('',(-66.4599164178565,-2.32083142167023,-1.24));
#9213=CARTESIAN_POINT('',(-65.7798324255904,-2.29708236534127,-0.559916007733924));
#9214=CARTESIAN_POINT('',(-66.4599164178565,2.32083142166931,-1.24));
#9215=CARTESIAN_POINT('',(-66.4599164178565,1.14819344151231,-1.24));
#9216=CARTESIAN_POINT('',(-65.7599164178565,2.29638688302508,-0.54));
#9217=CARTESIAN_POINT('',(-66.0248680667103,2.30563919848117,-0.804951648853823));
#9218=CARTESIAN_POINT('',(-65.7599164178565,1.14819344151231,-0.54));
#9219=CARTESIAN_POINT('Origin',(-66.0099164178565,1.14819344151231,-0.29));
#9220=CARTESIAN_POINT('',(-66.2599164178565,2.31384726777096,-0.04));
#9221=CARTESIAN_POINT('',(-66.224746195005,2.31261909652579,-0.0751702228515207));
#9222=CARTESIAN_POINT('',(-66.2599164178565,-2.31384726777188,-0.04));
#9223=CARTESIAN_POINT('',(-66.2599164178565,1.14819344151231,-0.04));
#9224=CARTESIAN_POINT('',(-65.9797105538851,-2.30406226338589,-0.32020586397142));
#9225=CARTESIAN_POINT('Origin',(-66.2299582089282,-4.66401591368499E-13,
-0.04));
#9226=CARTESIAN_POINT('',(-66.6593681621737,2.32779643005734,-0.04));
#9227=CARTESIAN_POINT('',(-67.9585762372985,2.3731657757706,-0.04));
#9228=CARTESIAN_POINT('',(-66.6593681621736,-2.32779643005828,-0.04));
#9229=CARTESIAN_POINT('Origin',(0.,0.,-0.04));
#9230=CARTESIAN_POINT('',(-66.4594899967698,-2.32081653071776,-0.04));
#9231=CARTESIAN_POINT('Origin',(0.,0.,3.06));
#9232=CARTESIAN_POINT('',(-66.6593681621737,2.32779643005734,3.06));
#9233=CARTESIAN_POINT('',(-66.6593681621737,2.32779643005734,3.06));
#9234=CARTESIAN_POINT('',(-66.6593681621736,-2.32779643005828,3.06));
#9235=CARTESIAN_POINT('Origin',(0.,0.,3.06));
#9236=CARTESIAN_POINT('',(-66.6593681621736,-2.32779643005828,3.06));
#9237=CARTESIAN_POINT('Origin',(0.,0.,-0.439999999999999));
#9238=CARTESIAN_POINT('',(-67.9585762372985,2.3731657757706,-0.439999999999999));
#9239=CARTESIAN_POINT('',(-67.1590635756832,2.34524617840859,-1.24));
#9240=CARTESIAN_POINT('Origin',(-67.1590635756832,2.34524617840855,-0.439999999999999));
#9241=CARTESIAN_POINT('',(-67.1590635756832,-2.34524617840952,-1.24));
#9242=CARTESIAN_POINT('Origin',(0.,0.,-1.24));
#9243=CARTESIAN_POINT('',(-67.9585762372985,-2.37316577577154,-0.439999999999999));
#9244=CARTESIAN_POINT('Origin',(-67.1590635756832,-2.34524617840947,-0.439999999999999));
#9245=CARTESIAN_POINT('Origin',(0.,0.,-0.439999999999999));
#9246=CARTESIAN_POINT('Origin',(-67.3296840810868,-4.14153770422652E-13,
-1.24));
#9247=CARTESIAN_POINT('',(-67.9585762372985,2.3731657757706,-1.24));
#9248=CARTESIAN_POINT('',(-66.4594899967698,-2.32081653071776,-1.24));
#9249=CARTESIAN_POINT('Origin',(-67.9585762372985,2.3731657757706,3.06));
#9250=CARTESIAN_POINT('',(-67.9585762372985,2.3731657757706,3.06));
#9251=CARTESIAN_POINT('',(-67.9585762372985,2.3731657757706,3.06));
#9252=CARTESIAN_POINT('',(-33.9792875902324,1.1865828694326,3.06));
#9253=CARTESIAN_POINT('Origin',(-66.6593681621736,-2.32779643005826,3.06));
#9254=CARTESIAN_POINT('',(-67.9585762372985,-2.37316577577154,3.06));
#9255=CARTESIAN_POINT('',(-33.3296835526699,-1.16389819657643,3.06));
#9256=CARTESIAN_POINT('',(-67.9585762372985,-2.37316577577154,3.06));
#9257=CARTESIAN_POINT('Origin',(51.5000009983778,-7.,3.06));
#9258=CARTESIAN_POINT('',(50.5000009834766,-7.,1.56));
#9259=CARTESIAN_POINT('Origin',(51.5000009983778,-7.,1.56));
#9260=CARTESIAN_POINT('',(50.5000009834766,-7.,3.06));
#9261=CARTESIAN_POINT('',(50.5000009834766,-7.,3.06));
#9262=CARTESIAN_POINT('Origin',(51.5000009983778,-7.,3.06));
#9263=CARTESIAN_POINT('Origin',(51.5000009983778,-7.,1.56));
#9264=CARTESIAN_POINT('Origin',(48.1003091595191,19.6878226726978,3.06));
#9265=CARTESIAN_POINT('',(47.2342837428299,19.1878226652472,1.56));
#9266=CARTESIAN_POINT('Origin',(48.1003091595191,19.6878226726978,1.56));
#9267=CARTESIAN_POINT('',(47.2342837428299,19.1878226652472,3.06));
#9268=CARTESIAN_POINT('',(47.2342837428299,19.1878226652472,3.06));
#9269=CARTESIAN_POINT('Origin',(48.1003091595191,19.6878226726978,3.06));
#9270=CARTESIAN_POINT('Origin',(48.1003091595191,19.6878226726978,1.56));
#9271=CARTESIAN_POINT('Origin',(41.3657474053727,31.4662524687611,3.06));
#9272=CARTESIAN_POINT('',(40.6586406136495,30.7591456770378,1.56));
#9273=CARTESIAN_POINT('Origin',(41.3657474053727,31.4662524687611,1.56));
#9274=CARTESIAN_POINT('',(40.6586406136495,30.7591456770378,3.06));
#9275=CARTESIAN_POINT('',(40.6586406136495,30.7591456770378,3.06));
#9276=CARTESIAN_POINT('Origin',(41.3657474053727,31.4662524687611,3.06));
#9277=CARTESIAN_POINT('Origin',(41.3657474053727,31.4662524687611,1.56));
#9278=CARTESIAN_POINT('Origin',(-31.4662524687611,41.3657474053727,3.06));
#9279=CARTESIAN_POINT('',(-30.7591456770378,40.6586406136495,1.56));
#9280=CARTESIAN_POINT('Origin',(-31.4662524687611,41.3657474053727,1.56));
#9281=CARTESIAN_POINT('',(-30.7591456770378,40.6586406136495,3.06));
#9282=CARTESIAN_POINT('',(-30.7591456770378,40.6586406136495,3.06));
#9283=CARTESIAN_POINT('Origin',(-31.4662524687611,41.3657474053727,3.06));
#9284=CARTESIAN_POINT('Origin',(-31.4662524687611,41.3657474053727,1.56));
#9285=CARTESIAN_POINT('Origin',(31.81217832568,41.1003091595191,3.06));
#9286=CARTESIAN_POINT('',(31.3121783182294,40.2342837428299,1.56));
#9287=CARTESIAN_POINT('Origin',(31.81217832568,41.1003091595191,1.56));
#9288=CARTESIAN_POINT('',(31.3121783182294,40.2342837428299,3.06));
#9289=CARTESIAN_POINT('',(31.3121783182294,40.2342837428299,3.06));
#9290=CARTESIAN_POINT('Origin',(31.81217832568,41.1003091595191,3.06));
#9291=CARTESIAN_POINT('Origin',(31.81217832568,41.1003091595191,1.56));
#9292=CARTESIAN_POINT('Origin',(7.,51.5000009983778,3.06));
#9293=CARTESIAN_POINT('',(7.,50.5000009834766,1.56));
#9294=CARTESIAN_POINT('Origin',(7.,51.5000009983778,1.56));
#9295=CARTESIAN_POINT('',(7.,50.5000009834766,3.06));
#9296=CARTESIAN_POINT('',(7.,50.5000009834766,3.06));
#9297=CARTESIAN_POINT('Origin',(7.,51.5000009983778,3.06));
#9298=CARTESIAN_POINT('Origin',(7.,51.5000009983778,1.56));
#9299=CARTESIAN_POINT('Origin',(51.5569143339636,6.56770029715553,3.06));
#9300=CARTESIAN_POINT('',(50.5909884932811,6.3088812481963,1.56));
#9301=CARTESIAN_POINT('Origin',(51.5569143339636,6.56770029715553,1.56));
#9302=CARTESIAN_POINT('',(50.5909884932811,6.3088812481963,3.06));
#9303=CARTESIAN_POINT('',(50.5909884932811,6.3088812481963,3.06));
#9304=CARTESIAN_POINT('Origin',(51.5569143339636,6.56770029715553,3.06));
#9305=CARTESIAN_POINT('Origin',(51.5569143339636,6.56770029715553,1.56));
#9306=CARTESIAN_POINT('Origin',(-6.56770029715552,51.5569143339636,3.06));
#9307=CARTESIAN_POINT('',(-6.30888124819629,50.5909884932811,1.56));
#9308=CARTESIAN_POINT('Origin',(-6.56770029715552,51.5569143339636,1.56));
#9309=CARTESIAN_POINT('',(-6.30888124819629,50.5909884932811,3.06));
#9310=CARTESIAN_POINT('',(-6.3088812481963,50.5909884932811,3.06));
#9311=CARTESIAN_POINT('Origin',(-6.56770029715552,51.5569143339636,3.06));
#9312=CARTESIAN_POINT('Origin',(-6.56770029715552,51.5569143339636,1.56));
#9313=CARTESIAN_POINT('Origin',(20.0906618652025,47.9334477025283,3.06));
#9314=CARTESIAN_POINT('',(19.8318428162433,46.9675218618458,1.56));
#9315=CARTESIAN_POINT('Origin',(20.0906618652025,47.9334477025283,1.56));
#9316=CARTESIAN_POINT('',(19.8318428162433,46.9675218618458,3.06));
#9317=CARTESIAN_POINT('',(19.8318428162433,46.9675218618458,3.06));
#9318=CARTESIAN_POINT('Origin',(20.0906618652025,47.9334477025283,3.06));
#9319=CARTESIAN_POINT('Origin',(20.0906618652025,47.9334477025283,1.56));
#9320=CARTESIAN_POINT('Origin',(-41.1003091595191,31.81217832568,3.06));
#9321=CARTESIAN_POINT('',(-40.2342837428299,31.3121783182294,1.56));
#9322=CARTESIAN_POINT('Origin',(-41.1003091595191,31.81217832568,1.56));
#9323=CARTESIAN_POINT('',(-40.2342837428299,31.3121783182294,3.06));
#9324=CARTESIAN_POINT('',(-40.2342837428299,31.3121783182294,3.06));
#9325=CARTESIAN_POINT('Origin',(-41.1003091595191,31.81217832568,3.06));
#9326=CARTESIAN_POINT('Origin',(-41.1003091595191,31.81217832568,1.56));
#9327=CARTESIAN_POINT('Origin',(-19.6878226726978,48.1003091595191,3.06));
#9328=CARTESIAN_POINT('',(-19.1878226652472,47.2342837428299,1.56));
#9329=CARTESIAN_POINT('Origin',(-19.6878226726978,48.1003091595191,1.56));
#9330=CARTESIAN_POINT('',(-19.1878226652472,47.2342837428299,3.06));
#9331=CARTESIAN_POINT('',(-19.1878226652472,47.2342837428299,3.06));
#9332=CARTESIAN_POINT('Origin',(-19.6878226726978,48.1003091595191,3.06));
#9333=CARTESIAN_POINT('Origin',(-19.6878226726978,48.1003091595191,1.56));
#9334=CARTESIAN_POINT('Origin',(-51.5569143339636,-6.56770029715551,3.06));
#9335=CARTESIAN_POINT('',(-50.5909884932811,-6.30888124819628,1.56));
#9336=CARTESIAN_POINT('Origin',(-51.5569143339636,-6.56770029715551,1.56));
#9337=CARTESIAN_POINT('',(-50.5909884932811,-6.30888124819628,3.06));
#9338=CARTESIAN_POINT('',(-50.5909884932811,-6.30888124819628,3.06));
#9339=CARTESIAN_POINT('Origin',(-51.5569143339636,-6.56770029715551,3.06));
#9340=CARTESIAN_POINT('Origin',(-51.5569143339636,-6.56770029715551,1.56));
#9341=CARTESIAN_POINT('Origin',(-20.0906618652025,-47.9334477025283,3.06));
#9342=CARTESIAN_POINT('',(-19.8318428162433,-46.9675218618458,1.56));
#9343=CARTESIAN_POINT('Origin',(-20.0906618652025,-47.9334477025283,1.56));
#9344=CARTESIAN_POINT('',(-19.8318428162433,-46.9675218618458,3.06));
#9345=CARTESIAN_POINT('',(-19.8318428162433,-46.9675218618458,3.06));
#9346=CARTESIAN_POINT('Origin',(-20.0906618652025,-47.9334477025283,3.06));
#9347=CARTESIAN_POINT('Origin',(-20.0906618652025,-47.9334477025283,1.56));
#9348=CARTESIAN_POINT('Origin',(-41.3657474053728,-31.466252468761,3.06));
#9349=CARTESIAN_POINT('',(-40.6586406136495,-30.7591456770378,1.56));
#9350=CARTESIAN_POINT('Origin',(-41.3657474053728,-31.466252468761,1.56));
#9351=CARTESIAN_POINT('',(-40.6586406136495,-30.7591456770378,3.06));
#9352=CARTESIAN_POINT('',(-40.6586406136495,-30.7591456770378,3.06));
#9353=CARTESIAN_POINT('Origin',(-41.3657474053728,-31.466252468761,3.06));
#9354=CARTESIAN_POINT('Origin',(-41.3657474053728,-31.466252468761,1.56));
#9355=CARTESIAN_POINT('Origin',(31.4662524687611,-41.3657474053727,3.06));
#9356=CARTESIAN_POINT('',(30.7591456770378,-40.6586406136495,1.56));
#9357=CARTESIAN_POINT('Origin',(31.4662524687611,-41.3657474053727,1.56));
#9358=CARTESIAN_POINT('',(30.7591456770378,-40.6586406136495,3.06));
#9359=CARTESIAN_POINT('',(30.7591456770378,-40.6586406136495,3.06));
#9360=CARTESIAN_POINT('Origin',(31.4662524687611,-41.3657474053727,3.06));
#9361=CARTESIAN_POINT('Origin',(31.4662524687611,-41.3657474053727,1.56));
#9362=CARTESIAN_POINT('Origin',(-51.5000009983778,7.00000000000001,3.06));
#9363=CARTESIAN_POINT('',(-50.5000009834766,7.00000000000001,1.56));
#9364=CARTESIAN_POINT('Origin',(-51.5000009983778,7.00000000000001,1.56));
#9365=CARTESIAN_POINT('',(-50.5000009834766,7.00000000000001,3.06));
#9366=CARTESIAN_POINT('',(-50.5000009834766,7.00000000000001,3.06));
#9367=CARTESIAN_POINT('Origin',(-51.5000009983778,7.00000000000001,3.06));
#9368=CARTESIAN_POINT('Origin',(-51.5000009983778,7.00000000000001,1.56));
#9369=CARTESIAN_POINT('Origin',(47.9334477025283,-20.0906618652025,3.06));
#9370=CARTESIAN_POINT('',(46.9675218618458,-19.8318428162433,1.56));
#9371=CARTESIAN_POINT('Origin',(47.9334477025283,-20.0906618652025,1.56));
#9372=CARTESIAN_POINT('',(46.9675218618458,-19.8318428162433,3.06));
#9373=CARTESIAN_POINT('',(46.9675218618458,-19.8318428162433,3.06));
#9374=CARTESIAN_POINT('Origin',(47.9334477025283,-20.0906618652025,3.06));
#9375=CARTESIAN_POINT('Origin',(47.9334477025283,-20.0906618652025,1.56));
#9376=CARTESIAN_POINT('Origin',(-47.9334477025283,20.0906618652025,3.06));
#9377=CARTESIAN_POINT('',(-46.9675218618458,19.8318428162433,1.56));
#9378=CARTESIAN_POINT('Origin',(-47.9334477025283,20.0906618652025,1.56));
#9379=CARTESIAN_POINT('',(-46.9675218618458,19.8318428162433,3.06));
#9380=CARTESIAN_POINT('',(-46.9675218618458,19.8318428162433,3.06));
#9381=CARTESIAN_POINT('Origin',(-47.9334477025283,20.0906618652025,3.06));
#9382=CARTESIAN_POINT('Origin',(-47.9334477025283,20.0906618652025,1.56));
#9383=CARTESIAN_POINT('Origin',(6.5677002971555,-51.5569143339636,3.06));
#9384=CARTESIAN_POINT('',(6.30888124819628,-50.5909884932811,1.56));
#9385=CARTESIAN_POINT('Origin',(6.5677002971555,-51.5569143339636,1.56));
#9386=CARTESIAN_POINT('',(6.30888124819628,-50.5909884932811,3.06));
#9387=CARTESIAN_POINT('',(6.30888124819628,-50.5909884932811,3.06));
#9388=CARTESIAN_POINT('Origin',(6.5677002971555,-51.5569143339636,3.06));
#9389=CARTESIAN_POINT('Origin',(6.5677002971555,-51.5569143339636,1.56));
#9390=CARTESIAN_POINT('Origin',(-7.00000000000001,-51.5000009983778,3.06));
#9391=CARTESIAN_POINT('',(-7.00000000000001,-50.5000009834766,1.56));
#9392=CARTESIAN_POINT('Origin',(-7.00000000000001,-51.5000009983778,1.56));
#9393=CARTESIAN_POINT('',(-7.00000000000001,-50.5000009834766,3.06));
#9394=CARTESIAN_POINT('',(-7.00000000000001,-50.5000009834766,3.06));
#9395=CARTESIAN_POINT('Origin',(-7.00000000000001,-51.5000009983778,3.06));
#9396=CARTESIAN_POINT('Origin',(-7.00000000000001,-51.5000009983778,1.56));
#9397=CARTESIAN_POINT('Origin',(-48.1003091595191,-19.6878226726978,3.06));
#9398=CARTESIAN_POINT('',(-47.2342837428299,-19.1878226652472,1.56));
#9399=CARTESIAN_POINT('Origin',(-48.1003091595191,-19.6878226726978,1.56));
#9400=CARTESIAN_POINT('',(-47.2342837428299,-19.1878226652472,3.06));
#9401=CARTESIAN_POINT('',(-47.2342837428299,-19.1878226652472,3.06));
#9402=CARTESIAN_POINT('Origin',(-48.1003091595191,-19.6878226726978,3.06));
#9403=CARTESIAN_POINT('Origin',(-48.1003091595191,-19.6878226726978,1.56));
#9404=CARTESIAN_POINT('Origin',(41.1003091595191,-31.81217832568,3.06));
#9405=CARTESIAN_POINT('',(40.2342837428299,-31.3121783182294,1.56));
#9406=CARTESIAN_POINT('Origin',(41.1003091595191,-31.81217832568,1.56));
#9407=CARTESIAN_POINT('',(40.2342837428299,-31.3121783182294,3.06));
#9408=CARTESIAN_POINT('',(40.2342837428299,-31.3121783182294,3.06));
#9409=CARTESIAN_POINT('Origin',(41.1003091595191,-31.81217832568,3.06));
#9410=CARTESIAN_POINT('Origin',(41.1003091595191,-31.81217832568,1.56));
#9411=CARTESIAN_POINT('Origin',(-31.81217832568,-41.1003091595191,3.06));
#9412=CARTESIAN_POINT('',(-31.3121783182294,-40.2342837428299,1.56));
#9413=CARTESIAN_POINT('Origin',(-31.81217832568,-41.1003091595191,1.56));
#9414=CARTESIAN_POINT('',(-31.3121783182294,-40.2342837428299,3.06));
#9415=CARTESIAN_POINT('',(-31.3121783182294,-40.2342837428299,3.06));
#9416=CARTESIAN_POINT('Origin',(-31.81217832568,-41.1003091595191,3.06));
#9417=CARTESIAN_POINT('Origin',(-31.81217832568,-41.1003091595191,1.56));
#9418=CARTESIAN_POINT('Origin',(19.6878226726978,-48.1003091595191,3.06));
#9419=CARTESIAN_POINT('',(19.1878226652472,-47.2342837428299,1.56));
#9420=CARTESIAN_POINT('Origin',(19.6878226726978,-48.1003091595191,1.56));
#9421=CARTESIAN_POINT('',(19.1878226652472,-47.2342837428299,3.06));
#9422=CARTESIAN_POINT('',(19.1878226652472,-47.2342837428299,3.06));
#9423=CARTESIAN_POINT('Origin',(19.6878226726978,-48.1003091595191,3.06));
#9424=CARTESIAN_POINT('Origin',(19.6878226726978,-48.1003091595191,1.56));
#9425=CARTESIAN_POINT('Origin',(15.,31.0000006705523,3.06));
#9426=CARTESIAN_POINT('',(13.9999999850988,31.0000006705523,1.56));
#9427=CARTESIAN_POINT('Origin',(15.,31.0000006705523,1.56));
#9428=CARTESIAN_POINT('',(13.9999999850988,31.0000006705523,3.06));
#9429=CARTESIAN_POINT('',(13.9999999850988,31.0000006705523,3.06));
#9430=CARTESIAN_POINT('Origin',(15.,31.0000006705523,3.06));
#9431=CARTESIAN_POINT('Origin',(15.,31.0000006705523,1.56));
#9432=CARTESIAN_POINT('Origin',(0.,26.0000006705523,3.06));
#9433=CARTESIAN_POINT('',(-1.00000001490116,26.0000006705523,1.56));
#9434=CARTESIAN_POINT('Origin',(0.,26.0000006705523,1.56));
#9435=CARTESIAN_POINT('',(-1.00000001490116,26.0000006705523,3.06));
#9436=CARTESIAN_POINT('',(-1.00000001490116,26.0000006705523,3.06));
#9437=CARTESIAN_POINT('Origin',(0.,26.0000006705523,3.06));
#9438=CARTESIAN_POINT('Origin',(0.,26.0000006705523,1.56));
#9439=CARTESIAN_POINT('Origin',(0.,39.0000006705523,3.06));
#9440=CARTESIAN_POINT('',(-1.00000001490116,39.0000006705523,1.56));
#9441=CARTESIAN_POINT('Origin',(0.,39.0000006705523,1.56));
#9442=CARTESIAN_POINT('',(-1.00000001490116,39.0000006705523,3.06));
#9443=CARTESIAN_POINT('',(-1.00000001490116,39.0000006705523,3.06));
#9444=CARTESIAN_POINT('Origin',(0.,39.0000006705523,3.06));
#9445=CARTESIAN_POINT('Origin',(0.,39.0000006705523,1.56));
#9446=CARTESIAN_POINT('Origin',(-15.,31.0000006705523,3.06));
#9447=CARTESIAN_POINT('',(-16.0000000149012,31.0000006705523,1.56));
#9448=CARTESIAN_POINT('Origin',(-15.,31.0000006705523,1.56));
#9449=CARTESIAN_POINT('',(-16.0000000149012,31.0000006705523,3.06));
#9450=CARTESIAN_POINT('',(-16.0000000149012,31.0000006705523,3.06));
#9451=CARTESIAN_POINT('Origin',(-15.,31.0000006705523,3.06));
#9452=CARTESIAN_POINT('Origin',(-15.,31.0000006705523,1.56));
#9453=CARTESIAN_POINT('Origin',(51.9646445811423,39.8738742078451,3.06));
#9454=CARTESIAN_POINT('',(51.1712912290292,39.2651127697651,1.56));
#9455=CARTESIAN_POINT('Origin',(51.9646445811423,39.8738742078451,1.56));
#9456=CARTESIAN_POINT('',(51.1712912290292,39.2651127697651,3.06));
#9457=CARTESIAN_POINT('',(51.1712912290292,39.2651127697651,3.06));
#9458=CARTESIAN_POINT('Origin',(51.9646445811423,39.8738742078451,3.06));
#9459=CARTESIAN_POINT('Origin',(51.9646445811423,39.8738742078451,1.56));
#9460=CARTESIAN_POINT('Origin',(32.7500004991889,56.7246648125013,3.06));
#9461=CARTESIAN_POINT('',(32.2500004917383,55.858639395812,1.56));
#9462=CARTESIAN_POINT('Origin',(32.7500004991889,56.7246648125013,1.56));
#9463=CARTESIAN_POINT('',(32.2500004917383,55.858639395812,3.06));
#9464=CARTESIAN_POINT('',(32.2500004917383,55.858639395812,3.06));
#9465=CARTESIAN_POINT('Origin',(32.7500004991889,56.7246648125013,3.06));
#9466=CARTESIAN_POINT('Origin',(32.7500004991889,56.7246648125013,1.56));
#9467=CARTESIAN_POINT('Origin',(16.9526477126143,63.2681425862929,3.06));
#9468=CARTESIAN_POINT('',(16.6938286636551,62.3022167456104,1.56));
#9469=CARTESIAN_POINT('Origin',(16.9526477126143,63.2681425862929,1.56));
#9470=CARTESIAN_POINT('',(16.6938286636551,62.3022167456104,3.06));
#9471=CARTESIAN_POINT('',(16.6938286636551,62.3022167456104,3.06));
#9472=CARTESIAN_POINT('Origin',(16.9526477126143,63.2681425862929,3.06));
#9473=CARTESIAN_POINT('Origin',(16.9526477126143,63.2681425862929,1.56));
#9474=CARTESIAN_POINT('Origin',(-16.9526477126143,63.2681425862929,3.06));
#9475=CARTESIAN_POINT('',(-16.6938286636551,62.3022167456104,1.56));
#9476=CARTESIAN_POINT('Origin',(-16.9526477126143,63.2681425862929,1.56));
#9477=CARTESIAN_POINT('',(-16.6938286636551,62.3022167456104,3.06));
#9478=CARTESIAN_POINT('',(-16.6938286636551,62.3022167456104,3.06));
#9479=CARTESIAN_POINT('Origin',(-16.9526477126143,63.2681425862929,3.06));
#9480=CARTESIAN_POINT('Origin',(-16.9526477126143,63.2681425862929,1.56));
#9481=CARTESIAN_POINT('Origin',(-8.54946572072782,64.9396394098211,3.06));
#9482=CARTESIAN_POINT('',(-8.41893952656277,63.9481945336736,1.56));
#9483=CARTESIAN_POINT('Origin',(-8.54946572072782,64.9396394098211,1.56));
#9484=CARTESIAN_POINT('',(-8.41893952656277,63.9481945336736,3.06));
#9485=CARTESIAN_POINT('',(-8.41893952656278,63.9481945336736,3.06));
#9486=CARTESIAN_POINT('Origin',(-8.54946572072782,64.9396394098211,3.06));
#9487=CARTESIAN_POINT('Origin',(-8.54946572072782,64.9396394098211,1.56));
#9488=CARTESIAN_POINT('Origin',(46.3154948736786,46.3154948736786,3.06));
#9489=CARTESIAN_POINT('',(45.6083880819553,45.6083880819553,1.56));
#9490=CARTESIAN_POINT('Origin',(46.3154948736786,46.3154948736786,1.56));
#9491=CARTESIAN_POINT('',(45.6083880819553,45.6083880819553,3.06));
#9492=CARTESIAN_POINT('',(45.6083880819553,45.6083880819553,3.06));
#9493=CARTESIAN_POINT('Origin',(46.3154948736786,46.3154948736786,3.06));
#9494=CARTESIAN_POINT('Origin',(46.3154948736786,46.3154948736786,1.56));
#9495=CARTESIAN_POINT('Origin',(56.7246648125013,32.7500004991889,3.06));
#9496=CARTESIAN_POINT('',(55.858639395812,32.2500004917383,1.56));
#9497=CARTESIAN_POINT('Origin',(56.7246648125013,32.7500004991889,1.56));
#9498=CARTESIAN_POINT('',(55.858639395812,32.2500004917383,3.06));
#9499=CARTESIAN_POINT('',(55.858639395812,32.2500004917383,3.06));
#9500=CARTESIAN_POINT('Origin',(56.7246648125013,32.7500004991889,3.06));
#9501=CARTESIAN_POINT('Origin',(56.7246648125013,32.7500004991889,1.56));
#9502=CARTESIAN_POINT('Origin',(39.8738742078451,51.9646445811423,3.06));
#9503=CARTESIAN_POINT('',(39.2651127697651,51.1712912290291,1.56));
#9504=CARTESIAN_POINT('Origin',(39.8738742078451,51.9646445811423,1.56));
#9505=CARTESIAN_POINT('',(39.2651127697651,51.1712912290291,3.06));
#9506=CARTESIAN_POINT('',(39.2651127697651,51.1712912290291,3.06));
#9507=CARTESIAN_POINT('Origin',(39.8738742078451,51.9646445811423,3.06));
#9508=CARTESIAN_POINT('Origin',(39.8738742078451,51.9646445811423,1.56));
#9509=CARTESIAN_POINT('Origin',(25.065765201976,60.5141103018701,3.06));
#9510=CARTESIAN_POINT('',(24.6830817639085,59.5902307555919,1.56));
#9511=CARTESIAN_POINT('Origin',(25.065765201976,60.5141103018701,1.56));
#9512=CARTESIAN_POINT('',(24.6830817639085,59.5902307555919,3.06));
#9513=CARTESIAN_POINT('',(24.6830817639085,59.5902307555919,3.06));
#9514=CARTESIAN_POINT('Origin',(25.065765201976,60.5141103018701,3.06));
#9515=CARTESIAN_POINT('Origin',(25.065765201976,60.5141103018701,1.56));
#9516=CARTESIAN_POINT('Origin',(-63.2681425862929,16.9526477126143,3.06));
#9517=CARTESIAN_POINT('',(-62.3022167456104,16.6938286636551,1.56));
#9518=CARTESIAN_POINT('Origin',(-63.2681425862929,16.9526477126143,1.56));
#9519=CARTESIAN_POINT('',(-62.3022167456104,16.6938286636551,3.06));
#9520=CARTESIAN_POINT('',(-62.3022167456104,16.6938286636551,3.06));
#9521=CARTESIAN_POINT('Origin',(-63.2681425862929,16.9526477126143,3.06));
#9522=CARTESIAN_POINT('Origin',(-63.2681425862929,16.9526477126143,1.56));
#9523=CARTESIAN_POINT('Origin',(-60.5141103018701,25.065765201976,3.06));
#9524=CARTESIAN_POINT('',(-59.5902307555919,24.6830817639085,1.56));
#9525=CARTESIAN_POINT('Origin',(-60.5141103018701,25.065765201976,1.56));
#9526=CARTESIAN_POINT('',(-59.5902307555919,24.6830817639085,3.06));
#9527=CARTESIAN_POINT('',(-59.5902307555919,24.6830817639085,3.06));
#9528=CARTESIAN_POINT('Origin',(-60.5141103018701,25.065765201976,3.06));
#9529=CARTESIAN_POINT('Origin',(-60.5141103018701,25.065765201976,1.56));
#9530=CARTESIAN_POINT('Origin',(-63.2681425862929,-16.9526477126143,3.06));
#9531=CARTESIAN_POINT('',(-62.3022167456104,-16.693828663655,1.56));
#9532=CARTESIAN_POINT('Origin',(-63.2681425862929,-16.9526477126143,1.56));
#9533=CARTESIAN_POINT('',(-62.3022167456104,-16.693828663655,3.06));
#9534=CARTESIAN_POINT('',(-62.3022167456104,-16.693828663655,3.06));
#9535=CARTESIAN_POINT('Origin',(-63.2681425862929,-16.9526477126143,3.06));
#9536=CARTESIAN_POINT('Origin',(-63.2681425862929,-16.9526477126143,1.56));
#9537=CARTESIAN_POINT('Origin',(65.5000009983778,0.,3.06));
#9538=CARTESIAN_POINT('',(64.5000009834766,1.22464681739601E-16,1.56));
#9539=CARTESIAN_POINT('Origin',(65.5000009983778,0.,1.56));
#9540=CARTESIAN_POINT('',(64.5000009834766,1.22464681739601E-16,3.06));
#9541=CARTESIAN_POINT('',(64.5000009834766,1.22464681739601E-16,3.06));
#9542=CARTESIAN_POINT('Origin',(65.5000009983778,0.,3.06));
#9543=CARTESIAN_POINT('Origin',(65.5000009983778,0.,1.56));
#9544=CARTESIAN_POINT('Origin',(-51.9646445811423,39.8738742078451,3.06));
#9545=CARTESIAN_POINT('',(-51.1712912290291,39.2651127697651,1.56));
#9546=CARTESIAN_POINT('Origin',(-51.9646445811423,39.8738742078451,1.56));
#9547=CARTESIAN_POINT('',(-51.1712912290291,39.2651127697651,3.06));
#9548=CARTESIAN_POINT('',(-51.1712912290291,39.2651127697651,3.06));
#9549=CARTESIAN_POINT('Origin',(-51.9646445811423,39.8738742078451,3.06));
#9550=CARTESIAN_POINT('Origin',(-51.9646445811423,39.8738742078451,1.56));
#9551=CARTESIAN_POINT('Origin',(-60.5141103018701,-25.065765201976,3.06));
#9552=CARTESIAN_POINT('',(-59.5902307555919,-24.6830817639085,1.56));
#9553=CARTESIAN_POINT('Origin',(-60.5141103018701,-25.065765201976,1.56));
#9554=CARTESIAN_POINT('',(-59.5902307555919,-24.6830817639085,3.06));
#9555=CARTESIAN_POINT('',(-59.5902307555919,-24.6830817639085,3.06));
#9556=CARTESIAN_POINT('Origin',(-60.5141103018701,-25.065765201976,3.06));
#9557=CARTESIAN_POINT('Origin',(-60.5141103018701,-25.065765201976,1.56));
#9558=CARTESIAN_POINT('Origin',(-46.3154948736786,46.3154948736786,3.06));
#9559=CARTESIAN_POINT('',(-45.6083880819553,45.6083880819553,1.56));
#9560=CARTESIAN_POINT('Origin',(-46.3154948736786,46.3154948736786,1.56));
#9561=CARTESIAN_POINT('',(-45.6083880819553,45.6083880819553,3.06));
#9562=CARTESIAN_POINT('',(-45.6083880819553,45.6083880819553,3.06));
#9563=CARTESIAN_POINT('Origin',(-46.3154948736786,46.3154948736786,3.06));
#9564=CARTESIAN_POINT('Origin',(-46.3154948736786,46.3154948736786,1.56));
#9565=CARTESIAN_POINT('Origin',(-46.3154948736786,-46.3154948736786,3.06));
#9566=CARTESIAN_POINT('',(-45.6083880819553,-45.6083880819553,1.56));
#9567=CARTESIAN_POINT('Origin',(-46.3154948736786,-46.3154948736786,1.56));
#9568=CARTESIAN_POINT('',(-45.6083880819553,-45.6083880819553,3.06));
#9569=CARTESIAN_POINT('',(-45.6083880819553,-45.6083880819553,3.06));
#9570=CARTESIAN_POINT('Origin',(-46.3154948736786,-46.3154948736786,3.06));
#9571=CARTESIAN_POINT('Origin',(-46.3154948736786,-46.3154948736786,1.56));
#9572=CARTESIAN_POINT('Origin',(64.9396394098211,8.54946572072783,3.06));
#9573=CARTESIAN_POINT('',(63.9481945336736,8.41893952656279,1.56));
#9574=CARTESIAN_POINT('Origin',(64.9396394098211,8.54946572072783,1.56));
#9575=CARTESIAN_POINT('',(63.9481945336736,8.41893952656279,3.06));
#9576=CARTESIAN_POINT('',(63.9481945336736,8.41893952656279,3.06));
#9577=CARTESIAN_POINT('Origin',(64.9396394098211,8.54946572072783,3.06));
#9578=CARTESIAN_POINT('Origin',(64.9396394098211,8.54946572072783,1.56));
#9579=CARTESIAN_POINT('Origin',(-65.5000009983778,8.02143665668118E-15,
3.06));
#9580=CARTESIAN_POINT('',(-64.5000009834766,7.77650729320198E-15,1.56));
#9581=CARTESIAN_POINT('Origin',(-65.5000009983778,8.02143665668118E-15,
1.56));
#9582=CARTESIAN_POINT('',(-64.5000009834766,7.77650729320198E-15,3.06));
#9583=CARTESIAN_POINT('',(-64.5000009834766,7.77650729320198E-15,3.06));
#9584=CARTESIAN_POINT('Origin',(-65.5000009983778,8.02143665668118E-15,
3.06));
#9585=CARTESIAN_POINT('Origin',(-65.5000009983778,8.02143665668118E-15,
1.56));
#9586=CARTESIAN_POINT('Origin',(-39.8738742078451,-51.9646445811422,3.06));
#9587=CARTESIAN_POINT('',(-39.2651127697651,-51.1712912290291,1.56));
#9588=CARTESIAN_POINT('Origin',(-39.8738742078451,-51.9646445811422,1.56));
#9589=CARTESIAN_POINT('',(-39.2651127697651,-51.1712912290291,3.06));
#9590=CARTESIAN_POINT('',(-39.2651127697651,-51.1712912290291,3.06));
#9591=CARTESIAN_POINT('Origin',(-39.8738742078451,-51.9646445811422,3.06));
#9592=CARTESIAN_POINT('Origin',(-39.8738742078451,-51.9646445811422,1.56));
#9593=CARTESIAN_POINT('Origin',(63.2681425862929,-16.9526477126144,3.06));
#9594=CARTESIAN_POINT('',(62.3022167456104,-16.6938286636551,1.56));
#9595=CARTESIAN_POINT('Origin',(63.2681425862929,-16.9526477126144,1.56));
#9596=CARTESIAN_POINT('',(62.3022167456104,-16.6938286636551,3.06));
#9597=CARTESIAN_POINT('',(62.3022167456104,-16.6938286636551,3.06));
#9598=CARTESIAN_POINT('Origin',(63.2681425862929,-16.9526477126144,3.06));
#9599=CARTESIAN_POINT('Origin',(63.2681425862929,-16.9526477126144,1.56));
#9600=CARTESIAN_POINT('Origin',(64.9396394098211,-8.54946572072789,3.06));
#9601=CARTESIAN_POINT('',(63.9481945336736,-8.41893952656285,1.56));
#9602=CARTESIAN_POINT('Origin',(64.9396394098211,-8.54946572072789,1.56));
#9603=CARTESIAN_POINT('',(63.9481945336736,-8.41893952656285,3.06));
#9604=CARTESIAN_POINT('',(63.9481945336736,-8.41893952656285,3.06));
#9605=CARTESIAN_POINT('Origin',(64.9396394098211,-8.54946572072789,3.06));
#9606=CARTESIAN_POINT('Origin',(64.9396394098211,-8.54946572072789,1.56));
#9607=CARTESIAN_POINT('Origin',(8.54946572072781,-64.9396394098211,3.06));
#9608=CARTESIAN_POINT('',(8.41893952656277,-63.9481945336736,1.56));
#9609=CARTESIAN_POINT('Origin',(8.54946572072781,-64.9396394098211,1.56));
#9610=CARTESIAN_POINT('',(8.41893952656277,-63.9481945336736,3.06));
#9611=CARTESIAN_POINT('',(8.41893952656277,-63.9481945336736,3.06));
#9612=CARTESIAN_POINT('Origin',(8.54946572072781,-64.9396394098211,3.06));
#9613=CARTESIAN_POINT('Origin',(8.54946572072781,-64.9396394098211,1.56));
#9614=CARTESIAN_POINT('Origin',(-1.20321549850218E-14,-65.5000009983778,
3.06));
#9615=CARTESIAN_POINT('',(-1.17259932806728E-14,-64.5000009834766,1.56));
#9616=CARTESIAN_POINT('Origin',(-1.20321549850218E-14,-65.5000009983778,
1.56));
#9617=CARTESIAN_POINT('',(-1.17259932806728E-14,-64.5000009834766,3.06));
#9618=CARTESIAN_POINT('',(-1.17259932806728E-14,-64.5000009834766,3.06));
#9619=CARTESIAN_POINT('Origin',(-1.20321549850218E-14,-65.5000009983778,
3.06));
#9620=CARTESIAN_POINT('Origin',(-1.20321549850218E-14,-65.5000009983778,
1.56));
#9621=CARTESIAN_POINT('Origin',(56.7246648125013,-32.7500004991889,3.06));
#9622=CARTESIAN_POINT('',(55.858639395812,-32.2500004917383,1.56));
#9623=CARTESIAN_POINT('Origin',(56.7246648125013,-32.7500004991889,1.56));
#9624=CARTESIAN_POINT('',(55.858639395812,-32.2500004917383,3.06));
#9625=CARTESIAN_POINT('',(55.858639395812,-32.2500004917383,3.06));
#9626=CARTESIAN_POINT('Origin',(56.7246648125013,-32.7500004991889,3.06));
#9627=CARTESIAN_POINT('Origin',(56.7246648125013,-32.7500004991889,1.56));
#9628=CARTESIAN_POINT('Origin',(4.01071832834059E-15,65.5000009983778,3.06));
#9629=CARTESIAN_POINT('',(3.82702130573119E-15,64.5000009834766,1.56));
#9630=CARTESIAN_POINT('Origin',(4.01071832834059E-15,65.5000009983778,1.56));
#9631=CARTESIAN_POINT('',(3.82702130573119E-15,64.5000009834766,3.06));
#9632=CARTESIAN_POINT('',(3.82702130573119E-15,64.5000009834766,3.06));
#9633=CARTESIAN_POINT('Origin',(4.01071832834059E-15,65.5000009983778,3.06));
#9634=CARTESIAN_POINT('Origin',(4.01071832834059E-15,65.5000009983778,1.56));
#9635=CARTESIAN_POINT('Origin',(46.3154948736786,-46.3154948736786,3.06));
#9636=CARTESIAN_POINT('',(45.6083880819553,-45.6083880819553,1.56));
#9637=CARTESIAN_POINT('Origin',(46.3154948736786,-46.3154948736786,1.56));
#9638=CARTESIAN_POINT('',(45.6083880819553,-45.6083880819553,3.06));
#9639=CARTESIAN_POINT('',(45.6083880819553,-45.6083880819553,3.06));
#9640=CARTESIAN_POINT('Origin',(46.3154948736786,-46.3154948736786,3.06));
#9641=CARTESIAN_POINT('Origin',(46.3154948736786,-46.3154948736786,1.56));
#9642=CARTESIAN_POINT('Origin',(-8.54946572072789,-64.9396394098211,3.06));
#9643=CARTESIAN_POINT('',(-8.41893952656285,-63.9481945336736,1.56));
#9644=CARTESIAN_POINT('Origin',(-8.54946572072789,-64.9396394098211,1.56));
#9645=CARTESIAN_POINT('',(-8.41893952656285,-63.9481945336736,3.06));
#9646=CARTESIAN_POINT('',(-8.41893952656284,-63.9481945336736,3.06));
#9647=CARTESIAN_POINT('Origin',(-8.54946572072789,-64.9396394098211,3.06));
#9648=CARTESIAN_POINT('Origin',(-8.54946572072789,-64.9396394098211,1.56));
#9649=CARTESIAN_POINT('Origin',(32.7500004991889,-56.7246648125013,3.06));
#9650=CARTESIAN_POINT('',(32.2500004917383,-55.8586393958121,1.56));
#9651=CARTESIAN_POINT('Origin',(32.7500004991889,-56.7246648125013,1.56));
#9652=CARTESIAN_POINT('',(32.2500004917383,-55.8586393958121,3.06));
#9653=CARTESIAN_POINT('',(32.2500004917383,-55.8586393958121,3.06));
#9654=CARTESIAN_POINT('Origin',(32.7500004991889,-56.7246648125013,3.06));
#9655=CARTESIAN_POINT('Origin',(32.7500004991889,-56.7246648125013,1.56));
#9656=CARTESIAN_POINT('Origin',(60.5141103018701,-25.0657652019761,3.06));
#9657=CARTESIAN_POINT('',(59.5902307555919,-24.6830817639085,1.56));
#9658=CARTESIAN_POINT('Origin',(60.5141103018701,-25.0657652019761,1.56));
#9659=CARTESIAN_POINT('',(59.5902307555919,-24.6830817639085,3.06));
#9660=CARTESIAN_POINT('',(59.5902307555919,-24.6830817639085,3.06));
#9661=CARTESIAN_POINT('Origin',(60.5141103018701,-25.0657652019761,3.06));
#9662=CARTESIAN_POINT('Origin',(60.5141103018701,-25.0657652019761,1.56));
#9663=CARTESIAN_POINT('Origin',(-32.7500004991889,-56.7246648125013,3.06));
#9664=CARTESIAN_POINT('',(-32.2500004917383,-55.858639395812,1.56));
#9665=CARTESIAN_POINT('Origin',(-32.7500004991889,-56.7246648125013,1.56));
#9666=CARTESIAN_POINT('',(-32.2500004917383,-55.858639395812,3.06));
#9667=CARTESIAN_POINT('',(-32.2500004917383,-55.858639395812,3.06));
#9668=CARTESIAN_POINT('Origin',(-32.7500004991889,-56.7246648125013,3.06));
#9669=CARTESIAN_POINT('Origin',(-32.7500004991889,-56.7246648125013,1.56));
#9670=CARTESIAN_POINT('Origin',(-25.0657652019761,-60.5141103018701,3.06));
#9671=CARTESIAN_POINT('',(-24.6830817639085,-59.5902307555919,1.56));
#9672=CARTESIAN_POINT('Origin',(-25.0657652019761,-60.5141103018701,1.56));
#9673=CARTESIAN_POINT('',(-24.6830817639085,-59.5902307555919,3.06));
#9674=CARTESIAN_POINT('',(-24.6830817639085,-59.5902307555919,3.06));
#9675=CARTESIAN_POINT('Origin',(-25.0657652019761,-60.5141103018701,3.06));
#9676=CARTESIAN_POINT('Origin',(-25.0657652019761,-60.5141103018701,1.56));
#9677=CARTESIAN_POINT('Origin',(-16.9526477126143,-63.2681425862929,3.06));
#9678=CARTESIAN_POINT('',(-16.6938286636551,-62.3022167456104,1.56));
#9679=CARTESIAN_POINT('Origin',(-16.9526477126143,-63.2681425862929,1.56));
#9680=CARTESIAN_POINT('',(-16.6938286636551,-62.3022167456104,3.06));
#9681=CARTESIAN_POINT('',(-16.6938286636551,-62.3022167456104,3.06));
#9682=CARTESIAN_POINT('Origin',(-16.9526477126143,-63.2681425862929,3.06));
#9683=CARTESIAN_POINT('Origin',(-16.9526477126143,-63.2681425862929,1.56));
#9684=CARTESIAN_POINT('Origin',(-56.7246648125013,-32.7500004991889,3.06));
#9685=CARTESIAN_POINT('',(-55.8586393958121,-32.2500004917383,1.56));
#9686=CARTESIAN_POINT('Origin',(-56.7246648125013,-32.7500004991889,1.56));
#9687=CARTESIAN_POINT('',(-55.8586393958121,-32.2500004917383,3.06));
#9688=CARTESIAN_POINT('',(-55.8586393958121,-32.2500004917383,3.06));
#9689=CARTESIAN_POINT('Origin',(-56.7246648125013,-32.7500004991889,3.06));
#9690=CARTESIAN_POINT('Origin',(-56.7246648125013,-32.7500004991889,1.56));
#9691=CARTESIAN_POINT('Origin',(39.873874207845,-51.9646445811423,3.06));
#9692=CARTESIAN_POINT('',(39.2651127697651,-51.1712912290292,1.56));
#9693=CARTESIAN_POINT('Origin',(39.873874207845,-51.9646445811423,1.56));
#9694=CARTESIAN_POINT('',(39.2651127697651,-51.1712912290292,3.06));
#9695=CARTESIAN_POINT('',(39.2651127697651,-51.1712912290292,3.06));
#9696=CARTESIAN_POINT('Origin',(39.873874207845,-51.9646445811423,3.06));
#9697=CARTESIAN_POINT('Origin',(39.873874207845,-51.9646445811423,1.56));
#9698=CARTESIAN_POINT('Origin',(-32.7500004991889,56.7246648125013,3.06));
#9699=CARTESIAN_POINT('',(-32.2500004917383,55.858639395812,1.56));
#9700=CARTESIAN_POINT('Origin',(-32.7500004991889,56.7246648125013,1.56));
#9701=CARTESIAN_POINT('',(-32.2500004917383,55.858639395812,3.06));
#9702=CARTESIAN_POINT('',(-32.2500004917383,55.858639395812,3.06));
#9703=CARTESIAN_POINT('Origin',(-32.7500004991889,56.7246648125013,3.06));
#9704=CARTESIAN_POINT('Origin',(-32.7500004991889,56.7246648125013,1.56));
#9705=CARTESIAN_POINT('Origin',(16.9526477126143,-63.2681425862929,3.06));
#9706=CARTESIAN_POINT('',(16.693828663655,-62.3022167456104,1.56));
#9707=CARTESIAN_POINT('Origin',(16.9526477126143,-63.2681425862929,1.56));
#9708=CARTESIAN_POINT('',(16.693828663655,-62.3022167456104,3.06));
#9709=CARTESIAN_POINT('',(16.693828663655,-62.3022167456104,3.06));
#9710=CARTESIAN_POINT('Origin',(16.9526477126143,-63.2681425862929,3.06));
#9711=CARTESIAN_POINT('Origin',(16.9526477126143,-63.2681425862929,1.56));
#9712=CARTESIAN_POINT('Origin',(8.54946572072784,64.9396394098211,3.06));
#9713=CARTESIAN_POINT('',(8.4189395265628,63.9481945336736,1.56));
#9714=CARTESIAN_POINT('Origin',(8.54946572072784,64.9396394098211,1.56));
#9715=CARTESIAN_POINT('',(8.4189395265628,63.9481945336736,3.06));
#9716=CARTESIAN_POINT('',(8.4189395265628,63.9481945336736,3.06));
#9717=CARTESIAN_POINT('Origin',(8.54946572072784,64.9396394098211,3.06));
#9718=CARTESIAN_POINT('Origin',(8.54946572072784,64.9396394098211,1.56));
#9719=CARTESIAN_POINT('Origin',(63.2681425862929,16.9526477126143,3.06));
#9720=CARTESIAN_POINT('',(62.3022167456104,16.6938286636551,1.56));
#9721=CARTESIAN_POINT('Origin',(63.2681425862929,16.9526477126143,1.56));
#9722=CARTESIAN_POINT('',(62.3022167456104,16.6938286636551,3.06));
#9723=CARTESIAN_POINT('',(62.3022167456104,16.6938286636551,3.06));
#9724=CARTESIAN_POINT('Origin',(63.2681425862929,16.9526477126143,3.06));
#9725=CARTESIAN_POINT('Origin',(63.2681425862929,16.9526477126143,1.56));
#9726=CARTESIAN_POINT('Origin',(25.065765201976,-60.5141103018701,3.06));
#9727=CARTESIAN_POINT('',(24.6830817639085,-59.5902307555919,1.56));
#9728=CARTESIAN_POINT('Origin',(25.065765201976,-60.5141103018701,1.56));
#9729=CARTESIAN_POINT('',(24.6830817639085,-59.5902307555919,3.06));
#9730=CARTESIAN_POINT('',(24.6830817639085,-59.5902307555919,3.06));
#9731=CARTESIAN_POINT('Origin',(25.065765201976,-60.5141103018701,3.06));
#9732=CARTESIAN_POINT('Origin',(25.065765201976,-60.5141103018701,1.56));
#9733=CARTESIAN_POINT('Origin',(-56.7246648125013,32.7500004991889,3.06));
#9734=CARTESIAN_POINT('',(-55.858639395812,32.2500004917383,1.56));
#9735=CARTESIAN_POINT('Origin',(-56.7246648125013,32.7500004991889,1.56));
#9736=CARTESIAN_POINT('',(-55.858639395812,32.2500004917383,3.06));
#9737=CARTESIAN_POINT('',(-55.858639395812,32.2500004917383,3.06));
#9738=CARTESIAN_POINT('Origin',(-56.7246648125013,32.7500004991889,3.06));
#9739=CARTESIAN_POINT('Origin',(-56.7246648125013,32.7500004991889,1.56));
#9740=CARTESIAN_POINT('Origin',(-39.8738742078451,51.9646445811423,3.06));
#9741=CARTESIAN_POINT('',(-39.2651127697651,51.1712912290292,1.56));
#9742=CARTESIAN_POINT('Origin',(-39.8738742078451,51.9646445811423,1.56));
#9743=CARTESIAN_POINT('',(-39.2651127697651,51.1712912290292,3.06));
#9744=CARTESIAN_POINT('',(-39.2651127697651,51.1712912290292,3.06));
#9745=CARTESIAN_POINT('Origin',(-39.8738742078451,51.9646445811423,3.06));
#9746=CARTESIAN_POINT('Origin',(-39.8738742078451,51.9646445811423,1.56));
#9747=CARTESIAN_POINT('Origin',(-64.9396394098211,8.54946572072786,3.06));
#9748=CARTESIAN_POINT('',(-63.9481945336736,8.41893952656281,1.56));
#9749=CARTESIAN_POINT('Origin',(-64.9396394098211,8.54946572072786,1.56));
#9750=CARTESIAN_POINT('',(-63.9481945336736,8.41893952656281,3.06));
#9751=CARTESIAN_POINT('',(-63.9481945336736,8.41893952656281,3.06));
#9752=CARTESIAN_POINT('Origin',(-64.9396394098211,8.54946572072786,3.06));
#9753=CARTESIAN_POINT('Origin',(-64.9396394098211,8.54946572072786,1.56));
#9754=CARTESIAN_POINT('Origin',(51.9646445811422,-39.8738742078451,3.06));
#9755=CARTESIAN_POINT('',(51.1712912290291,-39.2651127697651,1.56));
#9756=CARTESIAN_POINT('Origin',(51.9646445811422,-39.8738742078451,1.56));
#9757=CARTESIAN_POINT('',(51.1712912290291,-39.2651127697651,3.06));
#9758=CARTESIAN_POINT('',(51.1712912290291,-39.2651127697651,3.06));
#9759=CARTESIAN_POINT('Origin',(51.9646445811422,-39.8738742078451,3.06));
#9760=CARTESIAN_POINT('Origin',(51.9646445811422,-39.8738742078451,1.56));
#9761=CARTESIAN_POINT('Origin',(-25.065765201976,60.5141103018701,3.06));
#9762=CARTESIAN_POINT('',(-24.6830817639085,59.5902307555919,1.56));
#9763=CARTESIAN_POINT('Origin',(-25.065765201976,60.5141103018701,1.56));
#9764=CARTESIAN_POINT('',(-24.6830817639085,59.5902307555919,3.06));
#9765=CARTESIAN_POINT('',(-24.6830817639085,59.5902307555919,3.06));
#9766=CARTESIAN_POINT('Origin',(-25.065765201976,60.5141103018701,3.06));
#9767=CARTESIAN_POINT('Origin',(-25.065765201976,60.5141103018701,1.56));
#9768=CARTESIAN_POINT('Origin',(-64.9396394098211,-8.54946572072781,3.06));
#9769=CARTESIAN_POINT('',(-63.9481945336736,-8.41893952656277,1.56));
#9770=CARTESIAN_POINT('Origin',(-64.9396394098211,-8.54946572072781,1.56));
#9771=CARTESIAN_POINT('',(-63.9481945336736,-8.41893952656277,3.06));
#9772=CARTESIAN_POINT('',(-63.9481945336736,-8.41893952656277,3.06));
#9773=CARTESIAN_POINT('Origin',(-64.9396394098211,-8.54946572072781,3.06));
#9774=CARTESIAN_POINT('Origin',(-64.9396394098211,-8.54946572072781,1.56));
#9775=CARTESIAN_POINT('Origin',(-51.9646445811423,-39.8738742078451,3.06));
#9776=CARTESIAN_POINT('',(-51.1712912290292,-39.2651127697651,1.56));
#9777=CARTESIAN_POINT('Origin',(-51.9646445811423,-39.8738742078451,1.56));
#9778=CARTESIAN_POINT('',(-51.1712912290292,-39.2651127697651,3.06));
#9779=CARTESIAN_POINT('',(-51.1712912290292,-39.2651127697651,3.06));
#9780=CARTESIAN_POINT('Origin',(-51.9646445811423,-39.8738742078451,3.06));
#9781=CARTESIAN_POINT('Origin',(-51.9646445811423,-39.8738742078451,1.56));
#9782=CARTESIAN_POINT('Origin',(60.5141103018701,25.065765201976,3.06));
#9783=CARTESIAN_POINT('',(59.5902307555919,24.6830817639085,1.56));
#9784=CARTESIAN_POINT('Origin',(60.5141103018701,25.065765201976,1.56));
#9785=CARTESIAN_POINT('',(59.5902307555919,24.6830817639085,3.06));
#9786=CARTESIAN_POINT('',(59.5902307555919,24.6830817639085,3.06));
#9787=CARTESIAN_POINT('Origin',(60.5141103018701,25.065765201976,3.06));
#9788=CARTESIAN_POINT('Origin',(60.5141103018701,25.065765201976,1.56));
#9789=CARTESIAN_POINT('Ctrl Pts',(-33.1062969169351,-30.8328624809576,3.66));
#9790=CARTESIAN_POINT('Ctrl Pts',(-33.6111219219954,-30.4454991659359,3.66));
#9791=CARTESIAN_POINT('Ctrl Pts',(-34.1159469270557,-30.0581358509143,3.66));
#9792=CARTESIAN_POINT('Ctrl Pts',(-34.620771932116,-29.6707725358927,3.66));
#9793=CARTESIAN_POINT('Ctrl Pts',(-32.9464126799481,-30.6244959227007,3.66));
#9794=CARTESIAN_POINT('Ctrl Pts',(-33.4512376850084,-30.2371326076791,3.66));
#9795=CARTESIAN_POINT('Ctrl Pts',(-33.9560626900686,-29.8497692926574,3.66));
#9796=CARTESIAN_POINT('Ctrl Pts',(-34.4608876951289,-29.4624059776358,3.66));
#9797=CARTESIAN_POINT('Ctrl Pts',(-32.6136706051195,-30.1908551697044,3.83756581114931));
#9798=CARTESIAN_POINT('Ctrl Pts',(-33.1184956101797,-29.8034918546828,3.83756581114931));
#9799=CARTESIAN_POINT('Ctrl Pts',(-33.62332061524,-29.4161285396611,3.83756581114931));
#9800=CARTESIAN_POINT('Ctrl Pts',(-34.1281456203003,-29.0287652246395,3.83756581114931));
#9801=CARTESIAN_POINT('Ctrl Pts',(-32.0855451689411,-29.5025841960416,4.62414534024062));
#9802=CARTESIAN_POINT('Ctrl Pts',(-32.5903701740014,-29.11522088102,4.62414534024062));
#9803=CARTESIAN_POINT('Ctrl Pts',(-33.0951951790617,-28.7278575659983,4.62414534024062));
#9804=CARTESIAN_POINT('Ctrl Pts',(-33.600020184122,-28.3404942509767,4.62414534024062));
#9805=CARTESIAN_POINT('Ctrl Pts',(-31.5946964119785,-28.8628934545379,5.69774372120286));
#9806=CARTESIAN_POINT('Ctrl Pts',(-32.0995214170387,-28.4755301395163,5.69774372120286));
#9807=CARTESIAN_POINT('Ctrl Pts',(-32.604346422099,-28.0881668244947,5.69774372120286));
#9808=CARTESIAN_POINT('Ctrl Pts',(-33.1091714271593,-27.700803509473,5.69774372120286));
#9809=CARTESIAN_POINT('Ctrl Pts',(-31.3119120519386,-28.4943592891895,6.87847119567219));
#9810=CARTESIAN_POINT('Ctrl Pts',(-31.8167370569989,-28.1069959741679,6.87847119567219));
#9811=CARTESIAN_POINT('Ctrl Pts',(-32.3215620620592,-27.7196326591463,6.87847119567219));
#9812=CARTESIAN_POINT('Ctrl Pts',(-32.8263870671195,-27.3322693441246,6.87847119567219));
#9813=CARTESIAN_POINT('Ctrl Pts',(-31.2800201540539,-28.4527966866232,7.48490689227762));
#9814=CARTESIAN_POINT('Ctrl Pts',(-31.7848451591142,-28.0654333716016,7.48490689227762));
#9815=CARTESIAN_POINT('Ctrl Pts',(-32.2896701641745,-27.67807005658,7.48490689227762));
#9816=CARTESIAN_POINT('Ctrl Pts',(-32.7944951692348,-27.2907067415583,7.48490689227762));
#9817=CARTESIAN_POINT('Ctrl Pts',(-31.2800201540539,-28.4527966866232,7.66));
#9818=CARTESIAN_POINT('Ctrl Pts',(-31.7848451591142,-28.0654333716016,7.66));
#9819=CARTESIAN_POINT('Ctrl Pts',(-32.2896701641745,-27.67807005658,7.66));
#9820=CARTESIAN_POINT('Ctrl Pts',(-32.7944951692348,-27.2907067415583,7.66));
#9821=CARTESIAN_POINT('',(-31.5933542784676,-28.2123685304788,7.66));
#9822=CARTESIAN_POINT('',(-32.481151596058,-27.5311421479463,7.66));
#9823=CARTESIAN_POINT('Ctrl Pts',(-31.5933542784676,-28.2123685304788,7.66));
#9824=CARTESIAN_POINT('Ctrl Pts',(-31.8892867176644,-27.9852930696346,7.66));
#9825=CARTESIAN_POINT('Ctrl Pts',(-32.1852191568612,-27.7582176087905,7.66));
#9826=CARTESIAN_POINT('Ctrl Pts',(-32.481151596058,-27.5311421479463,7.66));
#9827=CARTESIAN_POINT('',(-34.6207719321159,-29.6707725358927,3.66));
#9828=CARTESIAN_POINT('Ctrl Pts',(-32.481151596058,-27.5311421479463,7.66));
#9829=CARTESIAN_POINT('Ctrl Pts',(-32.481151596058,-27.5311421479463,7.33270793808687));
#9830=CARTESIAN_POINT('Ctrl Pts',(-32.5320031908028,-27.581993981617,6.95462654239765));
#9831=CARTESIAN_POINT('Ctrl Pts',(-32.7847268767844,-27.8347188548909,5.92779534645701));
#9832=CARTESIAN_POINT('Ctrl Pts',(-33.0475398456111,-28.0975330582452,5.28769534402345));
#9833=CARTESIAN_POINT('Ctrl Pts',(-33.5887140707918,-28.638709825822,4.39724902330049));
#9834=CARTESIAN_POINT('Ctrl Pts',(-33.8290643350928,-28.8790612194449,4.10327826019714));
#9835=CARTESIAN_POINT('Ctrl Pts',(-34.1587609536717,-29.2087593869313,3.8321702129517));
#9836=CARTESIAN_POINT('Ctrl Pts',(-34.2618582757476,-29.3118571933484,3.76353877813556));
#9837=CARTESIAN_POINT('Ctrl Pts',(-34.4484359693701,-29.4984357635023,3.68301710173014));
#9838=CARTESIAN_POINT('Ctrl Pts',(-34.533259730647,-29.5832599232806,3.66055371230762));
#9839=CARTESIAN_POINT('Ctrl Pts',(-34.6186889909,-29.6686895848918,3.66000336469052));
#9840=CARTESIAN_POINT('Ctrl Pts',(-34.6197304615232,-29.6697310604072,3.66));
#9841=CARTESIAN_POINT('Ctrl Pts',(-34.6207719321159,-29.6707725358927,3.66));
#9842=CARTESIAN_POINT('',(-33.1062969169351,-30.8328624809576,3.66));
#9843=CARTESIAN_POINT('Ctrl Pts',(-34.620771932116,-29.6707725358927,3.66));
#9844=CARTESIAN_POINT('Ctrl Pts',(-34.1159469270557,-30.0581358509143,3.66));
#9845=CARTESIAN_POINT('Ctrl Pts',(-33.6111219219954,-30.4454991659359,3.66));
#9846=CARTESIAN_POINT('Ctrl Pts',(-33.1062969169351,-30.8328624809576,3.66));
#9847=CARTESIAN_POINT('Ctrl Pts',(-31.5933542784676,-28.2123685304788,7.66));
#9848=CARTESIAN_POINT('Ctrl Pts',(-31.5933542784676,-28.2123685304788,7.33270777934807));
#9849=CARTESIAN_POINT('Ctrl Pts',(-31.6293118823825,-28.2746489376753,6.9546261794603));
#9850=CARTESIAN_POINT('Ctrl Pts',(-31.8080149342499,-28.5841717539728,5.92779474822013));
#9851=CARTESIAN_POINT('Ctrl Pts',(-31.9938521279915,-28.9060512682691,5.28769476383513));
#9852=CARTESIAN_POINT('Ctrl Pts',(-32.3765204801706,-29.5688524058457,4.39724929201272));
#9853=CARTESIAN_POINT('Ctrl Pts',(-32.5464737260984,-29.8632201114285,4.10327903185614));
#9854=CARTESIAN_POINT('Ctrl Pts',(-32.7796044699896,-30.267014471178,3.83217101887753));
#9855=CARTESIAN_POINT('Ctrl Pts',(-32.8525053334631,-30.393282491421,3.76353951077826));
#9856=CARTESIAN_POINT('Ctrl Pts',(-32.9844358291897,-30.6217928507242,3.68301752758644));
#9857=CARTESIAN_POINT('Ctrl Pts',(-33.0444153842473,-30.7256805046024,3.6605539527966));
#9858=CARTESIAN_POINT('Ctrl Pts',(-33.1048234227201,-30.8303103136936,3.66000336756879));
#9859=CARTESIAN_POINT('Ctrl Pts',(-33.1055601698385,-30.8315863973437,3.66));
#9860=CARTESIAN_POINT('Ctrl Pts',(-33.1062969169351,-30.8328624809576,3.66));
#9861=CARTESIAN_POINT('Ctrl Pts',(-34.6207719321159,-29.6707725358927,3.66));
#9862=CARTESIAN_POINT('Ctrl Pts',(-35.0081419484026,-29.1659437082074,3.66));
#9863=CARTESIAN_POINT('Ctrl Pts',(-35.3955119646892,-28.6611148805222,3.66));
#9864=CARTESIAN_POINT('Ctrl Pts',(-35.7828819809758,-28.1562860528369,3.66));
#9865=CARTESIAN_POINT('Ctrl Pts',(-34.4124061249922,-29.5108873200083,3.66));
#9866=CARTESIAN_POINT('Ctrl Pts',(-34.7997761412788,-29.006058492323,3.66));
#9867=CARTESIAN_POINT('Ctrl Pts',(-35.1871461575654,-28.5012296646378,3.66));
#9868=CARTESIAN_POINT('Ctrl Pts',(-35.574516173852,-27.9964008369526,3.66));
#9869=CARTESIAN_POINT('Ctrl Pts',(-33.9787669353777,-29.1781432080809,3.83756581098384));
#9870=CARTESIAN_POINT('Ctrl Pts',(-34.3661369516643,-28.6733143803957,3.83756581098384));
#9871=CARTESIAN_POINT('Ctrl Pts',(-34.7535069679509,-28.1684855527104,3.83756581098384));
#9872=CARTESIAN_POINT('Ctrl Pts',(-35.1408769842375,-27.6636567250252,3.83756581098384));
#9873=CARTESIAN_POINT('Ctrl Pts',(-33.2904984428146,-28.6500145384164,4.62414534009711));
#9874=CARTESIAN_POINT('Ctrl Pts',(-33.6778684591012,-28.1451857107311,4.62414534009711));
#9875=CARTESIAN_POINT('Ctrl Pts',(-34.0652384753878,-27.6403568830459,4.62414534009711));
#9876=CARTESIAN_POINT('Ctrl Pts',(-34.4526084916745,-27.1355280553606,4.62414534009711));
#9877=CARTESIAN_POINT('Ctrl Pts',(-32.6508100072881,-28.1591627761974,5.69774372108305));
#9878=CARTESIAN_POINT('Ctrl Pts',(-33.0381800235747,-27.6543339485121,5.69774372108305));
#9879=CARTESIAN_POINT('Ctrl Pts',(-33.4255500398613,-27.1495051208269,5.69774372108305));
#9880=CARTESIAN_POINT('Ctrl Pts',(-33.812920056148,-26.6446762931416,5.69774372108305));
#9881=CARTESIAN_POINT('Ctrl Pts',(-32.2822771704165,-27.8763766847697,6.87847119558956));
#9882=CARTESIAN_POINT('Ctrl Pts',(-32.6696471867031,-27.3715478570845,6.87847119558956));
#9883=CARTESIAN_POINT('Ctrl Pts',(-33.0570172029897,-26.8667190293992,6.87847119558956));
#9884=CARTESIAN_POINT('Ctrl Pts',(-33.4443872192764,-26.361890201714,6.87847119558956));
#9885=CARTESIAN_POINT('Ctrl Pts',(-32.240714717595,-27.8444845915622,7.48490689227762));
#9886=CARTESIAN_POINT('Ctrl Pts',(-32.6280847338816,-27.3396557638769,7.48490689227762));
#9887=CARTESIAN_POINT('Ctrl Pts',(-33.0154547501682,-26.8348269361917,7.48490689227762));
#9888=CARTESIAN_POINT('Ctrl Pts',(-33.4028247664548,-26.3299981085065,7.48490689227762));
#9889=CARTESIAN_POINT('Ctrl Pts',(-32.240714717595,-27.8444845915622,7.66));
#9890=CARTESIAN_POINT('Ctrl Pts',(-32.6280847338816,-27.3396557638769,7.66));
#9891=CARTESIAN_POINT('Ctrl Pts',(-33.0154547501682,-26.8348269361917,7.66));
#9892=CARTESIAN_POINT('Ctrl Pts',(-33.4028247664548,-26.3299981085065,7.66));
#9893=CARTESIAN_POINT('',(-33.1623880304879,-26.6433403664184,7.66));
#9894=CARTESIAN_POINT('Ctrl Pts',(-32.481151596058,-27.5311421479463,7.66));
#9895=CARTESIAN_POINT('Ctrl Pts',(-32.7082304075346,-27.2352082207704,7.66));
#9896=CARTESIAN_POINT('Ctrl Pts',(-32.9353092190113,-26.9392742935944,7.66));
#9897=CARTESIAN_POINT('Ctrl Pts',(-33.1623880304879,-26.6433403664184,7.66));
#9898=CARTESIAN_POINT('',(-35.7828819809758,-28.1562860528369,3.66));
#9899=CARTESIAN_POINT('Ctrl Pts',(-33.1623880304879,-26.6433403664185,7.66));
#9900=CARTESIAN_POINT('Ctrl Pts',(-33.1623880304879,-26.6433403664185,7.33270793148577));
#9901=CARTESIAN_POINT('Ctrl Pts',(-33.2246683797384,-26.6792980093604,6.95462652728977));
#9902=CARTESIAN_POINT('Ctrl Pts',(-33.5341910186758,-26.8580013188439,5.927795282948));
#9903=CARTESIAN_POINT('Ctrl Pts',(-33.8560704889271,-27.0438388612762,5.28769524260865));
#9904=CARTESIAN_POINT('Ctrl Pts',(-34.5188721557489,-27.4265082898859,4.39724888420317));
#9905=CARTESIAN_POINT('Ctrl Pts',(-34.8132404956222,-27.5964622446709,4.10327811750855));
#9906=CARTESIAN_POINT('Ctrl Pts',(-35.2170355215502,-27.829593842842,3.83217010926098));
#9907=CARTESIAN_POINT('Ctrl Pts',(-35.3433036763823,-27.902494930873,3.76353869221071));
#9908=CARTESIAN_POINT('Ctrl Pts',(-35.5718141729437,-28.0344257716199,3.68301705737839));
#9909=CARTESIAN_POINT('Ctrl Pts',(-35.6757018267,-28.0944054474617,3.66055368921991));
#9910=CARTESIAN_POINT('Ctrl Pts',(-35.7803310091543,-28.1548132458438,3.66000336441477));
#9911=CARTESIAN_POINT('Ctrl Pts',(-35.7816064950833,-28.1555496493513,3.66));
#9912=CARTESIAN_POINT('Ctrl Pts',(-35.7828819809758,-28.1562860528369,3.66));
#9913=CARTESIAN_POINT('Ctrl Pts',(-35.7828819809758,-28.1562860528369,3.66));
#9914=CARTESIAN_POINT('Ctrl Pts',(-35.3955119646892,-28.6611148805222,3.66));
#9915=CARTESIAN_POINT('Ctrl Pts',(-35.0081419484026,-29.1659437082074,3.66));
#9916=CARTESIAN_POINT('Ctrl Pts',(-34.6207719321159,-29.6707725358927,3.66));
#9917=CARTESIAN_POINT('Ctrl Pts',(-35.7828819809758,-28.1562860528369,3.66));
#9918=CARTESIAN_POINT('Ctrl Pts',(-36.0391407952617,-27.5376226622775,3.66));
#9919=CARTESIAN_POINT('Ctrl Pts',(-36.2953996095477,-26.9189592717181,3.66));
#9920=CARTESIAN_POINT('Ctrl Pts',(-36.5516584238337,-26.3002958811587,3.66));
#9921=CARTESIAN_POINT('Ctrl Pts',(-35.5402345797821,-28.0557781898078,3.66));
#9922=CARTESIAN_POINT('Ctrl Pts',(-35.796493394068,-27.4371147992484,3.66));
#9923=CARTESIAN_POINT('Ctrl Pts',(-36.052752208354,-26.818451408689,3.66));
#9924=CARTESIAN_POINT('Ctrl Pts',(-36.30901102264,-26.1997880181296,3.66));
#9925=CARTESIAN_POINT('Ctrl Pts',(-35.0352313716666,-27.8465989732952,3.83758216183448));
#9926=CARTESIAN_POINT('Ctrl Pts',(-35.2914901859526,-27.2279355827358,3.83758216183448));
#9927=CARTESIAN_POINT('Ctrl Pts',(-35.5477490002385,-26.6092721921764,3.83758216183448));
#9928=CARTESIAN_POINT('Ctrl Pts',(-35.8040078145245,-25.9906088016169,3.83758216183448));
#9929=CARTESIAN_POINT('Ctrl Pts',(-34.2337274865061,-27.5146051323939,4.62415955009948));
#9930=CARTESIAN_POINT('Ctrl Pts',(-34.489986300792,-26.8959417418345,4.62415955009948));
#9931=CARTESIAN_POINT('Ctrl Pts',(-34.746245115078,-26.2772783512751,4.62415955009948));
#9932=CARTESIAN_POINT('Ctrl Pts',(-35.002503929364,-25.6586149607157,4.62415955009948));
#9933=CARTESIAN_POINT('Ctrl Pts',(-33.4887960674481,-27.2060443785411,5.69775559686002));
#9934=CARTESIAN_POINT('Ctrl Pts',(-33.7450548817341,-26.5873809879817,5.69775559686002));
#9935=CARTESIAN_POINT('Ctrl Pts',(-34.0013136960201,-25.9687175974222,5.69775559686002));
#9936=CARTESIAN_POINT('Ctrl Pts',(-34.257572510306,-25.3500542068628,5.69775559686002));
#9937=CARTESIAN_POINT('Ctrl Pts',(-33.0596344704592,-27.0282797917566,6.8784793799468));
#9938=CARTESIAN_POINT('Ctrl Pts',(-33.3158932847451,-26.4096164011972,6.8784793799468));
#9939=CARTESIAN_POINT('Ctrl Pts',(-33.5721520990311,-25.7909530106378,6.8784793799468));
#9940=CARTESIAN_POINT('Ctrl Pts',(-33.8284109133171,-25.1722896200784,6.8784793799468));
#9941=CARTESIAN_POINT('Ctrl Pts',(-33.0112434584769,-27.0082355745912,7.48490689227762));
#9942=CARTESIAN_POINT('Ctrl Pts',(-33.2675022727629,-26.3895721840318,7.48490689227762));
#9943=CARTESIAN_POINT('Ctrl Pts',(-33.5237610870489,-25.7709087934724,7.48490689227762));
#9944=CARTESIAN_POINT('Ctrl Pts',(-33.7800199013348,-25.1522454029129,7.48490689227762));
#9945=CARTESIAN_POINT('Ctrl Pts',(-33.0112434584769,-27.0082355745912,7.66));
#9946=CARTESIAN_POINT('Ctrl Pts',(-33.2675022727629,-26.3895721840318,7.66));
#9947=CARTESIAN_POINT('Ctrl Pts',(-33.5237610870489,-25.7709087934724,7.66));
#9948=CARTESIAN_POINT('Ctrl Pts',(-33.7800199013348,-25.1522454029129,7.66));
#9949=CARTESIAN_POINT('',(-33.6097530119169,-25.5633059605794,7.66));
#9950=CARTESIAN_POINT('Ctrl Pts',(-33.1623880304879,-26.6433403664184,7.66));
#9951=CARTESIAN_POINT('Ctrl Pts',(-33.3115096909642,-26.2833288978054,7.66));
#9952=CARTESIAN_POINT('Ctrl Pts',(-33.4606313514405,-25.9233174291924,7.66));
#9953=CARTESIAN_POINT('Ctrl Pts',(-33.6097530119169,-25.5633059605794,7.66));
#9954=CARTESIAN_POINT('',(-36.5516584238337,-26.3002958811587,3.66));
#9955=CARTESIAN_POINT('Ctrl Pts',(-33.6097530119169,-25.5633059605794,7.66));
#9956=CARTESIAN_POINT('Ctrl Pts',(-33.6097530119169,-25.5633059605794,7.33354759825694));
#9957=CARTESIAN_POINT('Ctrl Pts',(-33.6793137837317,-25.5807319415732,6.9565466273097));
#9958=CARTESIAN_POINT('Ctrl Pts',(-34.0251266271195,-25.6673630681075,5.93244894202284));
#9959=CARTESIAN_POINT('Ctrl Pts',(-34.3848527129459,-25.7574796632119,5.29374578582124));
#9960=CARTESIAN_POINT('Ctrl Pts',(-35.1279959694618,-25.9436478137172,4.40162175819254));
#9961=CARTESIAN_POINT('Ctrl Pts',(-35.4594900276292,-26.0266918773327,4.10593048759918));
#9962=CARTESIAN_POINT('Ctrl Pts',(-35.9143638429659,-26.1406443571373,3.83319098667678));
#9963=CARTESIAN_POINT('Ctrl Pts',(-36.0566093895661,-26.1762789270445,3.76414494646077));
#9964=CARTESIAN_POINT('Ctrl Pts',(-36.3139824426809,-26.2407546050118,3.68315354402972));
#9965=CARTESIAN_POINT('Ctrl Pts',(-36.4309802188697,-26.2700642427741,3.66055514309487));
#9966=CARTESIAN_POINT('Ctrl Pts',(-36.5487955984714,-26.299578701934,3.66000336199314));
#9967=CARTESIAN_POINT('Ctrl Pts',(-36.5502270111901,-26.2999372915568,3.66));
#9968=CARTESIAN_POINT('Ctrl Pts',(-36.5516584238337,-26.3002958811587,3.66));
#9969=CARTESIAN_POINT('Ctrl Pts',(-36.5516584238337,-26.3002958811587,3.66));
#9970=CARTESIAN_POINT('Ctrl Pts',(-36.2953996095477,-26.9189592717181,3.66));
#9971=CARTESIAN_POINT('Ctrl Pts',(-36.0391407952617,-27.5376226622775,3.66));
#9972=CARTESIAN_POINT('Ctrl Pts',(-35.7828819809758,-28.1562860528369,3.66));
#9973=CARTESIAN_POINT('Ctrl Pts',(-36.5516584238337,-26.3002958811587,3.66));
#9974=CARTESIAN_POINT('Ctrl Pts',(-36.6010783018615,-25.7987934206439,3.66));
#9975=CARTESIAN_POINT('Ctrl Pts',(-36.6504981798894,-25.2972909601292,3.66));
#9976=CARTESIAN_POINT('Ctrl Pts',(-36.6999180579173,-24.7957884996144,3.66));
#9977=CARTESIAN_POINT('Ctrl Pts',(-36.2902847761738,-26.2745391704662,3.66));
#9978=CARTESIAN_POINT('Ctrl Pts',(-36.3397046542016,-25.7730367099515,3.66));
#9979=CARTESIAN_POINT('Ctrl Pts',(-36.3891245322295,-25.2715342494367,3.66));
#9980=CARTESIAN_POINT('Ctrl Pts',(-36.4385444102574,-24.7700317889219,3.66));
#9981=CARTESIAN_POINT('Ctrl Pts',(-35.7462602666726,-26.2209290149425,3.83762017800624));
#9982=CARTESIAN_POINT('Ctrl Pts',(-35.7956801447005,-25.7194265544278,3.83762017800624));
#9983=CARTESIAN_POINT('Ctrl Pts',(-35.8451000227283,-25.217924093913,3.83762017800624));
#9984=CARTESIAN_POINT('Ctrl Pts',(-35.8945199007562,-24.7164216333982,3.83762017800624));
#9985=CARTESIAN_POINT('Ctrl Pts',(-34.8829069492515,-26.135851036266,4.62419280715259));
#9986=CARTESIAN_POINT('Ctrl Pts',(-34.9323268272794,-25.6343485757513,4.62419280715259));
#9987=CARTESIAN_POINT('Ctrl Pts',(-34.9817467053072,-25.1328461152365,4.62419280715259));
#9988=CARTESIAN_POINT('Ctrl Pts',(-35.0311665833351,-24.6313436547217,4.62419280715259));
#9989=CARTESIAN_POINT('Ctrl Pts',(-34.0804916145541,-26.0567781082335,5.69778348152003));
#9990=CARTESIAN_POINT('Ctrl Pts',(-34.129911492582,-25.5552756477187,5.69778348152003));
#9991=CARTESIAN_POINT('Ctrl Pts',(-34.1793313706098,-25.0537731872039,5.69778348152003));
#9992=CARTESIAN_POINT('Ctrl Pts',(-34.2287512486377,-24.5522707266892,5.69778348152003));
#9993=CARTESIAN_POINT('Ctrl Pts',(-33.6182209418342,-26.0112242733865,6.87849855748708));
#9994=CARTESIAN_POINT('Ctrl Pts',(-33.6676408198621,-25.5097218128717,6.87849855748708));
#9995=CARTESIAN_POINT('Ctrl Pts',(-33.7170606978899,-25.0082193523569,6.87849855748708));
#9996=CARTESIAN_POINT('Ctrl Pts',(-33.7664805759178,-24.5067168918422,6.87849855748708));
#9997=CARTESIAN_POINT('Ctrl Pts',(-33.5661194604804,-26.0060900037541,7.48490689227762));
#9998=CARTESIAN_POINT('Ctrl Pts',(-33.6155393385083,-25.5045875432393,7.48490689227762));
#9999=CARTESIAN_POINT('Ctrl Pts',(-33.6649592165361,-25.0030850827246,7.48490689227762));
#10000=CARTESIAN_POINT('Ctrl Pts',(-33.714379094564,-24.5015826222098,7.48490689227762));
#10001=CARTESIAN_POINT('Ctrl Pts',(-33.5661194604804,-26.0060900037541,
7.66));
#10002=CARTESIAN_POINT('Ctrl Pts',(-33.6155393385083,-25.5045875432393,
7.66));
#10003=CARTESIAN_POINT('Ctrl Pts',(-33.6649592165361,-25.0030850827246,
7.66));
#10004=CARTESIAN_POINT('Ctrl Pts',(-33.714379094564,-24.5015826222098,7.66));
#10005=CARTESIAN_POINT('',(-33.6999610289586,-24.6478940998073,7.66));
#10006=CARTESIAN_POINT('Ctrl Pts',(-33.6097530119168,-25.5633059605794,
7.66));
#10007=CARTESIAN_POINT('Ctrl Pts',(-33.6398223509308,-25.2581686736553,
7.66));
#10008=CARTESIAN_POINT('Ctrl Pts',(-33.6698916899447,-24.9530313867313,
7.66));
#10009=CARTESIAN_POINT('Ctrl Pts',(-33.6999610289586,-24.6478940998073,
7.66));
#10010=CARTESIAN_POINT('',(-36.6999180579172,-24.7957884996146,3.66));
#10011=CARTESIAN_POINT('Ctrl Pts',(-33.6999610289586,-24.6478940998073,
7.66));
#10012=CARTESIAN_POINT('Ctrl Pts',(-33.6999610289586,-24.6478940998073,
7.32997793147372));
#10013=CARTESIAN_POINT('Ctrl Pts',(-33.7724548435187,-24.6514679607295,
6.94837970274353));
#10014=CARTESIAN_POINT('Ctrl Pts',(-34.1354632715286,-24.6693638549265,
5.90376951892367));
#10015=CARTESIAN_POINT('Ctrl Pts',(-34.5120510937897,-24.6879291974989,
5.26137173632471));
#10016=CARTESIAN_POINT('Ctrl Pts',(-35.26812358097,-24.7252026936265,4.38317721396613));
#10017=CARTESIAN_POINT('Ctrl Pts',(-35.6016997431631,-24.7416476112396,
4.09477930086951));
#10018=CARTESIAN_POINT('Ctrl Pts',(-36.0588006029525,-24.7641821531023,
3.8289264555333));
#10019=CARTESIAN_POINT('Ctrl Pts',(-36.2017259399408,-24.771228206395,3.76162662609754));
#10020=CARTESIAN_POINT('Ctrl Pts',(-36.4605566384517,-24.7839882594352,
3.68260191290836));
#10021=CARTESIAN_POINT('Ctrl Pts',(-36.5782699929096,-24.7897913912137,
3.66056321128716));
#10022=CARTESIAN_POINT('Ctrl Pts',(-36.6969195907268,-24.7956406786609,
3.6600035467706));
#10023=CARTESIAN_POINT('Ctrl Pts',(-36.6984188242849,-24.7957145891365,
3.66));
#10024=CARTESIAN_POINT('Ctrl Pts',(-36.6999180579172,-24.7957884996146,
3.66));
#10025=CARTESIAN_POINT('Ctrl Pts',(-36.6999180579173,-24.7957884996144,
3.66));
#10026=CARTESIAN_POINT('Ctrl Pts',(-36.6504981798894,-25.2972909601292,
3.66));
#10027=CARTESIAN_POINT('Ctrl Pts',(-36.6010783018615,-25.7987934206439,
3.66));
#10028=CARTESIAN_POINT('Ctrl Pts',(-36.5516584238337,-26.3002958811587,
3.66));
#10029=CARTESIAN_POINT('Ctrl Pts',(-36.6999180579173,-24.7957884996146,
3.66));
#10030=CARTESIAN_POINT('Ctrl Pts',(-36.7035790049591,-12.2330654625686,
3.66));
#10031=CARTESIAN_POINT('Ctrl Pts',(-36.7072399520009,0.329657574477449,
3.66));
#10032=CARTESIAN_POINT('Ctrl Pts',(-36.7109008990428,12.8923806115235,3.66));
#10033=CARTESIAN_POINT('Ctrl Pts',(-36.4372784074856,-24.7957119628758,
3.66));
#10034=CARTESIAN_POINT('Ctrl Pts',(-36.4409393545274,-12.2329889258298,
3.66));
#10035=CARTESIAN_POINT('Ctrl Pts',(-36.4446003015693,0.329734111216222,
3.66));
#10036=CARTESIAN_POINT('Ctrl Pts',(-36.4482612486111,12.8924571482623,3.66));
#10037=CARTESIAN_POINT('Ctrl Pts',(-35.8906290284507,-24.7955526618691,
3.83761211113928));
#10038=CARTESIAN_POINT('Ctrl Pts',(-35.8942899754925,-12.2328296248231,
3.83761211113928));
#10039=CARTESIAN_POINT('Ctrl Pts',(-35.8979509225344,0.329893412222957,
3.83761211113928));
#10040=CARTESIAN_POINT('Ctrl Pts',(-35.9016118695762,12.892616449269,3.83761211113928));
#10041=CARTESIAN_POINT('Ctrl Pts',(-35.0230925951594,-24.795299850044,4.62418572500702));
#10042=CARTESIAN_POINT('Ctrl Pts',(-35.0267535422012,-12.232576812998,4.62418572500702));
#10043=CARTESIAN_POINT('Ctrl Pts',(-35.030414489243,0.330146224048042,4.62418572500702));
#10044=CARTESIAN_POINT('Ctrl Pts',(-35.0340754362849,12.8928692610941,4.62418572500702));
#10045=CARTESIAN_POINT('Ctrl Pts',(-34.2167893749868,-24.7950648824036,
5.69777753304387));
#10046=CARTESIAN_POINT('Ctrl Pts',(-34.2204503220286,-12.2323418453576,
5.69777753304387));
#10047=CARTESIAN_POINT('Ctrl Pts',(-34.2241112690705,0.330381191688429,
5.69777753304387));
#10048=CARTESIAN_POINT('Ctrl Pts',(-34.2277722161123,12.8931042287345,5.69777753304387));
#10049=CARTESIAN_POINT('Ctrl Pts',(-33.7522771872437,-24.794929517283,6.8784944708979));
#10050=CARTESIAN_POINT('Ctrl Pts',(-33.7559381342855,-12.2322064802369,
6.8784944708979));
#10051=CARTESIAN_POINT('Ctrl Pts',(-33.7595990813274,0.330516556809064,
6.8784944708979));
#10052=CARTESIAN_POINT('Ctrl Pts',(-33.7632600283692,12.8932395938551,6.8784944708979));
#10053=CARTESIAN_POINT('Ctrl Pts',(-33.6999181853,-24.7949142591632,7.48490689227762));
#10054=CARTESIAN_POINT('Ctrl Pts',(-33.7035791323418,-12.2321912221172,
7.48490689227762));
#10055=CARTESIAN_POINT('Ctrl Pts',(-33.7072400793836,0.330531814928894,
7.48490689227762));
#10056=CARTESIAN_POINT('Ctrl Pts',(-33.7109010264255,12.8932548519749,7.48490689227762));
#10057=CARTESIAN_POINT('Ctrl Pts',(-33.6999181853,-24.7949142591632,7.66));
#10058=CARTESIAN_POINT('Ctrl Pts',(-33.7035791323418,-12.2321912221171,
7.66));
#10059=CARTESIAN_POINT('Ctrl Pts',(-33.7072400793836,0.330531814928885,
7.66));
#10060=CARTESIAN_POINT('Ctrl Pts',(-33.7109010264255,12.8932548519749,7.66));
#10061=CARTESIAN_POINT('',(-33.7108435995214,12.6961915557624,7.66));
#10062=CARTESIAN_POINT('Ctrl Pts',(-33.6999610289586,-24.6478940998073,
7.66));
#10063=CARTESIAN_POINT('Ctrl Pts',(-33.7035885524795,-12.1998655479507,
7.66));
#10064=CARTESIAN_POINT('Ctrl Pts',(-33.7072160760004,0.248163003905814,
7.66));
#10065=CARTESIAN_POINT('Ctrl Pts',(-33.7108435995214,12.6961915557624,7.66));
#10066=CARTESIAN_POINT('',(-36.7109008990428,12.8923806115234,3.66));
#10067=CARTESIAN_POINT('Ctrl Pts',(-33.7108435995214,12.6961915557624,7.66));
#10068=CARTESIAN_POINT('Ctrl Pts',(-33.7108435995214,12.6961915557624,7.33033132946394));
#10069=CARTESIAN_POINT('Ctrl Pts',(-33.7831845936559,12.700922302516,6.94918869900147));
#10070=CARTESIAN_POINT('Ctrl Pts',(-34.1423855542756,12.7244122862917,5.91463675291523));
#10071=CARTESIAN_POINT('Ctrl Pts',(-34.5156000938782,12.7488186895113,5.27062036910736));
#10072=CARTESIAN_POINT('Ctrl Pts',(-35.2771030615004,12.7986172544265,4.38497033269798));
#10073=CARTESIAN_POINT('Ctrl Pts',(-35.6111513132047,12.8204623743797,4.0958436346672));
#10074=CARTESIAN_POINT('Ctrl Pts',(-36.0689543921945,12.8504004539102,3.82931669148238));
#10075=CARTESIAN_POINT('Ctrl Pts',(-36.2120994702634,12.8597614407698,3.76184810670646));
#10076=CARTESIAN_POINT('Ctrl Pts',(-36.4713028260624,12.8767120708904,3.68264078531391));
#10077=CARTESIAN_POINT('Ctrl Pts',(-36.5891788178067,12.8844205835211,3.66055354064365));
#10078=CARTESIAN_POINT('Ctrl Pts',(-36.7079567106428,12.8921880760189,3.66000341929566));
#10079=CARTESIAN_POINT('Ctrl Pts',(-36.7094288048143,12.8922843437699,3.66));
#10080=CARTESIAN_POINT('Ctrl Pts',(-36.7109008990427,12.8923806115234,3.66));
#10081=CARTESIAN_POINT('Ctrl Pts',(-36.7109008990428,12.8923806115235,3.66));
#10082=CARTESIAN_POINT('Ctrl Pts',(-36.7072399520009,0.329657574477449,
3.66));
#10083=CARTESIAN_POINT('Ctrl Pts',(-36.7035790049591,-12.2330654625686,
3.66));
#10084=CARTESIAN_POINT('Ctrl Pts',(-36.6999180579173,-24.7957884996146,
3.66));
#10085=CARTESIAN_POINT('Ctrl Pts',(-36.7109008990428,12.8923806115234,3.66));
#10086=CARTESIAN_POINT('Ctrl Pts',(-36.64506611452,13.3924610586585,3.66));
#10087=CARTESIAN_POINT('Ctrl Pts',(-36.5792313299973,13.8925415057936,3.66));
#10088=CARTESIAN_POINT('Ctrl Pts',(-36.5133965454745,14.3926219529286,3.66));
#10089=CARTESIAN_POINT('Ctrl Pts',(-36.4505080176785,12.858100308556,3.66));
#10090=CARTESIAN_POINT('Ctrl Pts',(-36.3846732331557,13.3581807556911,3.66));
#10091=CARTESIAN_POINT('Ctrl Pts',(-36.318838448633,13.8582612028261,3.66));
#10092=CARTESIAN_POINT('Ctrl Pts',(-36.2530036641102,14.3583416499612,3.66));
#10093=CARTESIAN_POINT('Ctrl Pts',(-35.9086596740607,12.7867668478089,3.83751262143631));
#10094=CARTESIAN_POINT('Ctrl Pts',(-35.842824889538,13.286847294944,3.83751262143631));
#10095=CARTESIAN_POINT('Ctrl Pts',(-35.7769901050152,13.7869277420791,3.83751262143631));
#10096=CARTESIAN_POINT('Ctrl Pts',(-35.7111553204925,14.2870081892141,3.83751262143631));
#10097=CARTESIAN_POINT('Ctrl Pts',(-35.048526845855,12.673531747876,4.62409951969434));
#10098=CARTESIAN_POINT('Ctrl Pts',(-34.9826920613322,13.173612195011,4.62409951969434));
#10099=CARTESIAN_POINT('Ctrl Pts',(-34.9168572768095,13.6736926421461,4.62409951969434));
#10100=CARTESIAN_POINT('Ctrl Pts',(-34.8510224922867,14.1737730892812,4.62409951969434));
#10101=CARTESIAN_POINT('Ctrl Pts',(-34.2491054753697,12.5682892134592,5.69770559441205));
#10102=CARTESIAN_POINT('Ctrl Pts',(-34.183270690847,13.0683696605943,5.69770559441205));
#10103=CARTESIAN_POINT('Ctrl Pts',(-34.1174359063243,13.5684501077293,5.69770559441205));
#10104=CARTESIAN_POINT('Ctrl Pts',(-34.0516011218015,14.0685305548644,5.69770559441205));
#10105=CARTESIAN_POINT('Ctrl Pts',(-33.7885379355306,12.5076562394703,6.8784448443063));
#10106=CARTESIAN_POINT('Ctrl Pts',(-33.7227031510078,13.0077366866054,6.8784448443063));
#10107=CARTESIAN_POINT('Ctrl Pts',(-33.6568683664851,13.5078171337404,6.8784448443063));
#10108=CARTESIAN_POINT('Ctrl Pts',(-33.5910335819623,14.0078975808755,6.8784448443063));
#10109=CARTESIAN_POINT('Ctrl Pts',(-33.736564732971,12.5008140511563,7.48490689227762));
#10110=CARTESIAN_POINT('Ctrl Pts',(-33.6707299484483,13.0008944982913,7.48490689227762));
#10111=CARTESIAN_POINT('Ctrl Pts',(-33.6048951639255,13.5009749454264,7.48490689227762));
#10112=CARTESIAN_POINT('Ctrl Pts',(-33.5390603794028,14.0010553925615,7.48490689227762));
#10113=CARTESIAN_POINT('Ctrl Pts',(-33.736564732971,12.5008140511563,7.66));
#10114=CARTESIAN_POINT('Ctrl Pts',(-33.6707299484483,13.0008944982913,7.66));
#10115=CARTESIAN_POINT('Ctrl Pts',(-33.6048951639255,13.5009749454264,7.66));
#10116=CARTESIAN_POINT('Ctrl Pts',(-33.5390603794028,14.0010553925615,7.66));
#10117=CARTESIAN_POINT('',(-33.5906119127373,13.6094703964643,7.66));
#10118=CARTESIAN_POINT('Ctrl Pts',(-33.7108435995214,12.6961915557624,7.66));
#10119=CARTESIAN_POINT('Ctrl Pts',(-33.6707663705933,13.0006178359963,7.66));
#10120=CARTESIAN_POINT('Ctrl Pts',(-33.6306891416653,13.3050441162303,7.66));
#10121=CARTESIAN_POINT('Ctrl Pts',(-33.5906119127373,13.6094703964643,7.66));
#10122=CARTESIAN_POINT('',(-36.5133965454745,14.3926219529286,3.66));
#10123=CARTESIAN_POINT('Ctrl Pts',(-33.5906119127373,13.6094703964643,7.66));
#10124=CARTESIAN_POINT('Ctrl Pts',(-33.5906119127373,13.6094703964643,7.33270804258005));
#10125=CARTESIAN_POINT('Ctrl Pts',(-33.6600766501381,13.6280832687744,6.95462678154832));
#10126=CARTESIAN_POINT('Ctrl Pts',(-34.0053043299112,13.7205860114383,5.92779633996162));
#10127=CARTESIAN_POINT('Ctrl Pts',(-34.3643140838133,13.8167816204993,5.28769692571879));
#10128=CARTESIAN_POINT('Ctrl Pts',(-35.1035729338459,14.0148638577634,4.39725117770418));
#10129=CARTESIAN_POINT('Ctrl Pts',(-35.4318979229279,14.1028375739926,4.103280463112));
#10130=CARTESIAN_POINT('Ctrl Pts',(-35.8822728195086,14.2235142045247,3.83217181023054));
#10131=CARTESIAN_POINT('Ctrl Pts',(-36.0231067867511,14.2612502523436,3.76354010076087));
#10132=CARTESIAN_POINT('Ctrl Pts',(-36.2779775315341,14.3295421197129,3.68301778367565));
#10133=CARTESIAN_POINT('Ctrl Pts',(-36.3938494317692,14.3605896549863,3.66055406699827));
#10134=CARTESIAN_POINT('Ctrl Pts',(-36.5105493950301,14.3918590673309,3.66000336892802));
#10135=CARTESIAN_POINT('Ctrl Pts',(-36.5119729702731,14.3922405101352,3.66));
#10136=CARTESIAN_POINT('Ctrl Pts',(-36.5133965454745,14.3926219529286,3.66));
#10137=CARTESIAN_POINT('Ctrl Pts',(-36.5133965454745,14.3926219529286,3.66));
#10138=CARTESIAN_POINT('Ctrl Pts',(-36.5792313299973,13.8925415057936,3.66));
#10139=CARTESIAN_POINT('Ctrl Pts',(-36.64506611452,13.3924610586585,3.66));
#10140=CARTESIAN_POINT('Ctrl Pts',(-36.7109008990428,12.8923806115234,3.66));
#10141=CARTESIAN_POINT('Ctrl Pts',(-36.5133965454745,14.3926219529286,3.66));
#10142=CARTESIAN_POINT('Ctrl Pts',(-36.2698849173083,14.9805109195647,3.66));
#10143=CARTESIAN_POINT('Ctrl Pts',(-36.026373289142,15.5683998862009,3.66));
#10144=CARTESIAN_POINT('Ctrl Pts',(-35.7828616609757,16.156288852837,3.66));
#10145=CARTESIAN_POINT('Ctrl Pts',(-36.2707491442808,14.2921140898995,3.66));
#10146=CARTESIAN_POINT('Ctrl Pts',(-36.0272375161146,14.8800030565356,3.66));
#10147=CARTESIAN_POINT('Ctrl Pts',(-35.7837258879483,15.4678920231717,3.66));
#10148=CARTESIAN_POINT('Ctrl Pts',(-35.540214259782,16.0557809898079,3.66));
#10149=CARTESIAN_POINT('Ctrl Pts',(-35.7658682364095,14.082985531816,3.83747744926419));
#10150=CARTESIAN_POINT('Ctrl Pts',(-35.5223566082432,14.6708744984521,3.83747744926419));
#10151=CARTESIAN_POINT('Ctrl Pts',(-35.2788449800769,15.2587634650882,3.83747744926419));
#10152=CARTESIAN_POINT('Ctrl Pts',(-35.0353333519107,15.8466524317244,3.83747744926419));
#10153=CARTESIAN_POINT('Ctrl Pts',(-34.9643459807427,13.7509840816004,4.62406957250577));
#10154=CARTESIAN_POINT('Ctrl Pts',(-34.7208343525764,14.3388730482365,4.62406957250577));
#10155=CARTESIAN_POINT('Ctrl Pts',(-34.4773227244101,14.9267620148727,4.62406957250577));
#10156=CARTESIAN_POINT('Ctrl Pts',(-34.2338110962438,15.5146509815088,4.62406957250577));
#10157=CARTESIAN_POINT('Ctrl Pts',(-34.2193989840085,13.4424168752616,5.69768082123427));
#10158=CARTESIAN_POINT('Ctrl Pts',(-33.9758873558422,14.0303058418977,5.69768082123427));
#10159=CARTESIAN_POINT('Ctrl Pts',(-33.7323757276759,14.6181948085338,5.69768082123426));
#10160=CARTESIAN_POINT('Ctrl Pts',(-33.4888640995096,15.20608377517,5.69768082123426));
#10161=CARTESIAN_POINT('Ctrl Pts',(-33.7902093559999,13.2646406776465,6.87842765345906));
#10162=CARTESIAN_POINT('Ctrl Pts',(-33.5466977278336,13.8525296442826,6.87842765345906));
#10163=CARTESIAN_POINT('Ctrl Pts',(-33.3031860996673,14.4404186109187,6.87842765345906));
#10164=CARTESIAN_POINT('Ctrl Pts',(-33.059674471501,15.0283075775548,6.87842765345906));
#10165=CARTESIAN_POINT('Ctrl Pts',(-33.7417580229757,13.2445714746828,7.48490689227762));
#10166=CARTESIAN_POINT('Ctrl Pts',(-33.4982463948094,13.8324604413189,7.48490689227762));
#10167=CARTESIAN_POINT('Ctrl Pts',(-33.2547347666431,14.420349407955,7.48490689227762));
#10168=CARTESIAN_POINT('Ctrl Pts',(-33.0112231384769,15.0082383745911,7.48490689227762));
#10169=CARTESIAN_POINT('Ctrl Pts',(-33.7417580229757,13.2445714746828,7.66));
#10170=CARTESIAN_POINT('Ctrl Pts',(-33.4982463948094,13.8324604413189,7.66));
#10171=CARTESIAN_POINT('Ctrl Pts',(-33.2547347666431,14.420349407955,7.66));
#10172=CARTESIAN_POINT('Ctrl Pts',(-33.0112231384769,15.0082383745911,7.66));
#10173=CARTESIAN_POINT('',(-33.1623677104878,14.6433431664185,7.66));
#10174=CARTESIAN_POINT('Ctrl Pts',(-33.5906119127373,13.6094703964643,7.66));
#10175=CARTESIAN_POINT('Ctrl Pts',(-33.4478638453208,13.9540946531157,7.66));
#10176=CARTESIAN_POINT('Ctrl Pts',(-33.3051157779043,14.2987189097671,7.66));
#10177=CARTESIAN_POINT('Ctrl Pts',(-33.1623677104878,14.6433431664185,7.66));
#10178=CARTESIAN_POINT('',(-35.7828616609757,16.156288852837,3.66));
#10179=CARTESIAN_POINT('Ctrl Pts',(-33.1623677104879,14.6433431664185,7.66));
#10180=CARTESIAN_POINT('Ctrl Pts',(-33.1623677104879,14.6433431664185,7.33270792340552));
#10181=CARTESIAN_POINT('Ctrl Pts',(-33.2246480628327,14.6793008111043,6.95462650877921));
#10182=CARTESIAN_POINT('Ctrl Pts',(-33.5341707388611,14.8580041419988,5.92779516281918));
#10183=CARTESIAN_POINT('Ctrl Pts',(-33.8560502766249,15.0438417236737,5.28769503366741));
#10184=CARTESIAN_POINT('Ctrl Pts',(-34.5188521185258,15.4265112534119,4.3972485489799));
#10185=CARTESIAN_POINT('Ctrl Pts',(-34.8132205647395,15.5964652693284,4.1032777509531));
#10186=CARTESIAN_POINT('Ctrl Pts',(-35.2170156791998,15.8295969186138,3.83216983167596));
#10187=CARTESIAN_POINT('Ctrl Pts',(-35.3432838434494,15.9024980120943,3.76353845922003));
#10188=CARTESIAN_POINT('Ctrl Pts',(-35.5717943335429,16.0344288491175,3.68301693493294));
#10189=CARTESIAN_POINT('Ctrl Pts',(-35.6756819696429,16.0944085147275,3.66055362461745));
#10190=CARTESIAN_POINT('Ctrl Pts',(-35.7803109817541,16.1548162147775,3.66000336364301));
#10191=CARTESIAN_POINT('Ctrl Pts',(-35.7815863213835,16.155552533818,3.66));
#10192=CARTESIAN_POINT('Ctrl Pts',(-35.7828616609757,16.156288852837,3.66));
#10193=CARTESIAN_POINT('Ctrl Pts',(-35.7828616609757,16.156288852837,3.66));
#10194=CARTESIAN_POINT('Ctrl Pts',(-36.026373289142,15.5683998862009,3.66));
#10195=CARTESIAN_POINT('Ctrl Pts',(-36.2698849173083,14.9805109195647,3.66));
#10196=CARTESIAN_POINT('Ctrl Pts',(-36.5133965454745,14.3926219529286,3.66));
#10197=CARTESIAN_POINT('Ctrl Pts',(-35.7828616609757,16.156288852837,3.66));
#10198=CARTESIAN_POINT('Ctrl Pts',(-35.3954916446892,16.6611176805222,3.66));
#10199=CARTESIAN_POINT('Ctrl Pts',(-35.0081216284026,17.1659465082074,3.66));
#10200=CARTESIAN_POINT('Ctrl Pts',(-34.620751612116,17.6707753358926,3.66));
#10201=CARTESIAN_POINT('Ctrl Pts',(-35.5744958538519,15.9964036369526,3.66));
#10202=CARTESIAN_POINT('Ctrl Pts',(-35.1871258375654,16.5012324646378,3.66));
#10203=CARTESIAN_POINT('Ctrl Pts',(-34.7997558212788,17.006061292323,3.66));
#10204=CARTESIAN_POINT('Ctrl Pts',(-34.4123858049923,17.5108901200082,3.66));
#10205=CARTESIAN_POINT('Ctrl Pts',(-35.1409625534133,15.6637407769061,3.83746023902355));
#10206=CARTESIAN_POINT('Ctrl Pts',(-34.7535925371267,16.1685696045913,3.83746023902355));
#10207=CARTESIAN_POINT('Ctrl Pts',(-34.3662225208402,16.6733984322765,3.83746023902355));
#10208=CARTESIAN_POINT('Ctrl Pts',(-33.9788525045536,17.1782272599617,3.83746023902355));
#10209=CARTESIAN_POINT('Ctrl Pts',(-34.4526777372835,15.1355995816885,4.62405502457719));
#10210=CARTESIAN_POINT('Ctrl Pts',(-34.0653077209969,15.6404284093737,4.62405502457719));
#10211=CARTESIAN_POINT('Ctrl Pts',(-33.6779377047104,16.1452572370589,4.62405502457719));
#10212=CARTESIAN_POINT('Ctrl Pts',(-33.2905676884238,16.6500860647441,4.62405502457719));
#10213=CARTESIAN_POINT('Ctrl Pts',(-33.8129757460071,14.6447374177437,5.69766883068963));
#10214=CARTESIAN_POINT('Ctrl Pts',(-33.4256057297206,15.1495662454289,5.69766883068963));
#10215=CARTESIAN_POINT('Ctrl Pts',(-33.038235713434,15.6543950731141,5.69766883068963));
#10216=CARTESIAN_POINT('Ctrl Pts',(-32.6508656971475,16.1592239007993,5.69766883068963));
#10217=CARTESIAN_POINT('Ctrl Pts',(-33.4444188539732,14.3619328680821,6.87841931118761));
#10218=CARTESIAN_POINT('Ctrl Pts',(-33.0570488376866,14.8667616957673,6.87841931118761));
#10219=CARTESIAN_POINT('Ctrl Pts',(-32.6696788214001,15.3715905234525,6.87841931118761));
#10220=CARTESIAN_POINT('Ctrl Pts',(-32.2823088051135,15.8764193511377,6.87841931118761));
#10221=CARTESIAN_POINT('Ctrl Pts',(-33.4028044464547,14.3300009085066,7.48490689227762));
#10222=CARTESIAN_POINT('Ctrl Pts',(-33.0154344301681,14.8348297361918,7.48490689227762));
#10223=CARTESIAN_POINT('Ctrl Pts',(-32.6280644138816,15.339658563877,7.48490689227762));
#10224=CARTESIAN_POINT('Ctrl Pts',(-32.240694397595,15.8444873915622,7.48490689227762));
#10225=CARTESIAN_POINT('Ctrl Pts',(-33.4028044464547,14.3300009085066,7.66));
#10226=CARTESIAN_POINT('Ctrl Pts',(-33.0154344301681,14.8348297361918,7.66));
#10227=CARTESIAN_POINT('Ctrl Pts',(-32.6280644138816,15.339658563877,7.66));
#10228=CARTESIAN_POINT('Ctrl Pts',(-32.240694397595,15.8444873915622,7.66));
#10229=CARTESIAN_POINT('',(-32.481131276058,15.5311449479463,7.66));
#10230=CARTESIAN_POINT('Ctrl Pts',(-33.1623677104878,14.6433431664185,7.66));
#10231=CARTESIAN_POINT('Ctrl Pts',(-32.9352888990112,14.9392770935944,7.66));
#10232=CARTESIAN_POINT('Ctrl Pts',(-32.7082100875346,15.2352110207704,7.66));
#10233=CARTESIAN_POINT('Ctrl Pts',(-32.481131276058,15.5311449479463,7.66));
#10234=CARTESIAN_POINT('',(-34.620751612116,17.6707753358926,3.66));
#10235=CARTESIAN_POINT('Ctrl Pts',(-32.481131276058,15.5311449479463,7.66));
#10236=CARTESIAN_POINT('Ctrl Pts',(-32.481131276058,15.5311449479463,7.33270790918598));
#10237=CARTESIAN_POINT('Ctrl Pts',(-32.5319828798119,15.5819967905737,6.95462647619105));
#10238=CARTESIAN_POINT('Ctrl Pts',(-32.7847066741079,15.8347217721583,5.92779491679916));
#10239=CARTESIAN_POINT('Ctrl Pts',(-33.0475198402646,16.0975361731672,5.2876945967146));
#10240=CARTESIAN_POINT('Ctrl Pts',(-33.588694576936,16.6387134522937,4.39724782403909));
#10241=CARTESIAN_POINT('Ctrl Pts',(-33.8290451518086,16.879065156166,4.10327694870667));
#10242=CARTESIAN_POINT('Ctrl Pts',(-34.158742029138,17.2087635824039,3.83216921971303));
#10243=CARTESIAN_POINT('Ctrl Pts',(-34.2618393787762,17.3118614163988,3.76353794443464));
#10244=CARTESIAN_POINT('Ctrl Pts',(-34.4484170535895,17.4984399677562,3.6830166635626));
#10245=CARTESIAN_POINT('Ctrl Pts',(-34.5332407632886,17.583264075922,3.66055348111888));
#10246=CARTESIAN_POINT('Ctrl Pts',(-34.6186695258643,17.6686932398602,3.66000336192894));
#10247=CARTESIAN_POINT('Ctrl Pts',(-34.6197105690053,17.6697342878911,3.66));
#10248=CARTESIAN_POINT('Ctrl Pts',(-34.620751612116,17.6707753358926,3.66));
#10249=CARTESIAN_POINT('Ctrl Pts',(-34.620751612116,17.6707753358926,3.66));
#10250=CARTESIAN_POINT('Ctrl Pts',(-35.0081216284026,17.1659465082074,3.66));
#10251=CARTESIAN_POINT('Ctrl Pts',(-35.3954916446892,16.6611176805222,3.66));
#10252=CARTESIAN_POINT('Ctrl Pts',(-35.7828616609757,16.156288852837,3.66));
#10253=CARTESIAN_POINT('Ctrl Pts',(-34.6207516121161,17.6707753358926,3.66));
#10254=CARTESIAN_POINT('Ctrl Pts',(-34.1159266070557,18.0581386509143,3.66));
#10255=CARTESIAN_POINT('Ctrl Pts',(-33.6111016019954,18.4455019659359,3.66));
#10256=CARTESIAN_POINT('Ctrl Pts',(-33.106276596935,18.8328652809576,3.66));
#10257=CARTESIAN_POINT('Ctrl Pts',(-34.460867375129,17.4624087776357,3.66));
#10258=CARTESIAN_POINT('Ctrl Pts',(-33.9560423700687,17.8497720926574,3.66));
#10259=CARTESIAN_POINT('Ctrl Pts',(-33.4512173650084,18.2371354076791,3.66));
#10260=CARTESIAN_POINT('Ctrl Pts',(-32.946392359948,18.6244987227008,3.66));
#10261=CARTESIAN_POINT('Ctrl Pts',(-34.1282065516735,17.0288739141835,3.8374602392024));
#10262=CARTESIAN_POINT('Ctrl Pts',(-33.6233815466131,17.4162372292051,3.8374602392024));
#10263=CARTESIAN_POINT('Ctrl Pts',(-33.1185565415528,17.8036005442268,3.8374602392024));
#10264=CARTESIAN_POINT('Ctrl Pts',(-32.6137315364924,18.1909638592485,3.8374602392024));
#10265=CARTESIAN_POINT('Ctrl Pts',(-33.6000685900237,16.3405866169016,4.62405502472801));
#10266=CARTESIAN_POINT('Ctrl Pts',(-33.0952435849633,16.7279499319233,4.62405502472801));
#10267=CARTESIAN_POINT('Ctrl Pts',(-32.590418579903,17.1153132469449,4.62405502472801));
#10268=CARTESIAN_POINT('Ctrl Pts',(-32.0855935748426,17.5026765619666,4.62405502472801));
#10269=CARTESIAN_POINT('Ctrl Pts',(-33.1092094314007,15.7008823196016,5.69766883081379));
#10270=CARTESIAN_POINT('Ctrl Pts',(-32.6043844263404,16.0882456346233,5.69766883081379));
#10271=CARTESIAN_POINT('Ctrl Pts',(-32.09955942128,16.475608949645,5.69766883081379));
#10272=CARTESIAN_POINT('Ctrl Pts',(-31.5947344162197,16.8629722646666,5.69766883081379));
#10273=CARTESIAN_POINT('Ctrl Pts',(-32.8264066132405,15.332324099005,6.87841931127407));
#10274=CARTESIAN_POINT('Ctrl Pts',(-32.3215816081802,15.7196874140267,6.87841931127407));
#10275=CARTESIAN_POINT('Ctrl Pts',(-31.8167566031198,16.1070507290484,6.87841931127407));
#10276=CARTESIAN_POINT('Ctrl Pts',(-31.3119315980595,16.4944140440701,6.87841931127407));
#10277=CARTESIAN_POINT('Ctrl Pts',(-32.7944748492349,15.2907095415582,7.48490689227762));
#10278=CARTESIAN_POINT('Ctrl Pts',(-32.2896498441745,15.6780728565799,7.48490689227762));
#10279=CARTESIAN_POINT('Ctrl Pts',(-31.7848248391142,16.0654361716016,7.48490689227762));
#10280=CARTESIAN_POINT('Ctrl Pts',(-31.2799998340539,16.4527994866233,7.48490689227762));
#10281=CARTESIAN_POINT('Ctrl Pts',(-32.7944748492349,15.2907095415582,7.66));
#10282=CARTESIAN_POINT('Ctrl Pts',(-32.2896498441745,15.6780728565799,7.66));
#10283=CARTESIAN_POINT('Ctrl Pts',(-31.7848248391142,16.0654361716016,7.66));
#10284=CARTESIAN_POINT('Ctrl Pts',(-31.2799998340539,16.4527994866233,7.66));
#10285=CARTESIAN_POINT('',(-31.5933339584675,16.2123713304788,7.66));
#10286=CARTESIAN_POINT('Ctrl Pts',(-32.481131276058,15.5311449479463,7.66));
#10287=CARTESIAN_POINT('Ctrl Pts',(-32.1851988368612,15.7582204087905,7.66));
#10288=CARTESIAN_POINT('Ctrl Pts',(-31.8892663976644,15.9852958696346,7.66));
#10289=CARTESIAN_POINT('Ctrl Pts',(-31.5933339584675,16.2123713304788,7.66));
#10290=CARTESIAN_POINT('',(-33.106276596935,18.8328652809576,3.66));
#10291=CARTESIAN_POINT('Ctrl Pts',(-31.5933339584675,16.2123713304788,7.66));
#10292=CARTESIAN_POINT('Ctrl Pts',(-31.5933339584675,16.2123713304788,7.33270772775885));
#10293=CARTESIAN_POINT('Ctrl Pts',(-31.6292915737528,16.2746517572954,6.954626061279));
#10294=CARTESIAN_POINT('Ctrl Pts',(-31.8079947623359,16.5841748103855,5.92779398126619));
#10295=CARTESIAN_POINT('Ctrl Pts',(-31.9938322051559,16.9060547565555,5.28769342986431));
#10296=CARTESIAN_POINT('Ctrl Pts',(-32.3765012024465,17.5688570115785,4.39724715245213));
#10297=CARTESIAN_POINT('Ctrl Pts',(-32.5464548398071,17.8632253946852,4.10327669264146));
#10298=CARTESIAN_POINT('Ctrl Pts',(-32.7795859096916,18.2670203190717,3.83216924760989));
#10299=CARTESIAN_POINT('Ctrl Pts',(-32.8524868078025,18.3932883993301,3.76353802412896));
#10300=CARTESIAN_POINT('Ctrl Pts',(-32.9844172795899,18.6217987171875,3.68301674634959));
#10301=CARTESIAN_POINT('Ctrl Pts',(-33.0443967694712,18.7256862581968,3.66055354064175));
#10302=CARTESIAN_POINT('Ctrl Pts',(-33.1048041804827,18.8303149804306,3.66000336264429));
#10303=CARTESIAN_POINT('Ctrl Pts',(-33.1055403887191,18.8315901307126,3.66));
#10304=CARTESIAN_POINT('Ctrl Pts',(-33.106276596935,18.8328652809576,3.66));
#10305=CARTESIAN_POINT('Ctrl Pts',(-33.106276596935,18.8328652809576,3.66));
#10306=CARTESIAN_POINT('Ctrl Pts',(-33.6111016019954,18.4455019659359,3.66));
#10307=CARTESIAN_POINT('Ctrl Pts',(-34.1159266070557,18.0581386509143,3.66));
#10308=CARTESIAN_POINT('Ctrl Pts',(-34.6207516121161,17.6707753358926,3.66));
#10309=CARTESIAN_POINT('Ctrl Pts',(-33.1062765969351,18.8328652809576,3.66));
#10310=CARTESIAN_POINT('Ctrl Pts',(-32.4876612234546,19.0891063463224,3.66));
#10311=CARTESIAN_POINT('Ctrl Pts',(-31.869045849974,19.3453474116873,3.66));
#10312=CARTESIAN_POINT('Ctrl Pts',(-31.2504304764935,19.6015884770521,3.66));
#10313=CARTESIAN_POINT('Ctrl Pts',(-33.0057680172985,18.5902181765937,3.66));
#10314=CARTESIAN_POINT('Ctrl Pts',(-32.3871526438179,18.8464592419586,3.66));
#10315=CARTESIAN_POINT('Ctrl Pts',(-31.7685372703374,19.1027003073234,3.66));
#10316=CARTESIAN_POINT('Ctrl Pts',(-31.1499218968569,19.3589413726883,3.66));
#10317=CARTESIAN_POINT('Ctrl Pts',(-32.796637968385,18.0853378868933,3.83747744879199));
#10318=CARTESIAN_POINT('Ctrl Pts',(-32.1780225949045,18.3415789522581,3.83747744879199));
#10319=CARTESIAN_POINT('Ctrl Pts',(-31.559407221424,18.5978200176229,3.83747744879199));
#10320=CARTESIAN_POINT('Ctrl Pts',(-30.9407918479435,18.8540610829878,3.83747744879199));
#10321=CARTESIAN_POINT('Ctrl Pts',(-32.4646341510069,17.2838166116365,4.62406957210565));
#10322=CARTESIAN_POINT('Ctrl Pts',(-31.8460187775264,17.5400576770013,4.62406957210565));
#10323=CARTESIAN_POINT('Ctrl Pts',(-31.2274034040458,17.7962987423662,4.62406957210565));
#10324=CARTESIAN_POINT('Ctrl Pts',(-30.6087880305653,18.052539807731,4.62406957210565));
#10325=CARTESIAN_POINT('Ctrl Pts',(-32.156064744596,16.5388705261223,5.69768082090408));
#10326=CARTESIAN_POINT('Ctrl Pts',(-31.5374493711155,16.7951115914872,5.69768082090408));
#10327=CARTESIAN_POINT('Ctrl Pts',(-30.918833997635,17.051352656852,5.69768082090408));
#10328=CARTESIAN_POINT('Ctrl Pts',(-30.3002186241545,17.3075937222168,5.69768082090408));
#10329=CARTESIAN_POINT('Ctrl Pts',(-31.9782872794097,16.1096814230172,6.87842765322955));
#10330=CARTESIAN_POINT('Ctrl Pts',(-31.3596719059292,16.365922488382,6.87842765322955));
#10331=CARTESIAN_POINT('Ctrl Pts',(-30.7410565324487,16.6221635537469,6.87842765322955));
#10332=CARTESIAN_POINT('Ctrl Pts',(-30.1224411589682,16.8784046191117,6.87842765322955));
#10333=CARTESIAN_POINT('Ctrl Pts',(-31.9582179332445,16.0612301489958,7.48490689227762));
#10334=CARTESIAN_POINT('Ctrl Pts',(-31.3396025597639,16.3174712143606,7.48490689227762));
#10335=CARTESIAN_POINT('Ctrl Pts',(-30.7209871862834,16.5737122797255,7.48490689227762));
#10336=CARTESIAN_POINT('Ctrl Pts',(-30.1023718128029,16.8299533450903,7.48490689227762));
#10337=CARTESIAN_POINT('Ctrl Pts',(-31.9582179332445,16.0612301489958,7.66));
#10338=CARTESIAN_POINT('Ctrl Pts',(-31.3396025597639,16.3174712143606,7.66));
#10339=CARTESIAN_POINT('Ctrl Pts',(-30.7209871862834,16.5737122797255,7.66));
#10340=CARTESIAN_POINT('Ctrl Pts',(-30.1023718128029,16.8299533450903,7.66));
#10341=CARTESIAN_POINT('',(-30.5133728482468,16.6597096885261,7.66));
#10342=CARTESIAN_POINT('Ctrl Pts',(-31.5933339584675,16.2123713304788,7.66));
#10343=CARTESIAN_POINT('Ctrl Pts',(-31.2333469217273,16.3614841164946,7.66));
#10344=CARTESIAN_POINT('Ctrl Pts',(-30.873359884987,16.5105969025103,7.66));
#10345=CARTESIAN_POINT('Ctrl Pts',(-30.5133728482468,16.6597096885261,7.66));
#10346=CARTESIAN_POINT('',(-31.2504304764935,19.6015884770521,3.66));
#10347=CARTESIAN_POINT('Ctrl Pts',(-30.5133728482468,16.6597096885261,7.66));
#10348=CARTESIAN_POINT('Ctrl Pts',(-30.5133728482468,16.6597096885261,7.33354645650133));
#10349=CARTESIAN_POINT('Ctrl Pts',(-30.5308005521328,16.7292703176164,6.95654401677317));
#10350=CARTESIAN_POINT('Ctrl Pts',(-30.6174402140624,17.0750823327149,5.93244253178986));
#10351=CARTESIAN_POINT('Ctrl Pts',(-30.707565660627,17.4348074477885,5.29373739068093));
#10352=CARTESIAN_POINT('Ctrl Pts',(-30.8937512788528,18.1779454333362,4.40161554358547));
#10353=CARTESIAN_POINT('Ctrl Pts',(-30.9768026451824,18.5094351880351,4.10592659856491));
#10354=CARTESIAN_POINT('Ctrl Pts',(-31.0907650808825,18.9643028393918,3.83318939235887));
#10355=CARTESIAN_POINT('Ctrl Pts',(-31.1264027577972,19.1065464331081,3.7641439527805));
#10356=CARTESIAN_POINT('Ctrl Pts',(-31.1908840698261,19.3639160021482,3.68315327321468));
#10357=CARTESIAN_POINT('Ctrl Pts',(-31.2201962692591,19.4809121967515,3.66055509810222));
#10358=CARTESIAN_POINT('Ctrl Pts',(-31.2497132856184,19.5987258940703,3.66000336148472));
#10359=CARTESIAN_POINT('Ctrl Pts',(-31.2500718810653,19.6001571855987,3.66));
#10360=CARTESIAN_POINT('Ctrl Pts',(-31.2504304764935,19.6015884770521,3.66));
#10361=CARTESIAN_POINT('Ctrl Pts',(-31.2504304764935,19.6015884770521,3.66));
#10362=CARTESIAN_POINT('Ctrl Pts',(-31.869045849974,19.3453474116873,3.66));
#10363=CARTESIAN_POINT('Ctrl Pts',(-32.4876612234546,19.0891063463224,3.66));
#10364=CARTESIAN_POINT('Ctrl Pts',(-33.1062765969351,18.8328652809576,3.66));
#10365=CARTESIAN_POINT('Ctrl Pts',(-31.2504304764936,19.6015884770521,3.66));
#10366=CARTESIAN_POINT('Ctrl Pts',(-30.748643676324,19.6510589847014,3.66));
#10367=CARTESIAN_POINT('Ctrl Pts',(-30.2468568761544,19.7005294923507,3.66));
#10368=CARTESIAN_POINT('Ctrl Pts',(-29.7450700759848,19.75,3.66));
#10369=CARTESIAN_POINT('Ctrl Pts',(-31.2246621020412,19.3402159790443,3.66));
#10370=CARTESIAN_POINT('Ctrl Pts',(-30.7228753018716,19.3896864866936,3.66));
#10371=CARTESIAN_POINT('Ctrl Pts',(-30.2210885017021,19.4391569943429,3.66));
#10372=CARTESIAN_POINT('Ctrl Pts',(-29.7193017015325,19.4886275019922,3.66));
#10373=CARTESIAN_POINT('Ctrl Pts',(-31.1710403467106,18.7963224492351,3.83751795782136));
#10374=CARTESIAN_POINT('Ctrl Pts',(-30.669253546541,18.8457929568844,3.83751795782136));
#10375=CARTESIAN_POINT('Ctrl Pts',(-30.1674667463714,18.8952634645337,3.83751795782136));
#10376=CARTESIAN_POINT('Ctrl Pts',(-29.6656799462018,18.944733972183,3.83751795782136));
#10377=CARTESIAN_POINT('Ctrl Pts',(-31.0859220507711,17.9329547704929,4.62410408820286));
#10378=CARTESIAN_POINT('Ctrl Pts',(-30.5841352506015,17.9824252781422,4.62410408820286));
#10379=CARTESIAN_POINT('Ctrl Pts',(-30.0823484504319,18.0318957857915,4.62410408820286));
#10380=CARTESIAN_POINT('Ctrl Pts',(-29.5805616502623,18.0813662934408,4.62410408820286));
#10381=CARTESIAN_POINT('Ctrl Pts',(-31.0068117192471,17.1305267785023,5.69770938398765));
#10382=CARTESIAN_POINT('Ctrl Pts',(-30.5050249190775,17.1799972861516,5.69770938398765));
#10383=CARTESIAN_POINT('Ctrl Pts',(-30.0032381189079,17.2294677938009,5.69770938398765));
#10384=CARTESIAN_POINT('Ctrl Pts',(-29.5014513187383,17.2789383014502,5.69770938398765));
#10385=CARTESIAN_POINT('Ctrl Pts',(-30.9612342919758,16.6682280781827,6.87844746898945));
#10386=CARTESIAN_POINT('Ctrl Pts',(-30.4594474918062,16.717698585832,6.87844746898945));
#10387=CARTESIAN_POINT('Ctrl Pts',(-29.9576606916366,16.7671690934813,6.87844746898945));
#10388=CARTESIAN_POINT('Ctrl Pts',(-29.455873891467,16.8166396011306,6.87844746898945));
#10389=CARTESIAN_POINT('Ctrl Pts',(-30.9560913698602,16.6160626455936,7.48490689227762));
#10390=CARTESIAN_POINT('Ctrl Pts',(-30.4543045696906,16.6655331532429,7.48490689227762));
#10391=CARTESIAN_POINT('Ctrl Pts',(-29.952517769521,16.7150036608922,7.48490689227762));
#10392=CARTESIAN_POINT('Ctrl Pts',(-29.4507309693514,16.7644741685415,7.48490689227762));
#10393=CARTESIAN_POINT('Ctrl Pts',(-30.9560913698602,16.6160626455936,7.66));
#10394=CARTESIAN_POINT('Ctrl Pts',(-30.4543045696906,16.6655331532429,7.66));
#10395=CARTESIAN_POINT('Ctrl Pts',(-29.952517769521,16.7150036608922,7.66));
#10396=CARTESIAN_POINT('Ctrl Pts',(-29.4507309693514,16.7644741685415,7.66));
#10397=CARTESIAN_POINT('',(-29.5975446379925,16.75,7.66));
#10398=CARTESIAN_POINT('Ctrl Pts',(-30.5133728482468,16.6597096885261,7.66));
#10399=CARTESIAN_POINT('Ctrl Pts',(-30.208096778162,16.6898064590174,7.66));
#10400=CARTESIAN_POINT('Ctrl Pts',(-29.9028207080773,16.7199032295087,7.66));
#10401=CARTESIAN_POINT('Ctrl Pts',(-29.5975446379925,16.75,7.66));
#10402=CARTESIAN_POINT('',(-29.7450700759848,19.75,3.66));
#10403=CARTESIAN_POINT('Ctrl Pts',(-29.5975446379925,16.75,7.66));
#10404=CARTESIAN_POINT('Ctrl Pts',(-29.5975446379925,16.75,7.32998099362995));
#10405=CARTESIAN_POINT('Ctrl Pts',(-29.601109516788,16.8224935070975,6.94838671306276));
#10406=CARTESIAN_POINT('Ctrl Pts',(-29.6189604865942,17.1855014747219,5.90378465563661));
#10407=CARTESIAN_POINT('Ctrl Pts',(-29.637479242008,17.5620891805482,5.26139226414736));
#10408=CARTESIAN_POINT('Ctrl Pts',(-29.6746594351378,18.3181661046912,4.38319501345287));
#10409=CARTESIAN_POINT('Ctrl Pts',(-29.6910634166646,18.651748877705,4.09479207066259));
#10410=CARTESIAN_POINT('Ctrl Pts',(-29.7135419197912,19.1088599383654,3.8289331005523));
#10411=CARTESIAN_POINT('Ctrl Pts',(-29.7205704580525,19.2517886081411,3.7616314952249));
#10412=CARTESIAN_POINT('Ctrl Pts',(-29.7332987961896,19.5106254225288,3.68260399293528));
#10413=CARTESIAN_POINT('Ctrl Pts',(-29.7390875100327,19.6283416726432,3.66056413949988));
#10414=CARTESIAN_POINT('Ctrl Pts',(-29.7449223861309,19.7469966565869,3.66000355821383));
#10415=CARTESIAN_POINT('Ctrl Pts',(-29.7449962310576,19.7484983282567,3.66));
#10416=CARTESIAN_POINT('Ctrl Pts',(-29.7450700759848,19.75,3.66));
#10417=CARTESIAN_POINT('Ctrl Pts',(-29.7450700759848,19.75,3.66));
#10418=CARTESIAN_POINT('Ctrl Pts',(-30.2468568761544,19.7005294923507,3.66));
#10419=CARTESIAN_POINT('Ctrl Pts',(-30.748643676324,19.6510589847014,3.66));
#10420=CARTESIAN_POINT('Ctrl Pts',(-31.2504304764936,19.6015884770521,3.66));
#10421=CARTESIAN_POINT('Ctrl Pts',(-29.7450700759848,19.75,3.66));
#10422=CARTESIAN_POINT('Ctrl Pts',(-22.4300463839899,19.75,3.66));
#10423=CARTESIAN_POINT('Ctrl Pts',(-15.1150226919949,19.75,3.66));
#10424=CARTESIAN_POINT('Ctrl Pts',(-7.79999899999999,19.75,3.66));
#10425=CARTESIAN_POINT('Ctrl Pts',(-29.7450700759848,19.4873603384164,3.66));
#10426=CARTESIAN_POINT('Ctrl Pts',(-22.4300463839899,19.4873603384164,3.66));
#10427=CARTESIAN_POINT('Ctrl Pts',(-15.1150226919949,19.4873603384164,3.66));
#10428=CARTESIAN_POINT('Ctrl Pts',(-7.79999899999999,19.4873603384164,3.66));
#10429=CARTESIAN_POINT('Ctrl Pts',(-29.7450700759848,18.9408434963844,3.83750724370906));
#10430=CARTESIAN_POINT('Ctrl Pts',(-22.4300463839899,18.9408434963844,3.83750724370906));
#10431=CARTESIAN_POINT('Ctrl Pts',(-15.1150226919949,18.9408434963844,3.83750724370906));
#10432=CARTESIAN_POINT('Ctrl Pts',(-7.79999899999999,18.9408434963844,3.83750724370906));
#10433=CARTESIAN_POINT('Ctrl Pts',(-29.7450700759848,18.0732880249753,4.62409492235696));
#10434=CARTESIAN_POINT('Ctrl Pts',(-22.4300463839899,18.0732880249753,4.62409492235696));
#10435=CARTESIAN_POINT('Ctrl Pts',(-15.1150226919949,18.0732880249753,4.62409492235696));
#10436=CARTESIAN_POINT('Ctrl Pts',(-7.79999899999999,18.0732880249753,4.62409492235696));
#10437=CARTESIAN_POINT('Ctrl Pts',(-29.7450700759848,17.2669680367122,5.69770178365131));
#10438=CARTESIAN_POINT('Ctrl Pts',(-22.4300463839899,17.2669680367122,5.69770178365131));
#10439=CARTESIAN_POINT('Ctrl Pts',(-15.1150226919949,17.2669680367122,5.69770178365131));
#10440=CARTESIAN_POINT('Ctrl Pts',(-7.79999899999999,17.2669680367122,5.69770178365131));
#10441=CARTESIAN_POINT('Ctrl Pts',(-29.7450700759848,16.8024249823699,6.87844220364832));
#10442=CARTESIAN_POINT('Ctrl Pts',(-22.4300463839899,16.8024249823699,6.87844220364832));
#10443=CARTESIAN_POINT('Ctrl Pts',(-15.1150226919949,16.8024249823699,6.87844220364832));
#10444=CARTESIAN_POINT('Ctrl Pts',(-7.79999899999999,16.8024249823699,6.87844220364832));
#10445=CARTESIAN_POINT('Ctrl Pts',(-29.7450700759848,16.75,7.48490689227762));
#10446=CARTESIAN_POINT('Ctrl Pts',(-22.4300463839899,16.75,7.48490689227762));
#10447=CARTESIAN_POINT('Ctrl Pts',(-15.1150226919949,16.75,7.48490689227762));
#10448=CARTESIAN_POINT('Ctrl Pts',(-7.79999899999999,16.75,7.48490689227762));
#10449=CARTESIAN_POINT('Ctrl Pts',(-29.7450700759848,16.75,7.66));
#10450=CARTESIAN_POINT('Ctrl Pts',(-22.4300463839899,16.75,7.66));
#10451=CARTESIAN_POINT('Ctrl Pts',(-15.1150226919949,16.75,7.66));
#10452=CARTESIAN_POINT('Ctrl Pts',(-7.79999899999999,16.75,7.66));
#10453=CARTESIAN_POINT('',(-7.799999,16.75,7.66));
#10454=CARTESIAN_POINT('Ctrl Pts',(-29.5975446379925,16.75,7.66));
#10455=CARTESIAN_POINT('Ctrl Pts',(-22.331696091995,16.75,7.66));
#10456=CARTESIAN_POINT('Ctrl Pts',(-15.0658475459975,16.75,7.66));
#10457=CARTESIAN_POINT('Ctrl Pts',(-7.79999899999999,16.75,7.66));
#10458=CARTESIAN_POINT('',(-7.79999899999999,19.75,3.66));
#10459=CARTESIAN_POINT('Ctrl Pts',(-7.79999899999999,16.75,7.66));
#10460=CARTESIAN_POINT('Ctrl Pts',(-7.79999899999999,16.75,7.48490689227762));
#10461=CARTESIAN_POINT('Ctrl Pts',(-7.79999899999999,16.8024249823699,6.87844220364832));
#10462=CARTESIAN_POINT('Ctrl Pts',(-7.79999899999999,17.2669680367122,5.69770178365131));
#10463=CARTESIAN_POINT('Ctrl Pts',(-7.79999899999999,18.0732880249753,4.62409492235696));
#10464=CARTESIAN_POINT('Ctrl Pts',(-7.79999899999999,18.9408434963844,3.83750724370906));
#10465=CARTESIAN_POINT('Ctrl Pts',(-7.79999899999999,19.4873603384164,3.66));
#10466=CARTESIAN_POINT('Ctrl Pts',(-7.79999899999999,19.75,3.66));
#10467=CARTESIAN_POINT('Ctrl Pts',(-7.79999899999999,19.75,3.66));
#10468=CARTESIAN_POINT('Ctrl Pts',(-15.1150226919949,19.75,3.66));
#10469=CARTESIAN_POINT('Ctrl Pts',(-22.4300463839899,19.75,3.66));
#10470=CARTESIAN_POINT('Ctrl Pts',(-29.7450700759848,19.75,3.66));
#10471=CARTESIAN_POINT('Ctrl Pts',(7.89701050622059,19.749999255204,3.66));
#10472=CARTESIAN_POINT('Ctrl Pts',(15.2452603957101,19.7536606115242,3.66));
#10473=CARTESIAN_POINT('Ctrl Pts',(22.5935102851997,19.7573219678444,3.66));
#10474=CARTESIAN_POINT('Ctrl Pts',(29.9417601746892,19.7609833241646,3.66));
#10475=CARTESIAN_POINT('Ctrl Pts',(7.89714136966154,19.4873596262226,3.66));
#10476=CARTESIAN_POINT('Ctrl Pts',(15.2453912591511,19.4910209825428,3.66));
#10477=CARTESIAN_POINT('Ctrl Pts',(22.5936411486406,19.494682338863,3.66));
#10478=CARTESIAN_POINT('Ctrl Pts',(29.9418910381302,19.4983436951832,3.66));
#10479=CARTESIAN_POINT('Ctrl Pts',(7.89741367972368,18.9408401921506,3.83750934758253));
#10480=CARTESIAN_POINT('Ctrl Pts',(15.2456635692132,18.9445015484708,3.83750934758253));
#10481=CARTESIAN_POINT('Ctrl Pts',(22.5939134587028,18.948162904791,3.83750934758253));
#10482=CARTESIAN_POINT('Ctrl Pts',(29.9421633481923,18.9518242611112,3.83750934758253));
#10483=CARTESIAN_POINT('Ctrl Pts',(7.89784594969962,18.0732852411747,4.62409672013953));
#10484=CARTESIAN_POINT('Ctrl Pts',(15.2460958391892,18.0769465974949,4.62409672013953));
#10485=CARTESIAN_POINT('Ctrl Pts',(22.5943457286787,18.0806079538151,4.62409672013953));
#10486=CARTESIAN_POINT('Ctrl Pts',(29.9425956181682,18.0842693101353,4.62409672013953));
#10487=CARTESIAN_POINT('Ctrl Pts',(7.89824770837884,17.2669656939796,5.69770327351677));
#10488=CARTESIAN_POINT('Ctrl Pts',(15.2464975978684,17.2706270502998,5.69770327351677));
#10489=CARTESIAN_POINT('Ctrl Pts',(22.5947474873579,17.27428840662,5.69770327351677));
#10490=CARTESIAN_POINT('Ctrl Pts',(29.9429973768475,17.2779497629402,5.69770327351677));
#10491=CARTESIAN_POINT('Ctrl Pts',(7.89847917236755,16.8024233002029,6.87844323620399));
#10492=CARTESIAN_POINT('Ctrl Pts',(15.2467290618571,16.8060846565231,6.87844323620399));
#10493=CARTESIAN_POINT('Ctrl Pts',(22.5949789513466,16.8097460128433,6.87844323620399));
#10494=CARTESIAN_POINT('Ctrl Pts',(29.9432288408362,16.8134073691635,6.87844323620399));
#10495=CARTESIAN_POINT('Ctrl Pts',(7.8985052931103,16.749999627602,7.48490689227762));
#10496=CARTESIAN_POINT('Ctrl Pts',(15.2467551825998,16.7536609839222,7.48490689227762));
#10497=CARTESIAN_POINT('Ctrl Pts',(22.5950050720894,16.7573223402424,7.48490689227762));
#10498=CARTESIAN_POINT('Ctrl Pts',(29.9432549615789,16.7609836965626,7.48490689227762));
#10499=CARTESIAN_POINT('Ctrl Pts',(7.8985052931103,16.749999627602,7.66));
#10500=CARTESIAN_POINT('Ctrl Pts',(15.2467551825998,16.7536609839222,7.66));
#10501=CARTESIAN_POINT('Ctrl Pts',(22.5950050720894,16.7573223402424,7.66));
#10502=CARTESIAN_POINT('Ctrl Pts',(29.9432549615789,16.7609836965626,7.66));
#10503=CARTESIAN_POINT('',(7.89775793515549,19.7499996276197,3.66));
#10504=CARTESIAN_POINT('',(7.8985052931103,16.749999627602,7.66));
#10505=CARTESIAN_POINT('Ctrl Pts',(7.89775793515549,19.7499996276197,3.66));
#10506=CARTESIAN_POINT('Ctrl Pts',(7.89781761488836,19.4873599631701,3.66));
#10507=CARTESIAN_POINT('Ctrl Pts',(7.8979279712217,19.1230136383206,3.77833956505502));
#10508=CARTESIAN_POINT('Ctrl Pts',(7.89806139085274,18.7123798560667,4.07998187759236));
#10509=CARTESIAN_POINT('Ctrl Pts',(7.89812810066826,18.5070629649398,4.23080303386103));
#10510=CARTESIAN_POINT('Ctrl Pts',(7.8982005763082,18.2901742094617,4.42744987700028));
#10511=CARTESIAN_POINT('Ctrl Pts',(7.89826923803605,18.0809398794563,4.65997411774206));
#10512=CARTESIAN_POINT('Ctrl Pts',(7.89833789976391,17.8717055494508,4.89249835848384));
#10513=CARTESIAN_POINT('Ctrl Pts',(7.89840274757967,17.670125644918,5.16089999682815));
#10514=CARTESIAN_POINT('Ctrl Pts',(7.89845340417122,17.4970271698366,5.43822941928163));
#10515=CARTESIAN_POINT('Ctrl Pts',(7.89855471735433,17.150830219674,5.99288826418858));
#10516=CARTESIAN_POINT('Ctrl Pts',(7.8985992656406,16.9185589873175,6.58325824553219));
#10517=CARTESIAN_POINT('Ctrl Pts',(7.89857826848296,16.8178358095084,7.04958764201278));
#10518=CARTESIAN_POINT('Ctrl Pts',(7.89856776990414,16.7674742206038,7.28275234025308));
#10519=CARTESIAN_POINT('Ctrl Pts',(7.89854088496435,16.7499996453361,7.48490689227762));
#10520=CARTESIAN_POINT('Ctrl Pts',(7.89850529311031,16.749999627602,7.66));
#10521=CARTESIAN_POINT('',(29.7458800673451,16.7608853520823,7.66));
#10522=CARTESIAN_POINT('Ctrl Pts',(7.8985052931103,16.749999627602,7.66));
#10523=CARTESIAN_POINT('Ctrl Pts',(15.1809635511886,16.7536282024288,7.66));
#10524=CARTESIAN_POINT('Ctrl Pts',(22.4634218092668,16.7572567772555,7.66));
#10525=CARTESIAN_POINT('Ctrl Pts',(29.7458800673451,16.7608853520823,7.66));
#10526=CARTESIAN_POINT('',(29.9417601746891,19.7609833241646,3.66));
#10527=CARTESIAN_POINT('Ctrl Pts',(29.7458800673451,16.7608853520823,7.66));
#10528=CARTESIAN_POINT('Ctrl Pts',(29.7458800673451,16.7608853520823,7.33033386693445));
#10529=CARTESIAN_POINT('Ctrl Pts',(29.7506032916219,16.8332262128696,6.94919450745625));
#10530=CARTESIAN_POINT('Ctrl Pts',(29.7740559421149,17.1924267980542,5.91465096338761));
#10531=CARTESIAN_POINT('Ctrl Pts',(29.7984235737104,17.565641225553,5.2706389026209));
#10532=CARTESIAN_POINT('Ctrl Pts',(29.8481432470181,18.327147297216,4.38498861627877));
#10533=CARTESIAN_POINT('Ctrl Pts',(29.8699538614972,18.6611984709604,4.09585955316418));
#10534=CARTESIAN_POINT('Ctrl Pts',(29.8998447792872,19.1190074992579,3.82932702818114));
#10535=CARTESIAN_POINT('Ctrl Pts',(29.9091910420284,19.2621547796352,3.76185648301025));
#10536=CARTESIAN_POINT('Ctrl Pts',(29.9261150435909,19.521362636192,3.68264505280488));
#10537=CARTESIAN_POINT('Ctrl Pts',(29.933811469667,19.6392410296172,3.6605557771239));
#10538=CARTESIAN_POINT('Ctrl Pts',(29.9415671792481,19.7580274076888,3.66000344649777));
#10539=CARTESIAN_POINT('Ctrl Pts',(29.9416636769658,19.7595053658981,3.66));
#10540=CARTESIAN_POINT('Ctrl Pts',(29.9417601746891,19.7609833241646,3.66));
#10541=CARTESIAN_POINT('Ctrl Pts',(29.9417601746892,19.7609833241646,3.66));
#10542=CARTESIAN_POINT('Ctrl Pts',(22.593759428178,19.757322091983,3.66));
#10543=CARTESIAN_POINT('Ctrl Pts',(15.2457586816667,19.7536608598013,3.66));
#10544=CARTESIAN_POINT('Ctrl Pts',(7.89775793515549,19.7499996276197,3.66));
#10545=CARTESIAN_POINT('Ctrl Pts',(29.9417601746891,19.7609833241646,3.66));
#10546=CARTESIAN_POINT('Ctrl Pts',(30.4420495662123,19.6951210324502,3.66));
#10547=CARTESIAN_POINT('Ctrl Pts',(30.9423389577355,19.6292587407357,3.66));
#10548=CARTESIAN_POINT('Ctrl Pts',(31.4426283492587,19.5633964490213,3.66));
#10549=CARTESIAN_POINT('Ctrl Pts',(29.9074798717217,19.5005904428003,3.66));
#10550=CARTESIAN_POINT('Ctrl Pts',(30.4077692632449,19.4347281510859,3.66));
#10551=CARTESIAN_POINT('Ctrl Pts',(30.9080586547681,19.3688658593714,3.66));
#10552=CARTESIAN_POINT('Ctrl Pts',(31.4083480462913,19.303003567657,3.66));
#10553=CARTESIAN_POINT('Ctrl Pts',(29.8361462485379,18.9587408653141,3.83751360581989));
#10554=CARTESIAN_POINT('Ctrl Pts',(30.3364356400611,18.8928785735997,3.83751360581989));
#10555=CARTESIAN_POINT('Ctrl Pts',(30.8367250315843,18.8270162818852,3.83751360581989));
#10556=CARTESIAN_POINT('Ctrl Pts',(31.3370144231075,18.7611539901708,3.83751360581989));
#10557=CARTESIAN_POINT('Ctrl Pts',(29.7229111736249,18.0986082271587,4.62410036194345));
#10558=CARTESIAN_POINT('Ctrl Pts',(30.2232005651481,18.0327459354442,4.62410036194345));
#10559=CARTESIAN_POINT('Ctrl Pts',(30.7234899566713,17.9668836437298,4.62410036194345));
#10560=CARTESIAN_POINT('Ctrl Pts',(31.2237793481945,17.9010213520153,4.62410036194345));
#10561=CARTESIAN_POINT('Ctrl Pts',(29.6176686600012,17.2991870146164,5.69770629285475));
#10562=CARTESIAN_POINT('Ctrl Pts',(30.1179580515244,17.233324722902,5.69770629285475));
#10563=CARTESIAN_POINT('Ctrl Pts',(30.6182474430476,17.1674624311875,5.69770629285475));
#10564=CARTESIAN_POINT('Ctrl Pts',(31.1185368345708,17.1016001394731,5.69770629285475));
#10565=CARTESIAN_POINT('Ctrl Pts',(29.5570357229267,16.8386197551775,6.87844532814839));
#10566=CARTESIAN_POINT('Ctrl Pts',(30.0573251144499,16.7727574634631,6.87844532814839));
#10567=CARTESIAN_POINT('Ctrl Pts',(30.5576145059731,16.7068951717486,6.87844532814839));
#10568=CARTESIAN_POINT('Ctrl Pts',(31.0579038974963,16.6410328800342,6.87844532814839));
#10569=CARTESIAN_POINT('Ctrl Pts',(29.5501936143224,16.7866471580928,7.48490689227762));
#10570=CARTESIAN_POINT('Ctrl Pts',(30.0504830058456,16.7207848663784,7.48490689227762));
#10571=CARTESIAN_POINT('Ctrl Pts',(30.5507723973688,16.6549225746639,7.48490689227762));
#10572=CARTESIAN_POINT('Ctrl Pts',(31.051061788892,16.5890602829495,7.48490689227762));
#10573=CARTESIAN_POINT('Ctrl Pts',(29.5501936143224,16.7866471580928,7.66));
#10574=CARTESIAN_POINT('Ctrl Pts',(30.0504830058456,16.7207848663784,7.66));
#10575=CARTESIAN_POINT('Ctrl Pts',(30.5507723973688,16.6549225746639,7.66));
#10576=CARTESIAN_POINT('Ctrl Pts',(31.051061788892,16.5890602829495,7.66));
#10577=CARTESIAN_POINT('',(31.4426283492586,19.5633964490213,3.66));
#10578=CARTESIAN_POINT('Ctrl Pts',(31.4426283492587,19.5633964490213,3.66));
#10579=CARTESIAN_POINT('Ctrl Pts',(30.9423389577355,19.6292587407357,3.66));
#10580=CARTESIAN_POINT('Ctrl Pts',(30.4420495662123,19.6951210324502,3.66));
#10581=CARTESIAN_POINT('Ctrl Pts',(29.9417601746891,19.7609833241646,3.66));
#10582=CARTESIAN_POINT('',(30.6594723246293,16.6406124045107,7.66));
#10583=CARTESIAN_POINT('Ctrl Pts',(29.7458800673451,16.7608853520823,7.66));
#10584=CARTESIAN_POINT('Ctrl Pts',(30.0504108197732,16.7207943695584,7.66));
#10585=CARTESIAN_POINT('Ctrl Pts',(30.3549415722012,16.6807033870345,7.66));
#10586=CARTESIAN_POINT('Ctrl Pts',(30.6594723246293,16.6406124045107,7.66));
#10587=CARTESIAN_POINT('Ctrl Pts',(30.6594723246293,16.6406124045107,7.66));
#10588=CARTESIAN_POINT('Ctrl Pts',(30.6594723246293,16.6406124045107,7.33270817046225));
#10589=CARTESIAN_POINT('Ctrl Pts',(30.6780852885823,16.7100770736288,6.95462707423684));
#10590=CARTESIAN_POINT('Ctrl Pts',(30.7705884436811,17.0553042535155,5.92779757449823));
#10591=CARTESIAN_POINT('Ctrl Pts',(30.8667844235027,17.4143132705965,5.28769889876526));
#10592=CARTESIAN_POINT('Ctrl Pts',(31.0648674054707,18.1535705334112,4.39725388307681));
#10593=CARTESIAN_POINT('Ctrl Pts',(31.1528414266886,18.4818947214486,4.103283237453));
#10594=CARTESIAN_POINT('Ctrl Pts',(31.2735185978173,18.9322689753891,3.83217382569996));
#10595=CARTESIAN_POINT('Ctrl Pts',(31.3112548527843,19.0731028838725,3.76354177058255));
#10596=CARTESIAN_POINT('Ctrl Pts',(31.3795471426944,19.3279737001865,3.68301864525045));
#10597=CARTESIAN_POINT('Ctrl Pts',(31.4105949004135,19.4438457462231,3.66055451532881));
#10598=CARTESIAN_POINT('Ctrl Pts',(31.4418648526703,19.5605470351396,3.66000337428799));
#10599=CARTESIAN_POINT('Ctrl Pts',(31.4422466009697,19.5619717421012,3.66));
#10600=CARTESIAN_POINT('Ctrl Pts',(31.4426283492586,19.5633964490213,3.66));
#10601=CARTESIAN_POINT('Ctrl Pts',(31.4426283492586,19.5633964490213,3.66));
#10602=CARTESIAN_POINT('Ctrl Pts',(32.0305114584843,19.3198852129999,3.66));
#10603=CARTESIAN_POINT('Ctrl Pts',(32.61839456771,19.0763739769786,3.66));
#10604=CARTESIAN_POINT('Ctrl Pts',(33.2062776769356,18.8328627409572,3.66));
#10605=CARTESIAN_POINT('Ctrl Pts',(31.342119769622,19.3207493446574,3.66));
#10606=CARTESIAN_POINT('Ctrl Pts',(31.9300028788477,19.0772381086361,3.66));
#10607=CARTESIAN_POINT('Ctrl Pts',(32.5178859880733,18.8337268726147,3.66));
#10608=CARTESIAN_POINT('Ctrl Pts',(33.105769097299,18.5902156365933,3.66));
#10609=CARTESIAN_POINT('Ctrl Pts',(31.1329892366443,18.8158678863325,3.8374784491903));
#10610=CARTESIAN_POINT('Ctrl Pts',(31.7208723458699,18.5723566503111,3.8374784491903));
#10611=CARTESIAN_POINT('Ctrl Pts',(32.3087554550956,18.3288454142898,3.8374784491903));
#10612=CARTESIAN_POINT('Ctrl Pts',(32.8966385643213,18.0853341782684,3.8374784491903));
#10613=CARTESIAN_POINT('Ctrl Pts',(30.8009854979302,18.0143468009866,4.62407041990726));
#10614=CARTESIAN_POINT('Ctrl Pts',(31.3888686071559,17.7708355649652,4.62407041990726));
#10615=CARTESIAN_POINT('Ctrl Pts',(31.9767517163815,17.5273243289438,4.62407041990726));
#10616=CARTESIAN_POINT('Ctrl Pts',(32.5646348256072,17.2838130929225,4.62407041990726));
#10617=CARTESIAN_POINT('Ctrl Pts',(30.4924161541456,17.2694008666647,5.69768152057238));
#10618=CARTESIAN_POINT('Ctrl Pts',(31.0802992633713,17.0258896306433,5.69768152057238));
#10619=CARTESIAN_POINT('Ctrl Pts',(31.6681823725969,16.7823783946219,5.69768152057238));
#10620=CARTESIAN_POINT('Ctrl Pts',(32.2560654818226,16.5388671586006,5.69768152057238));
#10621=CARTESIAN_POINT('Ctrl Pts',(30.3146387968465,16.8402120240202,6.87842813956301));
#10622=CARTESIAN_POINT('Ctrl Pts',(30.9025219060721,16.5967007879988,6.87842813956301));
#10623=CARTESIAN_POINT('Ctrl Pts',(31.4904050152978,16.3531895519775,6.87842813956301));
#10624=CARTESIAN_POINT('Ctrl Pts',(32.0782881245234,16.1096783159561,6.87842813956301));
#10625=CARTESIAN_POINT('Ctrl Pts',(30.2945696855675,16.7917613170597,7.48490689227762));
#10626=CARTESIAN_POINT('Ctrl Pts',(30.8824527947932,16.5482500810383,7.48490689227762));
#10627=CARTESIAN_POINT('Ctrl Pts',(31.4703359040188,16.304738845017,7.48490689227762));
#10628=CARTESIAN_POINT('Ctrl Pts',(32.0582190132445,16.0612276089956,7.48490689227762));
#10629=CARTESIAN_POINT('Ctrl Pts',(30.2945696855675,16.7917613170597,7.66));
#10630=CARTESIAN_POINT('Ctrl Pts',(30.8824527947932,16.5482500810383,7.66));
#10631=CARTESIAN_POINT('Ctrl Pts',(31.4703359040188,16.304738845017,7.66));
#10632=CARTESIAN_POINT('Ctrl Pts',(32.0582190132445,16.0612276089956,7.66));
#10633=CARTESIAN_POINT('',(33.2062776769356,18.8328627409572,3.66));
#10634=CARTESIAN_POINT('Ctrl Pts',(33.2062776769356,18.8328627409572,3.66));
#10635=CARTESIAN_POINT('Ctrl Pts',(32.61839456771,19.0763739769786,3.66));
#10636=CARTESIAN_POINT('Ctrl Pts',(32.0305114584843,19.3198852129999,3.66));
#10637=CARTESIAN_POINT('Ctrl Pts',(31.4426283492586,19.5633964490213,3.66));
#10638=CARTESIAN_POINT('',(31.6933350384678,16.2123687904786,7.66));
#10639=CARTESIAN_POINT('Ctrl Pts',(30.6594723246293,16.6406124045107,7.66));
#10640=CARTESIAN_POINT('Ctrl Pts',(31.0040932292422,16.4978645331666,7.66));
#10641=CARTESIAN_POINT('Ctrl Pts',(31.348714133855,16.3551166618226,7.66));
#10642=CARTESIAN_POINT('Ctrl Pts',(31.6933350384678,16.2123687904786,7.66));
#10643=CARTESIAN_POINT('Ctrl Pts',(31.6933350384678,16.2123687904786,7.66));
#10644=CARTESIAN_POINT('Ctrl Pts',(31.6933350384678,16.2123687904786,7.33270776254734));
#10645=CARTESIAN_POINT('Ctrl Pts',(31.7292926460752,16.2746492040707,6.95462614097295));
#10646=CARTESIAN_POINT('Ctrl Pts',(31.907995742465,16.5841720974832,5.92779449845153));
#10647=CARTESIAN_POINT('Ctrl Pts',(32.0938330173868,16.9060517523875,5.28769432941017));
#10648=CARTESIAN_POINT('Ctrl Pts',(32.4765015795025,17.5688532535848,4.3972485956178));
#10649=CARTESIAN_POINT('Ctrl Pts',(32.6464549526543,17.8632211795261,4.10327827066435));
#10650=CARTESIAN_POINT('Ctrl Pts',(32.8795858025107,18.2670157228126,3.83217044259844));
#10651=CARTESIAN_POINT('Ctrl Pts',(32.9524866772173,18.3932837625119,3.76353902713575));
#10652=CARTESIAN_POINT('Ctrl Pts',(33.0844171650862,18.6217941082053,3.68301727346381));
#10653=CARTESIAN_POINT('Ctrl Pts',(33.1443966989082,18.7256817252981,3.66055381874555));
#10654=CARTESIAN_POINT('Ctrl Pts',(33.2048045332523,18.8303111808325,3.66000336596675));
#10655=CARTESIAN_POINT('Ctrl Pts',(33.205541105105,18.8315869609129,3.66));
#10656=CARTESIAN_POINT('Ctrl Pts',(33.2062776769356,18.8328627409572,3.66));
#10657=CARTESIAN_POINT('Ctrl Pts',(-7.79999899999999,19.75,3.66));
#10658=CARTESIAN_POINT('Ctrl Pts',(-2.56713350145818,19.7499998758666,3.66));
#10659=CARTESIAN_POINT('Ctrl Pts',(2.66573199708364,19.7499997517332,3.66));
#10660=CARTESIAN_POINT('Ctrl Pts',(7.89859749562545,19.7499996275998,3.66));
#10661=CARTESIAN_POINT('Ctrl Pts',(-7.7999990062303,19.4873603384164,3.66));
#10662=CARTESIAN_POINT('Ctrl Pts',(-2.56713350768847,19.487360214283,3.66));
#10663=CARTESIAN_POINT('Ctrl Pts',(2.66573199085332,19.4873600901496,3.66));
#10664=CARTESIAN_POINT('Ctrl Pts',(7.89859748939514,19.4873599660162,3.66));
#10665=CARTESIAN_POINT('Ctrl Pts',(-7.79999901918545,18.9412335849496,3.83719888453588));
#10666=CARTESIAN_POINT('Ctrl Pts',(-2.56713352064365,18.9412334608162,3.83719888453588));
#10667=CARTESIAN_POINT('Ctrl Pts',(2.66573197789819,18.9412333366828,3.83719888453588));
#10668=CARTESIAN_POINT('Ctrl Pts',(7.89859747643999,18.9412332125494,3.83719888453588));
#10669=CARTESIAN_POINT('Ctrl Pts',(-7.79999903976731,18.0736016361572,4.62384352905063));
#10670=CARTESIAN_POINT('Ctrl Pts',(-2.56713354122549,18.0736015120238,4.62384352905063));
#10671=CARTESIAN_POINT('Ctrl Pts',(2.66573195731632,18.0736013878904,4.62384352905063));
#10672=CARTESIAN_POINT('Ctrl Pts',(7.89859745585813,18.073601263757,4.62384352905063));
#10673=CARTESIAN_POINT('Ctrl Pts',(-7.79999905889598,17.2672292011384,5.69749838059878));
#10674=CARTESIAN_POINT('Ctrl Pts',(-2.56713356035417,17.267229077005,5.69749838059878));
#10675=CARTESIAN_POINT('Ctrl Pts',(2.66573193818766,17.2672289528716,5.69749838059878));
#10676=CARTESIAN_POINT('Ctrl Pts',(7.89859743672946,17.2672288287382,5.69749838059878));
#10677=CARTESIAN_POINT('Ctrl Pts',(-7.79999906991771,16.8026061607128,6.87829857138317));
#10678=CARTESIAN_POINT('Ctrl Pts',(-2.5671335713759,16.8026060365794,6.87829857138317));
#10679=CARTESIAN_POINT('Ctrl Pts',(2.66573192716592,16.802605912446,6.87829857138317));
#10680=CARTESIAN_POINT('Ctrl Pts',(7.89859742570773,16.8026057883126,6.87829857138317));
#10681=CARTESIAN_POINT('Ctrl Pts',(-7.79999907116562,16.75,7.48490689227762));
#10682=CARTESIAN_POINT('Ctrl Pts',(-2.56713357262381,16.7499998758666,7.48490689227762));
#10683=CARTESIAN_POINT('Ctrl Pts',(2.66573192591801,16.7499997517332,7.48490689227762));
#10684=CARTESIAN_POINT('Ctrl Pts',(7.89859742445982,16.7499996275998,7.48490689227762));
#10685=CARTESIAN_POINT('Ctrl Pts',(-7.79999907116562,16.75,7.66));
#10686=CARTESIAN_POINT('Ctrl Pts',(-2.56713357262381,16.7499998758666,7.66));
#10687=CARTESIAN_POINT('Ctrl Pts',(2.665731925918,16.7499997517332,7.66));
#10688=CARTESIAN_POINT('Ctrl Pts',(7.89859742445982,16.7499996275998,7.66));
#10689=CARTESIAN_POINT('Ctrl Pts',(-7.79999899999999,16.75,7.66));
#10690=CARTESIAN_POINT('Ctrl Pts',(-2.56716423562989,16.7499998758673,7.66));
#10691=CARTESIAN_POINT('Ctrl Pts',(2.6656705287402,16.7499997517347,7.66));
#10692=CARTESIAN_POINT('Ctrl Pts',(7.8985052931103,16.749999627602,7.66));
#10693=CARTESIAN_POINT('Ctrl Pts',(7.89775793515548,19.7499996276197,3.66));
#10694=CARTESIAN_POINT('Ctrl Pts',(2.66517229010366,19.7499997517465,3.66));
#10695=CARTESIAN_POINT('Ctrl Pts',(-2.56741335494817,19.7499998758733,3.66));
#10696=CARTESIAN_POINT('Ctrl Pts',(-7.79999899999999,19.75,3.66));
#10697=CARTESIAN_POINT('Ctrl Pts',(33.2062776769356,18.8328627409572,3.66));
#10698=CARTESIAN_POINT('Ctrl Pts',(33.7111064737547,18.4454965164357,3.66));
#10699=CARTESIAN_POINT('Ctrl Pts',(34.2159352705738,18.0581302919143,3.66));
#10700=CARTESIAN_POINT('Ctrl Pts',(34.7207640673929,17.6707640673928,3.66));
#10701=CARTESIAN_POINT('Ctrl Pts',(33.0463934399486,18.6244961827003,3.66));
#10702=CARTESIAN_POINT('Ctrl Pts',(33.5512222367677,18.2371299581789,3.66));
#10703=CARTESIAN_POINT('Ctrl Pts',(34.0560510335868,17.8497637336574,3.66));
#10704=CARTESIAN_POINT('Ctrl Pts',(34.5608798304059,17.4623975091359,3.66));
#10705=CARTESIAN_POINT('Ctrl Pts',(32.7137318413029,18.1909603089941,3.83746124624856));
#10706=CARTESIAN_POINT('Ctrl Pts',(33.218560638122,17.8035940844726,3.83746124624856));
#10707=CARTESIAN_POINT('Ctrl Pts',(33.7233894349411,17.4162278599511,3.83746124624856));
#10708=CARTESIAN_POINT('Ctrl Pts',(34.2282182317602,17.0288616354296,3.83746124624856));
#10709=CARTESIAN_POINT('Ctrl Pts',(32.1855940089264,17.5026731801856,4.62405587404673));
#10710=CARTESIAN_POINT('Ctrl Pts',(32.6904228057456,17.1153069556642,4.62405587404673));
#10711=CARTESIAN_POINT('Ctrl Pts',(33.1952516025647,16.7279407311427,4.62405587404673));
#10712=CARTESIAN_POINT('Ctrl Pts',(33.7000803993838,16.3405745066212,4.62405587404673));
#10713=CARTESIAN_POINT('Ctrl Pts',(31.6947349511203,16.8629690142735,5.69766953001909));
#10714=CARTESIAN_POINT('Ctrl Pts',(32.1995637479394,16.4756027897521,5.69766953001909));
#10715=CARTESIAN_POINT('Ctrl Pts',(32.7043925447585,16.0882365652306,5.69766953001909));
#10716=CARTESIAN_POINT('Ctrl Pts',(33.2092213415777,15.7008703407091,5.69766953001909));
#10717=CARTESIAN_POINT('Ctrl Pts',(31.4119323040199,16.4944110166078,6.87841979814653));
#10718=CARTESIAN_POINT('Ctrl Pts',(31.916761100839,16.1070447920864,6.87841979814653));
#10719=CARTESIAN_POINT('Ctrl Pts',(32.4215898976581,15.7196785675649,6.87841979814653));
#10720=CARTESIAN_POINT('Ctrl Pts',(32.9264186944772,15.3323123430434,6.87841979814653));
#10721=CARTESIAN_POINT('Ctrl Pts',(31.3800009140544,16.4527969466229,7.48490689227762));
#10722=CARTESIAN_POINT('Ctrl Pts',(31.8848297108735,16.0654307221014,7.48490689227762));
#10723=CARTESIAN_POINT('Ctrl Pts',(32.3896585076926,15.6780644975799,7.48490689227762));
#10724=CARTESIAN_POINT('Ctrl Pts',(32.8944873045117,15.2906982730585,7.48490689227762));
#10725=CARTESIAN_POINT('Ctrl Pts',(31.3800009140544,16.4527969466229,7.66));
#10726=CARTESIAN_POINT('Ctrl Pts',(31.8848297108735,16.0654307221014,7.66));
#10727=CARTESIAN_POINT('Ctrl Pts',(32.3896585076926,15.6780644975799,7.66));
#10728=CARTESIAN_POINT('Ctrl Pts',(32.8944873045117,15.2906982730585,7.66));
#10729=CARTESIAN_POINT('',(34.7207640673929,17.6707640673928,3.66));
#10730=CARTESIAN_POINT('Ctrl Pts',(34.7207640673929,17.6707640673928,3.66));
#10731=CARTESIAN_POINT('Ctrl Pts',(34.2159352705738,18.0581302919143,3.66));
#10732=CARTESIAN_POINT('Ctrl Pts',(33.7111064737547,18.4454965164357,3.66));
#10733=CARTESIAN_POINT('Ctrl Pts',(33.2062776769356,18.8328627409572,3.66));
#10734=CARTESIAN_POINT('',(32.5811380436964,15.5311380436964,7.66));
#10735=CARTESIAN_POINT('Ctrl Pts',(31.6933350384678,16.2123687904786,7.66));
#10736=CARTESIAN_POINT('Ctrl Pts',(31.989269373544,15.9852918748845,7.66));
#10737=CARTESIAN_POINT('Ctrl Pts',(32.2852037086202,15.7582149592905,7.66));
#10738=CARTESIAN_POINT('Ctrl Pts',(32.5811380436964,15.5311380436964,7.66));
#10739=CARTESIAN_POINT('Ctrl Pts',(32.5811380436964,15.5311380436964,7.66));
#10740=CARTESIAN_POINT('Ctrl Pts',(32.5811380436964,15.5311380436964,7.33270803057851));
#10741=CARTESIAN_POINT('Ctrl Pts',(32.6319897448627,15.5819897448889,6.95462675385545));
#10742=CARTESIAN_POINT('Ctrl Pts',(32.884714017193,15.8347140172213,5.92779566104393));
#10743=CARTESIAN_POINT('Ctrl Pts',(33.147527668822,16.0975276686885,5.28769561408649));
#10744=CARTESIAN_POINT('Ctrl Pts',(33.6887036146227,16.6387036144609,4.39724873394041));
#10745=CARTESIAN_POINT('Ctrl Pts',(33.9290548462239,16.8790548462239,4.1032776558825));
#10746=CARTESIAN_POINT('Ctrl Pts',(34.2587526839091,17.2087526839091,3.83216962179803));
#10747=CARTESIAN_POINT('Ctrl Pts',(34.3618503485053,17.3118503484976,3.76353824807414));
#10748=CARTESIAN_POINT('Ctrl Pts',(34.5484286064486,17.4984286064346,3.68301679853797));
#10749=CARTESIAN_POINT('Ctrl Pts',(34.6332525915243,17.5832525915228,3.66055354280662));
#10750=CARTESIAN_POINT('Ctrl Pts',(34.7186817483048,17.668681748305,3.66000336266303));
#10751=CARTESIAN_POINT('Ctrl Pts',(34.719722907864,17.6697229078638,3.66));
#10752=CARTESIAN_POINT('Ctrl Pts',(34.7207640673929,17.6707640673928,3.66));
#10753=CARTESIAN_POINT('Ctrl Pts',(34.7207640673928,17.6707640673928,3.66));
#10754=CARTESIAN_POINT('Ctrl Pts',(35.1081302919144,17.1659352705736,3.66));
#10755=CARTESIAN_POINT('Ctrl Pts',(35.495496516436,16.6611064737543,3.66));
#10756=CARTESIAN_POINT('Ctrl Pts',(35.8828627409576,16.156277676935,3.66));
#10757=CARTESIAN_POINT('Ctrl Pts',(34.512397509136,17.5108798304058,3.66));
#10758=CARTESIAN_POINT('Ctrl Pts',(34.8997637336576,17.0060510335866,3.66));
#10759=CARTESIAN_POINT('Ctrl Pts',(35.2871299581792,16.5012222367673,3.66));
#10760=CARTESIAN_POINT('Ctrl Pts',(35.6744961827007,15.996393439948,3.66));
#10761=CARTESIAN_POINT('Ctrl Pts',(34.0788616354297,17.1782182317601,3.83746124624855));
#10762=CARTESIAN_POINT('Ctrl Pts',(34.4662278599513,16.6733894349409,3.83746124624855));
#10763=CARTESIAN_POINT('Ctrl Pts',(34.8535940844729,16.1685606381216,3.83746124624855));
#10764=CARTESIAN_POINT('Ctrl Pts',(35.2409603089944,15.6637318413023,3.83746124624855));
#10765=CARTESIAN_POINT('Ctrl Pts',(33.3905745066213,16.6500803993837,4.62405587404674));
#10766=CARTESIAN_POINT('Ctrl Pts',(33.7779407311428,16.1452516025644,4.62405587404674));
#10767=CARTESIAN_POINT('Ctrl Pts',(34.1653069556644,15.6404228057452,4.62405587404674));
#10768=CARTESIAN_POINT('Ctrl Pts',(34.552673180186,15.1355940089259,4.62405587404674));
#10769=CARTESIAN_POINT('Ctrl Pts',(32.7508703407091,16.1592213415776,5.69766953001909));
#10770=CARTESIAN_POINT('Ctrl Pts',(33.1382365652307,15.6543925447583,5.69766953001909));
#10771=CARTESIAN_POINT('Ctrl Pts',(33.5256027897523,15.149563747939,5.69766953001909));
#10772=CARTESIAN_POINT('Ctrl Pts',(33.9129690142739,14.6447349511198,5.69766953001909));
#10773=CARTESIAN_POINT('Ctrl Pts',(32.3823123430435,15.8764186944772,6.87841979814653));
#10774=CARTESIAN_POINT('Ctrl Pts',(32.7696785675651,15.3715898976579,6.87841979814653));
#10775=CARTESIAN_POINT('Ctrl Pts',(33.1570447920866,14.8667611008387,6.87841979814653));
#10776=CARTESIAN_POINT('Ctrl Pts',(33.5444110166082,14.3619323040194,6.87841979814653));
#10777=CARTESIAN_POINT('Ctrl Pts',(32.3406982730585,15.8444873045117,7.48490689227762));
#10778=CARTESIAN_POINT('Ctrl Pts',(32.7280644975801,15.3396585076924,7.48490689227762));
#10779=CARTESIAN_POINT('Ctrl Pts',(33.1154307221017,14.8348297108732,7.48490689227762));
#10780=CARTESIAN_POINT('Ctrl Pts',(33.5027969466233,14.3300009140539,7.48490689227762));
#10781=CARTESIAN_POINT('Ctrl Pts',(32.3406982730585,15.8444873045117,7.66));
#10782=CARTESIAN_POINT('Ctrl Pts',(32.7280644975801,15.3396585076924,7.66));
#10783=CARTESIAN_POINT('Ctrl Pts',(33.1154307221017,14.8348297108732,7.66));
#10784=CARTESIAN_POINT('Ctrl Pts',(33.5027969466233,14.3300009140539,7.66));
#10785=CARTESIAN_POINT('',(35.8828627409576,16.1562776769351,3.66));
#10786=CARTESIAN_POINT('Ctrl Pts',(35.8828627409576,16.156277676935,3.66));
#10787=CARTESIAN_POINT('Ctrl Pts',(35.495496516436,16.6611064737543,3.66));
#10788=CARTESIAN_POINT('Ctrl Pts',(35.1081302919144,17.1659352705736,3.66));
#10789=CARTESIAN_POINT('Ctrl Pts',(34.7207640673928,17.6707640673928,3.66));
#10790=CARTESIAN_POINT('',(33.2623687904788,14.6433350384675,7.66));
#10791=CARTESIAN_POINT('Ctrl Pts',(32.5811380436964,15.5311380436964,7.66));
#10792=CARTESIAN_POINT('Ctrl Pts',(32.8082149592905,15.2352037086201,7.66));
#10793=CARTESIAN_POINT('Ctrl Pts',(33.0352918748847,14.9392693735438,7.66));
#10794=CARTESIAN_POINT('Ctrl Pts',(33.2623687904788,14.6433350384675,7.66));
#10795=CARTESIAN_POINT('Ctrl Pts',(33.2623687904788,14.6433350384675,7.66));
#10796=CARTESIAN_POINT('Ctrl Pts',(33.2623687904788,14.6433350384675,7.33270772044245));
#10797=CARTESIAN_POINT('Ctrl Pts',(33.3246492200806,14.6792926553608,6.95462604451849));
#10798=CARTESIAN_POINT('Ctrl Pts',(33.634172306753,14.8579958633326,5.92779387249616));
#10799=CARTESIAN_POINT('Ctrl Pts',(33.9560523141555,15.0438333415052,5.28769324067959));
#10800=CARTESIAN_POINT('Ctrl Pts',(34.6188547278618,15.4265024304116,4.39724684873726));
#10801=CARTESIAN_POINT('Ctrl Pts',(34.9132232073105,15.5964561233954,4.10327636044642));
#10802=CARTESIAN_POINT('Ctrl Pts',(35.317018212029,15.8295872396596,3.83216899599572));
#10803=CARTESIAN_POINT('Ctrl Pts',(35.4432863008622,15.9024881427211,3.76353781291877));
#10804=CARTESIAN_POINT('Ctrl Pts',(35.6717966129263,16.0344186111637,3.68301663533322));
#10805=CARTESIAN_POINT('Ctrl Pts',(35.7756841379352,16.0943980918325,3.66055348206213));
#10806=CARTESIAN_POINT('Ctrl Pts',(35.8803127057559,16.1548054136669,3.66000336194465));
#10807=CARTESIAN_POINT('Ctrl Pts',(35.8815877233749,16.1555415453118,3.66));
#10808=CARTESIAN_POINT('Ctrl Pts',(35.8828627409576,16.1562776769351,3.66));
#10809=CARTESIAN_POINT('Ctrl Pts',(35.8828627409576,16.1562776769351,3.66));
#10810=CARTESIAN_POINT('Ctrl Pts',(36.139103169288,15.5376638413787,3.66));
#10811=CARTESIAN_POINT('Ctrl Pts',(36.3953435976184,14.9190500058222,3.66));
#10812=CARTESIAN_POINT('Ctrl Pts',(36.6515840259487,14.3004361702658,3.66));
#10813=CARTESIAN_POINT('Ctrl Pts',(35.6402156365937,16.0557690972985,3.66));
#10814=CARTESIAN_POINT('Ctrl Pts',(35.8964560649241,15.4371552617421,3.66));
#10815=CARTESIAN_POINT('Ctrl Pts',(36.1526964932545,14.8185414261857,3.66));
#10816=CARTESIAN_POINT('Ctrl Pts',(36.4089369215849,14.1999275906292,3.66));
#10817=CARTESIAN_POINT('Ctrl Pts',(35.1353341782688,15.8466385643208,3.8374784491903));
#10818=CARTESIAN_POINT('Ctrl Pts',(35.3915746065991,15.2280247287644,3.8374784491903));
#10819=CARTESIAN_POINT('Ctrl Pts',(35.6478150349295,14.609410893208,3.8374784491903));
#10820=CARTESIAN_POINT('Ctrl Pts',(35.9040554632599,13.9907970576516,3.8374784491903));
#10821=CARTESIAN_POINT('Ctrl Pts',(34.3338130929228,15.5146348256069,4.62407041990726));
#10822=CARTESIAN_POINT('Ctrl Pts',(34.5900535212531,14.8960209900505,4.62407041990726));
#10823=CARTESIAN_POINT('Ctrl Pts',(34.8462939495835,14.2774071544941,4.62407041990726));
#10824=CARTESIAN_POINT('Ctrl Pts',(35.1025343779139,13.6587933189377,4.62407041990726));
#10825=CARTESIAN_POINT('Ctrl Pts',(33.5888671586008,15.2060654818224,5.69768152057238));
#10826=CARTESIAN_POINT('Ctrl Pts',(33.8451075869312,14.587451646266,5.69768152057238));
#10827=CARTESIAN_POINT('Ctrl Pts',(34.1013480152616,13.9688378107096,5.69768152057238));
#10828=CARTESIAN_POINT('Ctrl Pts',(34.357588443592,13.3502239751532,5.69768152057238));
#10829=CARTESIAN_POINT('Ctrl Pts',(33.1596783159563,15.0282881245234,6.878428139563));
#10830=CARTESIAN_POINT('Ctrl Pts',(33.4159187442867,14.409674288967,6.878428139563));
#10831=CARTESIAN_POINT('Ctrl Pts',(33.672159172617,13.7910604534106,6.878428139563));
#10832=CARTESIAN_POINT('Ctrl Pts',(33.9283996009474,13.1724466178541,6.878428139563));
#10833=CARTESIAN_POINT('Ctrl Pts',(33.1112276089958,15.0082190132445,7.48490689227762));
#10834=CARTESIAN_POINT('Ctrl Pts',(33.3674680373262,14.389605177688,7.48490689227762));
#10835=CARTESIAN_POINT('Ctrl Pts',(33.6237084656565,13.7709913421316,7.48490689227762));
#10836=CARTESIAN_POINT('Ctrl Pts',(33.8799488939869,13.1523775065752,7.48490689227762));
#10837=CARTESIAN_POINT('Ctrl Pts',(33.1112276089958,15.0082190132445,7.66));
#10838=CARTESIAN_POINT('Ctrl Pts',(33.3674680373262,14.389605177688,7.66));
#10839=CARTESIAN_POINT('Ctrl Pts',(33.6237084656565,13.7709913421316,7.66));
#10840=CARTESIAN_POINT('Ctrl Pts',(33.8799488939869,13.1523775065752,7.66));
#10841=CARTESIAN_POINT('',(36.6515840259487,14.3004361702658,3.66));
#10842=CARTESIAN_POINT('Ctrl Pts',(36.6515840259487,14.3004361702658,3.66));
#10843=CARTESIAN_POINT('Ctrl Pts',(36.3953435976184,14.9190500058222,3.66));
#10844=CARTESIAN_POINT('Ctrl Pts',(36.139103169288,15.5376638413787,3.66));
#10845=CARTESIAN_POINT('Ctrl Pts',(35.8828627409576,16.1562776769351,3.66));
#10846=CARTESIAN_POINT('',(33.7097061929744,13.5633762351329,7.66));
#10847=CARTESIAN_POINT('Ctrl Pts',(33.2623687904788,14.6433350384675,7.66));
#10848=CARTESIAN_POINT('Ctrl Pts',(33.4114812579773,14.2833487706893,7.66));
#10849=CARTESIAN_POINT('Ctrl Pts',(33.5605937254758,13.9233625029111,7.66));
#10850=CARTESIAN_POINT('Ctrl Pts',(33.7097061929744,13.5633762351329,7.66));
#10851=CARTESIAN_POINT('Ctrl Pts',(33.7097061929744,13.5633762351329,7.66));
#10852=CARTESIAN_POINT('Ctrl Pts',(33.7097061929744,13.5633762351329,7.33354638221804));
#10853=CARTESIAN_POINT('Ctrl Pts',(33.7792668311386,13.5808040014992,6.95654384681995));
#10854=CARTESIAN_POINT('Ctrl Pts',(34.1250789767666,13.6674439954432,5.93244183911803));
#10855=CARTESIAN_POINT('Ctrl Pts',(34.4848043434895,13.7575698164098,5.293736292754));
#10856=CARTESIAN_POINT('Ctrl Pts',(35.2279427044101,13.9437561718917,4.40161426045626));
#10857=CARTESIAN_POINT('Ctrl Pts',(35.5594325525276,14.0268078485414,4.10592540614253));
#10858=CARTESIAN_POINT('Ctrl Pts',(36.0143001420656,14.140770662456,3.83318859447791));
#10859=CARTESIAN_POINT('Ctrl Pts',(36.1565436516677,14.1764084414131,3.76414331576802));
#10860=CARTESIAN_POINT('Ctrl Pts',(36.4139129987134,14.240889920585,3.68315296589953));
#10861=CARTESIAN_POINT('Ctrl Pts',(36.5309090462055,14.2702021844115,3.66055494827102));
#10862=CARTESIAN_POINT('Ctrl Pts',(36.6487222020666,14.2997191670991,3.66000335970434));
#10863=CARTESIAN_POINT('Ctrl Pts',(36.6501531140453,14.3000776686915,3.66));
#10864=CARTESIAN_POINT('Ctrl Pts',(36.6515840259487,14.3004361702658,3.66));
#10865=CARTESIAN_POINT('Ctrl Pts',(36.6515840259487,14.3004361702658,3.66));
#10866=CARTESIAN_POINT('Ctrl Pts',(36.7010273024119,13.7989339461621,3.66));
#10867=CARTESIAN_POINT('Ctrl Pts',(36.750470578875,13.2974317220585,3.66));
#10868=CARTESIAN_POINT('Ctrl Pts',(36.7999138553382,12.7959294979548,3.66));
#10869=CARTESIAN_POINT('Ctrl Pts',(36.3902115699134,14.2746673700841,3.66));
#10870=CARTESIAN_POINT('Ctrl Pts',(36.4396548463766,13.7731651459804,3.66));
#10871=CARTESIAN_POINT('Ctrl Pts',(36.4890981228397,13.2716629218768,3.66));
#10872=CARTESIAN_POINT('Ctrl Pts',(36.5385413993029,12.7701606977731,3.66));
#10873=CARTESIAN_POINT('Ctrl Pts',(35.8463168946633,14.2210446073072,3.83751893766921));
#10874=CARTESIAN_POINT('Ctrl Pts',(35.8957601711265,13.7195423832035,3.83751893766921));
#10875=CARTESIAN_POINT('Ctrl Pts',(35.9452034475896,13.2180401590998,3.83751893766921));
#10876=CARTESIAN_POINT('Ctrl Pts',(35.9946467240528,12.7165379349961,3.83751893766921));
#10877=CARTESIAN_POINT('Ctrl Pts',(34.9829495428931,14.1359249236625,4.62410492775842));
#10878=CARTESIAN_POINT('Ctrl Pts',(35.0323928193562,13.6344226995588,4.62410492775842));
#10879=CARTESIAN_POINT('Ctrl Pts',(35.0818360958194,13.1329204754551,4.62410492775842));
#10880=CARTESIAN_POINT('Ctrl Pts',(35.1312793722825,12.6314182513514,4.62410492775842));
#10881=CARTESIAN_POINT('Ctrl Pts',(34.1805218373103,14.0568133006587,5.69771008069075));
#10882=CARTESIAN_POINT('Ctrl Pts',(34.2299651137734,13.555311076555,5.69771008069075));
#10883=CARTESIAN_POINT('Ctrl Pts',(34.2794083902366,13.0538088524514,5.69771008069075));
#10884=CARTESIAN_POINT('Ctrl Pts',(34.3288516666997,12.5523066283477,5.69771008069075));
#10885=CARTESIAN_POINT('Ctrl Pts',(33.7182234921805,14.0112351480841,6.87844795139142));
#10886=CARTESIAN_POINT('Ctrl Pts',(33.7676667686436,13.5097329239804,6.87844795139142));
#10887=CARTESIAN_POINT('Ctrl Pts',(33.8171100451068,13.0082306998767,6.87844795139142));
#10888=CARTESIAN_POINT('Ctrl Pts',(33.8665533215699,12.506728475773,6.87844795139142));
#10889=CARTESIAN_POINT('Ctrl Pts',(33.6660586739203,14.0060922007413,7.48490689227762));
#10890=CARTESIAN_POINT('Ctrl Pts',(33.7155019503834,13.5045899766376,7.48490689227762));
#10891=CARTESIAN_POINT('Ctrl Pts',(33.7649452268466,13.0030877525339,7.48490689227762));
#10892=CARTESIAN_POINT('Ctrl Pts',(33.8143885033097,12.5015855284302,7.48490689227762));
#10893=CARTESIAN_POINT('Ctrl Pts',(33.6660586739203,14.0060922007413,7.66));
#10894=CARTESIAN_POINT('Ctrl Pts',(33.7155019503834,13.5045899766376,7.66));
#10895=CARTESIAN_POINT('Ctrl Pts',(33.7649452268466,13.0030877525339,7.66));
#10896=CARTESIAN_POINT('Ctrl Pts',(33.8143885033097,12.5015855284302,7.66));
#10897=CARTESIAN_POINT('',(36.7999138553382,12.7959294979548,3.66));
#10898=CARTESIAN_POINT('Ctrl Pts',(36.7999138553382,12.7959294979548,3.66));
#10899=CARTESIAN_POINT('Ctrl Pts',(36.750470578875,13.2974317220585,3.66));
#10900=CARTESIAN_POINT('Ctrl Pts',(36.7010273024119,13.7989339461621,3.66));
#10901=CARTESIAN_POINT('Ctrl Pts',(36.6515840259487,14.3004361702658,3.66));
#10902=CARTESIAN_POINT('',(33.7999569276691,12.6479647289775,7.66));
#10903=CARTESIAN_POINT('Ctrl Pts',(33.7097061929744,13.5633762351329,7.66));
#10904=CARTESIAN_POINT('Ctrl Pts',(33.7397897712059,13.2582390664144,7.66));
#10905=CARTESIAN_POINT('Ctrl Pts',(33.7698733494375,12.953101897696,7.66));
#10906=CARTESIAN_POINT('Ctrl Pts',(33.7999569276691,12.6479647289775,7.66));
#10907=CARTESIAN_POINT('Ctrl Pts',(33.7999569276691,12.6479647289775,7.66));
#10908=CARTESIAN_POINT('Ctrl Pts',(33.7999569276691,12.6479647289776,7.32997834081607));
#10909=CARTESIAN_POINT('Ctrl Pts',(33.8724505598718,12.6515402814939,6.94838063984414));
#10910=CARTESIAN_POINT('Ctrl Pts',(34.235458238979,12.6694446543471,5.90377148493655));
#10911=CARTESIAN_POINT('Ctrl Pts',(34.6120453602444,12.6880187964891,5.26137436307936));
#10912=CARTESIAN_POINT('Ctrl Pts',(35.3681215221024,12.7253102101045,4.38317424990704));
#10913=CARTESIAN_POINT('Ctrl Pts',(35.7017030110214,12.7417632156041,4.09477264382701));
#10914=CARTESIAN_POINT('Ctrl Pts',(36.1588097589918,12.7643087707362,3.82891965433826));
#10915=CARTESIAN_POINT('Ctrl Pts',(36.3017366230189,12.7713582521445,3.76162032735831));
#10916=CARTESIAN_POINT('Ctrl Pts',(36.5605693935659,12.7841244791341,3.68259808470214));
#10917=CARTESIAN_POINT('Ctrl Pts',(36.6782832975014,12.7899303993874,3.66056095157527));
#10918=CARTESIAN_POINT('Ctrl Pts',(36.7969272388638,12.7957821911664,3.66000351879073));
#10919=CARTESIAN_POINT('Ctrl Pts',(36.7984205470635,12.7958558445593,3.66));
#10920=CARTESIAN_POINT('Ctrl Pts',(36.7999138553382,12.7959294979548,3.66));
#10921=CARTESIAN_POINT('Ctrl Pts',(36.7999138553382,12.795929497955,3.66));
#10922=CARTESIAN_POINT('Ctrl Pts',(36.803581715233,0.233160941656441,3.66));
#10923=CARTESIAN_POINT('Ctrl Pts',(36.8072495751278,-12.3296076146421,3.66));
#10924=CARTESIAN_POINT('Ctrl Pts',(36.8109174350226,-24.8923761709407,3.66));
#10925=CARTESIAN_POINT('Ctrl Pts',(36.5372742049486,12.7958528169721,3.66));
#10926=CARTESIAN_POINT('Ctrl Pts',(36.5409420648434,0.233084260673586,3.66));
#10927=CARTESIAN_POINT('Ctrl Pts',(36.5446099247382,-12.329684295625,3.66));
#10928=CARTESIAN_POINT('Ctrl Pts',(36.548277784633,-24.8924528519236,3.66));
#10929=CARTESIAN_POINT('Ctrl Pts',(35.9906228260386,12.7956932151566,3.83761369354561));
#10930=CARTESIAN_POINT('Ctrl Pts',(35.9942906859334,0.232924658858085,3.83761369354561));
#10931=CARTESIAN_POINT('Ctrl Pts',(35.9979585458282,-12.3298438974405,3.83761369354561));
#10932=CARTESIAN_POINT('Ctrl Pts',(36.0016264057231,-24.892612453739,3.83761369354561));
#10933=CARTESIAN_POINT('Ctrl Pts',(35.1230866558735,12.7954399269494,4.62418711319246));
#10934=CARTESIAN_POINT('Ctrl Pts',(35.1267545157683,0.232671370650814,4.62418711319246));
#10935=CARTESIAN_POINT('Ctrl Pts',(35.1304223756631,-12.3300971856477,4.62418711319246));
#10936=CARTESIAN_POINT('Ctrl Pts',(35.1340902355579,-24.8928657419463,4.62418711319246));
#10937=CARTESIAN_POINT('Ctrl Pts',(34.3167836843137,12.7952045165525,5.69777869858057));
#10938=CARTESIAN_POINT('Ctrl Pts',(34.3204515442086,0.232435960253914,5.69777869858057));
#10939=CARTESIAN_POINT('Ctrl Pts',(34.3241194041034,-12.3303325960447,5.69777869858057));
#10940=CARTESIAN_POINT('Ctrl Pts',(34.3277872639982,-24.8931011523432,5.69777869858057));
#10941=CARTESIAN_POINT('Ctrl Pts',(33.8522719740253,12.7950688964568,6.87849527180299));
#10942=CARTESIAN_POINT('Ctrl Pts',(33.8559398339201,0.232300340158258,6.87849527180299));
#10943=CARTESIAN_POINT('Ctrl Pts',(33.8596076938149,-12.3304682161403,6.87849527180299));
#10944=CARTESIAN_POINT('Ctrl Pts',(33.8632755537097,-24.8932367724389,6.87849527180299));
#10945=CARTESIAN_POINT('Ctrl Pts',(33.7999139832015,12.7950536098762,7.48490689227762));
#10946=CARTESIAN_POINT('Ctrl Pts',(33.8035818430963,0.232285053577628,7.48490689227762));
#10947=CARTESIAN_POINT('Ctrl Pts',(33.8072497029911,-12.3304835027209,7.48490689227762));
#10948=CARTESIAN_POINT('Ctrl Pts',(33.8109175628859,-24.8932520590195,7.48490689227762));
#10949=CARTESIAN_POINT('Ctrl Pts',(33.7999139832015,12.7950536098762,7.66));
#10950=CARTESIAN_POINT('Ctrl Pts',(33.8035818430963,0.232285053577623,7.66));
#10951=CARTESIAN_POINT('Ctrl Pts',(33.8072497029911,-12.3304835027209,7.66));
#10952=CARTESIAN_POINT('Ctrl Pts',(33.8109175628859,-24.8932520590195,7.66));
#10953=CARTESIAN_POINT('',(36.8109174350226,-24.8923761709407,3.66));
#10954=CARTESIAN_POINT('Ctrl Pts',(36.8109174350226,-24.8923761709407,3.66));
#10955=CARTESIAN_POINT('Ctrl Pts',(36.8072495751278,-12.3296076146421,3.66));
#10956=CARTESIAN_POINT('Ctrl Pts',(36.803581715233,0.233160941656441,3.66));
#10957=CARTESIAN_POINT('Ctrl Pts',(36.7999138553382,12.795929497955,3.66));
#10958=CARTESIAN_POINT('',(33.8108600275113,-24.6961879354704,7.66));
#10959=CARTESIAN_POINT('Ctrl Pts',(33.7999569276691,12.6479647289775,7.66));
#10960=CARTESIAN_POINT('Ctrl Pts',(33.8035912942832,0.199913840828192,7.66));
#10961=CARTESIAN_POINT('Ctrl Pts',(33.8072256608972,-12.2481370473211,7.66));
#10962=CARTESIAN_POINT('Ctrl Pts',(33.8108600275113,-24.6961879354704,7.66));
#10963=CARTESIAN_POINT('Ctrl Pts',(33.8108600275113,-24.6961879354704,7.66));
#10964=CARTESIAN_POINT('Ctrl Pts',(33.8108600275113,-24.6961879354704,7.33033133622143));
#10965=CARTESIAN_POINT('Ctrl Pts',(33.883201021283,-24.70091866225,6.94918871446905));
#10966=CARTESIAN_POINT('Ctrl Pts',(34.2424019807879,-24.7244085468929,5.91463679097947));
#10967=CARTESIAN_POINT('Ctrl Pts',(34.6156165198691,-24.7488148471537,5.27062041890744));
#10968=CARTESIAN_POINT('Ctrl Pts',(35.3771194896144,-24.7986132022011,4.38497038864053));
#10969=CARTESIAN_POINT('Ctrl Pts',(35.7111677424419,-24.8204582301043,4.09584368818356));
#10970=CARTESIAN_POINT('Ctrl Pts',(36.1689708302302,-24.8503961839576,3.82931672914734));
#10971=CARTESIAN_POINT('Ctrl Pts',(36.3121159124192,-24.8597571316102,3.76184813814604));
#10972=CARTESIAN_POINT('Ctrl Pts',(36.571319277978,-24.8767076908861,3.68264080204829));
#10973=CARTESIAN_POINT('Ctrl Pts',(36.6891952756511,-24.8844161713777,3.66055354970455));
#10974=CARTESIAN_POINT('Ctrl Pts',(36.8079731991237,-24.8921836331427,3.66000341940575));
#10975=CARTESIAN_POINT('Ctrl Pts',(36.8094453170449,-24.89227990204,3.66));
#10976=CARTESIAN_POINT('Ctrl Pts',(36.8109174350226,-24.8923761709407,3.66));
#10977=CARTESIAN_POINT('Ctrl Pts',(36.8109174350226,-24.8923761709405,3.66));
#10978=CARTESIAN_POINT('Ctrl Pts',(36.7450825785067,-25.3924571649362,3.66));
#10979=CARTESIAN_POINT('Ctrl Pts',(36.6792477219907,-25.8925381589319,3.66));
#10980=CARTESIAN_POINT('Ctrl Pts',(36.6134128654748,-26.3926191529275,3.66));
#10981=CARTESIAN_POINT('Ctrl Pts',(36.5505245536583,-24.8580958679732,3.66));
#10982=CARTESIAN_POINT('Ctrl Pts',(36.4846896971424,-25.3581768619688,3.66));
#10983=CARTESIAN_POINT('Ctrl Pts',(36.4188548406265,-25.8582578559645,3.66));
#10984=CARTESIAN_POINT('Ctrl Pts',(36.3530199841105,-26.3583388499602,3.66));
#10985=CARTESIAN_POINT('Ctrl Pts',(36.0085465617163,-24.7867453392334,3.83761607173323));
#10986=CARTESIAN_POINT('Ctrl Pts',(35.9427117052004,-25.2868263332291,3.83761607173323));
#10987=CARTESIAN_POINT('Ctrl Pts',(35.8768768486844,-25.7869073272248,3.83761607173323));
#10988=CARTESIAN_POINT('Ctrl Pts',(35.8110419921685,-26.2869883212204,3.83761607173323));
#10989=CARTESIAN_POINT('Ctrl Pts',(35.1484321802166,-24.6735126677798,4.6241892004582));
#10990=CARTESIAN_POINT('Ctrl Pts',(35.0825973237007,-25.1735936617755,4.6241892004582));
#10991=CARTESIAN_POINT('Ctrl Pts',(35.0167624671848,-25.6736746557711,4.6241892004582));
#10992=CARTESIAN_POINT('Ctrl Pts',(34.9509276106688,-26.1737556497668,4.6241892004582));
#10993=CARTESIAN_POINT('Ctrl Pts',(34.3490271531358,-24.5682722849461,5.69778045147418));
#10994=CARTESIAN_POINT('Ctrl Pts',(34.2831922966199,-25.0683532789417,5.69778045147418));
#10995=CARTESIAN_POINT('Ctrl Pts',(34.2173574401039,-25.5684342729374,5.69778045147418));
#10996=CARTESIAN_POINT('Ctrl Pts',(34.151522583588,-26.0685152669331,5.69778045147418));
#10997=CARTESIAN_POINT('Ctrl Pts',(33.8884898522942,-24.5076432918726,6.87849647614405));
#10998=CARTESIAN_POINT('Ctrl Pts',(33.8226549957783,-25.0077242858683,6.87849647614405));
#10999=CARTESIAN_POINT('Ctrl Pts',(33.7568201392624,-25.5078052798639,6.87849647614405));
#11000=CARTESIAN_POINT('Ctrl Pts',(33.6909852827465,-26.0078862738596,6.87849647614405));
#11001=CARTESIAN_POINT('Ctrl Pts',(33.8365812689508,-24.5008096105742,7.48490689227762));
#11002=CARTESIAN_POINT('Ctrl Pts',(33.7707464124348,-25.0008906045698,7.48490689227762));
#11003=CARTESIAN_POINT('Ctrl Pts',(33.7049115559189,-25.5009715985655,7.48490689227762));
#11004=CARTESIAN_POINT('Ctrl Pts',(33.639076699403,-26.0010525925612,7.48490689227762));
#11005=CARTESIAN_POINT('Ctrl Pts',(33.8365812689508,-24.5008096105742,7.66));
#11006=CARTESIAN_POINT('Ctrl Pts',(33.7707464124348,-25.0008906045698,7.66));
#11007=CARTESIAN_POINT('Ctrl Pts',(33.7049115559189,-25.5009715985655,7.66));
#11008=CARTESIAN_POINT('Ctrl Pts',(33.639076699403,-26.0010525925612,7.66));
#11009=CARTESIAN_POINT('',(36.6134128654748,-26.3926191529275,3.66));
#11010=CARTESIAN_POINT('Ctrl Pts',(36.6134128654748,-26.3926191529275,3.66));
#11011=CARTESIAN_POINT('Ctrl Pts',(36.6792477219907,-25.8925381589319,3.66));
#11012=CARTESIAN_POINT('Ctrl Pts',(36.7450825785067,-25.3924571649362,3.66));
#11013=CARTESIAN_POINT('Ctrl Pts',(36.8109174350226,-24.8923761709405,3.66));
#11014=CARTESIAN_POINT('',(33.6906282327374,-25.6094675964638,7.66));
#11015=CARTESIAN_POINT('Ctrl Pts',(33.8108600275113,-24.6961879354704,7.66));
#11016=CARTESIAN_POINT('Ctrl Pts',(33.7707827625866,-25.0006144891349,7.66));
#11017=CARTESIAN_POINT('Ctrl Pts',(33.730705497662,-25.3050410427993,7.66));
#11018=CARTESIAN_POINT('Ctrl Pts',(33.6906282327374,-25.6094675964638,7.66));
#11019=CARTESIAN_POINT('Ctrl Pts',(33.6906282327374,-25.6094675964638,7.66));
#11020=CARTESIAN_POINT('Ctrl Pts',(33.6906282327374,-25.6094675964638,7.33270808315025));
#11021=CARTESIAN_POINT('Ctrl Pts',(33.7600929529127,-25.6280804641583,6.95462687448779));
#11022=CARTESIAN_POINT('Ctrl Pts',(34.1053204249848,-25.7205831511693,5.92779694310852));
#11023=CARTESIAN_POINT('Ctrl Pts',(34.4643298001756,-25.8167786587556,5.28769797477785));
#11024=CARTESIAN_POINT('Ctrl Pts',(35.2035876728039,-26.0148606341268,4.3972528570071));
#11025=CARTESIAN_POINT('Ctrl Pts',(35.5319120706178,-26.1028341919275,4.10328229750043));
#11026=CARTESIAN_POINT('Ctrl Pts',(35.9822864752502,-26.2235106906434,3.83217319837709));
#11027=CARTESIAN_POINT('Ctrl Pts',(36.1231203906918,-26.2612467245824,3.76354126553638));
#11028=CARTESIAN_POINT('Ctrl Pts',(36.3779911729039,-26.3295386019805,3.68301839548691));
#11029=CARTESIAN_POINT('Ctrl Pts',(36.4938631723938,-26.360586163836,3.66055438963435));
#11030=CARTESIAN_POINT('Ctrl Pts',(36.6105640852386,-26.3918558306325,3.66000337278607));
#11031=CARTESIAN_POINT('Ctrl Pts',(36.6119884753773,-26.3922374917851,3.66));
#11032=CARTESIAN_POINT('Ctrl Pts',(36.6134128654748,-26.3926191529275,3.66));
#11033=CARTESIAN_POINT('Ctrl Pts',(36.6134128654748,-26.3926191529275,3.66));
#11034=CARTESIAN_POINT('Ctrl Pts',(36.3699012373085,-26.9805081195639,3.66));
#11035=CARTESIAN_POINT('Ctrl Pts',(36.1263896091422,-27.5683970862003,3.66));
#11036=CARTESIAN_POINT('Ctrl Pts',(35.8828779809759,-28.1562860528367,3.66));
#11037=CARTESIAN_POINT('Ctrl Pts',(36.3707654642811,-26.2921112898984,3.66));
#11038=CARTESIAN_POINT('Ctrl Pts',(36.1272538361148,-26.8800002565348,3.66));
#11039=CARTESIAN_POINT('Ctrl Pts',(35.8837422079485,-27.4678892231712,3.66));
#11040=CARTESIAN_POINT('Ctrl Pts',(35.6402305797822,-28.0557781898077,3.66));
#11041=CARTESIAN_POINT('Ctrl Pts',(35.8657613689395,-26.0829317058847,3.83758292159576));
#11042=CARTESIAN_POINT('Ctrl Pts',(35.6222497407732,-26.6708206725211,3.83758292159576));
#11043=CARTESIAN_POINT('Ctrl Pts',(35.3787381126069,-27.2587096391575,3.83758292159576));
#11044=CARTESIAN_POINT('Ctrl Pts',(35.1352264844406,-27.8465986057939,3.83758292159576));
#11045=CARTESIAN_POINT('Ctrl Pts',(35.0642576063206,-25.7509379157419,4.62416021177442));
#11046=CARTESIAN_POINT('Ctrl Pts',(34.8207459781543,-26.3388268823783,4.62416021177442));
#11047=CARTESIAN_POINT('Ctrl Pts',(34.577234349988,-26.9267158490147,4.62416021177442));
#11048=CARTESIAN_POINT('Ctrl Pts',(34.3337227218217,-27.5146048156511,4.62416021177442));
#11049=CARTESIAN_POINT('Ctrl Pts',(34.3193262984927,-25.4423772079621,5.69775615041983));
#11050=CARTESIAN_POINT('Ctrl Pts',(34.0758146703264,-26.0302661745986,5.69775615041983));
#11051=CARTESIAN_POINT('Ctrl Pts',(33.8323030421601,-26.618155141235,5.69775615041983));
#11052=CARTESIAN_POINT('Ctrl Pts',(33.5887914139938,-27.2060441078714,5.69775615041983));
#11053=CARTESIAN_POINT('Ctrl Pts',(33.8901649103212,-25.2646127076728,6.87847976118558));
#11054=CARTESIAN_POINT('Ctrl Pts',(33.6466532821549,-25.8525016743092,6.87847976118558));
#11055=CARTESIAN_POINT('Ctrl Pts',(33.4031416539885,-26.4403906409456,6.87847976118558));
#11056=CARTESIAN_POINT('Ctrl Pts',(33.1596300258222,-27.028279607582,6.87847976118558));
#11057=CARTESIAN_POINT('Ctrl Pts',(33.8417743429758,-25.244568674682,7.48490689227762));
#11058=CARTESIAN_POINT('Ctrl Pts',(33.5982627148095,-25.8324576413184,7.48490689227762));
#11059=CARTESIAN_POINT('Ctrl Pts',(33.3547510866432,-26.4203466079548,7.48490689227762));
#11060=CARTESIAN_POINT('Ctrl Pts',(33.1112394584769,-27.0082355745913,7.48490689227762));
#11061=CARTESIAN_POINT('Ctrl Pts',(33.8417743429758,-25.244568674682,7.66));
#11062=CARTESIAN_POINT('Ctrl Pts',(33.5982627148095,-25.8324576413184,7.66));
#11063=CARTESIAN_POINT('Ctrl Pts',(33.3547510866432,-26.4203466079548,7.66));
#11064=CARTESIAN_POINT('Ctrl Pts',(33.1112394584769,-27.0082355745913,7.66));
#11065=CARTESIAN_POINT('',(35.8828779809759,-28.1562860528367,3.66));
#11066=CARTESIAN_POINT('Ctrl Pts',(35.8828779809759,-28.1562860528367,3.66));
#11067=CARTESIAN_POINT('Ctrl Pts',(36.1263896091422,-27.5683970862003,3.66));
#11068=CARTESIAN_POINT('Ctrl Pts',(36.3699012373085,-26.9805081195639,3.66));
#11069=CARTESIAN_POINT('Ctrl Pts',(36.6134128654748,-26.3926191529275,3.66));
#11070=CARTESIAN_POINT('',(33.262384030488,-26.6433403664184,7.66));
#11071=CARTESIAN_POINT('Ctrl Pts',(33.6906282327374,-25.6094675964638,7.66));
#11072=CARTESIAN_POINT('Ctrl Pts',(33.5478801653209,-25.9540918531153,7.66));
#11073=CARTESIAN_POINT('Ctrl Pts',(33.4051320979044,-26.2987161097668,7.66));
#11074=CARTESIAN_POINT('Ctrl Pts',(33.262384030488,-26.6433403664184,7.66));
#11075=CARTESIAN_POINT('Ctrl Pts',(33.2623840304879,-26.6433403664184,7.66));
#11076=CARTESIAN_POINT('Ctrl Pts',(33.2623840304879,-26.6433403664184,7.33270795444377));
#11077=CARTESIAN_POINT('Ctrl Pts',(33.3246643710174,-26.6792980042825,6.95462657988236));
#11078=CARTESIAN_POINT('Ctrl Pts',(33.634186904579,-26.8580012529237,5.9277956242556));
#11079=CARTESIAN_POINT('Ctrl Pts',(33.9560661825757,-27.0438386846216,5.28769583624852));
#11080=CARTESIAN_POINT('Ctrl Pts',(34.6188673522338,-27.4265078262394,4.39724983616989));
#11081=CARTESIAN_POINT('Ctrl Pts',(34.9132353908088,-27.5964616068053,4.10327915822299));
#11082=CARTESIAN_POINT('Ctrl Pts',(35.3170301656207,-27.8295930599942,3.83217089725067));
#11083=CARTESIAN_POINT('Ctrl Pts',(35.443298293782,-27.902494132639,3.76353935356453));
#11084=CARTESIAN_POINT('Ctrl Pts',(35.6718088088317,-28.0344249840707,3.68301740490755));
#11085=CARTESIAN_POINT('Ctrl Pts',(35.7756965128474,-28.0944046888927,3.66055387255682));
#11086=CARTESIAN_POINT('Ctrl Pts',(35.8803261787851,-28.1548127664295,3.66000336660543));
#11087=CARTESIAN_POINT('Ctrl Pts',(35.8816020798988,-28.1555494096438,3.66));
#11088=CARTESIAN_POINT('Ctrl Pts',(35.8828779809759,-28.1562860528367,3.66));
#11089=CARTESIAN_POINT('Ctrl Pts',(35.8828779809759,-28.1562860528367,3.66));
#11090=CARTESIAN_POINT('Ctrl Pts',(35.4955079646893,-28.661114880522,3.66));
#11091=CARTESIAN_POINT('Ctrl Pts',(35.1081379484026,-29.1659437082073,3.66));
#11092=CARTESIAN_POINT('Ctrl Pts',(34.720767932116,-29.6707725358926,3.66));
#11093=CARTESIAN_POINT('Ctrl Pts',(35.6745121738521,-27.9964008369524,3.66));
#11094=CARTESIAN_POINT('Ctrl Pts',(35.2871421575655,-28.5012296646377,3.66));
#11095=CARTESIAN_POINT('Ctrl Pts',(34.8997721412788,-29.0060584923229,3.66));
#11096=CARTESIAN_POINT('Ctrl Pts',(34.5124021249922,-29.5108873200082,3.66));
#11097=CARTESIAN_POINT('Ctrl Pts',(35.2408722148215,-27.6636561346293,3.83756657822549));
#11098=CARTESIAN_POINT('Ctrl Pts',(34.8535021985348,-28.1684849623146,3.83756657822549));
#11099=CARTESIAN_POINT('Ctrl Pts',(34.4661321822482,-28.6733137899999,3.83756657822549));
#11100=CARTESIAN_POINT('Ctrl Pts',(34.0787621659615,-29.1781426176852,3.83756657822549));
#11101=CARTESIAN_POINT('Ctrl Pts',(34.5526038313359,-27.1355275486631,4.62414600559642));
#11102=CARTESIAN_POINT('Ctrl Pts',(34.1652338150492,-27.6403563763484,4.62414600559642));
#11103=CARTESIAN_POINT('Ctrl Pts',(33.7778637987626,-28.1451852040337,4.62414600559642));
#11104=CARTESIAN_POINT('Ctrl Pts',(33.390493782476,-28.650014031719,4.62414600559642));
#11105=CARTESIAN_POINT('Ctrl Pts',(33.9129154927413,-26.6446758608229,5.69774427673127));
#11106=CARTESIAN_POINT('Ctrl Pts',(33.5255454764547,-27.1495046885082,5.69774427673127));
#11107=CARTESIAN_POINT('Ctrl Pts',(33.1381754601681,-27.6543335161935,5.69774427673127));
#11108=CARTESIAN_POINT('Ctrl Pts',(32.7508054438814,-28.1591623438788,5.69774427673127));
#11109=CARTESIAN_POINT('Ctrl Pts',(33.544382835538,-26.36188990726,6.87847157875894));
#11110=CARTESIAN_POINT('Ctrl Pts',(33.1570128192513,-26.8667187349453,6.87847157875894));
#11111=CARTESIAN_POINT('Ctrl Pts',(32.7696428029647,-27.3715475626306,6.87847157875894));
#11112=CARTESIAN_POINT('Ctrl Pts',(32.382272786678,-27.8763763903159,6.87847157875894));
#11113=CARTESIAN_POINT('Ctrl Pts',(33.502820766455,-26.3299981085063,7.48490689227762));
#11114=CARTESIAN_POINT('Ctrl Pts',(33.1154507501683,-26.8348269361916,7.48490689227762));
#11115=CARTESIAN_POINT('Ctrl Pts',(32.7280807338817,-27.3396557638769,7.48490689227762));
#11116=CARTESIAN_POINT('Ctrl Pts',(32.340710717595,-27.8444845915622,7.48490689227762));
#11117=CARTESIAN_POINT('Ctrl Pts',(33.502820766455,-26.3299981085063,7.66));
#11118=CARTESIAN_POINT('Ctrl Pts',(33.1154507501683,-26.8348269361916,7.66));
#11119=CARTESIAN_POINT('Ctrl Pts',(32.7280807338817,-27.3396557638769,7.66));
#11120=CARTESIAN_POINT('Ctrl Pts',(32.340710717595,-27.8444845915622,7.66));
#11121=CARTESIAN_POINT('',(34.720767932116,-29.6707725358926,3.66));
#11122=CARTESIAN_POINT('Ctrl Pts',(34.720767932116,-29.6707725358926,3.66));
#11123=CARTESIAN_POINT('Ctrl Pts',(35.1081379484026,-29.1659437082073,3.66));
#11124=CARTESIAN_POINT('Ctrl Pts',(35.4955079646893,-28.661114880522,3.66));
#11125=CARTESIAN_POINT('Ctrl Pts',(35.8828779809759,-28.1562860528367,3.66));
#11126=CARTESIAN_POINT('',(32.581147596058,-27.5311421479463,7.66));
#11127=CARTESIAN_POINT('Ctrl Pts',(33.262384030488,-26.6433403664184,7.66));
#11128=CARTESIAN_POINT('Ctrl Pts',(33.0353052190113,-26.9392742935943,7.66));
#11129=CARTESIAN_POINT('Ctrl Pts',(32.8082264075346,-27.2352082207703,7.66));
#11130=CARTESIAN_POINT('Ctrl Pts',(32.581147596058,-27.5311421479463,7.66));
#11131=CARTESIAN_POINT('Ctrl Pts',(32.581147596058,-27.5311421479463,7.66));
#11132=CARTESIAN_POINT('Ctrl Pts',(32.581147596058,-27.5311421479463,7.33270793538876));
#11133=CARTESIAN_POINT('Ctrl Pts',(32.6319991916676,-27.5819939824294,6.95462653621705));
#11134=CARTESIAN_POINT('Ctrl Pts',(32.884722887762,-27.8347188658119,5.92779530634919));
#11135=CARTESIAN_POINT('Ctrl Pts',(33.1475358748625,-28.0975330877637,5.28769527426324));
#11136=CARTESIAN_POINT('Ctrl Pts',(33.6887101477365,-28.6387099030907,4.39724891139717));
#11137=CARTESIAN_POINT('Ctrl Pts',(33.9290604411437,-28.8790613254963,4.10327813784435));
#11138=CARTESIAN_POINT('Ctrl Pts',(34.2587570838427,-29.2087595171028,3.8321701203016));
#11139=CARTESIAN_POINT('Ctrl Pts',(34.361854408476,-29.3118573260926,3.7635387003717));
#11140=CARTESIAN_POINT('Ctrl Pts',(34.5484321003248,-29.4984358944856,3.68301706086424));
#11141=CARTESIAN_POINT('Ctrl Pts',(34.6332558567948,-29.5832600494334,3.66055369074734));
#11142=CARTESIAN_POINT('Ctrl Pts',(34.7186850706321,-29.6686896646239,3.66000336443293));
#11143=CARTESIAN_POINT('Ctrl Pts',(34.7197265013892,-29.6697311002732,3.66));
#11144=CARTESIAN_POINT('Ctrl Pts',(34.720767932116,-29.6707725358926,3.66));
#11145=CARTESIAN_POINT('Ctrl Pts',(34.720767932116,-29.6707725358926,3.66));
#11146=CARTESIAN_POINT('Ctrl Pts',(34.2159429270557,-30.0581358509143,3.66));
#11147=CARTESIAN_POINT('Ctrl Pts',(33.7111179219954,-30.4454991659359,3.66));
#11148=CARTESIAN_POINT('Ctrl Pts',(33.2062929169351,-30.8328624809576,3.66));
#11149=CARTESIAN_POINT('Ctrl Pts',(34.560883695129,-29.4624059776357,3.66));
#11150=CARTESIAN_POINT('Ctrl Pts',(34.0560586900687,-29.8497692926574,3.66));
#11151=CARTESIAN_POINT('Ctrl Pts',(33.5512336850084,-30.2371326076791,3.66));
#11152=CARTESIAN_POINT('Ctrl Pts',(33.0464086799481,-30.6244959227007,3.66));
#11153=CARTESIAN_POINT('Ctrl Pts',(34.2281410299083,-29.0287644552205,3.83756657839085));
#11154=CARTESIAN_POINT('Ctrl Pts',(33.7233160248481,-29.4161277702422,3.83756657839085));
#11155=CARTESIAN_POINT('Ctrl Pts',(33.2184910197877,-29.8034910852639,3.83756657839085));
#11156=CARTESIAN_POINT('Ctrl Pts',(32.7136660147275,-30.1908544002855,3.83756657839085));
#11157=CARTESIAN_POINT('Ctrl Pts',(33.7000156774278,-28.3404935906357,4.62414600573987));
#11158=CARTESIAN_POINT('Ctrl Pts',(33.1951906723676,-28.7278569056573,4.62414600573987));
#11159=CARTESIAN_POINT('Ctrl Pts',(32.6903656673073,-29.115220220679,4.62414600573987));
#11160=CARTESIAN_POINT('Ctrl Pts',(32.185540662247,-29.5025835357006,4.62414600573987));
#11161=CARTESIAN_POINT('Ctrl Pts',(33.2091669948434,-27.7008029460643,5.69774427685104));
#11162=CARTESIAN_POINT('Ctrl Pts',(32.7043419897831,-28.0881662610859,5.69774427685104));
#11163=CARTESIAN_POINT('Ctrl Pts',(32.1995169847228,-28.4755295761076,5.69774427685104));
#11164=CARTESIAN_POINT('Ctrl Pts',(31.6946919796626,-28.8628928911293,5.69774427685104));
#11165=CARTESIAN_POINT('Ctrl Pts',(32.9263827726674,-27.3322689603848,6.87847157884153));
#11166=CARTESIAN_POINT('Ctrl Pts',(32.4215577676072,-27.7196322754064,6.87847157884153));
#11167=CARTESIAN_POINT('Ctrl Pts',(31.9167327625469,-28.1069955904281,6.87847157884153));
#11168=CARTESIAN_POINT('Ctrl Pts',(31.4119077574866,-28.4943589054497,6.87847157884153));
#11169=CARTESIAN_POINT('Ctrl Pts',(32.8944911692348,-27.2907067415583,7.48490689227762));
#11170=CARTESIAN_POINT('Ctrl Pts',(32.3896661641745,-27.67807005658,7.48490689227762));
#11171=CARTESIAN_POINT('Ctrl Pts',(31.8848411591142,-28.0654333716016,7.48490689227762));
#11172=CARTESIAN_POINT('Ctrl Pts',(31.3800161540539,-28.4527966866233,7.48490689227762));
#11173=CARTESIAN_POINT('Ctrl Pts',(32.8944911692348,-27.2907067415583,7.66));
#11174=CARTESIAN_POINT('Ctrl Pts',(32.3896661641745,-27.67807005658,7.66));
#11175=CARTESIAN_POINT('Ctrl Pts',(31.8848411591142,-28.0654333716016,7.66));
#11176=CARTESIAN_POINT('Ctrl Pts',(31.3800161540539,-28.4527966866233,7.66));
#11177=CARTESIAN_POINT('',(33.2062929169351,-30.8328624809576,3.66));
#11178=CARTESIAN_POINT('Ctrl Pts',(33.2062929169351,-30.8328624809576,3.66));
#11179=CARTESIAN_POINT('Ctrl Pts',(33.7111179219954,-30.4454991659359,3.66));
#11180=CARTESIAN_POINT('Ctrl Pts',(34.2159429270557,-30.0581358509143,3.66));
#11181=CARTESIAN_POINT('Ctrl Pts',(34.720767932116,-29.6707725358926,3.66));
#11182=CARTESIAN_POINT('',(31.6933502784676,-28.2123685304788,7.66));
#11183=CARTESIAN_POINT('Ctrl Pts',(32.581147596058,-27.5311421479463,7.66));
#11184=CARTESIAN_POINT('Ctrl Pts',(32.2852151568612,-27.7582176087905,7.66));
#11185=CARTESIAN_POINT('Ctrl Pts',(31.9892827176644,-27.9852930696346,7.66));
#11186=CARTESIAN_POINT('Ctrl Pts',(31.6933502784676,-28.2123685304788,7.66));
#11187=CARTESIAN_POINT('Ctrl Pts',(31.6933502784676,-28.2123685304788,7.66));
#11188=CARTESIAN_POINT('Ctrl Pts',(31.6933502784676,-28.2123685304788,7.33270774944176));
#11189=CARTESIAN_POINT('Ctrl Pts',(31.7293078889874,-28.2746489490413,6.9546261109505));
#11190=CARTESIAN_POINT('Ctrl Pts',(31.9080110201099,-28.5841719026069,5.92779430361672));
#11191=CARTESIAN_POINT('Ctrl Pts',(32.0938483581592,-28.9060516673084,5.2876939905319));
#11192=CARTESIAN_POINT('Ctrl Pts',(32.4765170841134,-29.5688534523629,4.39724805213122));
#11193=CARTESIAN_POINT('Ctrl Pts',(32.6464705568309,-29.8632215502996,4.10327767648297));
#11194=CARTESIAN_POINT('Ctrl Pts',(32.8796014894797,-30.2670162369867,3.83216999269187));
#11195=CARTESIAN_POINT('Ctrl Pts',(32.952502372973,-30.3932842919266,3.76353864952698));
#11196=CARTESIAN_POINT('Ctrl Pts',(33.0844328547444,-30.6217946270769,3.68301707503518));
#11197=CARTESIAN_POINT('Ctrl Pts',(33.144412372029,-30.7256822154831,3.66055371406187));
#11198=CARTESIAN_POINT('Ctrl Pts',(33.2048200469933,-30.8303113949671,3.66000336471593));
#11199=CARTESIAN_POINT('Ctrl Pts',(33.2055564819752,-30.8315869379804,3.66));
#11200=CARTESIAN_POINT('Ctrl Pts',(33.2062929169351,-30.8328624809576,3.66));
#11201=CARTESIAN_POINT('Ctrl Pts',(33.2062929169352,-30.8328624809576,3.66));
#11202=CARTESIAN_POINT('Ctrl Pts',(32.5876790813788,-31.0891029092879,3.66));
#11203=CARTESIAN_POINT('Ctrl Pts',(31.9690652458223,-31.3453433376183,3.66));
#11204=CARTESIAN_POINT('Ctrl Pts',(31.3504514102659,-31.6015837659487,3.66));
#11205=CARTESIAN_POINT('Ctrl Pts',(33.1057843372986,-30.5902153765937,3.66));
#11206=CARTESIAN_POINT('Ctrl Pts',(32.4871705017421,-30.8464558049241,3.66));
#11207=CARTESIAN_POINT('Ctrl Pts',(31.8685566661857,-31.1026962332545,3.66));
#11208=CARTESIAN_POINT('Ctrl Pts',(31.2499428306293,-31.3589366615849,3.66));
#11209=CARTESIAN_POINT('Ctrl Pts',(32.8966032620625,-30.0852118995048,3.83758292118237));
#11210=CARTESIAN_POINT('Ctrl Pts',(32.2779894265061,-30.3414523278352,3.83758292118237));
#11211=CARTESIAN_POINT('Ctrl Pts',(31.6593755909497,-30.5976927561656,3.83758292118237));
#11212=CARTESIAN_POINT('Ctrl Pts',(31.0407617553933,-30.853933184496,3.83758292118237));
#11213=CARTESIAN_POINT('Ctrl Pts',(32.5646071048212,-29.2837091172965,4.62416021141436));
#11214=CARTESIAN_POINT('Ctrl Pts',(31.9459932692648,-29.5399495456269,4.62416021141436));
#11215=CARTESIAN_POINT('Ctrl Pts',(31.3273794337084,-29.7961899739573,4.62416021141436));
#11216=CARTESIAN_POINT('Ctrl Pts',(30.7087655981519,-30.0524304022877,4.62416021141436));
#11217=CARTESIAN_POINT('Ctrl Pts',(32.2560441970201,-28.5387787206804,5.69775615011859));
#11218=CARTESIAN_POINT('Ctrl Pts',(31.6374303614637,-28.7950191490108,5.69775615011859));
#11219=CARTESIAN_POINT('Ctrl Pts',(31.0188165259073,-29.0512595773411,5.69775615011859));
#11220=CARTESIAN_POINT('Ctrl Pts',(30.4002026903509,-29.3075000056715,5.69775615011859));
#11221=CARTESIAN_POINT('Ctrl Pts',(32.0782784292467,-28.109617857387,6.87847976097811));
#11222=CARTESIAN_POINT('Ctrl Pts',(31.4596645936903,-28.3658582857174,6.87847976097811));
#11223=CARTESIAN_POINT('Ctrl Pts',(30.8410507581339,-28.6220987140478,6.87847976097811));
#11224=CARTESIAN_POINT('Ctrl Pts',(30.2224369225775,-28.8783391423781,6.87847976097811));
#11225=CARTESIAN_POINT('Ctrl Pts',(32.0582342532445,-28.0612273489958,7.48490689227762));
#11226=CARTESIAN_POINT('Ctrl Pts',(31.4396204176881,-28.3174677773262,7.48490689227762));
#11227=CARTESIAN_POINT('Ctrl Pts',(30.8210065821317,-28.5737082056565,7.48490689227762));
#11228=CARTESIAN_POINT('Ctrl Pts',(30.2023927465753,-28.8299486339869,7.48490689227762));
#11229=CARTESIAN_POINT('Ctrl Pts',(32.0582342532445,-28.0612273489958,7.66));
#11230=CARTESIAN_POINT('Ctrl Pts',(31.4396204176881,-28.3174677773262,7.66));
#11231=CARTESIAN_POINT('Ctrl Pts',(30.8210065821317,-28.5737082056565,7.66));
#11232=CARTESIAN_POINT('Ctrl Pts',(30.2023927465753,-28.8299486339869,7.66));
#11233=CARTESIAN_POINT('',(31.3504514102659,-31.6015837659487,3.66));
#11234=CARTESIAN_POINT('Ctrl Pts',(31.3504514102659,-31.6015837659487,3.66));
#11235=CARTESIAN_POINT('Ctrl Pts',(31.9690652458223,-31.3453433376183,3.66));
#11236=CARTESIAN_POINT('Ctrl Pts',(32.5876790813788,-31.0891029092879,3.66));
#11237=CARTESIAN_POINT('Ctrl Pts',(33.2062929169352,-30.8328624809576,3.66));
#11238=CARTESIAN_POINT('',(30.6133914751329,-28.6597059329744,7.66));
#11239=CARTESIAN_POINT('Ctrl Pts',(31.6933502784676,-28.2123685304788,7.66));
#11240=CARTESIAN_POINT('Ctrl Pts',(31.3333640106894,-28.3614809979773,7.66));
#11241=CARTESIAN_POINT('Ctrl Pts',(30.9733777429112,-28.5105934654758,7.66));
#11242=CARTESIAN_POINT('Ctrl Pts',(30.613391475133,-28.6597059329744,7.66));
#11243=CARTESIAN_POINT('Ctrl Pts',(30.6133914751329,-28.6597059329744,7.66));
#11244=CARTESIAN_POINT('Ctrl Pts',(30.6133914751329,-28.6597059329744,7.33354643417539));
#11245=CARTESIAN_POINT('Ctrl Pts',(30.6308192359505,-28.729266548991,6.95654396581));
#11246=CARTESIAN_POINT('Ctrl Pts',(30.7174591627797,-29.0750784267395,5.93244261367336));
#11247=CARTESIAN_POINT('Ctrl Pts',(30.8075848612032,-29.4348033043478,5.29373764135323));
#11248=CARTESIAN_POINT('Ctrl Pts',(30.9937709709957,-30.1779406846314,4.40161608250271));
#11249=CARTESIAN_POINT('Ctrl Pts',(31.0768225370953,-30.5094300915028,4.10592722833708));
#11250=CARTESIAN_POINT('Ctrl Pts',(31.1907852782487,-30.9642973906237,3.83318988264715));
#11251=CARTESIAN_POINT('Ctrl Pts',(31.2264230624471,-31.106540921146,3.76414436328608));
#11252=CARTESIAN_POINT('Ctrl Pts',(31.2909045825762,-31.363910431667,3.68315348549333));
#11253=CARTESIAN_POINT('Ctrl Pts',(31.3202168853345,-31.480906634535,3.6605552075363));
#11254=CARTESIAN_POINT('Ctrl Pts',(31.3497340782185,-31.5987206293834,3.66000336278716));
#11255=CARTESIAN_POINT('Ctrl Pts',(31.3500927442513,-31.6001521977037,3.66));
#11256=CARTESIAN_POINT('Ctrl Pts',(31.3504514102659,-31.6015837659487,3.66));
#11257=CARTESIAN_POINT('Ctrl Pts',(31.3504514102659,-31.6015837659487,3.66));
#11258=CARTESIAN_POINT('Ctrl Pts',(30.8488403254715,-31.6510377750248,3.66));
#11259=CARTESIAN_POINT('Ctrl Pts',(30.3472292406771,-31.7004917841008,3.66));
#11260=CARTESIAN_POINT('Ctrl Pts',(29.8456181558827,-31.7499457931768,3.66));
#11261=CARTESIAN_POINT('Ctrl Pts',(31.3246826100842,-31.3402113099134,3.66));
#11262=CARTESIAN_POINT('Ctrl Pts',(30.8230715252898,-31.3896653189894,3.66));
#11263=CARTESIAN_POINT('Ctrl Pts',(30.3214604404954,-31.4391193280655,3.66));
#11264=CARTESIAN_POINT('Ctrl Pts',(29.819849355701,-31.4885733371415,3.66));
#11265=CARTESIAN_POINT('Ctrl Pts',(31.2710471998179,-30.796188351417,3.83762091682509));
#11266=CARTESIAN_POINT('Ctrl Pts',(30.7694361150235,-30.8456423604931,3.83762091682509));
#11267=CARTESIAN_POINT('Ctrl Pts',(30.2678250302291,-30.8950963695691,3.83762091682509));
#11268=CARTESIAN_POINT('Ctrl Pts',(29.7662139454347,-30.9445503786452,3.83762091682509));
#11269=CARTESIAN_POINT('Ctrl Pts',(31.1859292997832,-29.932839090769,4.62419345645234));
#11270=CARTESIAN_POINT('Ctrl Pts',(30.6843182149887,-29.982293099845,4.62419345645234));
#11271=CARTESIAN_POINT('Ctrl Pts',(30.1827071301943,-30.0317471089211,4.62419345645234));
#11272=CARTESIAN_POINT('Ctrl Pts',(29.6810960453999,-30.0812011179971,4.62419345645234));
#11273=CARTESIAN_POINT('Ctrl Pts',(31.1068192684572,-29.1304275295445,5.69778402715944));
#11274=CARTESIAN_POINT('Ctrl Pts',(30.6052081836628,-29.1798815386205,5.69778402715944));
#11275=CARTESIAN_POINT('Ctrl Pts',(30.1035970988684,-29.2293355476965,5.69778402715944));
#11276=CARTESIAN_POINT('Ctrl Pts',(29.601986014074,-29.2787895567726,5.69778402715944));
#11277=CARTESIAN_POINT('Ctrl Pts',(31.0612440738404,-28.6681591869247,6.87849893222388));
#11278=CARTESIAN_POINT('Ctrl Pts',(30.559632989046,-28.7176131960008,6.87849893222388));
#11279=CARTESIAN_POINT('Ctrl Pts',(30.0580219042516,-28.7670672050768,6.87849893222388));
#11280=CARTESIAN_POINT('Ctrl Pts',(29.5564108194572,-28.8165212141529,6.87849893222388));
#11281=CARTESIAN_POINT('Ctrl Pts',(31.0561074407413,-28.6160584139203,7.48490689227762));
#11282=CARTESIAN_POINT('Ctrl Pts',(30.5544963559469,-28.6655124229963,7.48490689227762));
#11283=CARTESIAN_POINT('Ctrl Pts',(30.0528852711525,-28.7149664320724,7.48490689227762));
#11284=CARTESIAN_POINT('Ctrl Pts',(29.5512741863581,-28.7644204411484,7.48490689227762));
#11285=CARTESIAN_POINT('Ctrl Pts',(31.0561074407413,-28.6160584139203,7.66));
#11286=CARTESIAN_POINT('Ctrl Pts',(30.5544963559469,-28.6655124229963,7.66));
#11287=CARTESIAN_POINT('Ctrl Pts',(30.0528852711525,-28.7149664320724,7.66));
#11288=CARTESIAN_POINT('Ctrl Pts',(29.5512741863581,-28.7644204411484,7.66));
#11289=CARTESIAN_POINT('',(29.8456181558831,-31.7499457931768,3.66));
#11290=CARTESIAN_POINT('Ctrl Pts',(29.8456181558827,-31.7499457931768,3.66));
#11291=CARTESIAN_POINT('Ctrl Pts',(30.3472292406771,-31.7004917841008,3.66));
#11292=CARTESIAN_POINT('Ctrl Pts',(30.8488403254715,-31.6510377750248,3.66));
#11293=CARTESIAN_POINT('Ctrl Pts',(31.3504514102659,-31.6015837659487,3.66));
#11294=CARTESIAN_POINT('',(29.6978166779415,-28.7499727665884,7.66));
#11295=CARTESIAN_POINT('Ctrl Pts',(30.6133914751329,-28.6597059329744,7.66));
#11296=CARTESIAN_POINT('Ctrl Pts',(30.3081998760691,-28.6897948775124,7.66));
#11297=CARTESIAN_POINT('Ctrl Pts',(30.0030082770053,-28.7198838220504,7.66));
#11298=CARTESIAN_POINT('Ctrl Pts',(29.6978166779414,-28.7499727665884,7.66));
#11299=CARTESIAN_POINT('Ctrl Pts',(29.6978166779414,-28.7499727665884,7.66));
#11300=CARTESIAN_POINT('Ctrl Pts',(29.6978166779414,-28.7499727665884,7.32997934381287));
#11301=CARTESIAN_POINT('Ctrl Pts',(29.7013882628292,-28.8224663469941,6.94838293607993));
#11302=CARTESIAN_POINT('Ctrl Pts',(29.7192727840294,-29.1854740918502,5.90377652448057));
#11303=CARTESIAN_POINT('Ctrl Pts',(29.7378263357989,-29.5620613603547,5.26138125359551));
#11304=CARTESIAN_POINT('Ctrl Pts',(29.7750761748482,-30.3181330448199,4.38318763641478));
#11305=CARTESIAN_POINT('Ctrl Pts',(29.7915106979083,-30.6517097227096,4.09478865384677));
#11306=CARTESIAN_POINT('Ctrl Pts',(29.8140310539192,-31.1088124633439,3.82893270410359));
#11307=CARTESIAN_POINT('Ctrl Pts',(29.8210726816629,-31.2517385924808,3.76163174920077));
#11308=CARTESIAN_POINT('Ctrl Pts',(29.833824736439,-31.5105710540693,3.68260457238152));
#11309=CARTESIAN_POINT('Ctrl Pts',(29.8396242416481,-31.6282854320633,3.66056462637608));
#11310=CARTESIAN_POINT('Ctrl Pts',(29.8454700630857,-31.7469399072114,3.66000356430506));
#11311=CARTESIAN_POINT('Ctrl Pts',(29.8455441094842,-31.7484428501567,3.66));
#11312=CARTESIAN_POINT('Ctrl Pts',(29.8456181558831,-31.7499457931768,3.66));
#11313=CARTESIAN_POINT('Ctrl Pts',(29.8456181558831,-31.7499457931768,3.66));
#11314=CARTESIAN_POINT('Ctrl Pts',(9.94950488816304,-31.7535835357057,3.66));
#11315=CARTESIAN_POINT('Ctrl Pts',(-9.94660837955705,-31.7572212782346,
3.66));
#11316=CARTESIAN_POINT('Ctrl Pts',(-29.8427216472771,-31.7608590207635,
3.66));
#11317=CARTESIAN_POINT('Ctrl Pts',(29.8455701356775,-31.4873061359832,3.66));
#11318=CARTESIAN_POINT('Ctrl Pts',(9.94945686795737,-31.4909438785121,3.66));
#11319=CARTESIAN_POINT('Ctrl Pts',(-9.94665639976267,-31.4945816210409,
3.66));
#11320=CARTESIAN_POINT('Ctrl Pts',(-29.8427696674828,-31.4982193635698,
3.66));
#11321=CARTESIAN_POINT('Ctrl Pts',(29.8454701878373,-30.9406556975222,3.83761293823956));
#11322=CARTESIAN_POINT('Ctrl Pts',(9.94935692011727,-30.9442934400511,3.83761293823956));
#11323=CARTESIAN_POINT('Ctrl Pts',(-9.94675634760286,-30.94793118258,3.83761293823956));
#11324=CARTESIAN_POINT('Ctrl Pts',(-29.8428696153229,-30.9515689251088,
3.83761293823956));
#11325=CARTESIAN_POINT('Ctrl Pts',(29.8453115702361,-30.0731193794395,4.62418645052643));
#11326=CARTESIAN_POINT('Ctrl Pts',(9.94919830251603,-30.0767571219684,4.62418645052643));
#11327=CARTESIAN_POINT('Ctrl Pts',(-9.94691496520402,-30.0803948644973,
4.62418645052643));
#11328=CARTESIAN_POINT('Ctrl Pts',(-29.8430282329241,-30.0840326070262,
4.62418645052643));
#11329=CARTESIAN_POINT('Ctrl Pts',(29.8451641483212,-29.266816268401,5.69777814217182));
#11330=CARTESIAN_POINT('Ctrl Pts',(9.9490508806011,-29.2704540109299,5.69777814217182));
#11331=CARTESIAN_POINT('Ctrl Pts',(-9.94706238711901,-29.2740917534588,
5.69777814217182));
#11332=CARTESIAN_POINT('Ctrl Pts',(-29.8431756548391,-29.2777294959877,
5.69777814217182));
#11333=CARTESIAN_POINT('Ctrl Pts',(29.8450792184229,-28.8023043181758,6.87849488947487));
#11334=CARTESIAN_POINT('Ctrl Pts',(9.9489659507028,-28.8059420607046,6.87849488947487));
#11335=CARTESIAN_POINT('Ctrl Pts',(-9.94714731701733,-28.8095798032335,
6.87849488947487));
#11336=CARTESIAN_POINT('Ctrl Pts',(-29.8432605847374,-28.8132175457624,
6.87849488947487));
#11337=CARTESIAN_POINT('Ctrl Pts',(29.8450696453647,-28.7499458433208,7.48490689227762));
#11338=CARTESIAN_POINT('Ctrl Pts',(9.94895637764455,-28.7535835858497,7.48490689227762));
#11339=CARTESIAN_POINT('Ctrl Pts',(-9.94715689007552,-28.7572213283785,
7.48490689227762));
#11340=CARTESIAN_POINT('Ctrl Pts',(-29.8432701577956,-28.7608590709074,
7.48490689227762));
#11341=CARTESIAN_POINT('Ctrl Pts',(29.8450696453647,-28.7499458433208,7.66));
#11342=CARTESIAN_POINT('Ctrl Pts',(9.94895637764456,-28.7535835858497,7.66));
#11343=CARTESIAN_POINT('Ctrl Pts',(-9.94715689007553,-28.7572213283785,
7.66));
#11344=CARTESIAN_POINT('Ctrl Pts',(-29.8432701577956,-28.7608590709074,
7.66));
#11345=CARTESIAN_POINT('',(-29.8427216472771,-31.7608590207635,3.66));
#11346=CARTESIAN_POINT('Ctrl Pts',(-29.8427216472771,-31.7608590207635,
3.66));
#11347=CARTESIAN_POINT('Ctrl Pts',(-9.94660837955705,-31.7572212782346,
3.66));
#11348=CARTESIAN_POINT('Ctrl Pts',(9.94950488816304,-31.7535835357057,3.66));
#11349=CARTESIAN_POINT('Ctrl Pts',(29.8456181558831,-31.7499457931768,3.66));
#11350=CARTESIAN_POINT('',(-29.6463704236385,-28.7608230703817,7.66));
#11351=CARTESIAN_POINT('Ctrl Pts',(29.6978166779415,-28.7499727665884,7.66));
#11352=CARTESIAN_POINT('Ctrl Pts',(9.9164209774148,-28.7535895345195,7.66));
#11353=CARTESIAN_POINT('Ctrl Pts',(-9.86497472311184,-28.7572063024506,
7.66));
#11354=CARTESIAN_POINT('Ctrl Pts',(-29.6463704236385,-28.7608230703817,
7.66));
#11355=CARTESIAN_POINT('Ctrl Pts',(-29.6463704236385,-28.7608230703817,
7.66));
#11356=CARTESIAN_POINT('Ctrl Pts',(-29.6463704236385,-28.7608230703817,
7.33033000688293));
#11357=CARTESIAN_POINT('Ctrl Pts',(-29.6511051187845,-28.8331641304,6.94918567154186));
#11358=CARTESIAN_POINT('Ctrl Pts',(-29.674614696458,-29.1923652440568,5.91462941713859));
#11359=CARTESIAN_POINT('Ctrl Pts',(-29.6990414463863,-29.5655797652843,
5.27061085090573));
#11360=CARTESIAN_POINT('Ctrl Pts',(-29.7488813017681,-30.3270792616152,
4.38496297920917));
#11361=CARTESIAN_POINT('Ctrl Pts',(-29.7707444039849,-30.6611239949766,
4.09583866893312));
#11362=CARTESIAN_POINT('Ctrl Pts',(-29.8007071020995,-31.1189218615334,
3.82931433698569));
#11363=CARTESIAN_POINT('Ctrl Pts',(-29.8100757839783,-31.2620652688657,
3.76184647261522));
#11364=CARTESIAN_POINT('Ctrl Pts',(-29.8270403488432,-31.5212656116676,
3.6826401665318));
#11365=CARTESIAN_POINT('Ctrl Pts',(-29.8347551970008,-31.639140210978,3.66055330315155));
#11366=CARTESIAN_POINT('Ctrl Pts',(-29.8425290331493,-31.7579160836319,
3.66000341643853));
#11367=CARTESIAN_POINT('Ctrl Pts',(-29.8426253402116,-31.7593875521693,
3.66));
#11368=CARTESIAN_POINT('Ctrl Pts',(-29.8427216472771,-31.7608590207635,
3.66));
#11369=CARTESIAN_POINT('Ctrl Pts',(-29.8427216472771,-31.7608590207635,
3.66));
#11370=CARTESIAN_POINT('Ctrl Pts',(-30.3426969612706,-31.6950380768495,
3.66));
#11371=CARTESIAN_POINT('Ctrl Pts',(-30.8426722752641,-31.6292171329355,
3.66));
#11372=CARTESIAN_POINT('Ctrl Pts',(-31.3426475892577,-31.5633961890215,
3.66));
#11373=CARTESIAN_POINT('Ctrl Pts',(-29.8084413443098,-31.5004661393992,
3.66));
#11374=CARTESIAN_POINT('Ctrl Pts',(-30.3084166583033,-31.4346451954852,
3.66));
#11375=CARTESIAN_POINT('Ctrl Pts',(-30.8083919722968,-31.3688242515712,
3.66));
#11376=CARTESIAN_POINT('Ctrl Pts',(-31.3083672862903,-31.3030033076572,
3.66));
#11377=CARTESIAN_POINT('Ctrl Pts',(-29.737090938098,-30.9584890781778,3.8376153289705));
#11378=CARTESIAN_POINT('Ctrl Pts',(-30.2370662520915,-30.8926681342638,
3.8376153289705));
#11379=CARTESIAN_POINT('Ctrl Pts',(-30.737041566085,-30.8268471903498,3.8376153289705));
#11380=CARTESIAN_POINT('Ctrl Pts',(-31.2370168800785,-30.7610262464358,
3.8376153289705));
#11381=CARTESIAN_POINT('Ctrl Pts',(-29.623858250606,-30.0983745748507,4.62418854843193));
#11382=CARTESIAN_POINT('Ctrl Pts',(-30.1238335645996,-30.0325536309367,
4.62418854843193));
#11383=CARTESIAN_POINT('Ctrl Pts',(-30.6238088785931,-29.9667326870227,
4.62418854843193));
#11384=CARTESIAN_POINT('Ctrl Pts',(-31.1237841925866,-29.9009117431088,
4.62418854843193));
#11385=CARTESIAN_POINT('Ctrl Pts',(-29.5186178525616,-29.2989694322288,
5.69777990384843));
#11386=CARTESIAN_POINT('Ctrl Pts',(-30.0185931665551,-29.2331484883148,
5.69777990384843));
#11387=CARTESIAN_POINT('Ctrl Pts',(-30.5185684805486,-29.1673275444008,
5.69777990384843));
#11388=CARTESIAN_POINT('Ctrl Pts',(-31.0185437945422,-29.1015066004868,
5.69777990384843));
#11389=CARTESIAN_POINT('Ctrl Pts',(-29.4579888302046,-28.838431908949,6.87849609991476));
#11390=CARTESIAN_POINT('Ctrl Pts',(-29.9579641441981,-28.772610965035,6.87849609991476));
#11391=CARTESIAN_POINT('Ctrl Pts',(-30.4579394581916,-28.706790021121,6.87849609991476));
#11392=CARTESIAN_POINT('Ctrl Pts',(-30.9579147721851,-28.6409690772071,
6.87849609991476));
#11393=CARTESIAN_POINT('Ctrl Pts',(-29.4511550869111,-28.7865228546916,
7.48490689227762));
#11394=CARTESIAN_POINT('Ctrl Pts',(-29.9511304009046,-28.7207019107776,
7.48490689227762));
#11395=CARTESIAN_POINT('Ctrl Pts',(-30.4511057148981,-28.6548809668636,
7.48490689227762));
#11396=CARTESIAN_POINT('Ctrl Pts',(-30.9510810288916,-28.5890600229496,
7.48490689227762));
#11397=CARTESIAN_POINT('Ctrl Pts',(-29.4511550869111,-28.7865228546916,
7.66));
#11398=CARTESIAN_POINT('Ctrl Pts',(-29.9511304009046,-28.7207019107776,
7.66));
#11399=CARTESIAN_POINT('Ctrl Pts',(-30.4511057148981,-28.6548809668636,
7.66));
#11400=CARTESIAN_POINT('Ctrl Pts',(-30.9510810288916,-28.5890600229496,
7.66));
#11401=CARTESIAN_POINT('',(-31.3426475892576,-31.5633961890215,3.66));
#11402=CARTESIAN_POINT('Ctrl Pts',(-31.3426475892577,-31.5633961890215,
3.66));
#11403=CARTESIAN_POINT('Ctrl Pts',(-30.8426722752641,-31.6292171329355,
3.66));
#11404=CARTESIAN_POINT('Ctrl Pts',(-30.3426969612706,-31.6950380768495,
3.66));
#11405=CARTESIAN_POINT('Ctrl Pts',(-29.8427216472771,-31.7608590207635,
3.66));
#11406=CARTESIAN_POINT('',(-30.5594915646289,-28.6406121445107,7.66));
#11407=CARTESIAN_POINT('Ctrl Pts',(-29.6463704236385,-28.7608230703817,
7.66));
#11408=CARTESIAN_POINT('Ctrl Pts',(-29.9507441373019,-28.7207527617581,
7.66));
#11409=CARTESIAN_POINT('Ctrl Pts',(-30.2551178509654,-28.6806824531344,
7.66));
#11410=CARTESIAN_POINT('Ctrl Pts',(-30.5594915646289,-28.6406121445107,
7.66));
#11411=CARTESIAN_POINT('Ctrl Pts',(-30.5594915646289,-28.6406121445107,
7.66));
#11412=CARTESIAN_POINT('Ctrl Pts',(-30.5594915646289,-28.6406121445107,
7.33270817935911));
#11413=CARTESIAN_POINT('Ctrl Pts',(-30.5781045275697,-28.7100768098514,
6.95462709461792));
#11414=CARTESIAN_POINT('Ctrl Pts',(-30.6706076704641,-29.0553039441912,
5.92779770676321));
#11415=CARTESIAN_POINT('Ctrl Pts',(-30.7668036280331,-29.414312878224,5.28769912881513));
#11416=CARTESIAN_POINT('Ctrl Pts',(-30.9648865526741,-30.153569927092,4.39725425086456));
#11417=CARTESIAN_POINT('Ctrl Pts',(-31.0528605392691,-30.4818939859147,
4.10328363897374));
#11418=CARTESIAN_POINT('Ctrl Pts',(-31.1735376816186,-30.9322681324502,
3.83217412942066));
#11419=CARTESIAN_POINT('Ctrl Pts',(-31.2112739335739,-31.0731020296936,
3.7635420253854));
#11420=CARTESIAN_POINT('Ctrl Pts',(-31.2795662257242,-31.3279728543684,
3.68301877904838));
#11421=CARTESIAN_POINT('Ctrl Pts',(-31.3106139892807,-31.4438449222062,
3.66055458586707));
#11422=CARTESIAN_POINT('Ctrl Pts',(-31.3418839971957,-31.5605464188262,
3.66000337513194));
#11423=CARTESIAN_POINT('Ctrl Pts',(-31.3422657932319,-31.5619713039446,
3.66));
#11424=CARTESIAN_POINT('Ctrl Pts',(-31.3426475892576,-31.5633961890215,
3.66));
#11425=CARTESIAN_POINT('Ctrl Pts',(-31.3426475892576,-31.5633961890215,
3.66));
#11426=CARTESIAN_POINT('Ctrl Pts',(-31.9305306984835,-31.3198849530002,
3.66));
#11427=CARTESIAN_POINT('Ctrl Pts',(-32.5184138077093,-31.0763737169789,
3.66));
#11428=CARTESIAN_POINT('Ctrl Pts',(-33.1062969169351,-30.8328624809576,
3.66));
#11429=CARTESIAN_POINT('Ctrl Pts',(-31.242139009621,-31.3207490846576,3.66));
#11430=CARTESIAN_POINT('Ctrl Pts',(-31.8300221188469,-31.0772378486363,
3.66));
#11431=CARTESIAN_POINT('Ctrl Pts',(-32.4179052280727,-30.833726612615,3.66));
#11432=CARTESIAN_POINT('Ctrl Pts',(-33.0057883372985,-30.5902153765937,
3.66));
#11433=CARTESIAN_POINT('Ctrl Pts',(-31.032958301889,-30.8157464947943,3.83758216142066));
#11434=CARTESIAN_POINT('Ctrl Pts',(-31.6208414111148,-30.572235258773,3.83758216142066));
#11435=CARTESIAN_POINT('Ctrl Pts',(-32.2087245203407,-30.3287240227517,
3.83758216142066));
#11436=CARTESIAN_POINT('Ctrl Pts',(-32.7966076295665,-30.0852127867304,
3.83758216142066));
#11437=CARTESIAN_POINT('Ctrl Pts',(-30.7009620938888,-30.0142435900443,
4.62415954973912));
#11438=CARTESIAN_POINT('Ctrl Pts',(-31.2888452031146,-29.770732354023,4.62415954973912));
#11439=CARTESIAN_POINT('Ctrl Pts',(-31.8767283123404,-29.5272211180017,
4.62415954973912));
#11440=CARTESIAN_POINT('Ctrl Pts',(-32.4646114215662,-29.2837098819804,
4.62415954973912));
#11441=CARTESIAN_POINT('Ctrl Pts',(-30.3923991400143,-29.2693130821981,
5.69775559655855));
#11442=CARTESIAN_POINT('Ctrl Pts',(-30.9802822492402,-29.0258018461768,
5.69775559655855));
#11443=CARTESIAN_POINT('Ctrl Pts',(-31.568165358466,-28.7822906101555,5.69775559655855));
#11444=CARTESIAN_POINT('Ctrl Pts',(-32.1560484676918,-28.5387793741342,
5.69775559655855));
#11445=CARTESIAN_POINT('Ctrl Pts',(-30.2146332857453,-28.8401520100875,
6.87847937973917));
#11446=CARTESIAN_POINT('Ctrl Pts',(-30.8025163949711,-28.5966407740662,
6.87847937973917));
#11447=CARTESIAN_POINT('Ctrl Pts',(-31.3903995041969,-28.3531295380449,
6.87847937973917));
#11448=CARTESIAN_POINT('Ctrl Pts',(-31.9782826134227,-28.1096183020236,
6.87847937973917));
#11449=CARTESIAN_POINT('Ctrl Pts',(-30.194588925567,-28.7917610570597,7.48490689227762));
#11450=CARTESIAN_POINT('Ctrl Pts',(-30.7824720347928,-28.5482498210384,
7.48490689227762));
#11451=CARTESIAN_POINT('Ctrl Pts',(-31.3703551440186,-28.3047385850171,
7.48490689227762));
#11452=CARTESIAN_POINT('Ctrl Pts',(-31.9582382532445,-28.0612273489958,
7.48490689227762));
#11453=CARTESIAN_POINT('Ctrl Pts',(-30.194588925567,-28.7917610570597,7.66));
#11454=CARTESIAN_POINT('Ctrl Pts',(-30.7824720347928,-28.5482498210384,
7.66));
#11455=CARTESIAN_POINT('Ctrl Pts',(-31.3703551440186,-28.3047385850171,
7.66));
#11456=CARTESIAN_POINT('Ctrl Pts',(-31.9582382532445,-28.0612273489958,
7.66));
#11457=CARTESIAN_POINT('Ctrl Pts',(-33.1062969169351,-30.8328624809576,
3.66));
#11458=CARTESIAN_POINT('Ctrl Pts',(-32.5184138077093,-31.0763737169789,
3.66));
#11459=CARTESIAN_POINT('Ctrl Pts',(-31.9305306984835,-31.3198849530002,
3.66));
#11460=CARTESIAN_POINT('Ctrl Pts',(-31.3426475892576,-31.5633961890215,
3.66));
#11461=CARTESIAN_POINT('Ctrl Pts',(-30.5594915646289,-28.6406121445107,
7.66));
#11462=CARTESIAN_POINT('Ctrl Pts',(-30.9041124692418,-28.4978642731667,
7.66));
#11463=CARTESIAN_POINT('Ctrl Pts',(-31.2487333738547,-28.3551164018228,
7.66));
#11464=CARTESIAN_POINT('Ctrl Pts',(-31.5933542784676,-28.2123685304788,
7.66));
#11465=CARTESIAN_POINT('Origin',(-29.6463704236385,-28.7608230703817,3.66));
#11466=CARTESIAN_POINT('',(29.6978166779415,-28.7499727665884,8.284));
#11467=CARTESIAN_POINT('',(29.6978166779415,-28.7499727665884,3.66));
#11468=CARTESIAN_POINT('',(-29.6463704236385,-28.7608230703817,8.284));
#11469=CARTESIAN_POINT('',(-14.7961008398972,-28.75810789398,8.284));
#11470=CARTESIAN_POINT('',(-29.6463704236385,-28.7608230703817,3.66));
#11471=CARTESIAN_POINT('Origin',(29.6978166779415,-28.7499727665884,3.66));
#11472=CARTESIAN_POINT('',(30.6133914751329,-28.6597059329744,8.284));
#11473=CARTESIAN_POINT('',(30.6133914751329,-28.6597059329744,3.66));
#11474=CARTESIAN_POINT('',(16.1272841277847,-30.0878962300964,8.284));
#11475=CARTESIAN_POINT('Origin',(30.6133914751329,-28.6597059329744,3.66));
#11476=CARTESIAN_POINT('',(31.6933502784676,-28.2123685304788,8.284));
#11477=CARTESIAN_POINT('',(31.6933502784676,-28.2123685304788,3.66));
#11478=CARTESIAN_POINT('',(21.5754220086294,-32.4033874257279,8.284));
#11479=CARTESIAN_POINT('Origin',(31.6933502784676,-28.2123685304788,3.66));
#11480=CARTESIAN_POINT('',(32.581147596058,-27.5311421479463,8.284));
#11481=CARTESIAN_POINT('',(32.581147596058,-27.5311421479463,3.66));
#11482=CARTESIAN_POINT('',(27.0988650943356,-31.7378179315653,8.284));
#11483=CARTESIAN_POINT('Origin',(32.581147596058,-27.5311421479463,3.66));
#11484=CARTESIAN_POINT('',(33.262384030488,-26.6433403664184,8.284));
#11485=CARTESIAN_POINT('',(33.262384030488,-26.6433403664184,3.66));
#11486=CARTESIAN_POINT('',(31.7526415846128,-28.6108687682395,8.284));
#11487=CARTESIAN_POINT('Origin',(33.262384030488,-26.6433403664184,3.66));
#11488=CARTESIAN_POINT('',(33.6906282327374,-25.6094675964638,8.284));
#11489=CARTESIAN_POINT('',(33.6906282327374,-25.6094675964638,3.66));
#11490=CARTESIAN_POINT('',(34.4797308205487,-23.7044057790391,8.284));
#11491=CARTESIAN_POINT('Origin',(33.6906282327374,-25.6094675964638,3.66));
#11492=CARTESIAN_POINT('',(33.8108600275113,-24.6961879354704,8.284));
#11493=CARTESIAN_POINT('',(33.8108600275113,-24.6961879354704,3.66));
#11494=CARTESIAN_POINT('',(34.6728664107683,-18.1483949913865,8.284));
#11495=CARTESIAN_POINT('Origin',(33.8108600275113,-24.6961879354704,3.66));
#11496=CARTESIAN_POINT('',(33.7999569276691,12.6479647289775,8.284));
#11497=CARTESIAN_POINT('',(33.7999569276691,12.6479647289775,3.66));
#11498=CARTESIAN_POINT('',(33.8081292894681,-15.343150739768,8.284));
#11499=CARTESIAN_POINT('Origin',(33.7999569276691,12.6479647289775,3.66));
#11500=CARTESIAN_POINT('',(33.7097061929744,13.5633762351329,8.284));
#11501=CARTESIAN_POINT('',(33.7097061929744,13.5633762351329,3.66));
#11502=CARTESIAN_POINT('',(34.5479141370401,5.06144880878883,8.284));
#11503=CARTESIAN_POINT('Origin',(33.7097061929744,13.5633762351329,3.66));
#11504=CARTESIAN_POINT('',(33.2623687904788,14.6433350384675,8.284));
#11505=CARTESIAN_POINT('',(33.2623687904788,14.6433350384675,3.66));
#11506=CARTESIAN_POINT('',(34.703360321803,11.1645034426687,8.284));
#11507=CARTESIAN_POINT('Origin',(33.2623687904788,14.6433350384675,3.66));
#11508=CARTESIAN_POINT('',(32.5811380436964,15.5311380436964,8.284));
#11509=CARTESIAN_POINT('',(32.5811380436964,15.5311380436964,3.66));
#11510=CARTESIAN_POINT('',(32.0932938657685,16.1669131159367,8.284));
#11511=CARTESIAN_POINT('Origin',(32.5811380436964,15.5311380436964,3.66));
#11512=CARTESIAN_POINT('',(31.6933350384678,16.2123687904786,8.284));
#11513=CARTESIAN_POINT('',(31.6933350384678,16.2123687904786,3.66));
#11514=CARTESIAN_POINT('',(27.5427411760082,19.3972106302342,8.284));
#11515=CARTESIAN_POINT('Origin',(31.6933350384678,16.2123687904786,3.66));
#11516=CARTESIAN_POINT('',(30.6594723246293,16.6406124045107,8.284));
#11517=CARTESIAN_POINT('',(30.6594723246293,16.6406124045107,3.66));
#11518=CARTESIAN_POINT('',(22.1153817103032,20.1797208318875,8.284));
#11519=CARTESIAN_POINT('Origin',(30.6594723246293,16.6406124045107,3.66));
#11520=CARTESIAN_POINT('',(29.7458800673451,16.7608853520823,8.284));
#11521=CARTESIAN_POINT('',(29.7458800673451,16.7608853520823,3.66));
#11522=CARTESIAN_POINT('',(17.080381546048,18.4282778102331,8.284));
#11523=CARTESIAN_POINT('Origin',(29.7458800673451,16.7608853520823,3.66));
#11524=CARTESIAN_POINT('',(7.8985052931103,16.749999627602,8.284));
#11525=CARTESIAN_POINT('',(7.8985052931103,16.749999627602,3.66));
#11526=CARTESIAN_POINT('',(14.8922773898558,16.7534843609812,8.284));
#11527=CARTESIAN_POINT('Origin',(1.05812256734339E-6,5.6843418860808E-13,
3.66));
#11528=CARTESIAN_POINT('',(68.,8.327598234202E-15,3.66));
#11529=CARTESIAN_POINT('Origin',(0.,0.,3.66));
#11530=CARTESIAN_POINT('Origin',(-32.7081180519613,3.34348437213326,8.284));
#11531=CARTESIAN_POINT('',(-32.6999753526391,-24.5985959665383,9.284));
#11532=CARTESIAN_POINT('',(-32.7108244996809,12.630795203842,9.284));
#11533=CARTESIAN_POINT('',(-32.7081180519613,3.34348437213326,9.284));
#11534=CARTESIAN_POINT('',(-33.7108435995214,12.6961915557624,8.284));
#11535=CARTESIAN_POINT('Origin',(-32.7108244996809,12.630795203842,8.284));
#11536=CARTESIAN_POINT('',(-33.6999610289586,-24.6478940998073,8.284));
#11537=CARTESIAN_POINT('',(-33.7081180095004,3.34319295864945,8.284));
#11538=CARTESIAN_POINT('Origin',(-32.6999753526391,-24.5985959665383,8.284));
#11539=CARTESIAN_POINT('Origin',(-33.5814008525259,6.01790484577383,8.284));
#11540=CARTESIAN_POINT('',(-32.6163503684915,13.3484198776429,9.284));
#11541=CARTESIAN_POINT('',(-33.5814008525259,6.01790484577383,9.284));
#11542=CARTESIAN_POINT('',(-33.5906119127373,13.6094703964643,8.284));
#11543=CARTESIAN_POINT('Origin',(-32.6163503684915,13.3484198776429,8.284));
#11544=CARTESIAN_POINT('',(-34.5728462412165,6.14842703256288,8.284));
#11545=CARTESIAN_POINT('Origin',(-33.4558244701613,11.3217504907853,8.284));
#11546=CARTESIAN_POINT('',(-32.2888697269919,14.1390279376123,9.284));
#11547=CARTESIAN_POINT('',(-33.4558244701613,11.3217504907853,9.284));
#11548=CARTESIAN_POINT('',(-33.1623677104878,14.6433431664185,8.284));
#11549=CARTESIAN_POINT('Origin',(-32.2888697269919,14.1390279376123,8.284));
#11550=CARTESIAN_POINT('',(-34.3797039776609,11.704433983534,8.284));
#11551=CARTESIAN_POINT('Origin',(-30.8592584760231,16.0021276653369,8.284));
#11552=CARTESIAN_POINT('',(-31.767924497372,14.8179348186309,9.284));
#11553=CARTESIAN_POINT('',(-30.8592584760231,16.0021276653369,9.284));
#11554=CARTESIAN_POINT('',(-32.481131276058,15.5311449479463,8.284));
#11555=CARTESIAN_POINT('Origin',(-31.767924497372,14.8179348186309,8.284));
#11556=CARTESIAN_POINT('',(-31.6526108808635,16.610890313447,8.284));
#11557=CARTESIAN_POINT('Origin',(-26.3900754556863,18.9444765144499,8.284));
#11558=CARTESIAN_POINT('',(-31.089019745645,15.3388733469859,9.284));
#11559=CARTESIAN_POINT('',(-26.3900754556863,18.9444765144499,9.284));
#11560=CARTESIAN_POINT('',(-31.5933339584675,16.2123713304788,8.284));
#11561=CARTESIAN_POINT('Origin',(-31.089019745645,15.3388733469859,8.284));
#11562=CARTESIAN_POINT('',(-26.9988343766467,19.737831779228,8.284));
#11563=CARTESIAN_POINT('Origin',(-21.0927077528265,19.4795167007835,8.284));
#11564=CARTESIAN_POINT('',(-30.2676869721645,15.679083425684,9.284));
#11565=CARTESIAN_POINT('',(-21.0927077528265,19.4795167007835,9.284));
#11566=CARTESIAN_POINT('',(-30.5133728482468,16.6597096885261,8.284));
#11567=CARTESIAN_POINT('Origin',(-30.2676869721645,15.679083425684,8.284));
#11568=CARTESIAN_POINT('',(-21.4753939740567,20.4033950781041,8.284));
#11569=CARTESIAN_POINT('Origin',(-15.9290010306313,17.0927158136062,8.284));
#11570=CARTESIAN_POINT('',(-29.5483694919951,15.75,9.284));
#11571=CARTESIAN_POINT('',(-15.9290010306313,17.0927158136062,9.284));
#11572=CARTESIAN_POINT('',(-29.5975446379925,16.75,8.284));
#11573=CARTESIAN_POINT('Origin',(-29.5483694919951,15.75,8.284));
#11574=CARTESIAN_POINT('',(-16.0271140661757,18.087891090759,8.284));
#11575=CARTESIAN_POINT('Origin',(14.8927756521524,15.7534844851138,8.284));
#11576=CARTESIAN_POINT('',(7.89875441242857,15.7499996275961,9.284));
#11577=CARTESIAN_POINT('Ctrl Pts',(7.8985052931103,16.749999627602,8.284));
#11578=CARTESIAN_POINT('Ctrl Pts',(7.89849826046697,16.7499996240979,8.32833940055916));
#11579=CARTESIAN_POINT('Ctrl Pts',(7.89849269934875,16.7470463067643,8.37267856995608));
#11580=CARTESIAN_POINT('Ctrl Pts',(7.89848859677164,16.7411657341748,8.41662628139356));
#11581=CARTESIAN_POINT('Ctrl Pts',(7.8984844943549,16.7352853914609,8.46057227488476));
#11582=CARTESIAN_POINT('Ctrl Pts',(7.89848185033453,16.7264780839872,8.50412638288787));
#11583=CARTESIAN_POINT('Ctrl Pts',(7.89848062599294,16.7148215169679,8.54690433556232));
#11584=CARTESIAN_POINT('Ctrl Pts',(7.89847940169497,16.7031653652869,8.58968076400412));
#11585=CARTESIAN_POINT('Ctrl Pts',(7.89847959691393,16.6886602789081,8.63168064659015));
#11586=CARTESIAN_POINT('Ctrl Pts',(7.89848114788888,16.6714342243999,8.67253345245978));
#11587=CARTESIAN_POINT('Ctrl Pts',(7.89848269881393,16.6542087241015,8.7133849439816));
#11588=CARTESIAN_POINT('Ctrl Pts',(7.89848560531816,16.634262610551,8.75308900690859));
#11589=CARTESIAN_POINT('Ctrl Pts',(7.8984897797288,16.6117718407887,8.79129538701148));
#11590=CARTESIAN_POINT('Ctrl Pts',(7.89849395533973,16.5892746041085,8.82951275284432));
#11591=CARTESIAN_POINT('Ctrl Pts',(7.89849939947046,16.5642314801408,8.86623117458136));
#11592=CARTESIAN_POINT('Ctrl Pts',(7.89850600198127,16.5368635165517,8.90112655038209));
#11593=CARTESIAN_POINT('Ctrl Pts',(7.89851260382462,16.5094983196117,8.93601839858168));
#11594=CARTESIAN_POINT('Ctrl Pts',(7.89852036367127,16.4798090392253,8.96908720596729));
#11595=CARTESIAN_POINT('Ctrl Pts',(7.89852915097401,16.4480576803649,9.00004114353964));
#11596=CARTESIAN_POINT('Ctrl Pts',(7.89853793751013,16.4163090915058,9.03099238067796));
#11597=CARTESIAN_POINT('Ctrl Pts',(7.89854775115786,16.3824991155518,9.05982879477342));
#11598=CARTESIAN_POINT('Ctrl Pts',(7.89855844327665,16.3469260702915,9.08629595156685));
#11599=CARTESIAN_POINT('Ctrl Pts',(7.89856913461066,16.3113556360603,9.11276116569516));
#11600=CARTESIAN_POINT('Ctrl Pts',(7.89858070410183,16.2740227625199,9.13685719492931));
#11601=CARTESIAN_POINT('Ctrl Pts',(7.89859298764577,16.2352568030509,9.15837146229134));
#11602=CARTESIAN_POINT('Ctrl Pts',(7.8986052741546,16.1964814866278,9.17989092256011));
#11603=CARTESIAN_POINT('Ctrl Pts',(7.89861827485994,16.1562727957894,9.19882714821052));
#11604=CARTESIAN_POINT('Ctrl Pts',(7.89863181293105,16.1149856253992,9.21501300199767));
#11605=CARTESIAN_POINT('Ctrl Pts',(7.89864534852423,16.0737060119873,9.23119589321451));
#11606=CARTESIAN_POINT('Ctrl Pts',(7.89865942107168,16.0313487448636,9.24462925201));
#11607=CARTESIAN_POINT('Ctrl Pts',(7.89867384436161,15.9882875464369,9.25519455450474));
#11608=CARTESIAN_POINT('Ctrl Pts',(7.898688269725,15.9452201576036,9.26576137584986));
#11609=CARTESIAN_POINT('Ctrl Pts',(7.89870304570805,15.9014490839453,9.27345920480151));
#11610=CARTESIAN_POINT('Ctrl Pts',(7.89871797982837,15.8573606327803,9.27822010316107));
#11611=CARTESIAN_POINT('Ctrl Pts',(7.89873005520027,15.8217117674632,9.28206965151042));
#11612=CARTESIAN_POINT('Ctrl Pts',(7.89874223379449,15.7858557375131,9.284));
#11613=CARTESIAN_POINT('Ctrl Pts',(7.89875441242857,15.7499996275961,9.284));
#11614=CARTESIAN_POINT('',(29.6805866982304,15.7608526947215,9.284));
#11615=CARTESIAN_POINT('',(14.8927756521524,15.7534844851138,9.284));
#11616=CARTESIAN_POINT('Origin',(29.6805866982304,15.7608526947215,8.284));
#11617=CARTESIAN_POINT('Origin',(16.9498593592591,17.4368324215425,8.284));
#11618=CARTESIAN_POINT('',(30.3984203164195,15.6663510563405,9.284));
#11619=CARTESIAN_POINT('',(16.9498593592591,17.4368324215425,9.284));
#11620=CARTESIAN_POINT('Origin',(30.3984203164195,15.6663510563405,8.284));
#11621=CARTESIAN_POINT('Origin',(21.7326954890728,19.255842454567,8.284));
#11622=CARTESIAN_POINT('',(31.1890208256452,15.3388708069857,9.284));
#11623=CARTESIAN_POINT('',(21.7326954890728,19.255842454567,9.284));
#11624=CARTESIAN_POINT('Origin',(31.1890208256452,15.3388708069857,8.284));
#11625=CARTESIAN_POINT('Origin',(26.9339822550478,18.6038553654561,8.284));
#11626=CARTESIAN_POINT('',(31.8679293691309,14.817929369131,9.284));
#11627=CARTESIAN_POINT('',(26.9339822550478,18.6038553654561,9.284));
#11628=CARTESIAN_POINT('Origin',(31.8679293691309,14.817929369131,8.284));
#11629=CARTESIAN_POINT('Origin',(31.2999386009904,15.5581541949763,8.284));
#11630=CARTESIAN_POINT('',(32.3888708069859,14.139020825645,9.284));
#11631=CARTESIAN_POINT('',(31.2999386009904,15.5581541949763,9.284));
#11632=CARTESIAN_POINT('Origin',(32.3888708069859,14.139020825645,8.284));
#11633=CARTESIAN_POINT('Origin',(33.7794819444824,10.7818172214385,8.284));
#11634=CARTESIAN_POINT('',(32.7290802486496,13.3176895900886,9.284));
#11635=CARTESIAN_POINT('',(33.7794819444824,10.7818172214385,9.284));
#11636=CARTESIAN_POINT('Origin',(32.7290802486496,13.3176895900886,8.284));
#11637=CARTESIAN_POINT('Origin',(33.5527390196973,4.96333415228064,8.284));
#11638=CARTESIAN_POINT('',(32.7999712851127,12.5986431393183,9.284));
#11639=CARTESIAN_POINT('',(33.5527390196973,4.96333415228064,9.284));
#11640=CARTESIAN_POINT('Origin',(32.7999712851127,12.5986431393183,8.284));
#11641=CARTESIAN_POINT('Origin',(32.8081293320892,-15.3434427024609,8.284));
#11642=CARTESIAN_POINT('',(32.8108408916742,-24.6307918569804,9.284));
#11643=CARTESIAN_POINT('',(32.8081293320892,-15.3434427024609,9.284));
#11644=CARTESIAN_POINT('Origin',(32.8108408916742,-24.6307918569804,8.284));
#11645=CARTESIAN_POINT('Origin',(33.6814210220777,-18.0178728045977,8.284));
#11646=CARTESIAN_POINT('',(32.7163666884916,-25.3484170776425,9.284));
#11647=CARTESIAN_POINT('',(33.6814210220777,-18.0178728045977,9.284));
#11648=CARTESIAN_POINT('Origin',(32.7163666884916,-25.3484170776425,8.284));
#11649=CARTESIAN_POINT('Origin',(33.5558513130491,-23.3217222862906,8.284));
#11650=CARTESIAN_POINT('',(32.388886046992,-26.1390251376123,9.284));
#11651=CARTESIAN_POINT('',(33.5558513130491,-23.3217222862906,9.284));
#11652=CARTESIAN_POINT('Origin',(32.388886046992,-26.1390251376123,8.284));
#11653=CARTESIAN_POINT('Origin',(30.9592891797725,-28.0021061201294,8.284));
#11654=CARTESIAN_POINT('',(31.867940817372,-26.8179320186309,9.284));
#11655=CARTESIAN_POINT('',(30.9592891797725,-28.0021061201294,9.284));
#11656=CARTESIAN_POINT('Origin',(31.867940817372,-26.8179320186309,8.284));
#11657=CARTESIAN_POINT('Origin',(26.4901061733752,-30.9444626667872,8.284));
#11658=CARTESIAN_POINT('',(31.1890360656451,-27.3388705469858,9.284));
#11659=CARTESIAN_POINT('',(26.4901061733752,-30.9444626667872,9.284));
#11660=CARTESIAN_POINT('Origin',(31.1890360656451,-27.3388705469858,8.284));
#11661=CARTESIAN_POINT('Origin',(21.1927357873992,-31.4795090484073,8.284));
#11662=CARTESIAN_POINT('',(30.3677048300886,-27.6790799886496,9.284));
#11663=CARTESIAN_POINT('',(21.1927357873992,-31.4795090484073,9.284));
#11664=CARTESIAN_POINT('Origin',(30.3677048300886,-27.6790799886496,8.284));
#11665=CARTESIAN_POINT('Origin',(16.0291694712764,-29.0927211127536,8.284));
#11666=CARTESIAN_POINT('',(29.6485495186277,-27.7499817577256,9.284));
#11667=CARTESIAN_POINT('',(16.0291694712764,-29.0927211127536,9.284));
#11668=CARTESIAN_POINT('Origin',(29.6485495186277,-27.7499817577256,8.284));
#11669=CARTESIAN_POINT('Origin',(-14.7962836767367,-27.7581079106947,8.284));
#11670=CARTESIAN_POINT('',(-29.5809200157589,-27.7608110869212,9.284));
#11671=CARTESIAN_POINT('',(-14.7962836767367,-27.7581079106947,9.284));
#11672=CARTESIAN_POINT('Origin',(-29.5809200157589,-27.7608110869212,8.284));
#11673=CARTESIAN_POINT('Origin',(3.97425699966673,15.7499997206925,8.284));
#11674=CARTESIAN_POINT('',(-7.799999,16.75,8.284));
#11675=CARTESIAN_POINT('',(-7.79999902372188,15.75,9.284));
#11676=CARTESIAN_POINT('Origin',(-7.79999902372188,15.75,8.284));
#11677=CARTESIAN_POINT('',(3.97425699966673,15.7499997206925,9.284));
#11678=CARTESIAN_POINT('',(3.97425702338861,16.7499997206925,8.284));
#11679=CARTESIAN_POINT('Origin',(-3.87499539300252,15.75,8.284));
#11680=CARTESIAN_POINT('',(-3.87499539300252,15.75,9.284));
#11681=CARTESIAN_POINT('',(-3.87499539300252,16.75,8.284));
#11682=CARTESIAN_POINT('Origin',(-16.84986508206,-29.436833941057,8.284));
#11683=CARTESIAN_POINT('',(-30.5594915646288,-28.6406121445107,8.284));
#11684=CARTESIAN_POINT('',(-16.9803872688486,-30.4282793297477,8.284));
#11685=CARTESIAN_POINT('',(-30.2984395564193,-27.6663507963405,9.284));
#11686=CARTESIAN_POINT('',(-16.84986508206,-29.436833941057,9.284));
#11687=CARTESIAN_POINT('Origin',(-30.2984395564193,-27.6663507963405,8.284));
#11688=CARTESIAN_POINT('Origin',(-21.6327104708984,-31.2558439583739,8.284));
#11689=CARTESIAN_POINT('',(-31.5933542784676,-28.2123685304788,8.284));
#11690=CARTESIAN_POINT('',(-22.0153966921286,-32.1797223356945,8.284));
#11691=CARTESIAN_POINT('',(-31.089040065645,-27.3388705469859,9.284));
#11692=CARTESIAN_POINT('',(-21.6327104708984,-31.2558439583739,9.284));
#11693=CARTESIAN_POINT('Origin',(-31.089040065645,-27.3388705469859,8.284));
#11694=CARTESIAN_POINT('Origin',(-26.834002403353,-30.6038544084935,8.284));
#11695=CARTESIAN_POINT('',(-32.481151596058,-27.5311421479463,8.284));
#11696=CARTESIAN_POINT('',(-27.4427613243134,-31.3972096732716,8.284));
#11697=CARTESIAN_POINT('',(-31.767944817372,-26.8179320186309,9.284));
#11698=CARTESIAN_POINT('',(-26.834002403353,-30.6038544084935,9.284));
#11699=CARTESIAN_POINT('Origin',(-31.767944817372,-26.8179320186309,8.284));
#11700=CARTESIAN_POINT('Origin',(-31.1999076117628,-27.5582101623504,8.284));
#11701=CARTESIAN_POINT('',(-33.1623880304879,-26.6433403664184,8.284));
#11702=CARTESIAN_POINT('',(-31.9932600166031,-28.1669728104606,8.284));
#11703=CARTESIAN_POINT('',(-32.288890046992,-26.1390251376123,9.284));
#11704=CARTESIAN_POINT('',(-31.1999076117628,-27.5582101623504,9.284));
#11705=CARTESIAN_POINT('Origin',(-32.288890046992,-26.1390251376123,8.284));
#11706=CARTESIAN_POINT('Origin',(-33.6795363079577,-22.7817086945659,8.284));
#11707=CARTESIAN_POINT('',(-33.6097530119169,-25.5633059605794,8.284));
#11708=CARTESIAN_POINT('',(-34.6034158154573,-23.1643921873145,8.284));
#11709=CARTESIAN_POINT('',(-32.6291178746112,-25.3176426537196,9.284));
#11710=CARTESIAN_POINT('',(-33.6795363079577,-22.7817086945659,9.284));
#11711=CARTESIAN_POINT('Origin',(-32.6291178746112,-25.3176426537196,8.284));
#11712=CARTESIAN_POINT('Origin',(-33.4524674972033,-16.9624649788352,8.284));
#11713=CARTESIAN_POINT('',(-34.4476471516544,-17.0605336046368,8.284));
#11714=CARTESIAN_POINT('',(-33.4524674972033,-16.9624649788352,9.284));
#11715=CARTESIAN_POINT('Origin',(-31.5933542784676,-28.2123685304788,3.66));
#11716=CARTESIAN_POINT('',(-30.5594915646288,-28.6406121445107,3.66));
#11717=CARTESIAN_POINT('',(-31.5933542784676,-28.2123685304788,3.66));
#11718=CARTESIAN_POINT('Origin',(-32.481151596058,-27.5311421479463,3.66));
#11719=CARTESIAN_POINT('',(-32.481151596058,-27.5311421479463,3.66));
#11720=CARTESIAN_POINT('Origin',(-33.1623880304879,-26.6433403664184,3.66));
#11721=CARTESIAN_POINT('',(-33.1623880304879,-26.6433403664184,3.66));
#11722=CARTESIAN_POINT('Origin',(-33.6097530119169,-25.5633059605794,3.66));
#11723=CARTESIAN_POINT('',(-33.6097530119169,-25.5633059605794,3.66));
#11724=CARTESIAN_POINT('Origin',(-33.6999610289586,-24.6478940998073,3.66));
#11725=CARTESIAN_POINT('',(-33.6999610289586,-24.6478940998073,3.66));
#11726=CARTESIAN_POINT('Origin',(-33.7108435995214,12.6961915557624,3.66));
#11727=CARTESIAN_POINT('',(-33.7108435995214,12.6961915557624,3.66));
#11728=CARTESIAN_POINT('Origin',(-33.5906119127373,13.6094703964643,3.66));
#11729=CARTESIAN_POINT('',(-33.5906119127373,13.6094703964643,3.66));
#11730=CARTESIAN_POINT('Origin',(-33.1623677104878,14.6433431664185,3.66));
#11731=CARTESIAN_POINT('',(-33.1623677104878,14.6433431664185,3.66));
#11732=CARTESIAN_POINT('Origin',(-32.481131276058,15.5311449479463,3.66));
#11733=CARTESIAN_POINT('',(-32.481131276058,15.5311449479463,3.66));
#11734=CARTESIAN_POINT('Origin',(-31.5933339584675,16.2123713304788,3.66));
#11735=CARTESIAN_POINT('',(-31.5933339584675,16.2123713304788,3.66));
#11736=CARTESIAN_POINT('Origin',(-30.5133728482468,16.6597096885261,3.66));
#11737=CARTESIAN_POINT('',(-30.5133728482468,16.6597096885261,3.66));
#11738=CARTESIAN_POINT('Origin',(-29.5975446379925,16.75,3.66));
#11739=CARTESIAN_POINT('',(-29.5975446379925,16.75,3.66));
#11740=CARTESIAN_POINT('Origin',(-7.799999,16.75,3.66));
#11741=CARTESIAN_POINT('',(-7.799999,16.75,3.66));
#11742=CARTESIAN_POINT('Origin',(7.8985052931103,16.749999627602,3.66));
#11743=CARTESIAN_POINT('Origin',(0.0500082139949543,-5.99996885914972,9.284));
#11744=CARTESIAN_POINT('',(-30.2062655031439,15.4339268599736,9.284));
#11745=CARTESIAN_POINT('',(-29.5360757054955,15.5,9.28376));
#11746=CARTESIAN_POINT('',(-29.5360757054955,15.5,9.284));
#11747=CARTESIAN_POINT('',(-7.799999,15.5,9.28352));
#11748=CARTESIAN_POINT('',(-14.7430337569992,15.5,9.28352));
#11749=CARTESIAN_POINT('',(7.899128120981,15.4999997827678,9.28352));
#11750=CARTESIAN_POINT('',(-3.87499525550155,15.4999999456889,9.28352));
#11751=CARTESIAN_POINT('',(29.6642633559517,15.5108445303813,9.28352));
#11752=CARTESIAN_POINT('',(3.96921281614113,15.4980416538997,9.28352));
#11753=CARTESIAN_POINT('',(30.3331573143671,15.4227857192979,9.28352));
#11754=CARTESIAN_POINT('',(16.5012015199457,17.2437403966293,9.28352));
#11755=CARTESIAN_POINT('',(31.0629422724395,15.1204963111125,9.28352));
#11756=CARTESIAN_POINT('',(21.1961162345606,19.2075043683031,9.28352));
#11757=CARTESIAN_POINT('',(31.6896272004896,14.6396272004896,9.28352));
#11758=CARTESIAN_POINT('',(26.4031720779213,18.6960403346739,9.28352));
#11759=CARTESIAN_POINT('',(32.1704963111126,14.0129422724394,9.28352));
#11760=CARTESIAN_POINT('',(30.8110791463407,15.7845808104014,9.28352));
#11761=CARTESIAN_POINT('',(32.4839237625684,13.2562679288275,9.28352));
#11762=CARTESIAN_POINT('',(33.356333677578,11.1501020625823,9.28352));
#11763=CARTESIAN_POINT('',(32.5499748744736,12.5863127419035,9.28352));
#11764=CARTESIAN_POINT('',(33.2679137368628,5.30427235109359,9.28352));
#11765=CARTESIAN_POINT('',(32.5608361077149,-24.6144428373576,9.28352));
#11766=CARTESIAN_POINT('',(32.5526867414737,3.29791066164598,9.28352));
#11767=CARTESIAN_POINT('',(32.4728013024301,-25.2831544479372,9.28352));
#11768=CARTESIAN_POINT('',(33.4883161440965,-17.5693125970766,9.28352));
#11769=CARTESIAN_POINT('',(32.170511551118,-26.0129463304107,9.28352));
#11770=CARTESIAN_POINT('',(33.5075124785201,-22.7851411552691,9.28352));
#11771=CARTESIAN_POINT('',(31.6896391227005,-26.639629486302,9.28352));
#11772=CARTESIAN_POINT('',(31.051475184719,-27.4712982761854,9.28352));
#11773=CARTESIAN_POINT('',(31.0629575124394,-27.1204960511126,9.28352));
#11774=CARTESIAN_POINT('',(26.7165320635494,-30.4556037686383,9.28352));
#11775=CARTESIAN_POINT('',(30.3062831688275,-27.4339235025684,9.2837599995484));
#11776=CARTESIAN_POINT('',(21.5610238452333,-31.0563594490946,9.28352));
#11777=CARTESIAN_POINT('',(29.636232728799,-27.4999840055099,9.284));
#11778=CARTESIAN_POINT('',(29.636232728799,-27.4999840055099,9.284));
#11779=CARTESIAN_POINT('',(-29.5645574137892,-27.510808091056,9.284));
#11780=CARTESIAN_POINT('',(-29.5645574137892,-27.510808091056,9.284));
#11781=CARTESIAN_POINT('',(-30.2331765543668,-27.4227854592979,9.284));
#11782=CARTESIAN_POINT('',(-30.2331765543668,-27.4227854592979,9.284));
#11783=CARTESIAN_POINT('',(-30.9629615124394,-27.1204960511126,9.284));
#11784=CARTESIAN_POINT('',(-30.9629615124394,-27.1204960511126,9.284));
#11785=CARTESIAN_POINT('',(-31.5896431227005,-26.639629486302,9.284));
#11786=CARTESIAN_POINT('',(-31.5896431227005,-26.639629486302,9.284));
#11787=CARTESIAN_POINT('',(-32.0705155511179,-26.0129463304108,9.284));
#11788=CARTESIAN_POINT('',(-32.0705155511179,-26.0129463304108,9.284));
#11789=CARTESIAN_POINT('',(-32.3839590902848,-25.2562268270046,9.284));
#11790=CARTESIAN_POINT('',(-32.3839590902848,-25.2562268270046,9.284));
#11791=CARTESIAN_POINT('',(-32.4499789335592,-24.5862714332208,9.284));
#11792=CARTESIAN_POINT('',(-32.4499789335592,-24.5862714332208,9.284));
#11793=CARTESIAN_POINT('',(-32.4608197247208,12.6144461158617,9.284));
#11794=CARTESIAN_POINT('',(-32.4608197247208,12.6144461158617,9.284));
#11795=CARTESIAN_POINT('',(-32.3727849824301,13.2831572479375,9.284));
#11796=CARTESIAN_POINT('',(-32.3727849824301,13.2831572479375,9.284));
#11797=CARTESIAN_POINT('',(-32.0704952311179,14.0129491304108,9.284));
#11798=CARTESIAN_POINT('',(-32.0704952311179,14.0129491304108,9.284));
#11799=CARTESIAN_POINT('',(-31.5896228027005,14.639632286302,9.284));
#11800=CARTESIAN_POINT('',(-31.5896228027005,14.639632286302,9.284));
#11801=CARTESIAN_POINT('',(-30.9629411924394,15.1204988511126,9.284));
#11802=CARTESIAN_POINT('',(-30.9629411924394,15.1204988511126,9.284));
#11803=CARTESIAN_POINT('',(-30.2062655031439,15.4339268599736,9.284));
#11804=CARTESIAN_POINT('Origin',(-30.0607869630396,-25.6000034567583,9.28352));
#11805=CARTESIAN_POINT('',(-30.0607869630396,-25.6000034567583,8.68352));
#11806=CARTESIAN_POINT('',(30.1607829630396,-25.6000034567583,8.68352));
#11807=CARTESIAN_POINT('',(-31.294996180495,-25.6000034567583,8.68352));
#11808=CARTESIAN_POINT('',(30.1607829630396,-25.6000034567583,8.28352));
#11809=CARTESIAN_POINT('',(30.1607829630396,-25.6000034567583,7.82176));
#11810=CARTESIAN_POINT('',(-30.0607869630396,-25.6000034567583,8.28352));
#11811=CARTESIAN_POINT('',(-30.0607869630396,-25.6000034567583,8.28352));
#11812=CARTESIAN_POINT('',(-30.0607869630396,-25.6000034567583,7.82176));
#11813=CARTESIAN_POINT('Origin',(0.0499980000000066,-25.6803952883791,8.28352));
#11814=CARTESIAN_POINT('',(-29.77633554,-25.7178281,8.28352));
#11815=CARTESIAN_POINT('',(-29.4500192,-25.76078712,8.28352));
#11816=CARTESIAN_POINT('',(-14.9564939322758,-27.6688363517569,8.28352));
#11817=CARTESIAN_POINT('',(-17.0538006000121,-30.987719614047,8.28352));
#11818=CARTESIAN_POINT('',(29.87633154,-25.7178281,8.28352));
#11819=CARTESIAN_POINT('',(17.305834650012,-30.9247428540469,8.28352));
#11820=CARTESIAN_POINT('',(29.5500152,-25.74999974,8.28352));
#11821=CARTESIAN_POINT('',(15.1085536520043,-27.1737883924345,8.28352));
#11822=CARTESIAN_POINT('',(14.8000134562115,-25.7526965837464,8.28352));
#11823=CARTESIAN_POINT('Origin',(30.18040764,-25.59187458,6.36));
#11824=CARTESIAN_POINT('',(30.18040764,-25.59187458,8.68352));
#11825=CARTESIAN_POINT('',(20.7870256638094,-29.4827740114441,8.68352));
#11826=CARTESIAN_POINT('',(30.18040764,-25.59187458,6.36));
#11827=CARTESIAN_POINT('',(30.18040764,-25.59187458,6.36));
#11828=CARTESIAN_POINT('',(29.87633154,-25.7178281,6.36));
#11829=CARTESIAN_POINT('',(29.87633154,-25.7178281,6.36));
#11830=CARTESIAN_POINT('',(29.87633154,-25.7178281,6.36));
#11831=CARTESIAN_POINT('Origin',(-29.77633554,-25.7178281,6.36));
#11832=CARTESIAN_POINT('',(-29.77633554,-25.7178281,6.36));
#11833=CARTESIAN_POINT('',(-29.77633554,-25.7178281,6.36));
#11834=CARTESIAN_POINT('',(-30.08041164,-25.59187458,6.36));
#11835=CARTESIAN_POINT('',(-30.08041164,-25.59187458,6.36));
#11836=CARTESIAN_POINT('',(-30.08041164,-25.59187458,8.68352));
#11837=CARTESIAN_POINT('',(-30.08041164,-25.59187458,6.36));
#11838=CARTESIAN_POINT('',(-20.5307213584914,-29.5475195842138,8.68352));
#11839=CARTESIAN_POINT('Origin',(30.1607781554728,13.599999395466,9.28352));
#11840=CARTESIAN_POINT('',(30.1607781554728,13.599999395466,8.68352));
#11841=CARTESIAN_POINT('',(5.20000092781211,13.599999395466,8.68352));
#11842=CARTESIAN_POINT('',(31.4050009278118,13.599999395466,8.68352));
#11843=CARTESIAN_POINT('',(5.20000092781211,13.599999395466,8.28352));
#11844=CARTESIAN_POINT('',(5.20000092781211,13.599999395466,9.28352));
#11845=CARTESIAN_POINT('',(30.1607781554728,13.599999395466,8.28352));
#11846=CARTESIAN_POINT('',(30.1607781554728,13.599999395466,8.28352));
#11847=CARTESIAN_POINT('',(30.1607781554728,13.599999395466,7.82176));
#11848=CARTESIAN_POINT('Origin',(5.20000092781211,13.599999395466,9.28352));
#11849=CARTESIAN_POINT('',(-5.09999907218777,13.599993690235,8.68352));
#11850=CARTESIAN_POINT('',(-5.09999907218777,13.599993690235,8.68352));
#11851=CARTESIAN_POINT('',(-5.09999907218777,13.599993690235,8.28352));
#11852=CARTESIAN_POINT('',(-5.09999907218777,13.599993690235,9.28352));
#11853=CARTESIAN_POINT('',(5.20000092781211,13.599999395466,8.28352));
#11854=CARTESIAN_POINT('Origin',(-5.09999907218777,13.599993690235,9.28352));
#11855=CARTESIAN_POINT('',(-30.0607969810514,13.599993690235,8.68352));
#11856=CARTESIAN_POINT('',(-5.09999907218777,13.599993690235,8.68352));
#11857=CARTESIAN_POINT('',(-30.0607969810514,13.599993690235,8.28352));
#11858=CARTESIAN_POINT('',(-30.0607969810514,13.599993690235,7.82176));
#11859=CARTESIAN_POINT('',(-5.09999907218777,13.599993690235,8.28352));
#11860=CARTESIAN_POINT('Origin',(0.0499905872106909,13.6803905351175,8.28352));
#11861=CARTESIAN_POINT('',(-29.77631522,13.7178309,8.28352));
#11862=CARTESIAN_POINT('',(-17.2058315009392,18.9247401984236,8.28352));
#11863=CARTESIAN_POINT('',(-29.4500192,13.75,8.28352));
#11864=CARTESIAN_POINT('',(-15.0085466602189,15.1737659848853,8.28352));
#11865=CARTESIAN_POINT('',(7.90000008,13.75,8.28352));
#11866=CARTESIAN_POINT('',(-14.7000143063947,13.75,8.28352));
#11867=CARTESIAN_POINT('',(29.549999960001,13.76078738,8.28352));
#11868=CARTESIAN_POINT('',(3.97497896616413,13.748044309723,8.28352));
#11869=CARTESIAN_POINT('',(29.8763163,13.7178283600001,8.28352));
#11870=CARTESIAN_POINT('',(15.0564788635822,15.6688360626143,8.28352));
#11871=CARTESIAN_POINT('',(17.1537855867097,18.987718123279,8.28352));
#11872=CARTESIAN_POINT('Origin',(29.549999960001,13.76078738,6.36));
#11873=CARTESIAN_POINT('',(29.549999960001,13.76078738,6.36));
#11874=CARTESIAN_POINT('',(29.549999960001,13.76078738,6.36));
#11875=CARTESIAN_POINT('',(29.8763163,13.7178283600001,6.36));
#11876=CARTESIAN_POINT('',(29.8763163,13.7178283600001,6.36));
#11877=CARTESIAN_POINT('',(29.8763163,13.7178283600001,6.36));
#11878=CARTESIAN_POINT('Origin',(7.90000008,13.75,6.36));
#11879=CARTESIAN_POINT('',(7.90000008,13.75,6.36));
#11880=CARTESIAN_POINT('',(7.90000008,13.75,6.36));
#11881=CARTESIAN_POINT('',(29.549999960001,13.76078738,6.36));
#11882=CARTESIAN_POINT('Origin',(-29.4500192,13.75,6.36));
#11883=CARTESIAN_POINT('',(-29.4500192,13.75,6.36));
#11884=CARTESIAN_POINT('',(-29.4500192,13.75,6.36));
#11885=CARTESIAN_POINT('',(7.90000008,13.75,6.36));
#11886=CARTESIAN_POINT('Origin',(-29.77631522,13.7178309,6.36));
#11887=CARTESIAN_POINT('',(-29.77631522,13.7178309,6.36));
#11888=CARTESIAN_POINT('',(-29.77631522,13.7178309,6.36));
#11889=CARTESIAN_POINT('',(-29.4500192,13.75,6.36));
#11890=CARTESIAN_POINT('Origin',(-30.08039132,13.59187738,6.36));
#11891=CARTESIAN_POINT('',(-30.08039132,13.59187738,8.68352));
#11892=CARTESIAN_POINT('',(-20.6827489734959,17.4845415296758,8.68352));
#11893=CARTESIAN_POINT('',(-30.08039132,13.59187738,6.36));
#11894=CARTESIAN_POINT('',(-30.08039132,13.59187738,6.36));
#11895=CARTESIAN_POINT('',(-29.77631522,13.7178309,6.36));
#11896=CARTESIAN_POINT('Origin',(-30.66782728,12.82631884,6.36));
#11897=CARTESIAN_POINT('',(-30.66782728,12.82631884,8.68352));
#11898=CARTESIAN_POINT('',(-30.54187376,13.13039748,8.68352));
#11899=CARTESIAN_POINT('',(-31.7462547819953,10.2227650199455,8.68352));
#11900=CARTESIAN_POINT('',(-30.66782728,12.82631884,6.36));
#11901=CARTESIAN_POINT('',(-30.66782728,12.82631884,6.36));
#11902=CARTESIAN_POINT('',(-30.54187376,13.13039748,6.36));
#11903=CARTESIAN_POINT('',(-30.54187376,13.13039748,6.36));
#11904=CARTESIAN_POINT('',(-30.54187376,13.13039748,6.36));
#11905=CARTESIAN_POINT('Origin',(-30.7107863,12.500002500001,6.36));
#11906=CARTESIAN_POINT('',(-30.7107863,12.500002500001,8.68352));
#11907=CARTESIAN_POINT('',(-31.6457249700618,5.3982165435689,8.68352));
#11908=CARTESIAN_POINT('',(-30.7107863,12.500002500001,6.36));
#11909=CARTESIAN_POINT('',(-30.7107863,12.500002500001,6.36));
#11910=CARTESIAN_POINT('',(-30.66782728,12.82631884,6.36));
#11911=CARTESIAN_POINT('Origin',(-30.700004,-24.4999997,6.36));
#11912=CARTESIAN_POINT('',(-30.700004,-24.4999997,8.68352));
#11913=CARTESIAN_POINT('',(-30.7026982683857,-15.2544828622248,8.68352));
#11914=CARTESIAN_POINT('',(-30.700004,-24.4999997,6.36));
#11915=CARTESIAN_POINT('',(-30.700004,-24.4999997,6.36));
#11916=CARTESIAN_POINT('',(-30.7107863,12.500002500001,6.36));
#11917=CARTESIAN_POINT('Origin',(-30.6678476,-24.82631604,6.36));
#11918=CARTESIAN_POINT('',(-30.6678476,-24.82631604,8.68352));
#11919=CARTESIAN_POINT('',(-31.4387953281962,-17.0029016964681,8.68352));
#11920=CARTESIAN_POINT('',(-30.6678476,-24.82631604,6.36));
#11921=CARTESIAN_POINT('',(-30.6678476,-24.82631604,6.36));
#11922=CARTESIAN_POINT('',(-30.700004,-24.4999997,6.36));
#11923=CARTESIAN_POINT('Origin',(-30.54189408,-25.13039468,6.36));
#11924=CARTESIAN_POINT('',(-30.54189408,-25.13039468,8.68352));
#11925=CARTESIAN_POINT('',(-31.6832956411808,-22.374808060287,8.68352));
#11926=CARTESIAN_POINT('',(-30.54189408,-25.13039468,6.36));
#11927=CARTESIAN_POINT('',(-30.54189408,-25.13039468,6.36));
#11928=CARTESIAN_POINT('',(-30.6678476,-24.82631604,6.36));
#11929=CARTESIAN_POINT('Origin',(-30.34153126,-25.39151176,6.36));
#11930=CARTESIAN_POINT('',(-30.34153126,-25.39151176,8.68352));
#11931=CARTESIAN_POINT('',(-29.3918698839869,-26.629130623087,8.68352));
#11932=CARTESIAN_POINT('',(-30.34153126,-25.39151176,6.36));
#11933=CARTESIAN_POINT('',(-30.34153126,-25.39151176,6.36));
#11934=CARTESIAN_POINT('',(-30.54189408,-25.13039468,6.36));
#11935=CARTESIAN_POINT('Origin',(-30.08041164,-25.59187458,6.36));
#11936=CARTESIAN_POINT('',(-25.3276737161233,-29.2387547843633,8.68352));
#11937=CARTESIAN_POINT('',(-30.34153126,-25.39151176,6.36));
#11938=CARTESIAN_POINT('Origin',(30.76782836,12.8263163,6.36));
#11939=CARTESIAN_POINT('',(30.76782836,12.8263163,8.68352));
#11940=CARTESIAN_POINT('',(30.8,12.49999996,8.68352));
#11941=CARTESIAN_POINT('',(31.5391128277892,5.00319243600617,8.68352));
#11942=CARTESIAN_POINT('',(30.76782836,12.8263163,6.36));
#11943=CARTESIAN_POINT('',(30.76782836,12.8263163,6.36));
#11944=CARTESIAN_POINT('',(30.8,12.49999996,6.36));
#11945=CARTESIAN_POINT('',(30.8,12.49999996,6.36));
#11946=CARTESIAN_POINT('',(30.8,12.49999996,6.36));
#11947=CARTESIAN_POINT('Origin',(30.64187484,13.1303924,6.36));
#11948=CARTESIAN_POINT('',(30.64187484,13.1303924,8.68352));
#11949=CARTESIAN_POINT('',(31.7839985316514,10.3730854356931,8.68352));
#11950=CARTESIAN_POINT('',(30.64187484,13.1303924,6.36));
#11951=CARTESIAN_POINT('',(30.64187484,13.1303924,6.36));
#11952=CARTESIAN_POINT('',(30.76782836,12.8263163,6.36));
#11953=CARTESIAN_POINT('Origin',(30.44151202,13.39151202,6.36));
#11954=CARTESIAN_POINT('',(30.44151202,13.39151202,8.68352));
#11955=CARTESIAN_POINT('',(29.4937657121253,14.6266471402217,8.68352));
#11956=CARTESIAN_POINT('',(30.44151202,13.39151202,6.36));
#11957=CARTESIAN_POINT('',(30.44151202,13.39151202,6.36));
#11958=CARTESIAN_POINT('',(30.64187484,13.1303924,6.36));
#11959=CARTESIAN_POINT('Origin',(30.1803924,13.59187484,6.36));
#11960=CARTESIAN_POINT('',(30.1803924,13.59187484,8.68352));
#11961=CARTESIAN_POINT('',(25.4308092214401,17.2363343389868,8.68352));
#11962=CARTESIAN_POINT('',(30.1803924,13.59187484,6.36));
#11963=CARTESIAN_POINT('',(30.1803924,13.59187484,6.36));
#11964=CARTESIAN_POINT('',(30.44151202,13.39151202,6.36));
#11965=CARTESIAN_POINT('Origin',(29.8763163,13.7178283600001,6.36));
#11966=CARTESIAN_POINT('',(30.1803924,13.59187484,6.36));
#11967=CARTESIAN_POINT('',(20.6349796417813,17.5457480209278,8.68352));
#11968=CARTESIAN_POINT('Origin',(-30.34151094,13.39151456,6.36));
#11969=CARTESIAN_POINT('',(-30.34151094,13.39151456,8.68352));
#11970=CARTESIAN_POINT('',(-25.4582212578273,17.138569996114,8.68352));
#11971=CARTESIAN_POINT('',(-30.34151094,13.39151456,6.36));
#11972=CARTESIAN_POINT('',(-30.34151094,13.39151456,6.36));
#11973=CARTESIAN_POINT('',(-30.08039132,13.59187738,6.36));
#11974=CARTESIAN_POINT('Origin',(-30.54187376,13.13039748,6.36));
#11975=CARTESIAN_POINT('',(-29.4920363960778,14.4985678169032,8.68352));
#11976=CARTESIAN_POINT('',(-30.34151094,13.39151456,6.36));
#11977=CARTESIAN_POINT('Origin',(-29.4500192,-25.76078712,6.36));
#11978=CARTESIAN_POINT('',(-29.4500192,-25.76078712,6.36));
#11979=CARTESIAN_POINT('',(-29.4500192,-25.76078712,6.36));
#11980=CARTESIAN_POINT('',(-29.77633554,-25.7178281,6.36));
#11981=CARTESIAN_POINT('Origin',(29.5500152,-25.74999974,6.36));
#11982=CARTESIAN_POINT('',(29.5500152,-25.74999974,6.36));
#11983=CARTESIAN_POINT('',(29.5500152,-25.74999974,6.36));
#11984=CARTESIAN_POINT('',(-29.4500192,-25.76078712,6.36));
#11985=CARTESIAN_POINT('Origin',(29.87633154,-25.7178281,6.36));
#11986=CARTESIAN_POINT('',(29.5500152,-25.74999974,6.36));
#11987=CARTESIAN_POINT('Origin',(30.44152726,-25.39151176,6.36));
#11988=CARTESIAN_POINT('',(30.44152726,-25.39151176,8.68352));
#11989=CARTESIAN_POINT('',(25.5613784318061,-29.1361571498663,8.68352));
#11990=CARTESIAN_POINT('',(30.44152726,-25.39151176,6.36));
#11991=CARTESIAN_POINT('',(30.44152726,-25.39151176,6.36));
#11992=CARTESIAN_POINT('',(30.18040764,-25.59187458,6.36));
#11993=CARTESIAN_POINT('Origin',(30.64189008,-25.13039468,6.36));
#11994=CARTESIAN_POINT('',(30.64189008,-25.13039468,8.68352));
#11995=CARTESIAN_POINT('',(29.5939013388194,-26.4961558525067,8.68352));
#11996=CARTESIAN_POINT('',(30.64189008,-25.13039468,6.36));
#11997=CARTESIAN_POINT('',(30.64189008,-25.13039468,6.36));
#11998=CARTESIAN_POINT('',(30.44152726,-25.39151176,6.36));
#11999=CARTESIAN_POINT('Origin',(30.7678436,-24.82631604,6.36));
#12000=CARTESIAN_POINT('',(30.7678436,-24.82631604,8.68352));
#12001=CARTESIAN_POINT('',(31.8470010632275,-22.2209999379633,8.68352));
#12002=CARTESIAN_POINT('',(30.7678436,-24.82631604,6.36));
#12003=CARTESIAN_POINT('',(30.7678436,-24.82631604,6.36));
#12004=CARTESIAN_POINT('',(30.64189008,-25.13039468,6.36));
#12005=CARTESIAN_POINT('Origin',(30.81080262,-24.4999997,6.36));
#12006=CARTESIAN_POINT('',(30.81080262,-24.4999997,8.68352));
#12007=CARTESIAN_POINT('',(31.7458259031138,-17.3975710235498,8.68352));
#12008=CARTESIAN_POINT('',(30.81080262,-24.4999997,6.36));
#12009=CARTESIAN_POINT('',(30.81080262,-24.4999997,6.36));
#12010=CARTESIAN_POINT('',(30.7678436,-24.82631604,6.36));
#12011=CARTESIAN_POINT('Origin',(30.8,12.49999996,6.36));
#12012=CARTESIAN_POINT('',(30.8026993446993,3.25448794933802,8.68352));
#12013=CARTESIAN_POINT('',(30.81080262,-24.4999997,6.36));
#12014=CARTESIAN_POINT('Origin',(0.0500081914970618,-5.99998178033733,6.36));
#12015=CARTESIAN_POINT('',(-29.5360757054955,15.5,6.36));
#12016=CARTESIAN_POINT('',(-30.2062655031439,15.4339268599736,6.36));
#12017=CARTESIAN_POINT('',(-16.2701544934861,16.8078699092353,6.36));
#12018=CARTESIAN_POINT('',(-7.799999,15.5,6.36));
#12019=CARTESIAN_POINT('',(-14.7430337569992,15.5,6.36));
#12020=CARTESIAN_POINT('',(7.899128120981,15.4999997827678,6.36));
#12021=CARTESIAN_POINT('',(-3.87499525550155,15.4999999456889,6.36));
#12022=CARTESIAN_POINT('',(29.6642633559517,15.5108445303813,6.36));
#12023=CARTESIAN_POINT('',(3.96921281614113,15.4980416538997,6.36));
#12024=CARTESIAN_POINT('',(30.3331573143671,15.4227857192979,6.36));
#12025=CARTESIAN_POINT('',(16.5012015199457,17.2437403966293,6.36));
#12026=CARTESIAN_POINT('',(31.0629422724395,15.1204963111125,6.36));
#12027=CARTESIAN_POINT('',(21.1961162345606,19.2075043683031,6.36));
#12028=CARTESIAN_POINT('',(31.6896272004896,14.6396272004896,6.36));
#12029=CARTESIAN_POINT('',(26.4031720779213,18.6960403346739,6.36));
#12030=CARTESIAN_POINT('',(32.1704963111126,14.0129422724394,6.36));
#12031=CARTESIAN_POINT('',(30.8110791463407,15.7845808104014,6.36));
#12032=CARTESIAN_POINT('',(32.4839237625684,13.2562679288275,6.36));
#12033=CARTESIAN_POINT('',(33.356333677578,11.1501020625823,6.36));
#12034=CARTESIAN_POINT('',(32.5499748744736,12.5863127419035,6.36));
#12035=CARTESIAN_POINT('',(33.2679137368628,5.30427235109359,6.36));
#12036=CARTESIAN_POINT('',(32.5608361077149,-24.6144428373576,6.36));
#12037=CARTESIAN_POINT('',(32.5526867414737,3.29791066164598,6.36));
#12038=CARTESIAN_POINT('',(32.4728013024301,-25.2831544479372,6.36));
#12039=CARTESIAN_POINT('',(33.4883161440965,-17.5693125970766,6.36));
#12040=CARTESIAN_POINT('',(32.170511551118,-26.0129463304107,6.36));
#12041=CARTESIAN_POINT('',(33.5075124785201,-22.7851411552691,6.36));
#12042=CARTESIAN_POINT('',(31.6896391227005,-26.639629486302,6.36));
#12043=CARTESIAN_POINT('',(31.051475184719,-27.4712982761854,6.36));
#12044=CARTESIAN_POINT('',(31.0629575124394,-27.1204960511126,6.36));
#12045=CARTESIAN_POINT('',(26.7165320635494,-30.4556037686383,6.36));
#12046=CARTESIAN_POINT('',(30.3062831688275,-27.4339235025684,6.36));
#12047=CARTESIAN_POINT('',(21.5610238452333,-31.0563594490946,6.36));
#12048=CARTESIAN_POINT('',(29.636232728799,-27.4999840055099,6.36));
#12049=CARTESIAN_POINT('',(16.3701950709485,-28.8078872130379,6.36));
#12050=CARTESIAN_POINT('',(-29.5645574137892,-27.510808091056,6.36));
#12051=CARTESIAN_POINT('',(14.8450864508667,-27.5026883719931,6.36));
#12052=CARTESIAN_POINT('',(-30.2331765543668,-27.4227854592979,6.36));
#12053=CARTESIAN_POINT('',(-16.4013430017059,-29.2437240436958,6.36));
#12054=CARTESIAN_POINT('',(-30.9629615124394,-27.1204960511126,6.36));
#12055=CARTESIAN_POINT('',(-21.0961266672321,-31.2075077564474,6.36));
#12056=CARTESIAN_POINT('',(-31.5896431227005,-26.639629486302,6.36));
#12057=CARTESIAN_POINT('',(-26.3031888437621,-30.6960419731505,6.36));
#12058=CARTESIAN_POINT('',(-32.0705155511179,-26.0129463304108,6.36));
#12059=CARTESIAN_POINT('',(-30.7110391936233,-27.7846447762503,6.36));
#12060=CARTESIAN_POINT('',(-32.3839590902848,-25.2562268270046,6.36));
#12061=CARTESIAN_POINT('',(-33.2563701103529,-23.1500406997463,6.36));
#12062=CARTESIAN_POINT('',(-32.4499789335592,-24.5862714332208,6.36));
#12063=CARTESIAN_POINT('',(-33.1676582678662,-17.3034134744707,6.36));
#12064=CARTESIAN_POINT('',(-32.4608197247208,12.6144461158617,6.36));
#12065=CARTESIAN_POINT('',(-32.4526857011747,-15.2978628630048,6.36));
#12066=CARTESIAN_POINT('',(-32.3727849824301,13.2831572479375,6.36));
#12067=CARTESIAN_POINT('',(-33.3882976155054,5.56933217353177,6.36));
#12068=CARTESIAN_POINT('',(-32.0704952311179,14.0129491304108,6.36));
#12069=CARTESIAN_POINT('',(-33.4074902072573,10.785158322887,6.36));
#12070=CARTESIAN_POINT('',(-31.5896228027005,14.639632286302,6.36));
#12071=CARTESIAN_POINT('',(-30.9514507297667,15.471311677828,6.36));
#12072=CARTESIAN_POINT('',(-30.9629411924394,15.1204988511126,6.36));
#12073=CARTESIAN_POINT('',(-26.6165076004653,18.4556128170056,6.36));
#12074=CARTESIAN_POINT('',(-21.4610015516642,19.056364723449,6.36));
#12075=CARTESIAN_POINT('Origin',(0.0550009278121699,-6.00000203064612,9.28352));
#12076=CARTESIAN_POINT('',(-27.4549939734304,-22.4200077567831,9.28352));
#12077=CARTESIAN_POINT('',(-27.454998270329,5.06999224321656,9.28352));
#12078=CARTESIAN_POINT('',(-27.4549939734304,-22.4200077567831,9.28352));
#12079=CARTESIAN_POINT('',(27.5550017296703,5.0700008417031,9.28352));
#12080=CARTESIAN_POINT('',(-27.454998270329,5.06999224321656,9.28352));
#12081=CARTESIAN_POINT('',(27.555006026569,-22.4199991582966,9.28352));
#12082=CARTESIAN_POINT('',(27.5550017296703,5.0700008417031,9.28352));
#12083=CARTESIAN_POINT('',(27.555006026569,-22.4199991582966,9.28352));
#12084=CARTESIAN_POINT('Origin',(27.555006026569,-22.4199991582966,8.68352));
#12085=CARTESIAN_POINT('',(27.555006026569,-22.4199991582966,8.68352));
#12086=CARTESIAN_POINT('',(-27.4549939734304,-22.4200077567831,8.68352));
#12087=CARTESIAN_POINT('',(27.555006026569,-22.4199991582966,8.68352));
#12088=CARTESIAN_POINT('',(-27.4549939734304,-22.4200077567831,8.68352));
#12089=CARTESIAN_POINT('',(27.555006026569,-22.4199991582966,8.68352));
#12090=CARTESIAN_POINT('Origin',(27.5550017296703,5.0700008417031,8.68352));
#12091=CARTESIAN_POINT('',(27.5550017296703,5.0700008417031,8.68352));
#12092=CARTESIAN_POINT('',(27.5550017296703,5.0700008417031,8.68352));
#12093=CARTESIAN_POINT('',(27.5550017296703,5.0700008417031,8.68352));
#12094=CARTESIAN_POINT('Origin',(-27.454998270329,5.06999224321656,8.68352));
#12095=CARTESIAN_POINT('',(-27.454998270329,5.06999224321656,8.68352));
#12096=CARTESIAN_POINT('',(-27.454998270329,5.06999224321656,8.68352));
#12097=CARTESIAN_POINT('',(-27.454998270329,5.06999224321656,8.68352));
#12098=CARTESIAN_POINT('Origin',(-27.4549939734304,-22.4200077567831,8.68352));
#12099=CARTESIAN_POINT('',(-27.4549939734304,-22.4200077567831,8.68352));
#12100=CARTESIAN_POINT('Origin',(0.0550009278121699,-6.00000203064612,8.68352));
#12101=CARTESIAN_POINT('Origin',(31.6896391227005,-26.639629486302,3.66));
#12102=CARTESIAN_POINT('',(31.6896391227005,-26.639629486302,3.06));
#12103=CARTESIAN_POINT('',(31.6896391227005,-26.639629486302,3.66));
#12104=CARTESIAN_POINT('',(31.0629575124394,-27.1204960511126,3.06));
#12105=CARTESIAN_POINT('',(31.0629575124394,-27.1204960511126,3.06));
#12106=CARTESIAN_POINT('',(31.0629575124394,-27.1204960511126,3.66));
#12107=CARTESIAN_POINT('Origin',(32.170511551118,-26.0129463304107,3.66));
#12108=CARTESIAN_POINT('',(32.170511551118,-26.0129463304107,3.06));
#12109=CARTESIAN_POINT('',(32.170511551118,-26.0129463304107,3.66));
#12110=CARTESIAN_POINT('',(31.6896391227005,-26.639629486302,3.06));
#12111=CARTESIAN_POINT('Origin',(32.4728013024301,-25.2831544479372,3.66));
#12112=CARTESIAN_POINT('',(32.4728013024301,-25.2831544479372,3.06));
#12113=CARTESIAN_POINT('',(32.4728013024301,-25.2831544479372,3.66));
#12114=CARTESIAN_POINT('',(32.170511551118,-26.0129463304107,3.06));
#12115=CARTESIAN_POINT('Origin',(32.5608361077149,-24.6144428373576,3.66));
#12116=CARTESIAN_POINT('',(32.5608361077149,-24.6144428373576,3.06));
#12117=CARTESIAN_POINT('',(32.5608361077149,-24.6144428373576,3.66));
#12118=CARTESIAN_POINT('',(32.4728013024301,-25.2831544479372,3.06));
#12119=CARTESIAN_POINT('Origin',(32.5499748744736,12.5863127419035,3.66));
#12120=CARTESIAN_POINT('',(32.5499748744736,12.5863127419035,3.06));
#12121=CARTESIAN_POINT('',(32.5499748744736,12.5863127419035,3.66));
#12122=CARTESIAN_POINT('',(32.5608361077149,-24.6144428373576,3.06));
#12123=CARTESIAN_POINT('Origin',(32.4839237625684,13.2562679288275,3.66));
#12124=CARTESIAN_POINT('',(32.4839237625684,13.2562679288275,3.06));
#12125=CARTESIAN_POINT('',(32.4839237625684,13.2562679288275,3.66));
#12126=CARTESIAN_POINT('',(32.5499748744736,12.5863127419035,3.06));
#12127=CARTESIAN_POINT('Origin',(32.1704963111126,14.0129422724394,3.66));
#12128=CARTESIAN_POINT('',(32.1704963111126,14.0129422724394,3.06));
#12129=CARTESIAN_POINT('',(32.1704963111126,14.0129422724394,3.66));
#12130=CARTESIAN_POINT('',(32.4839237625684,13.2562679288275,3.06));
#12131=CARTESIAN_POINT('Origin',(31.6896272004896,14.6396272004896,3.66));
#12132=CARTESIAN_POINT('',(31.6896272004896,14.6396272004896,3.06));
#12133=CARTESIAN_POINT('',(31.6896272004896,14.6396272004896,3.66));
#12134=CARTESIAN_POINT('',(32.1704963111126,14.0129422724394,3.06));
#12135=CARTESIAN_POINT('Origin',(31.0629422724395,15.1204963111125,3.66));
#12136=CARTESIAN_POINT('',(31.0629422724395,15.1204963111125,3.06));
#12137=CARTESIAN_POINT('',(31.0629422724395,15.1204963111125,3.66));
#12138=CARTESIAN_POINT('',(31.6896272004896,14.6396272004896,3.06));
#12139=CARTESIAN_POINT('Origin',(30.3331573143671,15.4227857192979,3.66));
#12140=CARTESIAN_POINT('',(30.3331573143671,15.4227857192979,3.06));
#12141=CARTESIAN_POINT('',(30.3331573143671,15.4227857192979,3.66));
#12142=CARTESIAN_POINT('',(31.0629422724395,15.1204963111125,3.06));
#12143=CARTESIAN_POINT('Origin',(29.6642633559517,15.5108445303813,3.66));
#12144=CARTESIAN_POINT('',(29.6642633559517,15.5108445303813,3.06));
#12145=CARTESIAN_POINT('',(29.6642633559517,15.5108445303813,3.66));
#12146=CARTESIAN_POINT('',(30.3331573143671,15.4227857192979,3.06));
#12147=CARTESIAN_POINT('Origin',(7.899128120981,15.4999997827678,3.66));
#12148=CARTESIAN_POINT('',(7.899128120981,15.4999997827678,3.06));
#12149=CARTESIAN_POINT('',(7.899128120981,15.4999997827678,3.66));
#12150=CARTESIAN_POINT('',(29.6642633559517,15.5108445303813,3.06));
#12151=CARTESIAN_POINT('Origin',(-7.799999,15.5,3.66));
#12152=CARTESIAN_POINT('',(-7.799999,15.5,3.06));
#12153=CARTESIAN_POINT('',(-7.799999,15.5,3.66));
#12154=CARTESIAN_POINT('',(-7.799999,15.5,3.06));
#12155=CARTESIAN_POINT('Origin',(-29.5360757054955,15.5,3.66));
#12156=CARTESIAN_POINT('',(-29.5360757054955,15.5,3.06));
#12157=CARTESIAN_POINT('',(-29.5360757054955,15.5,3.66));
#12158=CARTESIAN_POINT('',(-7.799999,15.5,3.06));
#12159=CARTESIAN_POINT('Origin',(-30.2062655031439,15.4339268599736,3.66));
#12160=CARTESIAN_POINT('',(-30.2062655031439,15.4339268599736,3.06));
#12161=CARTESIAN_POINT('',(-30.2062655031439,15.4339268599736,3.66));
#12162=CARTESIAN_POINT('',(-29.5360757054955,15.5,3.06));
#12163=CARTESIAN_POINT('Origin',(-30.9629411924394,15.1204988511126,3.66));
#12164=CARTESIAN_POINT('',(-30.9629411924394,15.1204988511126,3.06));
#12165=CARTESIAN_POINT('',(-30.9629411924394,15.1204988511126,3.66));
#12166=CARTESIAN_POINT('',(-30.2062655031439,15.4339268599736,3.06));
#12167=CARTESIAN_POINT('Origin',(-31.5896228027005,14.639632286302,3.66));
#12168=CARTESIAN_POINT('',(-31.5896228027005,14.639632286302,3.06));
#12169=CARTESIAN_POINT('',(-31.5896228027005,14.639632286302,3.66));
#12170=CARTESIAN_POINT('',(-30.9629411924394,15.1204988511126,3.06));
#12171=CARTESIAN_POINT('Origin',(-32.0704952311179,14.0129491304108,3.66));
#12172=CARTESIAN_POINT('',(-32.0704952311179,14.0129491304108,3.06));
#12173=CARTESIAN_POINT('',(-32.0704952311179,14.0129491304108,3.66));
#12174=CARTESIAN_POINT('',(-31.5896228027005,14.639632286302,3.06));
#12175=CARTESIAN_POINT('Origin',(-32.3727849824301,13.2831572479375,3.66));
#12176=CARTESIAN_POINT('',(-32.3727849824301,13.2831572479375,3.06));
#12177=CARTESIAN_POINT('',(-32.3727849824301,13.2831572479375,3.66));
#12178=CARTESIAN_POINT('',(-32.0704952311179,14.0129491304108,3.06));
#12179=CARTESIAN_POINT('Origin',(-32.4608197247208,12.6144461158617,3.66));
#12180=CARTESIAN_POINT('',(-32.4608197247208,12.6144461158617,3.06));
#12181=CARTESIAN_POINT('',(-32.4608197247208,12.6144461158617,3.66));
#12182=CARTESIAN_POINT('',(-32.3727849824301,13.2831572479375,3.06));
#12183=CARTESIAN_POINT('Origin',(-32.4499789335592,-24.5862714332208,3.66));
#12184=CARTESIAN_POINT('',(-32.4499789335592,-24.5862714332208,3.06));
#12185=CARTESIAN_POINT('',(-32.4499789335592,-24.5862714332208,3.66));
#12186=CARTESIAN_POINT('',(-32.4608197247208,12.6144461158617,3.06));
#12187=CARTESIAN_POINT('Origin',(-32.3839590902848,-25.2562268270046,3.66));
#12188=CARTESIAN_POINT('',(-32.3839590902848,-25.2562268270046,3.06));
#12189=CARTESIAN_POINT('',(-32.3839590902848,-25.2562268270046,3.66));
#12190=CARTESIAN_POINT('',(-32.4499789335592,-24.5862714332208,3.06));
#12191=CARTESIAN_POINT('Origin',(-32.0705155511179,-26.0129463304108,3.66));
#12192=CARTESIAN_POINT('',(-32.0705155511179,-26.0129463304108,3.06));
#12193=CARTESIAN_POINT('',(-32.0705155511179,-26.0129463304108,3.66));
#12194=CARTESIAN_POINT('',(-32.3839590902848,-25.2562268270046,3.06));
#12195=CARTESIAN_POINT('Origin',(-31.5896431227005,-26.639629486302,3.66));
#12196=CARTESIAN_POINT('',(-31.5896431227005,-26.639629486302,3.06));
#12197=CARTESIAN_POINT('',(-31.5896431227005,-26.639629486302,3.66));
#12198=CARTESIAN_POINT('',(-32.0705155511179,-26.0129463304108,3.06));
#12199=CARTESIAN_POINT('Origin',(-30.9629615124394,-27.1204960511126,3.66));
#12200=CARTESIAN_POINT('',(-30.9629615124394,-27.1204960511126,3.06));
#12201=CARTESIAN_POINT('',(-30.9629615124394,-27.1204960511126,3.66));
#12202=CARTESIAN_POINT('',(-31.5896431227005,-26.639629486302,3.06));
#12203=CARTESIAN_POINT('Origin',(-30.2331765543668,-27.4227854592979,3.66));
#12204=CARTESIAN_POINT('',(-30.2331765543668,-27.4227854592979,3.06));
#12205=CARTESIAN_POINT('',(-30.2331765543668,-27.4227854592979,3.66));
#12206=CARTESIAN_POINT('',(-30.9629615124394,-27.1204960511126,3.06));
#12207=CARTESIAN_POINT('Origin',(-29.5645574137892,-27.510808091056,3.66));
#12208=CARTESIAN_POINT('',(-29.5645574137892,-27.510808091056,3.06));
#12209=CARTESIAN_POINT('',(-29.5645574137892,-27.510808091056,3.66));
#12210=CARTESIAN_POINT('',(-30.2331765543668,-27.4227854592979,3.06));
#12211=CARTESIAN_POINT('Origin',(29.636232728799,-27.4999840055099,3.66));
#12212=CARTESIAN_POINT('',(29.636232728799,-27.4999840055099,3.06));
#12213=CARTESIAN_POINT('',(29.636232728799,-27.4999840055099,3.66));
#12214=CARTESIAN_POINT('',(-29.5645574137892,-27.510808091056,3.06));
#12215=CARTESIAN_POINT('Origin',(30.3062831688275,-27.4339235025684,3.66));
#12216=CARTESIAN_POINT('',(30.3062831688275,-27.4339235025684,3.06));
#12217=CARTESIAN_POINT('',(30.3062831688275,-27.4339235025684,3.66));
#12218=CARTESIAN_POINT('',(29.636232728799,-27.4999840055099,3.06));
#12219=CARTESIAN_POINT('Origin',(31.0629575124394,-27.1204960511126,3.66));
#12220=CARTESIAN_POINT('',(30.3062831688275,-27.4339235025684,3.06));
#12221=CARTESIAN_POINT('Origin',(-30.5594915646288,-28.6406121445107,3.66));
#12222=CARTESIAN_POINT('Origin',(0.,0.,3.66));
#12223=CARTESIAN_POINT('Origin',(0.,0.,3.06));
#12224=CARTESIAN_POINT('Origin',(0.,0.,3.06));
#12225=CARTESIAN_POINT('',(68.,-8.327598234202E-15,3.66));
#12226=CARTESIAN_POINT('Origin',(0.,0.,3.06));
#12227=CARTESIAN_POINT('Origin',(0.,0.,3.06));
#12228=CARTESIAN_POINT('Origin',(0.,0.,3.06));
#12229=CARTESIAN_POINT('Origin',(0.,0.,3.06));
#12230=CARTESIAN_POINT('Origin',(0.,0.,3.06));
#12231=CARTESIAN_POINT('Origin',(0.,0.,3.06));
#12232=CARTESIAN_POINT('Origin',(1.05812256734339E-6,5.6843418860808E-13,
3.06));
#12233=UNCERTAINTY_MEASURE_WITH_UNIT(LENGTH_MEASURE(0.01),#12237,
'DISTANCE_ACCURACY_VALUE',
'Maximum model space distance between geometric entities at asserted c
onnectivities');
#12234=UNCERTAINTY_MEASURE_WITH_UNIT(LENGTH_MEASURE(0.01),#12237,
'DISTANCE_ACCURACY_VALUE',
'Maximum model space distance between geometric entities at asserted c
onnectivities');
#12235=(
GEOMETRIC_REPRESENTATION_CONTEXT(3)
GLOBAL_UNCERTAINTY_ASSIGNED_CONTEXT((#12233))
GLOBAL_UNIT_ASSIGNED_CONTEXT((#12237,#12239,#12240))
REPRESENTATION_CONTEXT('','3D')
);
#12236=(
GEOMETRIC_REPRESENTATION_CONTEXT(3)
GLOBAL_UNCERTAINTY_ASSIGNED_CONTEXT((#12234))
GLOBAL_UNIT_ASSIGNED_CONTEXT((#12237,#12239,#12240))
REPRESENTATION_CONTEXT('','3D')
);
#12237=(
LENGTH_UNIT()
NAMED_UNIT(*)
SI_UNIT(.MILLI.,.METRE.)
);
#12238=(
LENGTH_UNIT()
NAMED_UNIT(*)
SI_UNIT($,.METRE.)
);
#12239=(
NAMED_UNIT(*)
PLANE_ANGLE_UNIT()
SI_UNIT($,.RADIAN.)
);
#12240=(
NAMED_UNIT(*)
SI_UNIT($,.STERADIAN.)
SOLID_ANGLE_UNIT()
);
#12241=SHAPE_DEFINITION_REPRESENTATION(#12242,#12243);
#12242=PRODUCT_DEFINITION_SHAPE('',$,#12245);
#12243=SHAPE_REPRESENTATION('',(#6450),#12235);
#12244=PRODUCT_DEFINITION_CONTEXT('part definition',#12249,'design');
#12245=PRODUCT_DEFINITION('2026-05-17-11-35-04-539','Front',#12246,#12244);
#12246=PRODUCT_DEFINITION_FORMATION('',$,#12251);
#12247=PRODUCT_RELATED_PRODUCT_CATEGORY('Front','Front',(#12251));
#12248=APPLICATION_PROTOCOL_DEFINITION('international standard',
'automotive_design',2009,#12249);
#12249=APPLICATION_CONTEXT(
'Core Data for Automotive Mechanical Design Process');
#12250=PRODUCT_CONTEXT('part definition',#12249,'mechanical');
#12251=PRODUCT('2026-05-17-11-35-04-539','Front',$,(#12250));
#12252=PRESENTATION_STYLE_ASSIGNMENT((#12254));
#12253=PRESENTATION_STYLE_ASSIGNMENT((#12255));
#12254=SURFACE_STYLE_USAGE(.BOTH.,#12256);
#12255=SURFACE_STYLE_USAGE(.BOTH.,#12257);
#12256=SURFACE_SIDE_STYLE('',(#12258));
#12257=SURFACE_SIDE_STYLE('',(#12259));
#12258=SURFACE_STYLE_FILL_AREA(#12260);
#12259=SURFACE_STYLE_FILL_AREA(#12261);
#12260=FILL_AREA_STYLE('Steel - Satin',(#12262));
#12261=FILL_AREA_STYLE('Opaque(202,198,186)',(#12263));
#12262=FILL_AREA_STYLE_COLOUR('Steel - Satin',#12264);
#12263=FILL_AREA_STYLE_COLOUR('Opaque(202,198,186)',#12265);
#12264=COLOUR_RGB('Steel - Satin',0.627450980392157,0.627450980392157,0.627450980392157);
#12265=COLOUR_RGB('Opaque(202,198,186)',0.792156862745098,0.776470588235294,
0.729411764705882);
ENDSEC;
END-ISO-10303-21;
